ISO-10303-21;
HEADER;
FILE_DESCRIPTION(('FreeCAD Model'),'2;1');
FILE_NAME(
'D:/entwicklung/000_CiBOARD/00000_CiBOARD/AAA_CB_Library/mech/STEP/CB_
CentLib_STEP/L_2.5x2x1.2mm_WE-PMI-Series_1008_Wuerth.STEP',
  '2020-04-30T15:33:07',(''),(''),'Open CASCADE STEP processor 7.3',
  'FreeCAD','Unknown');
FILE_SCHEMA(('AUTOMOTIVE_DESIGN { 1 0 10303 214 1 1 1 1 }'));
ENDSEC;
DATA;
#1 = APPLICATION_PROTOCOL_DEFINITION('international standard',
  'automotive_design',2000,#2);
#2 = APPLICATION_CONTEXT(
  'core data for automotive mechanical design processes');
#3 = SHAPE_DEFINITION_REPRESENTATION(#4,#10);
#4 = PRODUCT_DEFINITION_SHAPE('','',#5);
#5 = PRODUCT_DEFINITION('design','',#6,#9);
#6 = PRODUCT_DEFINITION_FORMATION('','',#7);
#7 = PRODUCT('L_2.5x2x1.2mm_WE-PMI-Series_1008_Wuerth',
  'L_2.5x2x1.2mm_WE-PMI-Series_1008_Wuerth','',(#8));
#8 = PRODUCT_CONTEXT('',#2,'mechanical');
#9 = PRODUCT_DEFINITION_CONTEXT('part definition',#2,'design');
#10 = ADVANCED_BREP_SHAPE_REPRESENTATION('',(#11,#15),#2569);
#11 = AXIS2_PLACEMENT_3D('',#12,#13,#14);
#12 = CARTESIAN_POINT('',(0.,0.,0.));
#13 = DIRECTION('',(0.,0.,1.));
#14 = DIRECTION('',(1.,0.,-0.));
#15 = MANIFOLD_SOLID_BREP('',#16);
#16 = CLOSED_SHELL('',(#17,#137,#224,#305,#409,#485,#544,#643,#697,#756,
    #832,#909,#963,#1039,#1121,#1198,#1275,#1330,#1412,#1467,#1543,#1620
    ,#1675,#1746,#1778,#1832,#1886,#1935,#1984,#2043,#2092,#2146,#2193,
    #2242,#2291,#2324,#2374,#2424,#2457,#2507,#2557,#2563));
#17 = ADVANCED_FACE('',(#18),#33,.T.);
#18 = FACE_BOUND('',#19,.T.);
#19 = EDGE_LOOP('',(#20,#55,#83,#111));
#20 = ORIENTED_EDGE('',*,*,#21,.T.);
#21 = EDGE_CURVE('',#22,#24,#26,.T.);
#22 = VERTEX_POINT('',#23);
#23 = CARTESIAN_POINT('',(0.75,0.98,1.2));
#24 = VERTEX_POINT('',#25);
#25 = CARTESIAN_POINT('',(0.75,1.,1.18));
#26 = SURFACE_CURVE('',#27,(#32,#44),.PCURVE_S1.);
#27 = CIRCLE('',#28,2.E-02);
#28 = AXIS2_PLACEMENT_3D('',#29,#30,#31);
#29 = CARTESIAN_POINT('',(0.75,0.98,1.18));
#30 = DIRECTION('',(-1.,-2.762547135493E-16,0.));
#31 = DIRECTION('',(2.762547135493E-16,-1.,0.));
#32 = PCURVE('',#33,#38);
#33 = CYLINDRICAL_SURFACE('',#34,2.E-02);
#34 = AXIS2_PLACEMENT_3D('',#35,#36,#37);
#35 = CARTESIAN_POINT('',(0.75,0.98,1.18));
#36 = DIRECTION('',(-1.,-2.22044604925E-16,0.));
#37 = DIRECTION('',(-0.,0.,-1.));
#38 = DEFINITIONAL_REPRESENTATION('',(#39),#43);
#39 = LINE('',#40,#41);
#40 = CARTESIAN_POINT('',(1.570796326795,0.));
#41 = VECTOR('',#42,1.);
#42 = DIRECTION('',(1.,0.));
#43 = ( GEOMETRIC_REPRESENTATION_CONTEXT(2) 
PARAMETRIC_REPRESENTATION_CONTEXT() REPRESENTATION_CONTEXT('2D SPACE',''
  ) );
#44 = PCURVE('',#45,#50);
#45 = CYLINDRICAL_SURFACE('',#46,2.E-02);
#46 = AXIS2_PLACEMENT_3D('',#47,#48,#49);
#47 = CARTESIAN_POINT('',(1.25,0.98,1.18));
#48 = DIRECTION('',(1.,2.22044604925E-16,-0.));
#49 = DIRECTION('',(0.,0.,1.));
#50 = DEFINITIONAL_REPRESENTATION('',(#51),#54);
#51 = B_SPLINE_CURVE_WITH_KNOTS('',1,(#52,#53),.UNSPECIFIED.,.F.,.F.,(2,
    2),(1.570796326795,3.14159265359),.PIECEWISE_BEZIER_KNOTS.);
#52 = CARTESIAN_POINT('',(6.28318530718,-0.5));
#53 = CARTESIAN_POINT('',(4.712388980385,-0.5));
#54 = ( GEOMETRIC_REPRESENTATION_CONTEXT(2) 
PARAMETRIC_REPRESENTATION_CONTEXT() REPRESENTATION_CONTEXT('2D SPACE',''
  ) );
#55 = ORIENTED_EDGE('',*,*,#56,.T.);
#56 = EDGE_CURVE('',#24,#57,#59,.T.);
#57 = VERTEX_POINT('',#58);
#58 = CARTESIAN_POINT('',(-0.75,1.,1.18));
#59 = SURFACE_CURVE('',#60,(#64,#71),.PCURVE_S1.);
#60 = LINE('',#61,#62);
#61 = CARTESIAN_POINT('',(0.75,1.,1.18));
#62 = VECTOR('',#63,1.);
#63 = DIRECTION('',(-1.,-2.22044604925E-16,0.));
#64 = PCURVE('',#33,#65);
#65 = DEFINITIONAL_REPRESENTATION('',(#66),#70);
#66 = LINE('',#67,#68);
#67 = CARTESIAN_POINT('',(4.712388980385,0.));
#68 = VECTOR('',#69,1.);
#69 = DIRECTION('',(0.,1.));
#70 = ( GEOMETRIC_REPRESENTATION_CONTEXT(2) 
PARAMETRIC_REPRESENTATION_CONTEXT() REPRESENTATION_CONTEXT('2D SPACE',''
  ) );
#71 = PCURVE('',#72,#77);
#72 = PLANE('',#73);
#73 = AXIS2_PLACEMENT_3D('',#74,#75,#76);
#74 = CARTESIAN_POINT('',(0.75,1.,1.2));
#75 = DIRECTION('',(2.22044604925E-16,-1.,0.));
#76 = DIRECTION('',(0.,0.,1.));
#77 = DEFINITIONAL_REPRESENTATION('',(#78),#82);
#78 = LINE('',#79,#80);
#79 = CARTESIAN_POINT('',(-2.E-02,0.));
#80 = VECTOR('',#81,1.);
#81 = DIRECTION('',(0.,1.));
#82 = ( GEOMETRIC_REPRESENTATION_CONTEXT(2) 
PARAMETRIC_REPRESENTATION_CONTEXT() REPRESENTATION_CONTEXT('2D SPACE',''
  ) );
#83 = ORIENTED_EDGE('',*,*,#84,.T.);
#84 = EDGE_CURVE('',#57,#85,#87,.T.);
#85 = VERTEX_POINT('',#86);
#86 = CARTESIAN_POINT('',(-0.75,0.98,1.2));
#87 = SURFACE_CURVE('',#88,(#93,#100),.PCURVE_S1.);
#88 = CIRCLE('',#89,2.E-02);
#89 = AXIS2_PLACEMENT_3D('',#90,#91,#92);
#90 = CARTESIAN_POINT('',(-0.75,0.98,1.18));
#91 = DIRECTION('',(1.,1.678344963008E-16,-0.));
#92 = DIRECTION('',(-1.678344963008E-16,1.,0.));
#93 = PCURVE('',#33,#94);
#94 = DEFINITIONAL_REPRESENTATION('',(#95),#99);
#95 = LINE('',#96,#97);
#96 = CARTESIAN_POINT('',(4.712388980385,1.5));
#97 = VECTOR('',#98,1.);
#98 = DIRECTION('',(-1.,0.));
#99 = ( GEOMETRIC_REPRESENTATION_CONTEXT(2) 
PARAMETRIC_REPRESENTATION_CONTEXT() REPRESENTATION_CONTEXT('2D SPACE',''
  ) );
#100 = PCURVE('',#101,#106);
#101 = CYLINDRICAL_SURFACE('',#102,2.E-02);
#102 = AXIS2_PLACEMENT_3D('',#103,#104,#105);
#103 = CARTESIAN_POINT('',(-1.25,0.98,1.18));
#104 = DIRECTION('',(-1.,-2.764308878405E-16,3.224987375203E-18));
#105 = DIRECTION('',(3.224987375203E-18,5.464378949327E-17,1.));
#106 = DEFINITIONAL_REPRESENTATION('',(#107),#110);
#107 = B_SPLINE_CURVE_WITH_KNOTS('',1,(#108,#109),.UNSPECIFIED.,.F.,.F.,
  (2,2),(0.,1.570796326795),.PIECEWISE_BEZIER_KNOTS.);
#108 = CARTESIAN_POINT('',(1.570796326795,-0.5));
#109 = CARTESIAN_POINT('',(0.,-0.5));
#110 = ( GEOMETRIC_REPRESENTATION_CONTEXT(2) 
PARAMETRIC_REPRESENTATION_CONTEXT() REPRESENTATION_CONTEXT('2D SPACE',''
  ) );
#111 = ORIENTED_EDGE('',*,*,#112,.F.);
#112 = EDGE_CURVE('',#22,#85,#113,.T.);
#113 = SURFACE_CURVE('',#114,(#118,#125),.PCURVE_S1.);
#114 = LINE('',#115,#116);
#115 = CARTESIAN_POINT('',(-0.75,0.98,1.2));
#116 = VECTOR('',#117,1.);
#117 = DIRECTION('',(-1.,-2.22044604925E-16,0.));
#118 = PCURVE('',#33,#119);
#119 = DEFINITIONAL_REPRESENTATION('',(#120),#124);
#120 = LINE('',#121,#122);
#121 = CARTESIAN_POINT('',(3.14159265359,1.5));
#122 = VECTOR('',#123,1.);
#123 = DIRECTION('',(0.,1.));
#124 = ( GEOMETRIC_REPRESENTATION_CONTEXT(2) 
PARAMETRIC_REPRESENTATION_CONTEXT() REPRESENTATION_CONTEXT('2D SPACE',''
  ) );
#125 = PCURVE('',#126,#131);
#126 = PLANE('',#127);
#127 = AXIS2_PLACEMENT_3D('',#128,#129,#130);
#128 = CARTESIAN_POINT('',(0.75,-1.,1.2));
#129 = DIRECTION('',(0.,0.,1.));
#130 = DIRECTION('',(-2.22044604925E-16,1.,0.));
#131 = DEFINITIONAL_REPRESENTATION('',(#132),#136);
#132 = LINE('',#133,#134);
#133 = CARTESIAN_POINT('',(1.98,1.5));
#134 = VECTOR('',#135,1.);
#135 = DIRECTION('',(0.,1.));
#136 = ( GEOMETRIC_REPRESENTATION_CONTEXT(2) 
PARAMETRIC_REPRESENTATION_CONTEXT() REPRESENTATION_CONTEXT('2D SPACE',''
  ) );
#137 = ADVANCED_FACE('',(#138),#45,.T.);
#138 = FACE_BOUND('',#139,.T.);
#139 = EDGE_LOOP('',(#140,#141,#169,#198));
#140 = ORIENTED_EDGE('',*,*,#21,.F.);
#141 = ORIENTED_EDGE('',*,*,#142,.F.);
#142 = EDGE_CURVE('',#143,#22,#145,.T.);
#143 = VERTEX_POINT('',#144);
#144 = CARTESIAN_POINT('',(1.23,0.98,1.2));
#145 = SURFACE_CURVE('',#146,(#150,#157),.PCURVE_S1.);
#146 = LINE('',#147,#148);
#147 = CARTESIAN_POINT('',(1.25,0.98,1.2));
#148 = VECTOR('',#149,1.);
#149 = DIRECTION('',(-1.,-2.22044604925E-16,0.));
#150 = PCURVE('',#45,#151);
#151 = DEFINITIONAL_REPRESENTATION('',(#152),#156);
#152 = LINE('',#153,#154);
#153 = CARTESIAN_POINT('',(6.28318530718,0.));
#154 = VECTOR('',#155,1.);
#155 = DIRECTION('',(0.,-1.));
#156 = ( GEOMETRIC_REPRESENTATION_CONTEXT(2) 
PARAMETRIC_REPRESENTATION_CONTEXT() REPRESENTATION_CONTEXT('2D SPACE',''
  ) );
#157 = PCURVE('',#158,#163);
#158 = PLANE('',#159);
#159 = AXIS2_PLACEMENT_3D('',#160,#161,#162);
#160 = CARTESIAN_POINT('',(1.25,1.,1.2));
#161 = DIRECTION('',(-0.,0.,-1.));
#162 = DIRECTION('',(2.22044604925E-16,-1.,0.));
#163 = DEFINITIONAL_REPRESENTATION('',(#164),#168);
#164 = LINE('',#165,#166);
#165 = CARTESIAN_POINT('',(2.E-02,0.));
#166 = VECTOR('',#167,1.);
#167 = DIRECTION('',(0.,1.));
#168 = ( GEOMETRIC_REPRESENTATION_CONTEXT(2) 
PARAMETRIC_REPRESENTATION_CONTEXT() REPRESENTATION_CONTEXT('2D SPACE',''
  ) );
#169 = ORIENTED_EDGE('',*,*,#170,.F.);
#170 = EDGE_CURVE('',#171,#143,#173,.T.);
#171 = VERTEX_POINT('',#172);
#172 = CARTESIAN_POINT('',(1.23,1.,1.18));
#173 = SURFACE_CURVE('',#174,(#179,#186),.PCURVE_S1.);
#174 = CIRCLE('',#175,2.E-02);
#175 = AXIS2_PLACEMENT_3D('',#176,#177,#178);
#176 = CARTESIAN_POINT('',(1.23,0.98,1.18));
#177 = DIRECTION('',(1.,2.22044604925E-16,0.));
#178 = DIRECTION('',(-0.,0.,-1.));
#179 = PCURVE('',#45,#180);
#180 = DEFINITIONAL_REPRESENTATION('',(#181),#185);
#181 = LINE('',#182,#183);
#182 = CARTESIAN_POINT('',(3.14159265359,-2.E-02));
#183 = VECTOR('',#184,1.);
#184 = DIRECTION('',(1.,0.));
#185 = ( GEOMETRIC_REPRESENTATION_CONTEXT(2) 
PARAMETRIC_REPRESENTATION_CONTEXT() REPRESENTATION_CONTEXT('2D SPACE',''
  ) );
#186 = PCURVE('',#187,#192);
#187 = SPHERICAL_SURFACE('',#188,2.E-02);
#188 = AXIS2_PLACEMENT_3D('',#189,#190,#191);
#189 = CARTESIAN_POINT('',(1.23,0.98,1.18));
#190 = DIRECTION('',(0.,0.,1.));
#191 = DIRECTION('',(-2.22044604925E-16,1.,0.));
#192 = DEFINITIONAL_REPRESENTATION('',(#193),#197);
#193 = LINE('',#194,#195);
#194 = CARTESIAN_POINT('',(6.28318530718,-1.570796326795));
#195 = VECTOR('',#196,1.);
#196 = DIRECTION('',(0.,1.));
#197 = ( GEOMETRIC_REPRESENTATION_CONTEXT(2) 
PARAMETRIC_REPRESENTATION_CONTEXT() REPRESENTATION_CONTEXT('2D SPACE',''
  ) );
#198 = ORIENTED_EDGE('',*,*,#199,.T.);
#199 = EDGE_CURVE('',#171,#24,#200,.T.);
#200 = SURFACE_CURVE('',#201,(#205,#212),.PCURVE_S1.);
#201 = LINE('',#202,#203);
#202 = CARTESIAN_POINT('',(1.25,1.,1.18));
#203 = VECTOR('',#204,1.);
#204 = DIRECTION('',(-1.,-2.22044604925E-16,0.));
#205 = PCURVE('',#45,#206);
#206 = DEFINITIONAL_REPRESENTATION('',(#207),#211);
#207 = LINE('',#208,#209);
#208 = CARTESIAN_POINT('',(4.712388980385,0.));
#209 = VECTOR('',#210,1.);
#210 = DIRECTION('',(0.,-1.));
#211 = ( GEOMETRIC_REPRESENTATION_CONTEXT(2) 
PARAMETRIC_REPRESENTATION_CONTEXT() REPRESENTATION_CONTEXT('2D SPACE',''
  ) );
#212 = PCURVE('',#213,#218);
#213 = PLANE('',#214);
#214 = AXIS2_PLACEMENT_3D('',#215,#216,#217);
#215 = CARTESIAN_POINT('',(1.25,1.,-1.110223024625E-16));
#216 = DIRECTION('',(2.22044604925E-16,-1.,0.));
#217 = DIRECTION('',(0.,0.,1.));
#218 = DEFINITIONAL_REPRESENTATION('',(#219),#223);
#219 = LINE('',#220,#221);
#220 = CARTESIAN_POINT('',(1.18,0.));
#221 = VECTOR('',#222,1.);
#222 = DIRECTION('',(0.,1.));
#223 = ( GEOMETRIC_REPRESENTATION_CONTEXT(2) 
PARAMETRIC_REPRESENTATION_CONTEXT() REPRESENTATION_CONTEXT('2D SPACE',''
  ) );
#224 = ADVANCED_FACE('',(#225),#72,.F.);
#225 = FACE_BOUND('',#226,.T.);
#226 = EDGE_LOOP('',(#227,#255,#256,#279));
#227 = ORIENTED_EDGE('',*,*,#228,.F.);
#228 = EDGE_CURVE('',#57,#229,#231,.T.);
#229 = VERTEX_POINT('',#230);
#230 = CARTESIAN_POINT('',(-0.75,1.,2.E-02));
#231 = SURFACE_CURVE('',#232,(#236,#243),.PCURVE_S1.);
#232 = LINE('',#233,#234);
#233 = CARTESIAN_POINT('',(-0.75,1.,1.2));
#234 = VECTOR('',#235,1.);
#235 = DIRECTION('',(-0.,0.,-1.));
#236 = PCURVE('',#72,#237);
#237 = DEFINITIONAL_REPRESENTATION('',(#238),#242);
#238 = LINE('',#239,#240);
#239 = CARTESIAN_POINT('',(0.,1.5));
#240 = VECTOR('',#241,1.);
#241 = DIRECTION('',(-1.,0.));
#242 = ( GEOMETRIC_REPRESENTATION_CONTEXT(2) 
PARAMETRIC_REPRESENTATION_CONTEXT() REPRESENTATION_CONTEXT('2D SPACE',''
  ) );
#243 = PCURVE('',#244,#249);
#244 = PLANE('',#245);
#245 = AXIS2_PLACEMENT_3D('',#246,#247,#248);
#246 = CARTESIAN_POINT('',(-1.25,1.,1.2));
#247 = DIRECTION('',(2.764308878405E-16,-1.,5.464378949327E-17));
#248 = DIRECTION('',(-3.224987375203E-18,-5.464378949327E-17,-1.));
#249 = DEFINITIONAL_REPRESENTATION('',(#250),#254);
#250 = LINE('',#251,#252);
#251 = CARTESIAN_POINT('',(-1.612493687601E-18,0.5));
#252 = VECTOR('',#253,1.);
#253 = DIRECTION('',(1.,3.224987375203E-18));
#254 = ( GEOMETRIC_REPRESENTATION_CONTEXT(2) 
PARAMETRIC_REPRESENTATION_CONTEXT() REPRESENTATION_CONTEXT('2D SPACE',''
  ) );
#255 = ORIENTED_EDGE('',*,*,#56,.F.);
#256 = ORIENTED_EDGE('',*,*,#257,.T.);
#257 = EDGE_CURVE('',#24,#258,#260,.T.);
#258 = VERTEX_POINT('',#259);
#259 = CARTESIAN_POINT('',(0.75,1.,2.E-02));
#260 = SURFACE_CURVE('',#261,(#265,#272),.PCURVE_S1.);
#261 = LINE('',#262,#263);
#262 = CARTESIAN_POINT('',(0.75,1.,1.2));
#263 = VECTOR('',#264,1.);
#264 = DIRECTION('',(-0.,0.,-1.));
#265 = PCURVE('',#72,#266);
#266 = DEFINITIONAL_REPRESENTATION('',(#267),#271);
#267 = LINE('',#268,#269);
#268 = CARTESIAN_POINT('',(0.,0.));
#269 = VECTOR('',#270,1.);
#270 = DIRECTION('',(-1.,0.));
#271 = ( GEOMETRIC_REPRESENTATION_CONTEXT(2) 
PARAMETRIC_REPRESENTATION_CONTEXT() REPRESENTATION_CONTEXT('2D SPACE',''
  ) );
#272 = PCURVE('',#213,#273);
#273 = DEFINITIONAL_REPRESENTATION('',(#274),#278);
#274 = LINE('',#275,#276);
#275 = CARTESIAN_POINT('',(1.2,0.5));
#276 = VECTOR('',#277,1.);
#277 = DIRECTION('',(-1.,0.));
#278 = ( GEOMETRIC_REPRESENTATION_CONTEXT(2) 
PARAMETRIC_REPRESENTATION_CONTEXT() REPRESENTATION_CONTEXT('2D SPACE',''
  ) );
#279 = ORIENTED_EDGE('',*,*,#280,.T.);
#280 = EDGE_CURVE('',#258,#229,#281,.T.);
#281 = SURFACE_CURVE('',#282,(#286,#293),.PCURVE_S1.);
#282 = LINE('',#283,#284);
#283 = CARTESIAN_POINT('',(0.75,1.,2.E-02));
#284 = VECTOR('',#285,1.);
#285 = DIRECTION('',(-1.,-2.22044604925E-16,0.));
#286 = PCURVE('',#72,#287);
#287 = DEFINITIONAL_REPRESENTATION('',(#288),#292);
#288 = LINE('',#289,#290);
#289 = CARTESIAN_POINT('',(-1.18,0.));
#290 = VECTOR('',#291,1.);
#291 = DIRECTION('',(0.,1.));
#292 = ( GEOMETRIC_REPRESENTATION_CONTEXT(2) 
PARAMETRIC_REPRESENTATION_CONTEXT() REPRESENTATION_CONTEXT('2D SPACE',''
  ) );
#293 = PCURVE('',#294,#299);
#294 = CYLINDRICAL_SURFACE('',#295,2.E-02);
#295 = AXIS2_PLACEMENT_3D('',#296,#297,#298);
#296 = CARTESIAN_POINT('',(0.75,0.98,2.E-02));
#297 = DIRECTION('',(1.,2.22044604925E-16,-0.));
#298 = DIRECTION('',(0.,0.,1.));
#299 = DEFINITIONAL_REPRESENTATION('',(#300),#304);
#300 = LINE('',#301,#302);
#301 = CARTESIAN_POINT('',(4.712388980385,0.));
#302 = VECTOR('',#303,1.);
#303 = DIRECTION('',(0.,-1.));
#304 = ( GEOMETRIC_REPRESENTATION_CONTEXT(2) 
PARAMETRIC_REPRESENTATION_CONTEXT() REPRESENTATION_CONTEXT('2D SPACE',''
  ) );
#305 = ADVANCED_FACE('',(#306),#101,.T.);
#306 = FACE_BOUND('',#307,.T.);
#307 = EDGE_LOOP('',(#308,#361,#387,#388));
#308 = ORIENTED_EDGE('',*,*,#309,.F.);
#309 = EDGE_CURVE('',#310,#312,#314,.T.);
#310 = VERTEX_POINT('',#311);
#311 = CARTESIAN_POINT('',(-1.23,0.98,1.2));
#312 = VERTEX_POINT('',#313);
#313 = CARTESIAN_POINT('',(-1.23,1.,1.18));
#314 = SURFACE_CURVE('',#315,(#320,#327),.PCURVE_S1.);
#315 = CIRCLE('',#316,2.E-02);
#316 = AXIS2_PLACEMENT_3D('',#317,#318,#319);
#317 = CARTESIAN_POINT('',(-1.23,0.98,1.18));
#318 = DIRECTION('',(-1.,-2.764308878405E-16,3.224987375203E-18));
#319 = DIRECTION('',(-3.224987375203E-18,-5.464378949327E-17,-1.));
#320 = PCURVE('',#101,#321);
#321 = DEFINITIONAL_REPRESENTATION('',(#322),#326);
#322 = LINE('',#323,#324);
#323 = CARTESIAN_POINT('',(-3.14159265359,-2.E-02));
#324 = VECTOR('',#325,1.);
#325 = DIRECTION('',(1.,0.));
#326 = ( GEOMETRIC_REPRESENTATION_CONTEXT(2) 
PARAMETRIC_REPRESENTATION_CONTEXT() REPRESENTATION_CONTEXT('2D SPACE',''
  ) );
#327 = PCURVE('',#328,#333);
#328 = SPHERICAL_SURFACE('',#329,2.E-02);
#329 = AXIS2_PLACEMENT_3D('',#330,#331,#332);
#330 = CARTESIAN_POINT('',(-1.23,0.98,1.18));
#331 = DIRECTION('',(3.224987375203E-18,5.464378949327E-17,1.));
#332 = DIRECTION('',(2.764308878405E-16,-1.,5.464378949327E-17));
#333 = DEFINITIONAL_REPRESENTATION('',(#334),#360);
#334 = B_SPLINE_CURVE_WITH_KNOTS('',3,(#335,#336,#337,#338,#339,#340,
    #341,#342,#343,#344,#345,#346,#347,#348,#349,#350,#351,#352,#353,
    #354,#355,#356,#357,#358,#359),.UNSPECIFIED.,.F.,.F.,(4,1,1,1,1,1,1,
    1,1,1,1,1,1,1,1,1,1,1,1,1,1,1,4),(3.14159265359,3.212992486626,
    3.284392319662,3.355792152698,3.427191985734,3.49859181877,
    3.569991651807,3.641391484843,3.712791317879,3.784191150915,
    3.855590983951,3.926990816987,3.998390650023,4.06979048306,
    4.141190316096,4.212590149132,4.283989982168,4.355389815204,
    4.42678964824,4.498189481276,4.569589314312,4.640989147349,
    4.712388980385),.UNSPECIFIED.);
#335 = CARTESIAN_POINT('',(3.14159265359,1.570796326795));
#336 = CARTESIAN_POINT('',(3.14159265359,1.54699638245));
#337 = CARTESIAN_POINT('',(3.14159265359,1.499396493759));
#338 = CARTESIAN_POINT('',(3.14159265359,1.427996660723));
#339 = CARTESIAN_POINT('',(3.14159265359,1.356596827687));
#340 = CARTESIAN_POINT('',(3.14159265359,1.28519699465));
#341 = CARTESIAN_POINT('',(3.14159265359,1.213797161614));
#342 = CARTESIAN_POINT('',(3.14159265359,1.142397328578));
#343 = CARTESIAN_POINT('',(3.14159265359,1.070997495542));
#344 = CARTESIAN_POINT('',(3.14159265359,0.999597662506));
#345 = CARTESIAN_POINT('',(3.14159265359,0.92819782947));
#346 = CARTESIAN_POINT('',(3.14159265359,0.856797996434));
#347 = CARTESIAN_POINT('',(3.14159265359,0.785398163397));
#348 = CARTESIAN_POINT('',(3.14159265359,0.713998330361));
#349 = CARTESIAN_POINT('',(3.14159265359,0.642598497325));
#350 = CARTESIAN_POINT('',(3.14159265359,0.571198664289));
#351 = CARTESIAN_POINT('',(3.14159265359,0.499798831253));
#352 = CARTESIAN_POINT('',(3.14159265359,0.428398998217));
#353 = CARTESIAN_POINT('',(3.14159265359,0.356999165181));
#354 = CARTESIAN_POINT('',(3.14159265359,0.285599332145));
#355 = CARTESIAN_POINT('',(3.14159265359,0.214199499108));
#356 = CARTESIAN_POINT('',(3.14159265359,0.142799666072));
#357 = CARTESIAN_POINT('',(3.14159265359,7.139983303613E-02));
#358 = CARTESIAN_POINT('',(3.14159265359,2.379994434538E-02));
#359 = CARTESIAN_POINT('',(3.14159265359,0.));
#360 = ( GEOMETRIC_REPRESENTATION_CONTEXT(2) 
PARAMETRIC_REPRESENTATION_CONTEXT() REPRESENTATION_CONTEXT('2D SPACE',''
  ) );
#361 = ORIENTED_EDGE('',*,*,#362,.T.);
#362 = EDGE_CURVE('',#310,#85,#363,.T.);
#363 = SURFACE_CURVE('',#364,(#368,#375),.PCURVE_S1.);
#364 = LINE('',#365,#366);
#365 = CARTESIAN_POINT('',(-1.25,0.98,1.2));
#366 = VECTOR('',#367,1.);
#367 = DIRECTION('',(1.,2.764308878405E-16,-3.224987375203E-18));
#368 = PCURVE('',#101,#369);
#369 = DEFINITIONAL_REPRESENTATION('',(#370),#374);
#370 = LINE('',#371,#372);
#371 = CARTESIAN_POINT('',(0.,0.));
#372 = VECTOR('',#373,1.);
#373 = DIRECTION('',(0.,-1.));
#374 = ( GEOMETRIC_REPRESENTATION_CONTEXT(2) 
PARAMETRIC_REPRESENTATION_CONTEXT() REPRESENTATION_CONTEXT('2D SPACE',''
  ) );
#375 = PCURVE('',#376,#381);
#376 = PLANE('',#377);
#377 = AXIS2_PLACEMENT_3D('',#378,#379,#380);
#378 = CARTESIAN_POINT('',(-1.25,-1.,1.2));
#379 = DIRECTION('',(-3.224987375203E-18,-5.464378949327E-17,-1.));
#380 = DIRECTION('',(-2.764308878405E-16,1.,-5.464378949327E-17));
#381 = DEFINITIONAL_REPRESENTATION('',(#382),#386);
#382 = LINE('',#383,#384);
#383 = CARTESIAN_POINT('',(1.98,1.076848401726E-16));
#384 = VECTOR('',#385,1.);
#385 = DIRECTION('',(1.76225531249E-34,1.));
#386 = ( GEOMETRIC_REPRESENTATION_CONTEXT(2) 
PARAMETRIC_REPRESENTATION_CONTEXT() REPRESENTATION_CONTEXT('2D SPACE',''
  ) );
#387 = ORIENTED_EDGE('',*,*,#84,.F.);
#388 = ORIENTED_EDGE('',*,*,#389,.F.);
#389 = EDGE_CURVE('',#312,#57,#390,.T.);
#390 = SURFACE_CURVE('',#391,(#395,#402),.PCURVE_S1.);
#391 = LINE('',#392,#393);
#392 = CARTESIAN_POINT('',(-1.25,1.,1.18));
#393 = VECTOR('',#394,1.);
#394 = DIRECTION('',(1.,2.764308878405E-16,-3.224987375203E-18));
#395 = PCURVE('',#101,#396);
#396 = DEFINITIONAL_REPRESENTATION('',(#397),#401);
#397 = LINE('',#398,#399);
#398 = CARTESIAN_POINT('',(1.570796326795,0.));
#399 = VECTOR('',#400,1.);
#400 = DIRECTION('',(0.,-1.));
#401 = ( GEOMETRIC_REPRESENTATION_CONTEXT(2) 
PARAMETRIC_REPRESENTATION_CONTEXT() REPRESENTATION_CONTEXT('2D SPACE',''
  ) );
#402 = PCURVE('',#244,#403);
#403 = DEFINITIONAL_REPRESENTATION('',(#404),#408);
#404 = LINE('',#405,#406);
#405 = CARTESIAN_POINT('',(2.E-02,6.449974750406E-20));
#406 = VECTOR('',#407,1.);
#407 = DIRECTION('',(-3.08148791102E-33,1.));
#408 = ( GEOMETRIC_REPRESENTATION_CONTEXT(2) 
PARAMETRIC_REPRESENTATION_CONTEXT() REPRESENTATION_CONTEXT('2D SPACE',''
  ) );
#409 = ADVANCED_FACE('',(#410),#126,.T.);
#410 = FACE_BOUND('',#411,.T.);
#411 = EDGE_LOOP('',(#412,#435,#436,#459));
#412 = ORIENTED_EDGE('',*,*,#413,.T.);
#413 = EDGE_CURVE('',#414,#22,#416,.T.);
#414 = VERTEX_POINT('',#415);
#415 = CARTESIAN_POINT('',(0.75,-0.98,1.2));
#416 = SURFACE_CURVE('',#417,(#421,#428),.PCURVE_S1.);
#417 = LINE('',#418,#419);
#418 = CARTESIAN_POINT('',(0.75,-1.,1.2));
#419 = VECTOR('',#420,1.);
#420 = DIRECTION('',(-2.762547135493E-16,1.,0.));
#421 = PCURVE('',#126,#422);
#422 = DEFINITIONAL_REPRESENTATION('',(#423),#427);
#423 = LINE('',#424,#425);
#424 = CARTESIAN_POINT('',(0.,0.));
#425 = VECTOR('',#426,1.);
#426 = DIRECTION('',(1.,5.421010862428E-17));
#427 = ( GEOMETRIC_REPRESENTATION_CONTEXT(2) 
PARAMETRIC_REPRESENTATION_CONTEXT() REPRESENTATION_CONTEXT('2D SPACE',''
  ) );
#428 = PCURVE('',#158,#429);
#429 = DEFINITIONAL_REPRESENTATION('',(#430),#434);
#430 = LINE('',#431,#432);
#431 = CARTESIAN_POINT('',(2.,0.5));
#432 = VECTOR('',#433,1.);
#433 = DIRECTION('',(-1.,5.421010862428E-17));
#434 = ( GEOMETRIC_REPRESENTATION_CONTEXT(2) 
PARAMETRIC_REPRESENTATION_CONTEXT() REPRESENTATION_CONTEXT('2D SPACE',''
  ) );
#435 = ORIENTED_EDGE('',*,*,#112,.T.);
#436 = ORIENTED_EDGE('',*,*,#437,.T.);
#437 = EDGE_CURVE('',#85,#438,#440,.T.);
#438 = VERTEX_POINT('',#439);
#439 = CARTESIAN_POINT('',(-0.75,-0.98,1.2));
#440 = SURFACE_CURVE('',#441,(#445,#452),.PCURVE_S1.);
#441 = LINE('',#442,#443);
#442 = CARTESIAN_POINT('',(-0.75,1.,1.2));
#443 = VECTOR('',#444,1.);
#444 = DIRECTION('',(1.678344963008E-16,-1.,0.));
#445 = PCURVE('',#126,#446);
#446 = DEFINITIONAL_REPRESENTATION('',(#447),#451);
#447 = LINE('',#448,#449);
#448 = CARTESIAN_POINT('',(2.,1.5));
#449 = VECTOR('',#450,1.);
#450 = DIRECTION('',(-1.,5.421010862428E-17));
#451 = ( GEOMETRIC_REPRESENTATION_CONTEXT(2) 
PARAMETRIC_REPRESENTATION_CONTEXT() REPRESENTATION_CONTEXT('2D SPACE',''
  ) );
#452 = PCURVE('',#376,#453);
#453 = DEFINITIONAL_REPRESENTATION('',(#454),#458);
#454 = LINE('',#455,#456);
#455 = CARTESIAN_POINT('',(2.,0.5));
#456 = VECTOR('',#457,1.);
#457 = DIRECTION('',(-1.,-1.085963915398E-16));
#458 = ( GEOMETRIC_REPRESENTATION_CONTEXT(2) 
PARAMETRIC_REPRESENTATION_CONTEXT() REPRESENTATION_CONTEXT('2D SPACE',''
  ) );
#459 = ORIENTED_EDGE('',*,*,#460,.T.);
#460 = EDGE_CURVE('',#438,#414,#461,.T.);
#461 = SURFACE_CURVE('',#462,(#466,#473),.PCURVE_S1.);
#462 = LINE('',#463,#464);
#463 = CARTESIAN_POINT('',(0.75,-0.98,1.2));
#464 = VECTOR('',#465,1.);
#465 = DIRECTION('',(1.,2.22044604925E-16,0.));
#466 = PCURVE('',#126,#467);
#467 = DEFINITIONAL_REPRESENTATION('',(#468),#472);
#468 = LINE('',#469,#470);
#469 = CARTESIAN_POINT('',(2.E-02,0.));
#470 = VECTOR('',#471,1.);
#471 = DIRECTION('',(0.,-1.));
#472 = ( GEOMETRIC_REPRESENTATION_CONTEXT(2) 
PARAMETRIC_REPRESENTATION_CONTEXT() REPRESENTATION_CONTEXT('2D SPACE',''
  ) );
#473 = PCURVE('',#474,#479);
#474 = CYLINDRICAL_SURFACE('',#475,2.E-02);
#475 = AXIS2_PLACEMENT_3D('',#476,#477,#478);
#476 = CARTESIAN_POINT('',(0.75,-0.98,1.18));
#477 = DIRECTION('',(1.,2.22044604925E-16,-0.));
#478 = DIRECTION('',(0.,0.,1.));
#479 = DEFINITIONAL_REPRESENTATION('',(#480),#484);
#480 = LINE('',#481,#482);
#481 = CARTESIAN_POINT('',(0.,0.));
#482 = VECTOR('',#483,1.);
#483 = DIRECTION('',(0.,1.));
#484 = ( GEOMETRIC_REPRESENTATION_CONTEXT(2) 
PARAMETRIC_REPRESENTATION_CONTEXT() REPRESENTATION_CONTEXT('2D SPACE',''
  ) );
#485 = ADVANCED_FACE('',(#486),#158,.F.);
#486 = FACE_BOUND('',#487,.T.);
#487 = EDGE_LOOP('',(#488,#516,#517,#518));
#488 = ORIENTED_EDGE('',*,*,#489,.F.);
#489 = EDGE_CURVE('',#143,#490,#492,.T.);
#490 = VERTEX_POINT('',#491);
#491 = CARTESIAN_POINT('',(1.23,-0.98,1.2));
#492 = SURFACE_CURVE('',#493,(#497,#504),.PCURVE_S1.);
#493 = LINE('',#494,#495);
#494 = CARTESIAN_POINT('',(1.23,1.,1.2));
#495 = VECTOR('',#496,1.);
#496 = DIRECTION('',(2.22044604925E-16,-1.,0.));
#497 = PCURVE('',#158,#498);
#498 = DEFINITIONAL_REPRESENTATION('',(#499),#503);
#499 = LINE('',#500,#501);
#500 = CARTESIAN_POINT('',(0.,2.E-02));
#501 = VECTOR('',#502,1.);
#502 = DIRECTION('',(1.,0.));
#503 = ( GEOMETRIC_REPRESENTATION_CONTEXT(2) 
PARAMETRIC_REPRESENTATION_CONTEXT() REPRESENTATION_CONTEXT('2D SPACE',''
  ) );
#504 = PCURVE('',#505,#510);
#505 = CYLINDRICAL_SURFACE('',#506,2.E-02);
#506 = AXIS2_PLACEMENT_3D('',#507,#508,#509);
#507 = CARTESIAN_POINT('',(1.23,-1.,1.18));
#508 = DIRECTION('',(2.22044604925E-16,-1.,-0.));
#509 = DIRECTION('',(-0.,0.,-1.));
#510 = DEFINITIONAL_REPRESENTATION('',(#511),#515);
#511 = LINE('',#512,#513);
#512 = CARTESIAN_POINT('',(3.14159265359,-2.));
#513 = VECTOR('',#514,1.);
#514 = DIRECTION('',(0.,1.));
#515 = ( GEOMETRIC_REPRESENTATION_CONTEXT(2) 
PARAMETRIC_REPRESENTATION_CONTEXT() REPRESENTATION_CONTEXT('2D SPACE',''
  ) );
#516 = ORIENTED_EDGE('',*,*,#142,.T.);
#517 = ORIENTED_EDGE('',*,*,#413,.F.);
#518 = ORIENTED_EDGE('',*,*,#519,.F.);
#519 = EDGE_CURVE('',#490,#414,#520,.T.);
#520 = SURFACE_CURVE('',#521,(#525,#532),.PCURVE_S1.);
#521 = LINE('',#522,#523);
#522 = CARTESIAN_POINT('',(1.25,-0.98,1.2));
#523 = VECTOR('',#524,1.);
#524 = DIRECTION('',(-1.,-2.22044604925E-16,0.));
#525 = PCURVE('',#158,#526);
#526 = DEFINITIONAL_REPRESENTATION('',(#527),#531);
#527 = LINE('',#528,#529);
#528 = CARTESIAN_POINT('',(1.98,0.));
#529 = VECTOR('',#530,1.);
#530 = DIRECTION('',(0.,1.));
#531 = ( GEOMETRIC_REPRESENTATION_CONTEXT(2) 
PARAMETRIC_REPRESENTATION_CONTEXT() REPRESENTATION_CONTEXT('2D SPACE',''
  ) );
#532 = PCURVE('',#533,#538);
#533 = CYLINDRICAL_SURFACE('',#534,2.E-02);
#534 = AXIS2_PLACEMENT_3D('',#535,#536,#537);
#535 = CARTESIAN_POINT('',(1.25,-0.98,1.18));
#536 = DIRECTION('',(1.,2.22044604925E-16,-0.));
#537 = DIRECTION('',(0.,0.,1.));
#538 = DEFINITIONAL_REPRESENTATION('',(#539),#543);
#539 = LINE('',#540,#541);
#540 = CARTESIAN_POINT('',(0.,0.));
#541 = VECTOR('',#542,1.);
#542 = DIRECTION('',(0.,-1.));
#543 = ( GEOMETRIC_REPRESENTATION_CONTEXT(2) 
PARAMETRIC_REPRESENTATION_CONTEXT() REPRESENTATION_CONTEXT('2D SPACE',''
  ) );
#544 = ADVANCED_FACE('',(#545),#187,.T.);
#545 = FACE_BOUND('',#546,.T.);
#546 = EDGE_LOOP('',(#547,#548,#594));
#547 = ORIENTED_EDGE('',*,*,#170,.T.);
#548 = ORIENTED_EDGE('',*,*,#549,.T.);
#549 = EDGE_CURVE('',#143,#550,#552,.T.);
#550 = VERTEX_POINT('',#551);
#551 = CARTESIAN_POINT('',(1.25,0.98,1.18));
#552 = SURFACE_CURVE('',#553,(#558,#587),.PCURVE_S1.);
#553 = CIRCLE('',#554,2.E-02);
#554 = AXIS2_PLACEMENT_3D('',#555,#556,#557);
#555 = CARTESIAN_POINT('',(1.23,0.98,1.18));
#556 = DIRECTION('',(-2.22044604925E-16,1.,0.));
#557 = DIRECTION('',(-0.,0.,-1.));
#558 = PCURVE('',#187,#559);
#559 = DEFINITIONAL_REPRESENTATION('',(#560),#586);
#560 = B_SPLINE_CURVE_WITH_KNOTS('',3,(#561,#562,#563,#564,#565,#566,
    #567,#568,#569,#570,#571,#572,#573,#574,#575,#576,#577,#578,#579,
    #580,#581,#582,#583,#584,#585),.UNSPECIFIED.,.F.,.F.,(4,1,1,1,1,1,1,
    1,1,1,1,1,1,1,1,1,1,1,1,1,1,1,4),(3.14159265359,3.212992486626,
    3.284392319662,3.355792152698,3.427191985734,3.49859181877,
    3.569991651807,3.641391484843,3.712791317879,3.784191150915,
    3.855590983951,3.926990816987,3.998390650023,4.06979048306,
    4.141190316096,4.212590149132,4.283989982168,4.355389815204,
    4.42678964824,4.498189481276,4.569589314312,4.640989147349,
    4.712388980385),.UNSPECIFIED.);
#561 = CARTESIAN_POINT('',(4.712388980385,1.570796326795));
#562 = CARTESIAN_POINT('',(4.712388980385,1.54699638245));
#563 = CARTESIAN_POINT('',(4.712388980385,1.499396493759));
#564 = CARTESIAN_POINT('',(4.712388980385,1.427996660723));
#565 = CARTESIAN_POINT('',(4.712388980385,1.356596827687));
#566 = CARTESIAN_POINT('',(4.712388980385,1.28519699465));
#567 = CARTESIAN_POINT('',(4.712388980385,1.213797161614));
#568 = CARTESIAN_POINT('',(4.712388980385,1.142397328578));
#569 = CARTESIAN_POINT('',(4.712388980385,1.070997495542));
#570 = CARTESIAN_POINT('',(4.712388980385,0.999597662506));
#571 = CARTESIAN_POINT('',(4.712388980385,0.92819782947));
#572 = CARTESIAN_POINT('',(4.712388980385,0.856797996434));
#573 = CARTESIAN_POINT('',(4.712388980385,0.785398163397));
#574 = CARTESIAN_POINT('',(4.712388980385,0.713998330361));
#575 = CARTESIAN_POINT('',(4.712388980385,0.642598497325));
#576 = CARTESIAN_POINT('',(4.712388980385,0.571198664289));
#577 = CARTESIAN_POINT('',(4.712388980385,0.499798831253));
#578 = CARTESIAN_POINT('',(4.712388980385,0.428398998217));
#579 = CARTESIAN_POINT('',(4.712388980385,0.356999165181));
#580 = CARTESIAN_POINT('',(4.712388980385,0.285599332145));
#581 = CARTESIAN_POINT('',(4.712388980385,0.214199499108));
#582 = CARTESIAN_POINT('',(4.712388980385,0.142799666072));
#583 = CARTESIAN_POINT('',(4.712388980385,7.139983303613E-02));
#584 = CARTESIAN_POINT('',(4.712388980385,2.379994434538E-02));
#585 = CARTESIAN_POINT('',(4.712388980385,0.));
#586 = ( GEOMETRIC_REPRESENTATION_CONTEXT(2) 
PARAMETRIC_REPRESENTATION_CONTEXT() REPRESENTATION_CONTEXT('2D SPACE',''
  ) );
#587 = PCURVE('',#505,#588);
#588 = DEFINITIONAL_REPRESENTATION('',(#589),#593);
#589 = LINE('',#590,#591);
#590 = CARTESIAN_POINT('',(6.28318530718,-1.98));
#591 = VECTOR('',#592,1.);
#592 = DIRECTION('',(-1.,0.));
#593 = ( GEOMETRIC_REPRESENTATION_CONTEXT(2) 
PARAMETRIC_REPRESENTATION_CONTEXT() REPRESENTATION_CONTEXT('2D SPACE',''
  ) );
#594 = ORIENTED_EDGE('',*,*,#595,.T.);
#595 = EDGE_CURVE('',#550,#171,#596,.T.);
#596 = SURFACE_CURVE('',#597,(#602,#631),.PCURVE_S1.);
#597 = CIRCLE('',#598,2.E-02);
#598 = AXIS2_PLACEMENT_3D('',#599,#600,#601);
#599 = CARTESIAN_POINT('',(1.23,0.98,1.18));
#600 = DIRECTION('',(1.203706215242E-30,-5.421010862428E-15,1.));
#601 = DIRECTION('',(-2.22044604925E-16,1.,5.421010862428E-15));
#602 = PCURVE('',#187,#603);
#603 = DEFINITIONAL_REPRESENTATION('',(#604),#630);
#604 = B_SPLINE_CURVE_WITH_KNOTS('',3,(#605,#606,#607,#608,#609,#610,
    #611,#612,#613,#614,#615,#616,#617,#618,#619,#620,#621,#622,#623,
    #624,#625,#626,#627,#628,#629),.UNSPECIFIED.,.F.,.F.,(4,1,1,1,1,1,1,
    1,1,1,1,1,1,1,1,1,1,1,1,1,1,1,4),(4.712388980385,4.783788813421,
    4.855188646457,4.926588479493,4.997988312529,5.069388145565,
    5.140787978601,5.212187811638,5.283587644674,5.35498747771,
    5.426387310746,5.497787143782,5.569186976818,5.640586809854,
    5.711986642891,5.783386475927,5.854786308963,5.926186141999,
    5.997585975035,6.068985808071,6.140385641107,6.211785474143,
    6.28318530718),.UNSPECIFIED.);
#605 = CARTESIAN_POINT('',(4.712388980385,0.));
#606 = CARTESIAN_POINT('',(4.73618892473,0.));
#607 = CARTESIAN_POINT('',(4.783788813421,-8.059695255785E-19));
#608 = CARTESIAN_POINT('',(4.855188646457,2.820893339525E-18));
#609 = CARTESIAN_POINT('',(4.926588479493,-1.047760383252E-17));
#610 = CARTESIAN_POINT('',(4.997988312529,3.908952199056E-17));
#611 = CARTESIAN_POINT('',(5.069388145565,-1.458804841297E-16));
#612 = CARTESIAN_POINT('',(5.140787978601,5.444324145283E-16));
#613 = CARTESIAN_POINT('',(5.212187811638,-2.031849173983E-15));
#614 = CARTESIAN_POINT('',(5.283587644674,7.582964281405E-15));
#615 = CARTESIAN_POINT('',(5.35498747771,5.006682787118E-15));
#616 = CARTESIAN_POINT('',(5.426387310746,5.696995308877E-15));
#617 = CARTESIAN_POINT('',(5.497787143782,5.512026716127E-15));
#618 = CARTESIAN_POINT('',(5.569186976818,5.561588565368E-15));
#619 = CARTESIAN_POINT('',(5.640586809854,5.548309761155E-15));
#620 = CARTESIAN_POINT('',(5.711986642891,5.551863128767E-15));
#621 = CARTESIAN_POINT('',(5.783386475927,5.550928462531E-15));
#622 = CARTESIAN_POINT('',(5.854786308963,5.551113759862E-15));
#623 = CARTESIAN_POINT('',(5.926186141999,5.551307236775E-15));
#624 = CARTESIAN_POINT('',(5.997585975035,5.550348031791E-15));
#625 = CARTESIAN_POINT('',(6.068985808071,5.553991374814E-15));
#626 = CARTESIAN_POINT('',(6.140385641107,5.540377207707E-15));
#627 = CARTESIAN_POINT('',(6.211785474143,5.591190533114E-15));
#628 = CARTESIAN_POINT('',(6.259385362834,5.464764443433E-15));
#629 = CARTESIAN_POINT('',(6.28318530718,5.329070518201E-15));
#630 = ( GEOMETRIC_REPRESENTATION_CONTEXT(2) 
PARAMETRIC_REPRESENTATION_CONTEXT() REPRESENTATION_CONTEXT('2D SPACE',''
  ) );
#631 = PCURVE('',#632,#637);
#632 = CYLINDRICAL_SURFACE('',#633,2.E-02);
#633 = AXIS2_PLACEMENT_3D('',#634,#635,#636);
#634 = CARTESIAN_POINT('',(1.23,0.98,-1.110223024625E-16));
#635 = DIRECTION('',(0.,0.,1.));
#636 = DIRECTION('',(2.22044604925E-16,-1.,0.));
#637 = DEFINITIONAL_REPRESENTATION('',(#638),#642);
#638 = LINE('',#639,#640);
#639 = CARTESIAN_POINT('',(-3.14159265359,1.18));
#640 = VECTOR('',#641,1.);
#641 = DIRECTION('',(1.,1.413579858428E-16));
#642 = ( GEOMETRIC_REPRESENTATION_CONTEXT(2) 
PARAMETRIC_REPRESENTATION_CONTEXT() REPRESENTATION_CONTEXT('2D SPACE',''
  ) );
#643 = ADVANCED_FACE('',(#644),#213,.F.);
#644 = FACE_BOUND('',#645,.T.);
#645 = EDGE_LOOP('',(#646,#669,#695,#696));
#646 = ORIENTED_EDGE('',*,*,#647,.F.);
#647 = EDGE_CURVE('',#648,#171,#650,.T.);
#648 = VERTEX_POINT('',#649);
#649 = CARTESIAN_POINT('',(1.23,1.,2.E-02));
#650 = SURFACE_CURVE('',#651,(#655,#662),.PCURVE_S1.);
#651 = LINE('',#652,#653);
#652 = CARTESIAN_POINT('',(1.23,1.,-1.110223024625E-16));
#653 = VECTOR('',#654,1.);
#654 = DIRECTION('',(0.,0.,1.));
#655 = PCURVE('',#213,#656);
#656 = DEFINITIONAL_REPRESENTATION('',(#657),#661);
#657 = LINE('',#658,#659);
#658 = CARTESIAN_POINT('',(0.,2.E-02));
#659 = VECTOR('',#660,1.);
#660 = DIRECTION('',(1.,0.));
#661 = ( GEOMETRIC_REPRESENTATION_CONTEXT(2) 
PARAMETRIC_REPRESENTATION_CONTEXT() REPRESENTATION_CONTEXT('2D SPACE',''
  ) );
#662 = PCURVE('',#632,#663);
#663 = DEFINITIONAL_REPRESENTATION('',(#664),#668);
#664 = LINE('',#665,#666);
#665 = CARTESIAN_POINT('',(3.14159265359,0.));
#666 = VECTOR('',#667,1.);
#667 = DIRECTION('',(0.,1.));
#668 = ( GEOMETRIC_REPRESENTATION_CONTEXT(2) 
PARAMETRIC_REPRESENTATION_CONTEXT() REPRESENTATION_CONTEXT('2D SPACE',''
  ) );
#669 = ORIENTED_EDGE('',*,*,#670,.T.);
#670 = EDGE_CURVE('',#648,#258,#671,.T.);
#671 = SURFACE_CURVE('',#672,(#676,#683),.PCURVE_S1.);
#672 = LINE('',#673,#674);
#673 = CARTESIAN_POINT('',(1.25,1.,2.E-02));
#674 = VECTOR('',#675,1.);
#675 = DIRECTION('',(-1.,-2.22044604925E-16,0.));
#676 = PCURVE('',#213,#677);
#677 = DEFINITIONAL_REPRESENTATION('',(#678),#682);
#678 = LINE('',#679,#680);
#679 = CARTESIAN_POINT('',(2.E-02,0.));
#680 = VECTOR('',#681,1.);
#681 = DIRECTION('',(0.,1.));
#682 = ( GEOMETRIC_REPRESENTATION_CONTEXT(2) 
PARAMETRIC_REPRESENTATION_CONTEXT() REPRESENTATION_CONTEXT('2D SPACE',''
  ) );
#683 = PCURVE('',#684,#689);
#684 = CYLINDRICAL_SURFACE('',#685,2.E-02);
#685 = AXIS2_PLACEMENT_3D('',#686,#687,#688);
#686 = CARTESIAN_POINT('',(1.25,0.98,2.E-02));
#687 = DIRECTION('',(1.,2.22044604925E-16,-0.));
#688 = DIRECTION('',(0.,0.,1.));
#689 = DEFINITIONAL_REPRESENTATION('',(#690),#694);
#690 = LINE('',#691,#692);
#691 = CARTESIAN_POINT('',(4.712388980385,0.));
#692 = VECTOR('',#693,1.);
#693 = DIRECTION('',(0.,-1.));
#694 = ( GEOMETRIC_REPRESENTATION_CONTEXT(2) 
PARAMETRIC_REPRESENTATION_CONTEXT() REPRESENTATION_CONTEXT('2D SPACE',''
  ) );
#695 = ORIENTED_EDGE('',*,*,#257,.F.);
#696 = ORIENTED_EDGE('',*,*,#199,.F.);
#697 = ADVANCED_FACE('',(#698),#244,.F.);
#698 = FACE_BOUND('',#699,.T.);
#699 = EDGE_LOOP('',(#700,#701,#729,#755));
#700 = ORIENTED_EDGE('',*,*,#228,.T.);
#701 = ORIENTED_EDGE('',*,*,#702,.F.);
#702 = EDGE_CURVE('',#703,#229,#705,.T.);
#703 = VERTEX_POINT('',#704);
#704 = CARTESIAN_POINT('',(-1.23,1.,2.E-02));
#705 = SURFACE_CURVE('',#706,(#710,#717),.PCURVE_S1.);
#706 = LINE('',#707,#708);
#707 = CARTESIAN_POINT('',(-1.25,1.,2.E-02));
#708 = VECTOR('',#709,1.);
#709 = DIRECTION('',(1.,2.764308878405E-16,-3.224987375203E-18));
#710 = PCURVE('',#244,#711);
#711 = DEFINITIONAL_REPRESENTATION('',(#712),#716);
#712 = LINE('',#713,#714);
#713 = CARTESIAN_POINT('',(1.18,3.80548510274E-18));
#714 = VECTOR('',#715,1.);
#715 = DIRECTION('',(-3.08148791102E-33,1.));
#716 = ( GEOMETRIC_REPRESENTATION_CONTEXT(2) 
PARAMETRIC_REPRESENTATION_CONTEXT() REPRESENTATION_CONTEXT('2D SPACE',''
  ) );
#717 = PCURVE('',#718,#723);
#718 = CYLINDRICAL_SURFACE('',#719,2.E-02);
#719 = AXIS2_PLACEMENT_3D('',#720,#721,#722);
#720 = CARTESIAN_POINT('',(-1.25,0.98,2.E-02));
#721 = DIRECTION('',(-1.,-2.764308878405E-16,3.224987375203E-18));
#722 = DIRECTION('',(3.224987375203E-18,5.464378949327E-17,1.));
#723 = DEFINITIONAL_REPRESENTATION('',(#724),#728);
#724 = LINE('',#725,#726);
#725 = CARTESIAN_POINT('',(1.570796326795,0.));
#726 = VECTOR('',#727,1.);
#727 = DIRECTION('',(0.,-1.));
#728 = ( GEOMETRIC_REPRESENTATION_CONTEXT(2) 
PARAMETRIC_REPRESENTATION_CONTEXT() REPRESENTATION_CONTEXT('2D SPACE',''
  ) );
#729 = ORIENTED_EDGE('',*,*,#730,.F.);
#730 = EDGE_CURVE('',#312,#703,#731,.T.);
#731 = SURFACE_CURVE('',#732,(#736,#743),.PCURVE_S1.);
#732 = LINE('',#733,#734);
#733 = CARTESIAN_POINT('',(-1.23,1.,1.2));
#734 = VECTOR('',#735,1.);
#735 = DIRECTION('',(-3.224987375203E-18,-5.464378949327E-17,-1.));
#736 = PCURVE('',#244,#737);
#737 = DEFINITIONAL_REPRESENTATION('',(#738),#742);
#738 = LINE('',#739,#740);
#739 = CARTESIAN_POINT('',(-6.449974750406E-20,2.E-02));
#740 = VECTOR('',#741,1.);
#741 = DIRECTION('',(1.,0.));
#742 = ( GEOMETRIC_REPRESENTATION_CONTEXT(2) 
PARAMETRIC_REPRESENTATION_CONTEXT() REPRESENTATION_CONTEXT('2D SPACE',''
  ) );
#743 = PCURVE('',#744,#749);
#744 = CYLINDRICAL_SURFACE('',#745,2.E-02);
#745 = AXIS2_PLACEMENT_3D('',#746,#747,#748);
#746 = CARTESIAN_POINT('',(-1.23,0.98,-1.110223024625E-16));
#747 = DIRECTION('',(-3.224987375203E-18,-5.464378949327E-17,-1.));
#748 = DIRECTION('',(2.764308878405E-16,-1.,5.464378949327E-17));
#749 = DEFINITIONAL_REPRESENTATION('',(#750),#754);
#750 = LINE('',#751,#752);
#751 = CARTESIAN_POINT('',(3.14159265359,-1.2));
#752 = VECTOR('',#753,1.);
#753 = DIRECTION('',(0.,1.));
#754 = ( GEOMETRIC_REPRESENTATION_CONTEXT(2) 
PARAMETRIC_REPRESENTATION_CONTEXT() REPRESENTATION_CONTEXT('2D SPACE',''
  ) );
#755 = ORIENTED_EDGE('',*,*,#389,.T.);
#756 = ADVANCED_FACE('',(#757),#294,.T.);
#757 = FACE_BOUND('',#758,.T.);
#758 = EDGE_LOOP('',(#759,#782,#810,#831));
#759 = ORIENTED_EDGE('',*,*,#760,.T.);
#760 = EDGE_CURVE('',#258,#761,#763,.T.);
#761 = VERTEX_POINT('',#762);
#762 = CARTESIAN_POINT('',(0.75,0.98,-1.110223024625E-16));
#763 = SURFACE_CURVE('',#764,(#769,#776),.PCURVE_S1.);
#764 = CIRCLE('',#765,2.E-02);
#765 = AXIS2_PLACEMENT_3D('',#766,#767,#768);
#766 = CARTESIAN_POINT('',(0.75,0.98,2.E-02));
#767 = DIRECTION('',(-1.,-2.762547135493E-16,0.));
#768 = DIRECTION('',(2.762547135493E-16,-1.,0.));
#769 = PCURVE('',#294,#770);
#770 = DEFINITIONAL_REPRESENTATION('',(#771),#775);
#771 = LINE('',#772,#773);
#772 = CARTESIAN_POINT('',(7.853981633974,0.));
#773 = VECTOR('',#774,1.);
#774 = DIRECTION('',(-1.,0.));
#775 = ( GEOMETRIC_REPRESENTATION_CONTEXT(2) 
PARAMETRIC_REPRESENTATION_CONTEXT() REPRESENTATION_CONTEXT('2D SPACE',''
  ) );
#776 = PCURVE('',#684,#777);
#777 = DEFINITIONAL_REPRESENTATION('',(#778),#781);
#778 = B_SPLINE_CURVE_WITH_KNOTS('',1,(#779,#780),.UNSPECIFIED.,.F.,.F.,
  (2,2),(3.14159265359,4.712388980385),.PIECEWISE_BEZIER_KNOTS.);
#779 = CARTESIAN_POINT('',(4.712388980385,-0.5));
#780 = CARTESIAN_POINT('',(3.14159265359,-0.5));
#781 = ( GEOMETRIC_REPRESENTATION_CONTEXT(2) 
PARAMETRIC_REPRESENTATION_CONTEXT() REPRESENTATION_CONTEXT('2D SPACE',''
  ) );
#782 = ORIENTED_EDGE('',*,*,#783,.T.);
#783 = EDGE_CURVE('',#761,#784,#786,.T.);
#784 = VERTEX_POINT('',#785);
#785 = CARTESIAN_POINT('',(-0.75,0.98,-1.110223024625E-16));
#786 = SURFACE_CURVE('',#787,(#791,#798),.PCURVE_S1.);
#787 = LINE('',#788,#789);
#788 = CARTESIAN_POINT('',(0.75,0.98,-1.110223024625E-16));
#789 = VECTOR('',#790,1.);
#790 = DIRECTION('',(-1.,-2.22044604925E-16,0.));
#791 = PCURVE('',#294,#792);
#792 = DEFINITIONAL_REPRESENTATION('',(#793),#797);
#793 = LINE('',#794,#795);
#794 = CARTESIAN_POINT('',(3.14159265359,0.));
#795 = VECTOR('',#796,1.);
#796 = DIRECTION('',(0.,-1.));
#797 = ( GEOMETRIC_REPRESENTATION_CONTEXT(2) 
PARAMETRIC_REPRESENTATION_CONTEXT() REPRESENTATION_CONTEXT('2D SPACE',''
  ) );
#798 = PCURVE('',#799,#804);
#799 = PLANE('',#800);
#800 = AXIS2_PLACEMENT_3D('',#801,#802,#803);
#801 = CARTESIAN_POINT('',(0.75,-1.,-1.110223024625E-16));
#802 = DIRECTION('',(0.,0.,1.));
#803 = DIRECTION('',(-2.22044604925E-16,1.,0.));
#804 = DEFINITIONAL_REPRESENTATION('',(#805),#809);
#805 = LINE('',#806,#807);
#806 = CARTESIAN_POINT('',(1.98,0.));
#807 = VECTOR('',#808,1.);
#808 = DIRECTION('',(0.,1.));
#809 = ( GEOMETRIC_REPRESENTATION_CONTEXT(2) 
PARAMETRIC_REPRESENTATION_CONTEXT() REPRESENTATION_CONTEXT('2D SPACE',''
  ) );
#810 = ORIENTED_EDGE('',*,*,#811,.T.);
#811 = EDGE_CURVE('',#784,#229,#812,.T.);
#812 = SURFACE_CURVE('',#813,(#818,#825),.PCURVE_S1.);
#813 = CIRCLE('',#814,2.E-02);
#814 = AXIS2_PLACEMENT_3D('',#815,#816,#817);
#815 = CARTESIAN_POINT('',(-0.75,0.98,2.E-02));
#816 = DIRECTION('',(1.,1.678344963008E-16,-0.));
#817 = DIRECTION('',(-1.678344963008E-16,1.,0.));
#818 = PCURVE('',#294,#819);
#819 = DEFINITIONAL_REPRESENTATION('',(#820),#824);
#820 = LINE('',#821,#822);
#821 = CARTESIAN_POINT('',(-1.570796326795,-1.5));
#822 = VECTOR('',#823,1.);
#823 = DIRECTION('',(1.,0.));
#824 = ( GEOMETRIC_REPRESENTATION_CONTEXT(2) 
PARAMETRIC_REPRESENTATION_CONTEXT() REPRESENTATION_CONTEXT('2D SPACE',''
  ) );
#825 = PCURVE('',#718,#826);
#826 = DEFINITIONAL_REPRESENTATION('',(#827),#830);
#827 = B_SPLINE_CURVE_WITH_KNOTS('',1,(#828,#829),.UNSPECIFIED.,.F.,.F.,
  (2,2),(4.712388980385,6.28318530718),.PIECEWISE_BEZIER_KNOTS.);
#828 = CARTESIAN_POINT('',(3.14159265359,-0.5));
#829 = CARTESIAN_POINT('',(1.570796326795,-0.5));
#830 = ( GEOMETRIC_REPRESENTATION_CONTEXT(2) 
PARAMETRIC_REPRESENTATION_CONTEXT() REPRESENTATION_CONTEXT('2D SPACE',''
  ) );
#831 = ORIENTED_EDGE('',*,*,#280,.F.);
#832 = ADVANCED_FACE('',(#833),#328,.T.);
#833 = FACE_BOUND('',#834,.T.);
#834 = EDGE_LOOP('',(#835,#886,#887));
#835 = ORIENTED_EDGE('',*,*,#836,.T.);
#836 = EDGE_CURVE('',#837,#310,#839,.T.);
#837 = VERTEX_POINT('',#838);
#838 = CARTESIAN_POINT('',(-1.25,0.98,1.18));
#839 = SURFACE_CURVE('',#840,(#845,#874),.PCURVE_S1.);
#840 = CIRCLE('',#841,2.E-02);
#841 = AXIS2_PLACEMENT_3D('',#842,#843,#844);
#842 = CARTESIAN_POINT('',(-1.23,0.98,1.18));
#843 = DIRECTION('',(-2.764308878405E-16,1.,-5.464378949327E-17));
#844 = DIRECTION('',(3.224987375203E-18,5.464378949327E-17,1.));
#845 = PCURVE('',#328,#846);
#846 = DEFINITIONAL_REPRESENTATION('',(#847),#873);
#847 = B_SPLINE_CURVE_WITH_KNOTS('',3,(#848,#849,#850,#851,#852,#853,
    #854,#855,#856,#857,#858,#859,#860,#861,#862,#863,#864,#865,#866,
    #867,#868,#869,#870,#871,#872),.UNSPECIFIED.,.F.,.F.,(4,1,1,1,1,1,1,
    1,1,1,1,1,1,1,1,1,1,1,1,1,1,1,4),(4.712388980385,4.783788813421,
    4.855188646457,4.926588479493,4.997988312529,5.069388145565,
    5.140787978601,5.212187811638,5.283587644674,5.35498747771,
    5.426387310746,5.497787143782,5.569186976818,5.640586809854,
    5.711986642891,5.783386475927,5.854786308963,5.926186141999,
    5.997585975035,6.068985808071,6.140385641107,6.211785474143,
    6.28318530718),.UNSPECIFIED.);
#848 = CARTESIAN_POINT('',(4.712388980385,0.));
#849 = CARTESIAN_POINT('',(4.712388980385,2.379994434538E-02));
#850 = CARTESIAN_POINT('',(4.712388980385,7.139983303613E-02));
#851 = CARTESIAN_POINT('',(4.712388980385,0.142799666072));
#852 = CARTESIAN_POINT('',(4.712388980385,0.214199499108));
#853 = CARTESIAN_POINT('',(4.712388980385,0.285599332145));
#854 = CARTESIAN_POINT('',(4.712388980385,0.356999165181));
#855 = CARTESIAN_POINT('',(4.712388980385,0.428398998217));
#856 = CARTESIAN_POINT('',(4.712388980385,0.499798831253));
#857 = CARTESIAN_POINT('',(4.712388980385,0.571198664289));
#858 = CARTESIAN_POINT('',(4.712388980385,0.642598497325));
#859 = CARTESIAN_POINT('',(4.712388980385,0.713998330361));
#860 = CARTESIAN_POINT('',(4.712388980385,0.785398163397));
#861 = CARTESIAN_POINT('',(4.712388980385,0.856797996434));
#862 = CARTESIAN_POINT('',(4.712388980385,0.92819782947));
#863 = CARTESIAN_POINT('',(4.712388980385,0.999597662506));
#864 = CARTESIAN_POINT('',(4.712388980385,1.070997495542));
#865 = CARTESIAN_POINT('',(4.712388980385,1.142397328578));
#866 = CARTESIAN_POINT('',(4.712388980385,1.213797161614));
#867 = CARTESIAN_POINT('',(4.712388980385,1.28519699465));
#868 = CARTESIAN_POINT('',(4.712388980385,1.356596827687));
#869 = CARTESIAN_POINT('',(4.712388980385,1.427996660723));
#870 = CARTESIAN_POINT('',(4.712388980385,1.499396493759));
#871 = CARTESIAN_POINT('',(4.712388980385,1.54699638245));
#872 = CARTESIAN_POINT('',(4.712388980385,1.570796326795));
#873 = ( GEOMETRIC_REPRESENTATION_CONTEXT(2) 
PARAMETRIC_REPRESENTATION_CONTEXT() REPRESENTATION_CONTEXT('2D SPACE',''
  ) );
#874 = PCURVE('',#875,#880);
#875 = CYLINDRICAL_SURFACE('',#876,2.E-02);
#876 = AXIS2_PLACEMENT_3D('',#877,#878,#879);
#877 = CARTESIAN_POINT('',(-1.23,1.,1.18));
#878 = DIRECTION('',(-2.764308878405E-16,1.,-5.464378949327E-17));
#879 = DIRECTION('',(-3.224987375203E-18,-5.464378949327E-17,-1.));
#880 = DEFINITIONAL_REPRESENTATION('',(#881),#885);
#881 = LINE('',#882,#883);
#882 = CARTESIAN_POINT('',(-3.14159265359,-2.E-02));
#883 = VECTOR('',#884,1.);
#884 = DIRECTION('',(1.,0.));
#885 = ( GEOMETRIC_REPRESENTATION_CONTEXT(2) 
PARAMETRIC_REPRESENTATION_CONTEXT() REPRESENTATION_CONTEXT('2D SPACE',''
  ) );
#886 = ORIENTED_EDGE('',*,*,#309,.T.);
#887 = ORIENTED_EDGE('',*,*,#888,.T.);
#888 = EDGE_CURVE('',#312,#837,#889,.T.);
#889 = SURFACE_CURVE('',#890,(#895,#902),.PCURVE_S1.);
#890 = CIRCLE('',#891,2.E-02);
#891 = AXIS2_PLACEMENT_3D('',#892,#893,#894);
#892 = CARTESIAN_POINT('',(-1.23,0.98,1.18));
#893 = DIRECTION('',(-5.417785875052E-15,5.464378949327E-17,1.));
#894 = DIRECTION('',(-1.,-2.764308878405E-16,-5.417785875052E-15));
#895 = PCURVE('',#328,#896);
#896 = DEFINITIONAL_REPRESENTATION('',(#897),#901);
#897 = LINE('',#898,#899);
#898 = CARTESIAN_POINT('',(-1.570796326795,1.665334536938E-14));
#899 = VECTOR('',#900,1.);
#900 = DIRECTION('',(1.,-3.533949646071E-15));
#901 = ( GEOMETRIC_REPRESENTATION_CONTEXT(2) 
PARAMETRIC_REPRESENTATION_CONTEXT() REPRESENTATION_CONTEXT('2D SPACE',''
  ) );
#902 = PCURVE('',#744,#903);
#903 = DEFINITIONAL_REPRESENTATION('',(#904),#908);
#904 = LINE('',#905,#906);
#905 = CARTESIAN_POINT('',(7.853981633974,-1.18));
#906 = VECTOR('',#907,1.);
#907 = DIRECTION('',(-1.,1.413579858428E-16));
#908 = ( GEOMETRIC_REPRESENTATION_CONTEXT(2) 
PARAMETRIC_REPRESENTATION_CONTEXT() REPRESENTATION_CONTEXT('2D SPACE',''
  ) );
#909 = ADVANCED_FACE('',(#910),#376,.F.);
#910 = FACE_BOUND('',#911,.T.);
#911 = EDGE_LOOP('',(#912,#935,#961,#962));
#912 = ORIENTED_EDGE('',*,*,#913,.F.);
#913 = EDGE_CURVE('',#914,#310,#916,.T.);
#914 = VERTEX_POINT('',#915);
#915 = CARTESIAN_POINT('',(-1.23,-0.98,1.2));
#916 = SURFACE_CURVE('',#917,(#921,#928),.PCURVE_S1.);
#917 = LINE('',#918,#919);
#918 = CARTESIAN_POINT('',(-1.23,-1.,1.2));
#919 = VECTOR('',#920,1.);
#920 = DIRECTION('',(-2.764308878405E-16,1.,-5.464378949327E-17));
#921 = PCURVE('',#376,#922);
#922 = DEFINITIONAL_REPRESENTATION('',(#923),#927);
#923 = LINE('',#924,#925);
#924 = CARTESIAN_POINT('',(-1.087725658309E-18,2.E-02));
#925 = VECTOR('',#926,1.);
#926 = DIRECTION('',(1.,1.76225531249E-34));
#927 = ( GEOMETRIC_REPRESENTATION_CONTEXT(2) 
PARAMETRIC_REPRESENTATION_CONTEXT() REPRESENTATION_CONTEXT('2D SPACE',''
  ) );
#928 = PCURVE('',#875,#929);
#929 = DEFINITIONAL_REPRESENTATION('',(#930),#934);
#930 = LINE('',#931,#932);
#931 = CARTESIAN_POINT('',(3.14159265359,-2.));
#932 = VECTOR('',#933,1.);
#933 = DIRECTION('',(0.,1.));
#934 = ( GEOMETRIC_REPRESENTATION_CONTEXT(2) 
PARAMETRIC_REPRESENTATION_CONTEXT() REPRESENTATION_CONTEXT('2D SPACE',''
  ) );
#935 = ORIENTED_EDGE('',*,*,#936,.T.);
#936 = EDGE_CURVE('',#914,#438,#937,.T.);
#937 = SURFACE_CURVE('',#938,(#942,#949),.PCURVE_S1.);
#938 = LINE('',#939,#940);
#939 = CARTESIAN_POINT('',(-1.25,-0.98,1.2));
#940 = VECTOR('',#941,1.);
#941 = DIRECTION('',(1.,2.764308878405E-16,-3.224987375203E-18));
#942 = PCURVE('',#376,#943);
#943 = DEFINITIONAL_REPRESENTATION('',(#944),#948);
#944 = LINE('',#945,#946);
#945 = CARTESIAN_POINT('',(2.E-02,1.087725658309E-18));
#946 = VECTOR('',#947,1.);
#947 = DIRECTION('',(1.76225531249E-34,1.));
#948 = ( GEOMETRIC_REPRESENTATION_CONTEXT(2) 
PARAMETRIC_REPRESENTATION_CONTEXT() REPRESENTATION_CONTEXT('2D SPACE',''
  ) );
#949 = PCURVE('',#950,#955);
#950 = CYLINDRICAL_SURFACE('',#951,2.E-02);
#951 = AXIS2_PLACEMENT_3D('',#952,#953,#954);
#952 = CARTESIAN_POINT('',(-1.25,-0.98,1.18));
#953 = DIRECTION('',(-1.,-2.764308878405E-16,3.224987375203E-18));
#954 = DIRECTION('',(3.224987375203E-18,5.464378949327E-17,1.));
#955 = DEFINITIONAL_REPRESENTATION('',(#956),#960);
#956 = LINE('',#957,#958);
#957 = CARTESIAN_POINT('',(6.28318530718,0.));
#958 = VECTOR('',#959,1.);
#959 = DIRECTION('',(0.,-1.));
#960 = ( GEOMETRIC_REPRESENTATION_CONTEXT(2) 
PARAMETRIC_REPRESENTATION_CONTEXT() REPRESENTATION_CONTEXT('2D SPACE',''
  ) );
#961 = ORIENTED_EDGE('',*,*,#437,.F.);
#962 = ORIENTED_EDGE('',*,*,#362,.F.);
#963 = ADVANCED_FACE('',(#964),#474,.T.);
#964 = FACE_BOUND('',#965,.T.);
#965 = EDGE_LOOP('',(#966,#989,#1017,#1038));
#966 = ORIENTED_EDGE('',*,*,#967,.T.);
#967 = EDGE_CURVE('',#438,#968,#970,.T.);
#968 = VERTEX_POINT('',#969);
#969 = CARTESIAN_POINT('',(-0.75,-1.,1.18));
#970 = SURFACE_CURVE('',#971,(#976,#983),.PCURVE_S1.);
#971 = CIRCLE('',#972,2.E-02);
#972 = AXIS2_PLACEMENT_3D('',#973,#974,#975);
#973 = CARTESIAN_POINT('',(-0.75,-0.98,1.18));
#974 = DIRECTION('',(1.,1.678344963008E-16,-0.));
#975 = DIRECTION('',(-1.678344963008E-16,1.,0.));
#976 = PCURVE('',#474,#977);
#977 = DEFINITIONAL_REPRESENTATION('',(#978),#982);
#978 = LINE('',#979,#980);
#979 = CARTESIAN_POINT('',(-1.570796326795,-1.5));
#980 = VECTOR('',#981,1.);
#981 = DIRECTION('',(1.,0.));
#982 = ( GEOMETRIC_REPRESENTATION_CONTEXT(2) 
PARAMETRIC_REPRESENTATION_CONTEXT() REPRESENTATION_CONTEXT('2D SPACE',''
  ) );
#983 = PCURVE('',#950,#984);
#984 = DEFINITIONAL_REPRESENTATION('',(#985),#988);
#985 = B_SPLINE_CURVE_WITH_KNOTS('',1,(#986,#987),.UNSPECIFIED.,.F.,.F.,
  (2,2),(1.570796326795,3.14159265359),.PIECEWISE_BEZIER_KNOTS.);
#986 = CARTESIAN_POINT('',(6.28318530718,-0.5));
#987 = CARTESIAN_POINT('',(4.712388980385,-0.5));
#988 = ( GEOMETRIC_REPRESENTATION_CONTEXT(2) 
PARAMETRIC_REPRESENTATION_CONTEXT() REPRESENTATION_CONTEXT('2D SPACE',''
  ) );
#989 = ORIENTED_EDGE('',*,*,#990,.T.);
#990 = EDGE_CURVE('',#968,#991,#993,.T.);
#991 = VERTEX_POINT('',#992);
#992 = CARTESIAN_POINT('',(0.75,-1.,1.18));
#993 = SURFACE_CURVE('',#994,(#998,#1005),.PCURVE_S1.);
#994 = LINE('',#995,#996);
#995 = CARTESIAN_POINT('',(-0.75,-1.,1.18));
#996 = VECTOR('',#997,1.);
#997 = DIRECTION('',(1.,2.22044604925E-16,0.));
#998 = PCURVE('',#474,#999);
#999 = DEFINITIONAL_REPRESENTATION('',(#1000),#1004);
#1000 = LINE('',#1001,#1002);
#1001 = CARTESIAN_POINT('',(1.570796326795,-1.5));
#1002 = VECTOR('',#1003,1.);
#1003 = DIRECTION('',(0.,1.));
#1004 = ( GEOMETRIC_REPRESENTATION_CONTEXT(2) 
PARAMETRIC_REPRESENTATION_CONTEXT() REPRESENTATION_CONTEXT('2D SPACE',''
  ) );
#1005 = PCURVE('',#1006,#1011);
#1006 = PLANE('',#1007);
#1007 = AXIS2_PLACEMENT_3D('',#1008,#1009,#1010);
#1008 = CARTESIAN_POINT('',(-0.75,-1.,1.2));
#1009 = DIRECTION('',(-2.22044604925E-16,1.,0.));
#1010 = DIRECTION('',(-0.,0.,-1.));
#1011 = DEFINITIONAL_REPRESENTATION('',(#1012),#1016);
#1012 = LINE('',#1013,#1014);
#1013 = CARTESIAN_POINT('',(2.E-02,0.));
#1014 = VECTOR('',#1015,1.);
#1015 = DIRECTION('',(0.,-1.));
#1016 = ( GEOMETRIC_REPRESENTATION_CONTEXT(2) 
PARAMETRIC_REPRESENTATION_CONTEXT() REPRESENTATION_CONTEXT('2D SPACE',''
  ) );
#1017 = ORIENTED_EDGE('',*,*,#1018,.T.);
#1018 = EDGE_CURVE('',#991,#414,#1019,.T.);
#1019 = SURFACE_CURVE('',#1020,(#1025,#1032),.PCURVE_S1.);
#1020 = CIRCLE('',#1021,2.E-02);
#1021 = AXIS2_PLACEMENT_3D('',#1022,#1023,#1024);
#1022 = CARTESIAN_POINT('',(0.75,-0.98,1.18));
#1023 = DIRECTION('',(-1.,-2.762547135493E-16,0.));
#1024 = DIRECTION('',(2.762547135493E-16,-1.,0.));
#1025 = PCURVE('',#474,#1026);
#1026 = DEFINITIONAL_REPRESENTATION('',(#1027),#1031);
#1027 = LINE('',#1028,#1029);
#1028 = CARTESIAN_POINT('',(1.570796326795,0.));
#1029 = VECTOR('',#1030,1.);
#1030 = DIRECTION('',(-1.,0.));
#1031 = ( GEOMETRIC_REPRESENTATION_CONTEXT(2) 
PARAMETRIC_REPRESENTATION_CONTEXT() REPRESENTATION_CONTEXT('2D SPACE',''
  ) );
#1032 = PCURVE('',#533,#1033);
#1033 = DEFINITIONAL_REPRESENTATION('',(#1034),#1037);
#1034 = B_SPLINE_CURVE_WITH_KNOTS('',1,(#1035,#1036),.UNSPECIFIED.,.F.,
  .F.,(2,2),(0.,1.570796326795),.PIECEWISE_BEZIER_KNOTS.);
#1035 = CARTESIAN_POINT('',(1.570796326795,-0.5));
#1036 = CARTESIAN_POINT('',(0.,-0.5));
#1037 = ( GEOMETRIC_REPRESENTATION_CONTEXT(2) 
PARAMETRIC_REPRESENTATION_CONTEXT() REPRESENTATION_CONTEXT('2D SPACE',''
  ) );
#1038 = ORIENTED_EDGE('',*,*,#460,.F.);
#1039 = ADVANCED_FACE('',(#1040),#505,.T.);
#1040 = FACE_BOUND('',#1041,.T.);
#1041 = EDGE_LOOP('',(#1042,#1093,#1119,#1120));
#1042 = ORIENTED_EDGE('',*,*,#1043,.F.);
#1043 = EDGE_CURVE('',#1044,#490,#1046,.T.);
#1044 = VERTEX_POINT('',#1045);
#1045 = CARTESIAN_POINT('',(1.25,-0.98,1.18));
#1046 = SURFACE_CURVE('',#1047,(#1052,#1059),.PCURVE_S1.);
#1047 = CIRCLE('',#1048,2.E-02);
#1048 = AXIS2_PLACEMENT_3D('',#1049,#1050,#1051);
#1049 = CARTESIAN_POINT('',(1.23,-0.98,1.18));
#1050 = DIRECTION('',(2.22044604925E-16,-1.,0.));
#1051 = DIRECTION('',(0.,0.,1.));
#1052 = PCURVE('',#505,#1053);
#1053 = DEFINITIONAL_REPRESENTATION('',(#1054),#1058);
#1054 = LINE('',#1055,#1056);
#1055 = CARTESIAN_POINT('',(-3.14159265359,-2.E-02));
#1056 = VECTOR('',#1057,1.);
#1057 = DIRECTION('',(1.,0.));
#1058 = ( GEOMETRIC_REPRESENTATION_CONTEXT(2) 
PARAMETRIC_REPRESENTATION_CONTEXT() REPRESENTATION_CONTEXT('2D SPACE',''
  ) );
#1059 = PCURVE('',#1060,#1065);
#1060 = SPHERICAL_SURFACE('',#1061,2.E-02);
#1061 = AXIS2_PLACEMENT_3D('',#1062,#1063,#1064);
#1062 = CARTESIAN_POINT('',(1.23,-0.98,1.18));
#1063 = DIRECTION('',(0.,0.,1.));
#1064 = DIRECTION('',(-2.22044604925E-16,1.,0.));
#1065 = DEFINITIONAL_REPRESENTATION('',(#1066),#1092);
#1066 = B_SPLINE_CURVE_WITH_KNOTS('',3,(#1067,#1068,#1069,#1070,#1071,
    #1072,#1073,#1074,#1075,#1076,#1077,#1078,#1079,#1080,#1081,#1082,
    #1083,#1084,#1085,#1086,#1087,#1088,#1089,#1090,#1091),
  .UNSPECIFIED.,.F.,.F.,(4,1,1,1,1,1,1,1,1,1,1,1,1,1,1,1,1,1,1,1,1,1,4),
  (4.712388980385,4.783788813421,4.855188646457,4.926588479493,
    4.997988312529,5.069388145565,5.140787978601,5.212187811638,
    5.283587644674,5.35498747771,5.426387310746,5.497787143782,
    5.569186976818,5.640586809854,5.711986642891,5.783386475927,
    5.854786308963,5.926186141999,5.997585975035,6.068985808071,
    6.140385641107,6.211785474143,6.28318530718),.UNSPECIFIED.);
#1067 = CARTESIAN_POINT('',(4.712388980385,0.));
#1068 = CARTESIAN_POINT('',(4.712388980385,2.379994434538E-02));
#1069 = CARTESIAN_POINT('',(4.712388980385,7.139983303613E-02));
#1070 = CARTESIAN_POINT('',(4.712388980385,0.142799666072));
#1071 = CARTESIAN_POINT('',(4.712388980385,0.214199499108));
#1072 = CARTESIAN_POINT('',(4.712388980385,0.285599332145));
#1073 = CARTESIAN_POINT('',(4.712388980385,0.356999165181));
#1074 = CARTESIAN_POINT('',(4.712388980385,0.428398998217));
#1075 = CARTESIAN_POINT('',(4.712388980385,0.499798831253));
#1076 = CARTESIAN_POINT('',(4.712388980385,0.571198664289));
#1077 = CARTESIAN_POINT('',(4.712388980385,0.642598497325));
#1078 = CARTESIAN_POINT('',(4.712388980385,0.713998330361));
#1079 = CARTESIAN_POINT('',(4.712388980385,0.785398163397));
#1080 = CARTESIAN_POINT('',(4.712388980385,0.856797996434));
#1081 = CARTESIAN_POINT('',(4.712388980385,0.92819782947));
#1082 = CARTESIAN_POINT('',(4.712388980385,0.999597662506));
#1083 = CARTESIAN_POINT('',(4.712388980385,1.070997495542));
#1084 = CARTESIAN_POINT('',(4.712388980385,1.142397328578));
#1085 = CARTESIAN_POINT('',(4.712388980385,1.213797161614));
#1086 = CARTESIAN_POINT('',(4.712388980385,1.28519699465));
#1087 = CARTESIAN_POINT('',(4.712388980385,1.356596827687));
#1088 = CARTESIAN_POINT('',(4.712388980385,1.427996660723));
#1089 = CARTESIAN_POINT('',(4.712388980385,1.499396493759));
#1090 = CARTESIAN_POINT('',(4.712388980385,1.54699638245));
#1091 = CARTESIAN_POINT('',(4.712388980385,1.570796326795));
#1092 = ( GEOMETRIC_REPRESENTATION_CONTEXT(2) 
PARAMETRIC_REPRESENTATION_CONTEXT() REPRESENTATION_CONTEXT('2D SPACE',''
  ) );
#1093 = ORIENTED_EDGE('',*,*,#1094,.F.);
#1094 = EDGE_CURVE('',#550,#1044,#1095,.T.);
#1095 = SURFACE_CURVE('',#1096,(#1100,#1107),.PCURVE_S1.);
#1096 = LINE('',#1097,#1098);
#1097 = CARTESIAN_POINT('',(1.25,-1.,1.18));
#1098 = VECTOR('',#1099,1.);
#1099 = DIRECTION('',(2.22044604925E-16,-1.,0.));
#1100 = PCURVE('',#505,#1101);
#1101 = DEFINITIONAL_REPRESENTATION('',(#1102),#1106);
#1102 = LINE('',#1103,#1104);
#1103 = CARTESIAN_POINT('',(1.570796326795,0.));
#1104 = VECTOR('',#1105,1.);
#1105 = DIRECTION('',(0.,1.));
#1106 = ( GEOMETRIC_REPRESENTATION_CONTEXT(2) 
PARAMETRIC_REPRESENTATION_CONTEXT() REPRESENTATION_CONTEXT('2D SPACE',''
  ) );
#1107 = PCURVE('',#1108,#1113);
#1108 = PLANE('',#1109);
#1109 = AXIS2_PLACEMENT_3D('',#1110,#1111,#1112);
#1110 = CARTESIAN_POINT('',(1.25,-1.,-1.110223024625E-16));
#1111 = DIRECTION('',(1.,2.22044604925E-16,0.));
#1112 = DIRECTION('',(-0.,0.,-1.));
#1113 = DEFINITIONAL_REPRESENTATION('',(#1114),#1118);
#1114 = LINE('',#1115,#1116);
#1115 = CARTESIAN_POINT('',(-1.18,0.));
#1116 = VECTOR('',#1117,1.);
#1117 = DIRECTION('',(0.,-1.));
#1118 = ( GEOMETRIC_REPRESENTATION_CONTEXT(2) 
PARAMETRIC_REPRESENTATION_CONTEXT() REPRESENTATION_CONTEXT('2D SPACE',''
  ) );
#1119 = ORIENTED_EDGE('',*,*,#549,.F.);
#1120 = ORIENTED_EDGE('',*,*,#489,.T.);
#1121 = ADVANCED_FACE('',(#1122),#533,.T.);
#1122 = FACE_BOUND('',#1123,.T.);
#1123 = EDGE_LOOP('',(#1124,#1170,#1171,#1172));
#1124 = ORIENTED_EDGE('',*,*,#1125,.F.);
#1125 = EDGE_CURVE('',#490,#1126,#1128,.T.);
#1126 = VERTEX_POINT('',#1127);
#1127 = CARTESIAN_POINT('',(1.23,-1.,1.18));
#1128 = SURFACE_CURVE('',#1129,(#1134,#1141),.PCURVE_S1.);
#1129 = CIRCLE('',#1130,2.E-02);
#1130 = AXIS2_PLACEMENT_3D('',#1131,#1132,#1133);
#1131 = CARTESIAN_POINT('',(1.23,-0.98,1.18));
#1132 = DIRECTION('',(1.,2.22044604925E-16,0.));
#1133 = DIRECTION('',(-0.,0.,-1.));
#1134 = PCURVE('',#533,#1135);
#1135 = DEFINITIONAL_REPRESENTATION('',(#1136),#1140);
#1136 = LINE('',#1137,#1138);
#1137 = CARTESIAN_POINT('',(-3.14159265359,-2.E-02));
#1138 = VECTOR('',#1139,1.);
#1139 = DIRECTION('',(1.,0.));
#1140 = ( GEOMETRIC_REPRESENTATION_CONTEXT(2) 
PARAMETRIC_REPRESENTATION_CONTEXT() REPRESENTATION_CONTEXT('2D SPACE',''
  ) );
#1141 = PCURVE('',#1060,#1142);
#1142 = DEFINITIONAL_REPRESENTATION('',(#1143),#1169);
#1143 = B_SPLINE_CURVE_WITH_KNOTS('',3,(#1144,#1145,#1146,#1147,#1148,
    #1149,#1150,#1151,#1152,#1153,#1154,#1155,#1156,#1157,#1158,#1159,
    #1160,#1161,#1162,#1163,#1164,#1165,#1166,#1167,#1168),
  .UNSPECIFIED.,.F.,.F.,(4,1,1,1,1,1,1,1,1,1,1,1,1,1,1,1,1,1,1,1,1,1,4),
  (3.14159265359,3.212992486626,3.284392319662,3.355792152698,
    3.427191985734,3.49859181877,3.569991651807,3.641391484843,
    3.712791317879,3.784191150915,3.855590983951,3.926990816987,
    3.998390650023,4.06979048306,4.141190316096,4.212590149132,
    4.283989982168,4.355389815204,4.42678964824,4.498189481276,
    4.569589314312,4.640989147349,4.712388980385),.UNSPECIFIED.);
#1144 = CARTESIAN_POINT('',(3.14159265359,1.570796326795));
#1145 = CARTESIAN_POINT('',(3.14159265359,1.54699638245));
#1146 = CARTESIAN_POINT('',(3.14159265359,1.499396493759));
#1147 = CARTESIAN_POINT('',(3.14159265359,1.427996660723));
#1148 = CARTESIAN_POINT('',(3.14159265359,1.356596827687));
#1149 = CARTESIAN_POINT('',(3.14159265359,1.28519699465));
#1150 = CARTESIAN_POINT('',(3.14159265359,1.213797161614));
#1151 = CARTESIAN_POINT('',(3.14159265359,1.142397328578));
#1152 = CARTESIAN_POINT('',(3.14159265359,1.070997495542));
#1153 = CARTESIAN_POINT('',(3.14159265359,0.999597662506));
#1154 = CARTESIAN_POINT('',(3.14159265359,0.92819782947));
#1155 = CARTESIAN_POINT('',(3.14159265359,0.856797996434));
#1156 = CARTESIAN_POINT('',(3.14159265359,0.785398163397));
#1157 = CARTESIAN_POINT('',(3.14159265359,0.713998330361));
#1158 = CARTESIAN_POINT('',(3.14159265359,0.642598497325));
#1159 = CARTESIAN_POINT('',(3.14159265359,0.571198664289));
#1160 = CARTESIAN_POINT('',(3.14159265359,0.499798831253));
#1161 = CARTESIAN_POINT('',(3.14159265359,0.428398998217));
#1162 = CARTESIAN_POINT('',(3.14159265359,0.356999165181));
#1163 = CARTESIAN_POINT('',(3.14159265359,0.285599332145));
#1164 = CARTESIAN_POINT('',(3.14159265359,0.214199499108));
#1165 = CARTESIAN_POINT('',(3.14159265359,0.142799666072));
#1166 = CARTESIAN_POINT('',(3.14159265359,7.139983303613E-02));
#1167 = CARTESIAN_POINT('',(3.14159265359,2.379994434538E-02));
#1168 = CARTESIAN_POINT('',(3.14159265359,0.));
#1169 = ( GEOMETRIC_REPRESENTATION_CONTEXT(2) 
PARAMETRIC_REPRESENTATION_CONTEXT() REPRESENTATION_CONTEXT('2D SPACE',''
  ) );
#1170 = ORIENTED_EDGE('',*,*,#519,.T.);
#1171 = ORIENTED_EDGE('',*,*,#1018,.F.);
#1172 = ORIENTED_EDGE('',*,*,#1173,.F.);
#1173 = EDGE_CURVE('',#1126,#991,#1174,.T.);
#1174 = SURFACE_CURVE('',#1175,(#1179,#1186),.PCURVE_S1.);
#1175 = LINE('',#1176,#1177);
#1176 = CARTESIAN_POINT('',(1.25,-1.,1.18));
#1177 = VECTOR('',#1178,1.);
#1178 = DIRECTION('',(-1.,-2.22044604925E-16,0.));
#1179 = PCURVE('',#533,#1180);
#1180 = DEFINITIONAL_REPRESENTATION('',(#1181),#1185);
#1181 = LINE('',#1182,#1183);
#1182 = CARTESIAN_POINT('',(1.570796326795,0.));
#1183 = VECTOR('',#1184,1.);
#1184 = DIRECTION('',(0.,-1.));
#1185 = ( GEOMETRIC_REPRESENTATION_CONTEXT(2) 
PARAMETRIC_REPRESENTATION_CONTEXT() REPRESENTATION_CONTEXT('2D SPACE',''
  ) );
#1186 = PCURVE('',#1187,#1192);
#1187 = PLANE('',#1188);
#1188 = AXIS2_PLACEMENT_3D('',#1189,#1190,#1191);
#1189 = CARTESIAN_POINT('',(1.25,-1.,1.2));
#1190 = DIRECTION('',(-2.22044604925E-16,1.,0.));
#1191 = DIRECTION('',(-0.,0.,-1.));
#1192 = DEFINITIONAL_REPRESENTATION('',(#1193),#1197);
#1193 = LINE('',#1194,#1195);
#1194 = CARTESIAN_POINT('',(2.E-02,0.));
#1195 = VECTOR('',#1196,1.);
#1196 = DIRECTION('',(0.,1.));
#1197 = ( GEOMETRIC_REPRESENTATION_CONTEXT(2) 
PARAMETRIC_REPRESENTATION_CONTEXT() REPRESENTATION_CONTEXT('2D SPACE',''
  ) );
#1198 = ADVANCED_FACE('',(#1199),#632,.T.);
#1199 = FACE_BOUND('',#1200,.T.);
#1200 = EDGE_LOOP('',(#1201,#1202,#1225,#1274));
#1201 = ORIENTED_EDGE('',*,*,#595,.F.);
#1202 = ORIENTED_EDGE('',*,*,#1203,.F.);
#1203 = EDGE_CURVE('',#1204,#550,#1206,.T.);
#1204 = VERTEX_POINT('',#1205);
#1205 = CARTESIAN_POINT('',(1.25,0.98,2.E-02));
#1206 = SURFACE_CURVE('',#1207,(#1211,#1218),.PCURVE_S1.);
#1207 = LINE('',#1208,#1209);
#1208 = CARTESIAN_POINT('',(1.25,0.98,1.2));
#1209 = VECTOR('',#1210,1.);
#1210 = DIRECTION('',(0.,0.,1.));
#1211 = PCURVE('',#632,#1212);
#1212 = DEFINITIONAL_REPRESENTATION('',(#1213),#1217);
#1213 = LINE('',#1214,#1215);
#1214 = CARTESIAN_POINT('',(1.570796326795,1.2));
#1215 = VECTOR('',#1216,1.);
#1216 = DIRECTION('',(0.,1.));
#1217 = ( GEOMETRIC_REPRESENTATION_CONTEXT(2) 
PARAMETRIC_REPRESENTATION_CONTEXT() REPRESENTATION_CONTEXT('2D SPACE',''
  ) );
#1218 = PCURVE('',#1108,#1219);
#1219 = DEFINITIONAL_REPRESENTATION('',(#1220),#1224);
#1220 = LINE('',#1221,#1222);
#1221 = CARTESIAN_POINT('',(-1.2,1.98));
#1222 = VECTOR('',#1223,1.);
#1223 = DIRECTION('',(-1.,0.));
#1224 = ( GEOMETRIC_REPRESENTATION_CONTEXT(2) 
PARAMETRIC_REPRESENTATION_CONTEXT() REPRESENTATION_CONTEXT('2D SPACE',''
  ) );
#1225 = ORIENTED_EDGE('',*,*,#1226,.F.);
#1226 = EDGE_CURVE('',#648,#1204,#1227,.T.);
#1227 = SURFACE_CURVE('',#1228,(#1233,#1240),.PCURVE_S1.);
#1228 = CIRCLE('',#1229,2.E-02);
#1229 = AXIS2_PLACEMENT_3D('',#1230,#1231,#1232);
#1230 = CARTESIAN_POINT('',(1.23,0.98,2.E-02));
#1231 = DIRECTION('',(0.,-0.,-1.));
#1232 = DIRECTION('',(2.22044604925E-16,-1.,0.));
#1233 = PCURVE('',#632,#1234);
#1234 = DEFINITIONAL_REPRESENTATION('',(#1235),#1239);
#1235 = LINE('',#1236,#1237);
#1236 = CARTESIAN_POINT('',(6.28318530718,2.E-02));
#1237 = VECTOR('',#1238,1.);
#1238 = DIRECTION('',(-1.,0.));
#1239 = ( GEOMETRIC_REPRESENTATION_CONTEXT(2) 
PARAMETRIC_REPRESENTATION_CONTEXT() REPRESENTATION_CONTEXT('2D SPACE',''
  ) );
#1240 = PCURVE('',#1241,#1246);
#1241 = SPHERICAL_SURFACE('',#1242,2.E-02);
#1242 = AXIS2_PLACEMENT_3D('',#1243,#1244,#1245);
#1243 = CARTESIAN_POINT('',(1.23,0.98,2.E-02));
#1244 = DIRECTION('',(0.,0.,1.));
#1245 = DIRECTION('',(-2.22044604925E-16,1.,0.));
#1246 = DEFINITIONAL_REPRESENTATION('',(#1247),#1273);
#1247 = B_SPLINE_CURVE_WITH_KNOTS('',3,(#1248,#1249,#1250,#1251,#1252,
    #1253,#1254,#1255,#1256,#1257,#1258,#1259,#1260,#1261,#1262,#1263,
    #1264,#1265,#1266,#1267,#1268,#1269,#1270,#1271,#1272),
  .UNSPECIFIED.,.F.,.F.,(4,1,1,1,1,1,1,1,1,1,1,1,1,1,1,1,1,1,1,1,1,1,4),
  (3.14159265359,3.212992486626,3.284392319662,3.355792152698,
    3.427191985734,3.49859181877,3.569991651807,3.641391484843,
    3.712791317879,3.784191150915,3.855590983951,3.926990816987,
    3.998390650023,4.06979048306,4.141190316096,4.212590149132,
    4.283989982168,4.355389815204,4.42678964824,4.498189481276,
    4.569589314312,4.640989147349,4.712388980385),.UNSPECIFIED.);
#1248 = CARTESIAN_POINT('',(6.28318530718,0.));
#1249 = CARTESIAN_POINT('',(6.259385362834,0.));
#1250 = CARTESIAN_POINT('',(6.211785474143,0.));
#1251 = CARTESIAN_POINT('',(6.140385641107,0.));
#1252 = CARTESIAN_POINT('',(6.068985808071,0.));
#1253 = CARTESIAN_POINT('',(5.997585975035,0.));
#1254 = CARTESIAN_POINT('',(5.926186141999,0.));
#1255 = CARTESIAN_POINT('',(5.854786308963,0.));
#1256 = CARTESIAN_POINT('',(5.783386475927,0.));
#1257 = CARTESIAN_POINT('',(5.711986642891,0.));
#1258 = CARTESIAN_POINT('',(5.640586809854,0.));
#1259 = CARTESIAN_POINT('',(5.569186976818,0.));
#1260 = CARTESIAN_POINT('',(5.497787143782,0.));
#1261 = CARTESIAN_POINT('',(5.426387310746,0.));
#1262 = CARTESIAN_POINT('',(5.35498747771,0.));
#1263 = CARTESIAN_POINT('',(5.283587644674,0.));
#1264 = CARTESIAN_POINT('',(5.212187811638,0.));
#1265 = CARTESIAN_POINT('',(5.140787978601,0.));
#1266 = CARTESIAN_POINT('',(5.069388145565,0.));
#1267 = CARTESIAN_POINT('',(4.997988312529,0.));
#1268 = CARTESIAN_POINT('',(4.926588479493,0.));
#1269 = CARTESIAN_POINT('',(4.855188646457,0.));
#1270 = CARTESIAN_POINT('',(4.783788813421,0.));
#1271 = CARTESIAN_POINT('',(4.73618892473,0.));
#1272 = CARTESIAN_POINT('',(4.712388980385,0.));
#1273 = ( GEOMETRIC_REPRESENTATION_CONTEXT(2) 
PARAMETRIC_REPRESENTATION_CONTEXT() REPRESENTATION_CONTEXT('2D SPACE',''
  ) );
#1274 = ORIENTED_EDGE('',*,*,#647,.T.);
#1275 = ADVANCED_FACE('',(#1276),#684,.T.);
#1276 = FACE_BOUND('',#1277,.T.);
#1277 = EDGE_LOOP('',(#1278,#1302,#1328,#1329));
#1278 = ORIENTED_EDGE('',*,*,#1279,.F.);
#1279 = EDGE_CURVE('',#1280,#648,#1282,.T.);
#1280 = VERTEX_POINT('',#1281);
#1281 = CARTESIAN_POINT('',(1.23,0.98,-1.110223024625E-16));
#1282 = SURFACE_CURVE('',#1283,(#1288,#1295),.PCURVE_S1.);
#1283 = CIRCLE('',#1284,2.E-02);
#1284 = AXIS2_PLACEMENT_3D('',#1285,#1286,#1287);
#1285 = CARTESIAN_POINT('',(1.23,0.98,2.E-02));
#1286 = DIRECTION('',(1.,2.22044604925E-16,0.));
#1287 = DIRECTION('',(-0.,0.,-1.));
#1288 = PCURVE('',#684,#1289);
#1289 = DEFINITIONAL_REPRESENTATION('',(#1290),#1294);
#1290 = LINE('',#1291,#1292);
#1291 = CARTESIAN_POINT('',(3.14159265359,-2.E-02));
#1292 = VECTOR('',#1293,1.);
#1293 = DIRECTION('',(1.,0.));
#1294 = ( GEOMETRIC_REPRESENTATION_CONTEXT(2) 
PARAMETRIC_REPRESENTATION_CONTEXT() REPRESENTATION_CONTEXT('2D SPACE',''
  ) );
#1295 = PCURVE('',#1241,#1296);
#1296 = DEFINITIONAL_REPRESENTATION('',(#1297),#1301);
#1297 = LINE('',#1298,#1299);
#1298 = CARTESIAN_POINT('',(6.28318530718,-1.570796326795));
#1299 = VECTOR('',#1300,1.);
#1300 = DIRECTION('',(0.,1.));
#1301 = ( GEOMETRIC_REPRESENTATION_CONTEXT(2) 
PARAMETRIC_REPRESENTATION_CONTEXT() REPRESENTATION_CONTEXT('2D SPACE',''
  ) );
#1302 = ORIENTED_EDGE('',*,*,#1303,.T.);
#1303 = EDGE_CURVE('',#1280,#761,#1304,.T.);
#1304 = SURFACE_CURVE('',#1305,(#1309,#1316),.PCURVE_S1.);
#1305 = LINE('',#1306,#1307);
#1306 = CARTESIAN_POINT('',(1.25,0.98,-1.110223024625E-16));
#1307 = VECTOR('',#1308,1.);
#1308 = DIRECTION('',(-1.,-2.22044604925E-16,0.));
#1309 = PCURVE('',#684,#1310);
#1310 = DEFINITIONAL_REPRESENTATION('',(#1311),#1315);
#1311 = LINE('',#1312,#1313);
#1312 = CARTESIAN_POINT('',(3.14159265359,0.));
#1313 = VECTOR('',#1314,1.);
#1314 = DIRECTION('',(0.,-1.));
#1315 = ( GEOMETRIC_REPRESENTATION_CONTEXT(2) 
PARAMETRIC_REPRESENTATION_CONTEXT() REPRESENTATION_CONTEXT('2D SPACE',''
  ) );
#1316 = PCURVE('',#1317,#1322);
#1317 = PLANE('',#1318);
#1318 = AXIS2_PLACEMENT_3D('',#1319,#1320,#1321);
#1319 = CARTESIAN_POINT('',(1.25,-1.,-1.110223024625E-16));
#1320 = DIRECTION('',(0.,0.,1.));
#1321 = DIRECTION('',(-2.22044604925E-16,1.,0.));
#1322 = DEFINITIONAL_REPRESENTATION('',(#1323),#1327);
#1323 = LINE('',#1324,#1325);
#1324 = CARTESIAN_POINT('',(1.98,0.));
#1325 = VECTOR('',#1326,1.);
#1326 = DIRECTION('',(0.,1.));
#1327 = ( GEOMETRIC_REPRESENTATION_CONTEXT(2) 
PARAMETRIC_REPRESENTATION_CONTEXT() REPRESENTATION_CONTEXT('2D SPACE',''
  ) );
#1328 = ORIENTED_EDGE('',*,*,#760,.F.);
#1329 = ORIENTED_EDGE('',*,*,#670,.F.);
#1330 = ADVANCED_FACE('',(#1331),#718,.T.);
#1331 = FACE_BOUND('',#1332,.T.);
#1332 = EDGE_LOOP('',(#1333,#1334,#1362,#1411));
#1333 = ORIENTED_EDGE('',*,*,#811,.F.);
#1334 = ORIENTED_EDGE('',*,*,#1335,.F.);
#1335 = EDGE_CURVE('',#1336,#784,#1338,.T.);
#1336 = VERTEX_POINT('',#1337);
#1337 = CARTESIAN_POINT('',(-1.23,0.98,-1.110223024625E-16));
#1338 = SURFACE_CURVE('',#1339,(#1343,#1350),.PCURVE_S1.);
#1339 = LINE('',#1340,#1341);
#1340 = CARTESIAN_POINT('',(-1.25,0.98,-1.110223024625E-16));
#1341 = VECTOR('',#1342,1.);
#1342 = DIRECTION('',(1.,2.764308878405E-16,-3.224987375203E-18));
#1343 = PCURVE('',#718,#1344);
#1344 = DEFINITIONAL_REPRESENTATION('',(#1345),#1349);
#1345 = LINE('',#1346,#1347);
#1346 = CARTESIAN_POINT('',(3.14159265359,0.));
#1347 = VECTOR('',#1348,1.);
#1348 = DIRECTION('',(0.,-1.));
#1349 = ( GEOMETRIC_REPRESENTATION_CONTEXT(2) 
PARAMETRIC_REPRESENTATION_CONTEXT() REPRESENTATION_CONTEXT('2D SPACE',''
  ) );
#1350 = PCURVE('',#1351,#1356);
#1351 = PLANE('',#1352);
#1352 = AXIS2_PLACEMENT_3D('',#1353,#1354,#1355);
#1353 = CARTESIAN_POINT('',(-1.25,1.,-1.110223024625E-16));
#1354 = DIRECTION('',(3.224987375203E-18,5.464378949327E-17,1.));
#1355 = DIRECTION('',(2.764308878405E-16,-1.,5.464378949327E-17));
#1356 = DEFINITIONAL_REPRESENTATION('',(#1357),#1361);
#1357 = LINE('',#1358,#1359);
#1358 = CARTESIAN_POINT('',(2.E-02,-1.087725658309E-18));
#1359 = VECTOR('',#1360,1.);
#1360 = DIRECTION('',(-1.76225531249E-34,1.));
#1361 = ( GEOMETRIC_REPRESENTATION_CONTEXT(2) 
PARAMETRIC_REPRESENTATION_CONTEXT() REPRESENTATION_CONTEXT('2D SPACE',''
  ) );
#1362 = ORIENTED_EDGE('',*,*,#1363,.F.);
#1363 = EDGE_CURVE('',#703,#1336,#1364,.T.);
#1364 = SURFACE_CURVE('',#1365,(#1370,#1377),.PCURVE_S1.);
#1365 = CIRCLE('',#1366,2.E-02);
#1366 = AXIS2_PLACEMENT_3D('',#1367,#1368,#1369);
#1367 = CARTESIAN_POINT('',(-1.23,0.98,2.E-02));
#1368 = DIRECTION('',(-1.,-2.764308878405E-16,3.224987375203E-18));
#1369 = DIRECTION('',(-3.224987375203E-18,-5.464378949327E-17,-1.));
#1370 = PCURVE('',#718,#1371);
#1371 = DEFINITIONAL_REPRESENTATION('',(#1372),#1376);
#1372 = LINE('',#1373,#1374);
#1373 = CARTESIAN_POINT('',(-3.14159265359,-2.E-02));
#1374 = VECTOR('',#1375,1.);
#1375 = DIRECTION('',(1.,0.));
#1376 = ( GEOMETRIC_REPRESENTATION_CONTEXT(2) 
PARAMETRIC_REPRESENTATION_CONTEXT() REPRESENTATION_CONTEXT('2D SPACE',''
  ) );
#1377 = PCURVE('',#1378,#1383);
#1378 = SPHERICAL_SURFACE('',#1379,2.E-02);
#1379 = AXIS2_PLACEMENT_3D('',#1380,#1381,#1382);
#1380 = CARTESIAN_POINT('',(-1.23,0.98,2.E-02));
#1381 = DIRECTION('',(3.224987375203E-18,5.464378949327E-17,1.));
#1382 = DIRECTION('',(2.764308878405E-16,-1.,5.464378949327E-17));
#1383 = DEFINITIONAL_REPRESENTATION('',(#1384),#1410);
#1384 = B_SPLINE_CURVE_WITH_KNOTS('',3,(#1385,#1386,#1387,#1388,#1389,
    #1390,#1391,#1392,#1393,#1394,#1395,#1396,#1397,#1398,#1399,#1400,
    #1401,#1402,#1403,#1404,#1405,#1406,#1407,#1408,#1409),
  .UNSPECIFIED.,.F.,.F.,(4,1,1,1,1,1,1,1,1,1,1,1,1,1,1,1,1,1,1,1,1,1,4),
  (4.712388980385,4.783788813421,4.855188646457,4.926588479493,
    4.997988312529,5.069388145565,5.140787978601,5.212187811638,
    5.283587644674,5.35498747771,5.426387310746,5.497787143782,
    5.569186976818,5.640586809854,5.711986642891,5.783386475927,
    5.854786308963,5.926186141999,5.997585975035,6.068985808071,
    6.140385641107,6.211785474143,6.28318530718),.UNSPECIFIED.);
#1385 = CARTESIAN_POINT('',(3.14159265359,0.));
#1386 = CARTESIAN_POINT('',(3.14159265359,-2.379994434538E-02));
#1387 = CARTESIAN_POINT('',(3.14159265359,-7.139983303613E-02));
#1388 = CARTESIAN_POINT('',(3.14159265359,-0.142799666072));
#1389 = CARTESIAN_POINT('',(3.14159265359,-0.214199499108));
#1390 = CARTESIAN_POINT('',(3.14159265359,-0.285599332145));
#1391 = CARTESIAN_POINT('',(3.14159265359,-0.356999165181));
#1392 = CARTESIAN_POINT('',(3.14159265359,-0.428398998217));
#1393 = CARTESIAN_POINT('',(3.14159265359,-0.499798831253));
#1394 = CARTESIAN_POINT('',(3.14159265359,-0.571198664289));
#1395 = CARTESIAN_POINT('',(3.14159265359,-0.642598497325));
#1396 = CARTESIAN_POINT('',(3.14159265359,-0.713998330361));
#1397 = CARTESIAN_POINT('',(3.14159265359,-0.785398163397));
#1398 = CARTESIAN_POINT('',(3.14159265359,-0.856797996434));
#1399 = CARTESIAN_POINT('',(3.14159265359,-0.92819782947));
#1400 = CARTESIAN_POINT('',(3.14159265359,-0.999597662506));
#1401 = CARTESIAN_POINT('',(3.14159265359,-1.070997495542));
#1402 = CARTESIAN_POINT('',(3.14159265359,-1.142397328578));
#1403 = CARTESIAN_POINT('',(3.14159265359,-1.213797161614));
#1404 = CARTESIAN_POINT('',(3.14159265359,-1.28519699465));
#1405 = CARTESIAN_POINT('',(3.14159265359,-1.356596827687));
#1406 = CARTESIAN_POINT('',(3.14159265359,-1.427996660723));
#1407 = CARTESIAN_POINT('',(3.14159265359,-1.499396493759));
#1408 = CARTESIAN_POINT('',(3.14159265359,-1.54699638245));
#1409 = CARTESIAN_POINT('',(3.14159265359,-1.570796326795));
#1410 = ( GEOMETRIC_REPRESENTATION_CONTEXT(2) 
PARAMETRIC_REPRESENTATION_CONTEXT() REPRESENTATION_CONTEXT('2D SPACE',''
  ) );
#1411 = ORIENTED_EDGE('',*,*,#702,.T.);
#1412 = ADVANCED_FACE('',(#1413),#744,.T.);
#1413 = FACE_BOUND('',#1414,.T.);
#1414 = EDGE_LOOP('',(#1415,#1416,#1417,#1441));
#1415 = ORIENTED_EDGE('',*,*,#888,.F.);
#1416 = ORIENTED_EDGE('',*,*,#730,.T.);
#1417 = ORIENTED_EDGE('',*,*,#1418,.F.);
#1418 = EDGE_CURVE('',#1419,#703,#1421,.T.);
#1419 = VERTEX_POINT('',#1420);
#1420 = CARTESIAN_POINT('',(-1.25,0.98,2.E-02));
#1421 = SURFACE_CURVE('',#1422,(#1427,#1434),.PCURVE_S1.);
#1422 = CIRCLE('',#1423,2.E-02);
#1423 = AXIS2_PLACEMENT_3D('',#1424,#1425,#1426);
#1424 = CARTESIAN_POINT('',(-1.23,0.98,2.E-02));
#1425 = DIRECTION('',(-3.224987375203E-18,-5.464378949327E-17,-1.));
#1426 = DIRECTION('',(-2.764308878405E-16,1.,-5.464378949327E-17));
#1427 = PCURVE('',#744,#1428);
#1428 = DEFINITIONAL_REPRESENTATION('',(#1429),#1433);
#1429 = LINE('',#1430,#1431);
#1430 = CARTESIAN_POINT('',(-3.14159265359,-2.E-02));
#1431 = VECTOR('',#1432,1.);
#1432 = DIRECTION('',(1.,0.));
#1433 = ( GEOMETRIC_REPRESENTATION_CONTEXT(2) 
PARAMETRIC_REPRESENTATION_CONTEXT() REPRESENTATION_CONTEXT('2D SPACE',''
  ) );
#1434 = PCURVE('',#1378,#1435);
#1435 = DEFINITIONAL_REPRESENTATION('',(#1436),#1440);
#1436 = LINE('',#1437,#1438);
#1437 = CARTESIAN_POINT('',(9.424777960769,0.));
#1438 = VECTOR('',#1439,1.);
#1439 = DIRECTION('',(-1.,0.));
#1440 = ( GEOMETRIC_REPRESENTATION_CONTEXT(2) 
PARAMETRIC_REPRESENTATION_CONTEXT() REPRESENTATION_CONTEXT('2D SPACE',''
  ) );
#1441 = ORIENTED_EDGE('',*,*,#1442,.F.);
#1442 = EDGE_CURVE('',#837,#1419,#1443,.T.);
#1443 = SURFACE_CURVE('',#1444,(#1448,#1455),.PCURVE_S1.);
#1444 = LINE('',#1445,#1446);
#1445 = CARTESIAN_POINT('',(-1.25,0.98,-1.110223024625E-16));
#1446 = VECTOR('',#1447,1.);
#1447 = DIRECTION('',(-3.224987375203E-18,-5.464378949327E-17,-1.));
#1448 = PCURVE('',#744,#1449);
#1449 = DEFINITIONAL_REPRESENTATION('',(#1450),#1454);
#1450 = LINE('',#1451,#1452);
#1451 = CARTESIAN_POINT('',(1.570796326795,0.));
#1452 = VECTOR('',#1453,1.);
#1453 = DIRECTION('',(0.,1.));
#1454 = ( GEOMETRIC_REPRESENTATION_CONTEXT(2) 
PARAMETRIC_REPRESENTATION_CONTEXT() REPRESENTATION_CONTEXT('2D SPACE',''
  ) );
#1455 = PCURVE('',#1456,#1461);
#1456 = PLANE('',#1457);
#1457 = AXIS2_PLACEMENT_3D('',#1458,#1459,#1460);
#1458 = CARTESIAN_POINT('',(-1.25,1.,-1.110223024625E-16));
#1459 = DIRECTION('',(-1.,-2.764308878405E-16,3.224987375203E-18));
#1460 = DIRECTION('',(-3.224987375203E-18,-5.464378949327E-17,-1.));
#1461 = DEFINITIONAL_REPRESENTATION('',(#1462),#1466);
#1462 = LINE('',#1463,#1464);
#1463 = CARTESIAN_POINT('',(1.092875789865E-18,2.E-02));
#1464 = VECTOR('',#1465,1.);
#1465 = DIRECTION('',(1.,0.));
#1466 = ( GEOMETRIC_REPRESENTATION_CONTEXT(2) 
PARAMETRIC_REPRESENTATION_CONTEXT() REPRESENTATION_CONTEXT('2D SPACE',''
  ) );
#1467 = ADVANCED_FACE('',(#1468),#799,.F.);
#1468 = FACE_BOUND('',#1469,.T.);
#1469 = EDGE_LOOP('',(#1470,#1493,#1521,#1542));
#1470 = ORIENTED_EDGE('',*,*,#1471,.F.);
#1471 = EDGE_CURVE('',#1472,#761,#1474,.T.);
#1472 = VERTEX_POINT('',#1473);
#1473 = CARTESIAN_POINT('',(0.75,-0.98,-1.110223024625E-16));
#1474 = SURFACE_CURVE('',#1475,(#1479,#1486),.PCURVE_S1.);
#1475 = LINE('',#1476,#1477);
#1476 = CARTESIAN_POINT('',(0.75,-1.,-1.110223024625E-16));
#1477 = VECTOR('',#1478,1.);
#1478 = DIRECTION('',(-2.762547135493E-16,1.,0.));
#1479 = PCURVE('',#799,#1480);
#1480 = DEFINITIONAL_REPRESENTATION('',(#1481),#1485);
#1481 = LINE('',#1482,#1483);
#1482 = CARTESIAN_POINT('',(0.,0.));
#1483 = VECTOR('',#1484,1.);
#1484 = DIRECTION('',(1.,5.421010862428E-17));
#1485 = ( GEOMETRIC_REPRESENTATION_CONTEXT(2) 
PARAMETRIC_REPRESENTATION_CONTEXT() REPRESENTATION_CONTEXT('2D SPACE',''
  ) );
#1486 = PCURVE('',#1317,#1487);
#1487 = DEFINITIONAL_REPRESENTATION('',(#1488),#1492);
#1488 = LINE('',#1489,#1490);
#1489 = CARTESIAN_POINT('',(0.,0.5));
#1490 = VECTOR('',#1491,1.);
#1491 = DIRECTION('',(1.,5.421010862428E-17));
#1492 = ( GEOMETRIC_REPRESENTATION_CONTEXT(2) 
PARAMETRIC_REPRESENTATION_CONTEXT() REPRESENTATION_CONTEXT('2D SPACE',''
  ) );
#1493 = ORIENTED_EDGE('',*,*,#1494,.F.);
#1494 = EDGE_CURVE('',#1495,#1472,#1497,.T.);
#1495 = VERTEX_POINT('',#1496);
#1496 = CARTESIAN_POINT('',(-0.75,-0.98,-1.110223024625E-16));
#1497 = SURFACE_CURVE('',#1498,(#1502,#1509),.PCURVE_S1.);
#1498 = LINE('',#1499,#1500);
#1499 = CARTESIAN_POINT('',(0.75,-0.98,-1.110223024625E-16));
#1500 = VECTOR('',#1501,1.);
#1501 = DIRECTION('',(1.,2.22044604925E-16,0.));
#1502 = PCURVE('',#799,#1503);
#1503 = DEFINITIONAL_REPRESENTATION('',(#1504),#1508);
#1504 = LINE('',#1505,#1506);
#1505 = CARTESIAN_POINT('',(2.E-02,0.));
#1506 = VECTOR('',#1507,1.);
#1507 = DIRECTION('',(0.,-1.));
#1508 = ( GEOMETRIC_REPRESENTATION_CONTEXT(2) 
PARAMETRIC_REPRESENTATION_CONTEXT() REPRESENTATION_CONTEXT('2D SPACE',''
  ) );
#1509 = PCURVE('',#1510,#1515);
#1510 = CYLINDRICAL_SURFACE('',#1511,2.E-02);
#1511 = AXIS2_PLACEMENT_3D('',#1512,#1513,#1514);
#1512 = CARTESIAN_POINT('',(-0.75,-0.98,2.E-02));
#1513 = DIRECTION('',(-1.,-2.22044604925E-16,0.));
#1514 = DIRECTION('',(-0.,0.,-1.));
#1515 = DEFINITIONAL_REPRESENTATION('',(#1516),#1520);
#1516 = LINE('',#1517,#1518);
#1517 = CARTESIAN_POINT('',(0.,-1.5));
#1518 = VECTOR('',#1519,1.);
#1519 = DIRECTION('',(0.,-1.));
#1520 = ( GEOMETRIC_REPRESENTATION_CONTEXT(2) 
PARAMETRIC_REPRESENTATION_CONTEXT() REPRESENTATION_CONTEXT('2D SPACE',''
  ) );
#1521 = ORIENTED_EDGE('',*,*,#1522,.F.);
#1522 = EDGE_CURVE('',#784,#1495,#1523,.T.);
#1523 = SURFACE_CURVE('',#1524,(#1528,#1535),.PCURVE_S1.);
#1524 = LINE('',#1525,#1526);
#1525 = CARTESIAN_POINT('',(-0.75,1.,-1.110223024625E-16));
#1526 = VECTOR('',#1527,1.);
#1527 = DIRECTION('',(1.678344963008E-16,-1.,0.));
#1528 = PCURVE('',#799,#1529);
#1529 = DEFINITIONAL_REPRESENTATION('',(#1530),#1534);
#1530 = LINE('',#1531,#1532);
#1531 = CARTESIAN_POINT('',(2.,1.5));
#1532 = VECTOR('',#1533,1.);
#1533 = DIRECTION('',(-1.,5.421010862428E-17));
#1534 = ( GEOMETRIC_REPRESENTATION_CONTEXT(2) 
PARAMETRIC_REPRESENTATION_CONTEXT() REPRESENTATION_CONTEXT('2D SPACE',''
  ) );
#1535 = PCURVE('',#1351,#1536);
#1536 = DEFINITIONAL_REPRESENTATION('',(#1537),#1541);
#1537 = LINE('',#1538,#1539);
#1538 = CARTESIAN_POINT('',(2.719314145774E-17,0.5));
#1539 = VECTOR('',#1540,1.);
#1540 = DIRECTION('',(1.,-1.085963915398E-16));
#1541 = ( GEOMETRIC_REPRESENTATION_CONTEXT(2) 
PARAMETRIC_REPRESENTATION_CONTEXT() REPRESENTATION_CONTEXT('2D SPACE',''
  ) );
#1542 = ORIENTED_EDGE('',*,*,#783,.F.);
#1543 = ADVANCED_FACE('',(#1544),#875,.T.);
#1544 = FACE_BOUND('',#1545,.T.);
#1545 = EDGE_LOOP('',(#1546,#1547,#1570,#1619));
#1546 = ORIENTED_EDGE('',*,*,#836,.F.);
#1547 = ORIENTED_EDGE('',*,*,#1548,.F.);
#1548 = EDGE_CURVE('',#1549,#837,#1551,.T.);
#1549 = VERTEX_POINT('',#1550);
#1550 = CARTESIAN_POINT('',(-1.25,-0.98,1.18));
#1551 = SURFACE_CURVE('',#1552,(#1556,#1563),.PCURVE_S1.);
#1552 = LINE('',#1553,#1554);
#1553 = CARTESIAN_POINT('',(-1.25,1.,1.18));
#1554 = VECTOR('',#1555,1.);
#1555 = DIRECTION('',(-2.764308878405E-16,1.,-5.464378949327E-17));
#1556 = PCURVE('',#875,#1557);
#1557 = DEFINITIONAL_REPRESENTATION('',(#1558),#1562);
#1558 = LINE('',#1559,#1560);
#1559 = CARTESIAN_POINT('',(1.570796326795,0.));
#1560 = VECTOR('',#1561,1.);
#1561 = DIRECTION('',(0.,1.));
#1562 = ( GEOMETRIC_REPRESENTATION_CONTEXT(2) 
PARAMETRIC_REPRESENTATION_CONTEXT() REPRESENTATION_CONTEXT('2D SPACE',''
  ) );
#1563 = PCURVE('',#1456,#1564);
#1564 = DEFINITIONAL_REPRESENTATION('',(#1565),#1569);
#1565 = LINE('',#1566,#1567);
#1566 = CARTESIAN_POINT('',(-1.18,6.447967160206E-17));
#1567 = VECTOR('',#1568,1.);
#1568 = DIRECTION('',(0.,-1.));
#1569 = ( GEOMETRIC_REPRESENTATION_CONTEXT(2) 
PARAMETRIC_REPRESENTATION_CONTEXT() REPRESENTATION_CONTEXT('2D SPACE',''
  ) );
#1570 = ORIENTED_EDGE('',*,*,#1571,.F.);
#1571 = EDGE_CURVE('',#914,#1549,#1572,.T.);
#1572 = SURFACE_CURVE('',#1573,(#1578,#1585),.PCURVE_S1.);
#1573 = CIRCLE('',#1574,2.E-02);
#1574 = AXIS2_PLACEMENT_3D('',#1575,#1576,#1577);
#1575 = CARTESIAN_POINT('',(-1.23,-0.98,1.18));
#1576 = DIRECTION('',(2.764308878405E-16,-1.,5.464378949327E-17));
#1577 = DIRECTION('',(-3.224987375203E-18,-5.464378949327E-17,-1.));
#1578 = PCURVE('',#875,#1579);
#1579 = DEFINITIONAL_REPRESENTATION('',(#1580),#1584);
#1580 = LINE('',#1581,#1582);
#1581 = CARTESIAN_POINT('',(6.28318530718,-1.98));
#1582 = VECTOR('',#1583,1.);
#1583 = DIRECTION('',(-1.,0.));
#1584 = ( GEOMETRIC_REPRESENTATION_CONTEXT(2) 
PARAMETRIC_REPRESENTATION_CONTEXT() REPRESENTATION_CONTEXT('2D SPACE',''
  ) );
#1585 = PCURVE('',#1586,#1591);
#1586 = SPHERICAL_SURFACE('',#1587,2.E-02);
#1587 = AXIS2_PLACEMENT_3D('',#1588,#1589,#1590);
#1588 = CARTESIAN_POINT('',(-1.23,-0.98,1.18));
#1589 = DIRECTION('',(3.224987375203E-18,5.464378949327E-17,1.));
#1590 = DIRECTION('',(2.764308878405E-16,-1.,5.464378949327E-17));
#1591 = DEFINITIONAL_REPRESENTATION('',(#1592),#1618);
#1592 = B_SPLINE_CURVE_WITH_KNOTS('',3,(#1593,#1594,#1595,#1596,#1597,
    #1598,#1599,#1600,#1601,#1602,#1603,#1604,#1605,#1606,#1607,#1608,
    #1609,#1610,#1611,#1612,#1613,#1614,#1615,#1616,#1617),
  .UNSPECIFIED.,.F.,.F.,(4,1,1,1,1,1,1,1,1,1,1,1,1,1,1,1,1,1,1,1,1,1,4),
  (3.14159265359,3.212992486626,3.284392319662,3.355792152698,
    3.427191985734,3.49859181877,3.569991651807,3.641391484843,
    3.712791317879,3.784191150915,3.855590983951,3.926990816987,
    3.998390650023,4.06979048306,4.141190316096,4.212590149132,
    4.283989982168,4.355389815204,4.42678964824,4.498189481276,
    4.569589314312,4.640989147349,4.712388980385),.UNSPECIFIED.);
#1593 = CARTESIAN_POINT('',(4.712388980385,1.570796326795));
#1594 = CARTESIAN_POINT('',(4.712388980385,1.54699638245));
#1595 = CARTESIAN_POINT('',(4.712388980385,1.499396493759));
#1596 = CARTESIAN_POINT('',(4.712388980385,1.427996660723));
#1597 = CARTESIAN_POINT('',(4.712388980385,1.356596827687));
#1598 = CARTESIAN_POINT('',(4.712388980385,1.28519699465));
#1599 = CARTESIAN_POINT('',(4.712388980385,1.213797161614));
#1600 = CARTESIAN_POINT('',(4.712388980385,1.142397328578));
#1601 = CARTESIAN_POINT('',(4.712388980385,1.070997495542));
#1602 = CARTESIAN_POINT('',(4.712388980385,0.999597662506));
#1603 = CARTESIAN_POINT('',(4.712388980385,0.92819782947));
#1604 = CARTESIAN_POINT('',(4.712388980385,0.856797996434));
#1605 = CARTESIAN_POINT('',(4.712388980385,0.785398163397));
#1606 = CARTESIAN_POINT('',(4.712388980385,0.713998330361));
#1607 = CARTESIAN_POINT('',(4.712388980385,0.642598497325));
#1608 = CARTESIAN_POINT('',(4.712388980385,0.571198664289));
#1609 = CARTESIAN_POINT('',(4.712388980385,0.499798831253));
#1610 = CARTESIAN_POINT('',(4.712388980385,0.428398998217));
#1611 = CARTESIAN_POINT('',(4.712388980385,0.356999165181));
#1612 = CARTESIAN_POINT('',(4.712388980385,0.285599332145));
#1613 = CARTESIAN_POINT('',(4.712388980385,0.214199499108));
#1614 = CARTESIAN_POINT('',(4.712388980385,0.142799666072));
#1615 = CARTESIAN_POINT('',(4.712388980385,7.139983303613E-02));
#1616 = CARTESIAN_POINT('',(4.712388980385,2.379994434538E-02));
#1617 = CARTESIAN_POINT('',(4.712388980385,0.));
#1618 = ( GEOMETRIC_REPRESENTATION_CONTEXT(2) 
PARAMETRIC_REPRESENTATION_CONTEXT() REPRESENTATION_CONTEXT('2D SPACE',''
  ) );
#1619 = ORIENTED_EDGE('',*,*,#913,.T.);
#1620 = ADVANCED_FACE('',(#1621),#950,.T.);
#1621 = FACE_BOUND('',#1622,.T.);
#1622 = EDGE_LOOP('',(#1623,#1624,#1625,#1649));
#1623 = ORIENTED_EDGE('',*,*,#967,.F.);
#1624 = ORIENTED_EDGE('',*,*,#936,.F.);
#1625 = ORIENTED_EDGE('',*,*,#1626,.F.);
#1626 = EDGE_CURVE('',#1627,#914,#1629,.T.);
#1627 = VERTEX_POINT('',#1628);
#1628 = CARTESIAN_POINT('',(-1.23,-1.,1.18));
#1629 = SURFACE_CURVE('',#1630,(#1635,#1642),.PCURVE_S1.);
#1630 = CIRCLE('',#1631,2.E-02);
#1631 = AXIS2_PLACEMENT_3D('',#1632,#1633,#1634);
#1632 = CARTESIAN_POINT('',(-1.23,-0.98,1.18));
#1633 = DIRECTION('',(-1.,-2.764308878405E-16,3.224987375203E-18));
#1634 = DIRECTION('',(-3.224987375203E-18,-5.464378949327E-17,-1.));
#1635 = PCURVE('',#950,#1636);
#1636 = DEFINITIONAL_REPRESENTATION('',(#1637),#1641);
#1637 = LINE('',#1638,#1639);
#1638 = CARTESIAN_POINT('',(3.14159265359,-2.E-02));
#1639 = VECTOR('',#1640,1.);
#1640 = DIRECTION('',(1.,0.));
#1641 = ( GEOMETRIC_REPRESENTATION_CONTEXT(2) 
PARAMETRIC_REPRESENTATION_CONTEXT() REPRESENTATION_CONTEXT('2D SPACE',''
  ) );
#1642 = PCURVE('',#1586,#1643);
#1643 = DEFINITIONAL_REPRESENTATION('',(#1644),#1648);
#1644 = LINE('',#1645,#1646);
#1645 = CARTESIAN_POINT('',(6.28318530718,-1.570796326795));
#1646 = VECTOR('',#1647,1.);
#1647 = DIRECTION('',(0.,1.));
#1648 = ( GEOMETRIC_REPRESENTATION_CONTEXT(2) 
PARAMETRIC_REPRESENTATION_CONTEXT() REPRESENTATION_CONTEXT('2D SPACE',''
  ) );
#1649 = ORIENTED_EDGE('',*,*,#1650,.T.);
#1650 = EDGE_CURVE('',#1627,#968,#1651,.T.);
#1651 = SURFACE_CURVE('',#1652,(#1656,#1663),.PCURVE_S1.);
#1652 = LINE('',#1653,#1654);
#1653 = CARTESIAN_POINT('',(-1.25,-1.,1.18));
#1654 = VECTOR('',#1655,1.);
#1655 = DIRECTION('',(1.,2.764308878405E-16,-3.224987375203E-18));
#1656 = PCURVE('',#950,#1657);
#1657 = DEFINITIONAL_REPRESENTATION('',(#1658),#1662);
#1658 = LINE('',#1659,#1660);
#1659 = CARTESIAN_POINT('',(4.712388980385,0.));
#1660 = VECTOR('',#1661,1.);
#1661 = DIRECTION('',(0.,-1.));
#1662 = ( GEOMETRIC_REPRESENTATION_CONTEXT(2) 
PARAMETRIC_REPRESENTATION_CONTEXT() REPRESENTATION_CONTEXT('2D SPACE',''
  ) );
#1663 = PCURVE('',#1664,#1669);
#1664 = PLANE('',#1665);
#1665 = AXIS2_PLACEMENT_3D('',#1666,#1667,#1668);
#1666 = CARTESIAN_POINT('',(-1.25,-1.,-1.110223024625E-16));
#1667 = DIRECTION('',(-2.764308878405E-16,1.,-5.464378949327E-17));
#1668 = DIRECTION('',(3.224987375203E-18,5.464378949327E-17,1.));
#1669 = DEFINITIONAL_REPRESENTATION('',(#1670),#1674);
#1670 = LINE('',#1671,#1672);
#1671 = CARTESIAN_POINT('',(1.18,-3.80548510274E-18));
#1672 = VECTOR('',#1673,1.);
#1673 = DIRECTION('',(3.08148791102E-33,1.));
#1674 = ( GEOMETRIC_REPRESENTATION_CONTEXT(2) 
PARAMETRIC_REPRESENTATION_CONTEXT() REPRESENTATION_CONTEXT('2D SPACE',''
  ) );
#1675 = ADVANCED_FACE('',(#1676),#1006,.F.);
#1676 = FACE_BOUND('',#1677,.T.);
#1677 = EDGE_LOOP('',(#1678,#1701,#1702,#1725));
#1678 = ORIENTED_EDGE('',*,*,#1679,.F.);
#1679 = EDGE_CURVE('',#991,#1680,#1682,.T.);
#1680 = VERTEX_POINT('',#1681);
#1681 = CARTESIAN_POINT('',(0.75,-1.,2.E-02));
#1682 = SURFACE_CURVE('',#1683,(#1687,#1694),.PCURVE_S1.);
#1683 = LINE('',#1684,#1685);
#1684 = CARTESIAN_POINT('',(0.75,-1.,1.2));
#1685 = VECTOR('',#1686,1.);
#1686 = DIRECTION('',(-0.,0.,-1.));
#1687 = PCURVE('',#1006,#1688);
#1688 = DEFINITIONAL_REPRESENTATION('',(#1689),#1693);
#1689 = LINE('',#1690,#1691);
#1690 = CARTESIAN_POINT('',(0.,-1.5));
#1691 = VECTOR('',#1692,1.);
#1692 = DIRECTION('',(1.,0.));
#1693 = ( GEOMETRIC_REPRESENTATION_CONTEXT(2) 
PARAMETRIC_REPRESENTATION_CONTEXT() REPRESENTATION_CONTEXT('2D SPACE',''
  ) );
#1694 = PCURVE('',#1187,#1695);
#1695 = DEFINITIONAL_REPRESENTATION('',(#1696),#1700);
#1696 = LINE('',#1697,#1698);
#1697 = CARTESIAN_POINT('',(0.,0.5));
#1698 = VECTOR('',#1699,1.);
#1699 = DIRECTION('',(1.,0.));
#1700 = ( GEOMETRIC_REPRESENTATION_CONTEXT(2) 
PARAMETRIC_REPRESENTATION_CONTEXT() REPRESENTATION_CONTEXT('2D SPACE',''
  ) );
#1701 = ORIENTED_EDGE('',*,*,#990,.F.);
#1702 = ORIENTED_EDGE('',*,*,#1703,.T.);
#1703 = EDGE_CURVE('',#968,#1704,#1706,.T.);
#1704 = VERTEX_POINT('',#1705);
#1705 = CARTESIAN_POINT('',(-0.75,-1.,2.E-02));
#1706 = SURFACE_CURVE('',#1707,(#1711,#1718),.PCURVE_S1.);
#1707 = LINE('',#1708,#1709);
#1708 = CARTESIAN_POINT('',(-0.75,-1.,1.2));
#1709 = VECTOR('',#1710,1.);
#1710 = DIRECTION('',(-0.,0.,-1.));
#1711 = PCURVE('',#1006,#1712);
#1712 = DEFINITIONAL_REPRESENTATION('',(#1713),#1717);
#1713 = LINE('',#1714,#1715);
#1714 = CARTESIAN_POINT('',(0.,0.));
#1715 = VECTOR('',#1716,1.);
#1716 = DIRECTION('',(1.,0.));
#1717 = ( GEOMETRIC_REPRESENTATION_CONTEXT(2) 
PARAMETRIC_REPRESENTATION_CONTEXT() REPRESENTATION_CONTEXT('2D SPACE',''
  ) );
#1718 = PCURVE('',#1664,#1719);
#1719 = DEFINITIONAL_REPRESENTATION('',(#1720),#1724);
#1720 = LINE('',#1721,#1722);
#1721 = CARTESIAN_POINT('',(1.2,0.5));
#1722 = VECTOR('',#1723,1.);
#1723 = DIRECTION('',(-1.,3.224987375203E-18));
#1724 = ( GEOMETRIC_REPRESENTATION_CONTEXT(2) 
PARAMETRIC_REPRESENTATION_CONTEXT() REPRESENTATION_CONTEXT('2D SPACE',''
  ) );
#1725 = ORIENTED_EDGE('',*,*,#1726,.T.);
#1726 = EDGE_CURVE('',#1704,#1680,#1727,.T.);
#1727 = SURFACE_CURVE('',#1728,(#1732,#1739),.PCURVE_S1.);
#1728 = LINE('',#1729,#1730);
#1729 = CARTESIAN_POINT('',(-0.75,-1.,2.E-02));
#1730 = VECTOR('',#1731,1.);
#1731 = DIRECTION('',(1.,2.22044604925E-16,0.));
#1732 = PCURVE('',#1006,#1733);
#1733 = DEFINITIONAL_REPRESENTATION('',(#1734),#1738);
#1734 = LINE('',#1735,#1736);
#1735 = CARTESIAN_POINT('',(1.18,0.));
#1736 = VECTOR('',#1737,1.);
#1737 = DIRECTION('',(0.,-1.));
#1738 = ( GEOMETRIC_REPRESENTATION_CONTEXT(2) 
PARAMETRIC_REPRESENTATION_CONTEXT() REPRESENTATION_CONTEXT('2D SPACE',''
  ) );
#1739 = PCURVE('',#1510,#1740);
#1740 = DEFINITIONAL_REPRESENTATION('',(#1741),#1745);
#1741 = LINE('',#1742,#1743);
#1742 = CARTESIAN_POINT('',(1.570796326795,0.));
#1743 = VECTOR('',#1744,1.);
#1744 = DIRECTION('',(0.,-1.));
#1745 = ( GEOMETRIC_REPRESENTATION_CONTEXT(2) 
PARAMETRIC_REPRESENTATION_CONTEXT() REPRESENTATION_CONTEXT('2D SPACE',''
  ) );
#1746 = ADVANCED_FACE('',(#1747),#1060,.T.);
#1747 = FACE_BOUND('',#1748,.T.);
#1748 = EDGE_LOOP('',(#1749,#1750,#1751));
#1749 = ORIENTED_EDGE('',*,*,#1043,.T.);
#1750 = ORIENTED_EDGE('',*,*,#1125,.T.);
#1751 = ORIENTED_EDGE('',*,*,#1752,.T.);
#1752 = EDGE_CURVE('',#1126,#1044,#1753,.T.);
#1753 = SURFACE_CURVE('',#1754,(#1759,#1766),.PCURVE_S1.);
#1754 = CIRCLE('',#1755,2.E-02);
#1755 = AXIS2_PLACEMENT_3D('',#1756,#1757,#1758);
#1756 = CARTESIAN_POINT('',(1.23,-0.98,1.18));
#1757 = DIRECTION('',(5.421010862428E-15,1.203706215242E-30,1.));
#1758 = DIRECTION('',(1.,2.22044604925E-16,-5.421010862428E-15));
#1759 = PCURVE('',#1060,#1760);
#1760 = DEFINITIONAL_REPRESENTATION('',(#1761),#1765);
#1761 = LINE('',#1762,#1763);
#1762 = CARTESIAN_POINT('',(-1.570796326795,1.665334536938E-14));
#1763 = VECTOR('',#1764,1.);
#1764 = DIRECTION('',(1.,-3.533949646071E-15));
#1765 = ( GEOMETRIC_REPRESENTATION_CONTEXT(2) 
PARAMETRIC_REPRESENTATION_CONTEXT() REPRESENTATION_CONTEXT('2D SPACE',''
  ) );
#1766 = PCURVE('',#1767,#1772);
#1767 = CYLINDRICAL_SURFACE('',#1768,2.E-02);
#1768 = AXIS2_PLACEMENT_3D('',#1769,#1770,#1771);
#1769 = CARTESIAN_POINT('',(1.23,-0.98,-1.110223024625E-16));
#1770 = DIRECTION('',(0.,0.,-1.));
#1771 = DIRECTION('',(-2.22044604925E-16,1.,0.));
#1772 = DEFINITIONAL_REPRESENTATION('',(#1773),#1777);
#1773 = LINE('',#1774,#1775);
#1774 = CARTESIAN_POINT('',(7.853981633974,-1.18));
#1775 = VECTOR('',#1776,1.);
#1776 = DIRECTION('',(-1.,1.413579858428E-16));
#1777 = ( GEOMETRIC_REPRESENTATION_CONTEXT(2) 
PARAMETRIC_REPRESENTATION_CONTEXT() REPRESENTATION_CONTEXT('2D SPACE',''
  ) );
#1778 = ADVANCED_FACE('',(#1779),#1108,.T.);
#1779 = FACE_BOUND('',#1780,.T.);
#1780 = EDGE_LOOP('',(#1781,#1804,#1830,#1831));
#1781 = ORIENTED_EDGE('',*,*,#1782,.T.);
#1782 = EDGE_CURVE('',#1044,#1783,#1785,.T.);
#1783 = VERTEX_POINT('',#1784);
#1784 = CARTESIAN_POINT('',(1.25,-0.98,2.E-02));
#1785 = SURFACE_CURVE('',#1786,(#1790,#1797),.PCURVE_S1.);
#1786 = LINE('',#1787,#1788);
#1787 = CARTESIAN_POINT('',(1.25,-0.98,-1.110223024625E-16));
#1788 = VECTOR('',#1789,1.);
#1789 = DIRECTION('',(-0.,0.,-1.));
#1790 = PCURVE('',#1108,#1791);
#1791 = DEFINITIONAL_REPRESENTATION('',(#1792),#1796);
#1792 = LINE('',#1793,#1794);
#1793 = CARTESIAN_POINT('',(0.,2.E-02));
#1794 = VECTOR('',#1795,1.);
#1795 = DIRECTION('',(1.,0.));
#1796 = ( GEOMETRIC_REPRESENTATION_CONTEXT(2) 
PARAMETRIC_REPRESENTATION_CONTEXT() REPRESENTATION_CONTEXT('2D SPACE',''
  ) );
#1797 = PCURVE('',#1767,#1798);
#1798 = DEFINITIONAL_REPRESENTATION('',(#1799),#1803);
#1799 = LINE('',#1800,#1801);
#1800 = CARTESIAN_POINT('',(1.570796326795,0.));
#1801 = VECTOR('',#1802,1.);
#1802 = DIRECTION('',(0.,1.));
#1803 = ( GEOMETRIC_REPRESENTATION_CONTEXT(2) 
PARAMETRIC_REPRESENTATION_CONTEXT() REPRESENTATION_CONTEXT('2D SPACE',''
  ) );
#1804 = ORIENTED_EDGE('',*,*,#1805,.T.);
#1805 = EDGE_CURVE('',#1783,#1204,#1806,.T.);
#1806 = SURFACE_CURVE('',#1807,(#1811,#1818),.PCURVE_S1.);
#1807 = LINE('',#1808,#1809);
#1808 = CARTESIAN_POINT('',(1.25,1.,2.E-02));
#1809 = VECTOR('',#1810,1.);
#1810 = DIRECTION('',(-2.22044604925E-16,1.,0.));
#1811 = PCURVE('',#1108,#1812);
#1812 = DEFINITIONAL_REPRESENTATION('',(#1813),#1817);
#1813 = LINE('',#1814,#1815);
#1814 = CARTESIAN_POINT('',(-2.E-02,2.));
#1815 = VECTOR('',#1816,1.);
#1816 = DIRECTION('',(0.,1.));
#1817 = ( GEOMETRIC_REPRESENTATION_CONTEXT(2) 
PARAMETRIC_REPRESENTATION_CONTEXT() REPRESENTATION_CONTEXT('2D SPACE',''
  ) );
#1818 = PCURVE('',#1819,#1824);
#1819 = CYLINDRICAL_SURFACE('',#1820,2.E-02);
#1820 = AXIS2_PLACEMENT_3D('',#1821,#1822,#1823);
#1821 = CARTESIAN_POINT('',(1.23,-1.,2.E-02));
#1822 = DIRECTION('',(-2.22044604925E-16,1.,0.));
#1823 = DIRECTION('',(0.,0.,1.));
#1824 = DEFINITIONAL_REPRESENTATION('',(#1825),#1829);
#1825 = LINE('',#1826,#1827);
#1826 = CARTESIAN_POINT('',(1.570796326795,2.));
#1827 = VECTOR('',#1828,1.);
#1828 = DIRECTION('',(0.,1.));
#1829 = ( GEOMETRIC_REPRESENTATION_CONTEXT(2) 
PARAMETRIC_REPRESENTATION_CONTEXT() REPRESENTATION_CONTEXT('2D SPACE',''
  ) );
#1830 = ORIENTED_EDGE('',*,*,#1203,.T.);
#1831 = ORIENTED_EDGE('',*,*,#1094,.T.);
#1832 = ADVANCED_FACE('',(#1833),#1187,.F.);
#1833 = FACE_BOUND('',#1834,.T.);
#1834 = EDGE_LOOP('',(#1835,#1836,#1864,#1885));
#1835 = ORIENTED_EDGE('',*,*,#1679,.T.);
#1836 = ORIENTED_EDGE('',*,*,#1837,.F.);
#1837 = EDGE_CURVE('',#1838,#1680,#1840,.T.);
#1838 = VERTEX_POINT('',#1839);
#1839 = CARTESIAN_POINT('',(1.23,-1.,2.E-02));
#1840 = SURFACE_CURVE('',#1841,(#1845,#1852),.PCURVE_S1.);
#1841 = LINE('',#1842,#1843);
#1842 = CARTESIAN_POINT('',(1.25,-1.,2.E-02));
#1843 = VECTOR('',#1844,1.);
#1844 = DIRECTION('',(-1.,-2.22044604925E-16,0.));
#1845 = PCURVE('',#1187,#1846);
#1846 = DEFINITIONAL_REPRESENTATION('',(#1847),#1851);
#1847 = LINE('',#1848,#1849);
#1848 = CARTESIAN_POINT('',(1.18,0.));
#1849 = VECTOR('',#1850,1.);
#1850 = DIRECTION('',(0.,1.));
#1851 = ( GEOMETRIC_REPRESENTATION_CONTEXT(2) 
PARAMETRIC_REPRESENTATION_CONTEXT() REPRESENTATION_CONTEXT('2D SPACE',''
  ) );
#1852 = PCURVE('',#1853,#1858);
#1853 = CYLINDRICAL_SURFACE('',#1854,2.E-02);
#1854 = AXIS2_PLACEMENT_3D('',#1855,#1856,#1857);
#1855 = CARTESIAN_POINT('',(1.25,-0.98,2.E-02));
#1856 = DIRECTION('',(1.,2.22044604925E-16,-0.));
#1857 = DIRECTION('',(0.,0.,1.));
#1858 = DEFINITIONAL_REPRESENTATION('',(#1859),#1863);
#1859 = LINE('',#1860,#1861);
#1860 = CARTESIAN_POINT('',(1.570796326795,0.));
#1861 = VECTOR('',#1862,1.);
#1862 = DIRECTION('',(0.,-1.));
#1863 = ( GEOMETRIC_REPRESENTATION_CONTEXT(2) 
PARAMETRIC_REPRESENTATION_CONTEXT() REPRESENTATION_CONTEXT('2D SPACE',''
  ) );
#1864 = ORIENTED_EDGE('',*,*,#1865,.F.);
#1865 = EDGE_CURVE('',#1126,#1838,#1866,.T.);
#1866 = SURFACE_CURVE('',#1867,(#1871,#1878),.PCURVE_S1.);
#1867 = LINE('',#1868,#1869);
#1868 = CARTESIAN_POINT('',(1.23,-1.,1.2));
#1869 = VECTOR('',#1870,1.);
#1870 = DIRECTION('',(-0.,0.,-1.));
#1871 = PCURVE('',#1187,#1872);
#1872 = DEFINITIONAL_REPRESENTATION('',(#1873),#1877);
#1873 = LINE('',#1874,#1875);
#1874 = CARTESIAN_POINT('',(0.,2.E-02));
#1875 = VECTOR('',#1876,1.);
#1876 = DIRECTION('',(1.,0.));
#1877 = ( GEOMETRIC_REPRESENTATION_CONTEXT(2) 
PARAMETRIC_REPRESENTATION_CONTEXT() REPRESENTATION_CONTEXT('2D SPACE',''
  ) );
#1878 = PCURVE('',#1767,#1879);
#1879 = DEFINITIONAL_REPRESENTATION('',(#1880),#1884);
#1880 = LINE('',#1881,#1882);
#1881 = CARTESIAN_POINT('',(3.14159265359,-1.2));
#1882 = VECTOR('',#1883,1.);
#1883 = DIRECTION('',(0.,1.));
#1884 = ( GEOMETRIC_REPRESENTATION_CONTEXT(2) 
PARAMETRIC_REPRESENTATION_CONTEXT() REPRESENTATION_CONTEXT('2D SPACE',''
  ) );
#1885 = ORIENTED_EDGE('',*,*,#1173,.T.);
#1886 = ADVANCED_FACE('',(#1887),#1241,.T.);
#1887 = FACE_BOUND('',#1888,.T.);
#1888 = EDGE_LOOP('',(#1889,#1890,#1934));
#1889 = ORIENTED_EDGE('',*,*,#1226,.T.);
#1890 = ORIENTED_EDGE('',*,*,#1891,.T.);
#1891 = EDGE_CURVE('',#1204,#1280,#1892,.T.);
#1892 = SURFACE_CURVE('',#1893,(#1898,#1927),.PCURVE_S1.);
#1893 = CIRCLE('',#1894,2.E-02);
#1894 = AXIS2_PLACEMENT_3D('',#1895,#1896,#1897);
#1895 = CARTESIAN_POINT('',(1.23,0.98,2.E-02));
#1896 = DIRECTION('',(-2.22044604925E-16,1.,0.));
#1897 = DIRECTION('',(-0.,0.,-1.));
#1898 = PCURVE('',#1241,#1899);
#1899 = DEFINITIONAL_REPRESENTATION('',(#1900),#1926);
#1900 = B_SPLINE_CURVE_WITH_KNOTS('',3,(#1901,#1902,#1903,#1904,#1905,
    #1906,#1907,#1908,#1909,#1910,#1911,#1912,#1913,#1914,#1915,#1916,
    #1917,#1918,#1919,#1920,#1921,#1922,#1923,#1924,#1925),
  .UNSPECIFIED.,.F.,.F.,(4,1,1,1,1,1,1,1,1,1,1,1,1,1,1,1,1,1,1,1,1,1,4),
  (4.712388980385,4.783788813421,4.855188646457,4.926588479493,
    4.997988312529,5.069388145565,5.140787978601,5.212187811638,
    5.283587644674,5.35498747771,5.426387310746,5.497787143782,
    5.569186976818,5.640586809854,5.711986642891,5.783386475927,
    5.854786308963,5.926186141999,5.997585975035,6.068985808071,
    6.140385641107,6.211785474143,6.28318530718),.UNSPECIFIED.);
#1901 = CARTESIAN_POINT('',(4.712388980385,0.));
#1902 = CARTESIAN_POINT('',(4.712388980385,-2.379994434538E-02));
#1903 = CARTESIAN_POINT('',(4.712388980385,-7.139983303613E-02));
#1904 = CARTESIAN_POINT('',(4.712388980385,-0.142799666072));
#1905 = CARTESIAN_POINT('',(4.712388980385,-0.214199499108));
#1906 = CARTESIAN_POINT('',(4.712388980385,-0.285599332145));
#1907 = CARTESIAN_POINT('',(4.712388980385,-0.356999165181));
#1908 = CARTESIAN_POINT('',(4.712388980385,-0.428398998217));
#1909 = CARTESIAN_POINT('',(4.712388980385,-0.499798831253));
#1910 = CARTESIAN_POINT('',(4.712388980385,-0.571198664289));
#1911 = CARTESIAN_POINT('',(4.712388980385,-0.642598497325));
#1912 = CARTESIAN_POINT('',(4.712388980385,-0.713998330361));
#1913 = CARTESIAN_POINT('',(4.712388980385,-0.785398163397));
#1914 = CARTESIAN_POINT('',(4.712388980385,-0.856797996434));
#1915 = CARTESIAN_POINT('',(4.712388980385,-0.92819782947));
#1916 = CARTESIAN_POINT('',(4.712388980385,-0.999597662506));
#1917 = CARTESIAN_POINT('',(4.712388980385,-1.070997495542));
#1918 = CARTESIAN_POINT('',(4.712388980385,-1.142397328578));
#1919 = CARTESIAN_POINT('',(4.712388980385,-1.213797161614));
#1920 = CARTESIAN_POINT('',(4.712388980385,-1.28519699465));
#1921 = CARTESIAN_POINT('',(4.712388980385,-1.356596827687));
#1922 = CARTESIAN_POINT('',(4.712388980385,-1.427996660723));
#1923 = CARTESIAN_POINT('',(4.712388980385,-1.499396493759));
#1924 = CARTESIAN_POINT('',(4.712388980385,-1.54699638245));
#1925 = CARTESIAN_POINT('',(4.712388980385,-1.570796326795));
#1926 = ( GEOMETRIC_REPRESENTATION_CONTEXT(2) 
PARAMETRIC_REPRESENTATION_CONTEXT() REPRESENTATION_CONTEXT('2D SPACE',''
  ) );
#1927 = PCURVE('',#1819,#1928);
#1928 = DEFINITIONAL_REPRESENTATION('',(#1929),#1933);
#1929 = LINE('',#1930,#1931);
#1930 = CARTESIAN_POINT('',(-3.14159265359,1.98));
#1931 = VECTOR('',#1932,1.);
#1932 = DIRECTION('',(1.,0.));
#1933 = ( GEOMETRIC_REPRESENTATION_CONTEXT(2) 
PARAMETRIC_REPRESENTATION_CONTEXT() REPRESENTATION_CONTEXT('2D SPACE',''
  ) );
#1934 = ORIENTED_EDGE('',*,*,#1279,.T.);
#1935 = ADVANCED_FACE('',(#1936),#1317,.F.);
#1936 = FACE_BOUND('',#1937,.T.);
#1937 = EDGE_LOOP('',(#1938,#1939,#1940,#1963));
#1938 = ORIENTED_EDGE('',*,*,#1471,.T.);
#1939 = ORIENTED_EDGE('',*,*,#1303,.F.);
#1940 = ORIENTED_EDGE('',*,*,#1941,.F.);
#1941 = EDGE_CURVE('',#1942,#1280,#1944,.T.);
#1942 = VERTEX_POINT('',#1943);
#1943 = CARTESIAN_POINT('',(1.23,-0.98,-1.110223024625E-16));
#1944 = SURFACE_CURVE('',#1945,(#1949,#1956),.PCURVE_S1.);
#1945 = LINE('',#1946,#1947);
#1946 = CARTESIAN_POINT('',(1.23,-1.,-1.110223024625E-16));
#1947 = VECTOR('',#1948,1.);
#1948 = DIRECTION('',(-2.22044604925E-16,1.,0.));
#1949 = PCURVE('',#1317,#1950);
#1950 = DEFINITIONAL_REPRESENTATION('',(#1951),#1955);
#1951 = LINE('',#1952,#1953);
#1952 = CARTESIAN_POINT('',(0.,2.E-02));
#1953 = VECTOR('',#1954,1.);
#1954 = DIRECTION('',(1.,0.));
#1955 = ( GEOMETRIC_REPRESENTATION_CONTEXT(2) 
PARAMETRIC_REPRESENTATION_CONTEXT() REPRESENTATION_CONTEXT('2D SPACE',''
  ) );
#1956 = PCURVE('',#1819,#1957);
#1957 = DEFINITIONAL_REPRESENTATION('',(#1958),#1962);
#1958 = LINE('',#1959,#1960);
#1959 = CARTESIAN_POINT('',(3.14159265359,0.));
#1960 = VECTOR('',#1961,1.);
#1961 = DIRECTION('',(0.,1.));
#1962 = ( GEOMETRIC_REPRESENTATION_CONTEXT(2) 
PARAMETRIC_REPRESENTATION_CONTEXT() REPRESENTATION_CONTEXT('2D SPACE',''
  ) );
#1963 = ORIENTED_EDGE('',*,*,#1964,.T.);
#1964 = EDGE_CURVE('',#1942,#1472,#1965,.T.);
#1965 = SURFACE_CURVE('',#1966,(#1970,#1977),.PCURVE_S1.);
#1966 = LINE('',#1967,#1968);
#1967 = CARTESIAN_POINT('',(1.25,-0.98,-1.110223024625E-16));
#1968 = VECTOR('',#1969,1.);
#1969 = DIRECTION('',(-1.,-2.22044604925E-16,0.));
#1970 = PCURVE('',#1317,#1971);
#1971 = DEFINITIONAL_REPRESENTATION('',(#1972),#1976);
#1972 = LINE('',#1973,#1974);
#1973 = CARTESIAN_POINT('',(2.E-02,0.));
#1974 = VECTOR('',#1975,1.);
#1975 = DIRECTION('',(0.,1.));
#1976 = ( GEOMETRIC_REPRESENTATION_CONTEXT(2) 
PARAMETRIC_REPRESENTATION_CONTEXT() REPRESENTATION_CONTEXT('2D SPACE',''
  ) );
#1977 = PCURVE('',#1853,#1978);
#1978 = DEFINITIONAL_REPRESENTATION('',(#1979),#1983);
#1979 = LINE('',#1980,#1981);
#1980 = CARTESIAN_POINT('',(3.14159265359,0.));
#1981 = VECTOR('',#1982,1.);
#1982 = DIRECTION('',(0.,-1.));
#1983 = ( GEOMETRIC_REPRESENTATION_CONTEXT(2) 
PARAMETRIC_REPRESENTATION_CONTEXT() REPRESENTATION_CONTEXT('2D SPACE',''
  ) );
#1984 = ADVANCED_FACE('',(#1985),#1351,.F.);
#1985 = FACE_BOUND('',#1986,.T.);
#1986 = EDGE_LOOP('',(#1987,#1988,#2016,#2042));
#1987 = ORIENTED_EDGE('',*,*,#1522,.T.);
#1988 = ORIENTED_EDGE('',*,*,#1989,.F.);
#1989 = EDGE_CURVE('',#1990,#1495,#1992,.T.);
#1990 = VERTEX_POINT('',#1991);
#1991 = CARTESIAN_POINT('',(-1.23,-0.98,-1.110223024625E-16));
#1992 = SURFACE_CURVE('',#1993,(#1997,#2004),.PCURVE_S1.);
#1993 = LINE('',#1994,#1995);
#1994 = CARTESIAN_POINT('',(-1.25,-0.98,-1.110223024625E-16));
#1995 = VECTOR('',#1996,1.);
#1996 = DIRECTION('',(1.,2.764308878405E-16,-3.224987375203E-18));
#1997 = PCURVE('',#1351,#1998);
#1998 = DEFINITIONAL_REPRESENTATION('',(#1999),#2003);
#1999 = LINE('',#2000,#2001);
#2000 = CARTESIAN_POINT('',(1.98,-1.076848401726E-16));
#2001 = VECTOR('',#2002,1.);
#2002 = DIRECTION('',(-1.76225531249E-34,1.));
#2003 = ( GEOMETRIC_REPRESENTATION_CONTEXT(2) 
PARAMETRIC_REPRESENTATION_CONTEXT() REPRESENTATION_CONTEXT('2D SPACE',''
  ) );
#2004 = PCURVE('',#2005,#2010);
#2005 = CYLINDRICAL_SURFACE('',#2006,2.E-02);
#2006 = AXIS2_PLACEMENT_3D('',#2007,#2008,#2009);
#2007 = CARTESIAN_POINT('',(-1.25,-0.98,2.E-02));
#2008 = DIRECTION('',(-1.,-2.764308878405E-16,3.224987375203E-18));
#2009 = DIRECTION('',(3.224987375203E-18,5.464378949327E-17,1.));
#2010 = DEFINITIONAL_REPRESENTATION('',(#2011),#2015);
#2011 = LINE('',#2012,#2013);
#2012 = CARTESIAN_POINT('',(3.14159265359,0.));
#2013 = VECTOR('',#2014,1.);
#2014 = DIRECTION('',(0.,-1.));
#2015 = ( GEOMETRIC_REPRESENTATION_CONTEXT(2) 
PARAMETRIC_REPRESENTATION_CONTEXT() REPRESENTATION_CONTEXT('2D SPACE',''
  ) );
#2016 = ORIENTED_EDGE('',*,*,#2017,.F.);
#2017 = EDGE_CURVE('',#1336,#1990,#2018,.T.);
#2018 = SURFACE_CURVE('',#2019,(#2023,#2030),.PCURVE_S1.);
#2019 = LINE('',#2020,#2021);
#2020 = CARTESIAN_POINT('',(-1.23,1.,-1.110223024625E-16));
#2021 = VECTOR('',#2022,1.);
#2022 = DIRECTION('',(2.764308878405E-16,-1.,5.464378949327E-17));
#2023 = PCURVE('',#1351,#2024);
#2024 = DEFINITIONAL_REPRESENTATION('',(#2025),#2029);
#2025 = LINE('',#2026,#2027);
#2026 = CARTESIAN_POINT('',(1.087725658309E-18,2.E-02));
#2027 = VECTOR('',#2028,1.);
#2028 = DIRECTION('',(1.,-1.76225531249E-34));
#2029 = ( GEOMETRIC_REPRESENTATION_CONTEXT(2) 
PARAMETRIC_REPRESENTATION_CONTEXT() REPRESENTATION_CONTEXT('2D SPACE',''
  ) );
#2030 = PCURVE('',#2031,#2036);
#2031 = CYLINDRICAL_SURFACE('',#2032,2.E-02);
#2032 = AXIS2_PLACEMENT_3D('',#2033,#2034,#2035);
#2033 = CARTESIAN_POINT('',(-1.23,1.,2.E-02));
#2034 = DIRECTION('',(2.764308878405E-16,-1.,5.464378949327E-17));
#2035 = DIRECTION('',(3.224987375203E-18,5.464378949327E-17,1.));
#2036 = DEFINITIONAL_REPRESENTATION('',(#2037),#2041);
#2037 = LINE('',#2038,#2039);
#2038 = CARTESIAN_POINT('',(3.14159265359,0.));
#2039 = VECTOR('',#2040,1.);
#2040 = DIRECTION('',(0.,1.));
#2041 = ( GEOMETRIC_REPRESENTATION_CONTEXT(2) 
PARAMETRIC_REPRESENTATION_CONTEXT() REPRESENTATION_CONTEXT('2D SPACE',''
  ) );
#2042 = ORIENTED_EDGE('',*,*,#1335,.T.);
#2043 = ADVANCED_FACE('',(#2044),#1378,.T.);
#2044 = FACE_BOUND('',#2045,.T.);
#2045 = EDGE_LOOP('',(#2046,#2047,#2048));
#2046 = ORIENTED_EDGE('',*,*,#1418,.T.);
#2047 = ORIENTED_EDGE('',*,*,#1363,.T.);
#2048 = ORIENTED_EDGE('',*,*,#2049,.T.);
#2049 = EDGE_CURVE('',#1336,#1419,#2050,.T.);
#2050 = SURFACE_CURVE('',#2051,(#2056,#2085),.PCURVE_S1.);
#2051 = CIRCLE('',#2052,2.E-02);
#2052 = AXIS2_PLACEMENT_3D('',#2053,#2054,#2055);
#2053 = CARTESIAN_POINT('',(-1.23,0.98,2.E-02));
#2054 = DIRECTION('',(-2.764308878405E-16,1.,-5.464378949327E-17));
#2055 = DIRECTION('',(3.224987375203E-18,5.464378949327E-17,1.));
#2056 = PCURVE('',#1378,#2057);
#2057 = DEFINITIONAL_REPRESENTATION('',(#2058),#2084);
#2058 = B_SPLINE_CURVE_WITH_KNOTS('',3,(#2059,#2060,#2061,#2062,#2063,
    #2064,#2065,#2066,#2067,#2068,#2069,#2070,#2071,#2072,#2073,#2074,
    #2075,#2076,#2077,#2078,#2079,#2080,#2081,#2082,#2083),
  .UNSPECIFIED.,.F.,.F.,(4,1,1,1,1,1,1,1,1,1,1,1,1,1,1,1,1,1,1,1,1,1,4),
  (3.14159265359,3.212992486626,3.284392319662,3.355792152698,
    3.427191985734,3.49859181877,3.569991651807,3.641391484843,
    3.712791317879,3.784191150915,3.855590983951,3.926990816987,
    3.998390650023,4.06979048306,4.141190316096,4.212590149132,
    4.283989982168,4.355389815204,4.42678964824,4.498189481276,
    4.569589314312,4.640989147349,4.712388980385),.UNSPECIFIED.);
#2059 = CARTESIAN_POINT('',(4.712388980385,-1.570796326795));
#2060 = CARTESIAN_POINT('',(4.712388980385,-1.54699638245));
#2061 = CARTESIAN_POINT('',(4.712388980385,-1.499396493759));
#2062 = CARTESIAN_POINT('',(4.712388980385,-1.427996660723));
#2063 = CARTESIAN_POINT('',(4.712388980385,-1.356596827687));
#2064 = CARTESIAN_POINT('',(4.712388980385,-1.28519699465));
#2065 = CARTESIAN_POINT('',(4.712388980385,-1.213797161614));
#2066 = CARTESIAN_POINT('',(4.712388980385,-1.142397328578));
#2067 = CARTESIAN_POINT('',(4.712388980385,-1.070997495542));
#2068 = CARTESIAN_POINT('',(4.712388980385,-0.999597662506));
#2069 = CARTESIAN_POINT('',(4.712388980385,-0.92819782947));
#2070 = CARTESIAN_POINT('',(4.712388980385,-0.856797996434));
#2071 = CARTESIAN_POINT('',(4.712388980385,-0.785398163397));
#2072 = CARTESIAN_POINT('',(4.712388980385,-0.713998330361));
#2073 = CARTESIAN_POINT('',(4.712388980385,-0.642598497325));
#2074 = CARTESIAN_POINT('',(4.712388980385,-0.571198664289));
#2075 = CARTESIAN_POINT('',(4.712388980385,-0.499798831253));
#2076 = CARTESIAN_POINT('',(4.712388980385,-0.428398998217));
#2077 = CARTESIAN_POINT('',(4.712388980385,-0.356999165181));
#2078 = CARTESIAN_POINT('',(4.712388980385,-0.285599332145));
#2079 = CARTESIAN_POINT('',(4.712388980385,-0.214199499108));
#2080 = CARTESIAN_POINT('',(4.712388980385,-0.142799666072));
#2081 = CARTESIAN_POINT('',(4.712388980385,-7.139983303613E-02));
#2082 = CARTESIAN_POINT('',(4.712388980385,-2.379994434538E-02));
#2083 = CARTESIAN_POINT('',(4.712388980385,0.));
#2084 = ( GEOMETRIC_REPRESENTATION_CONTEXT(2) 
PARAMETRIC_REPRESENTATION_CONTEXT() REPRESENTATION_CONTEXT('2D SPACE',''
  ) );
#2085 = PCURVE('',#2031,#2086);
#2086 = DEFINITIONAL_REPRESENTATION('',(#2087),#2091);
#2087 = LINE('',#2088,#2089);
#2088 = CARTESIAN_POINT('',(6.28318530718,2.E-02));
#2089 = VECTOR('',#2090,1.);
#2090 = DIRECTION('',(-1.,0.));
#2091 = ( GEOMETRIC_REPRESENTATION_CONTEXT(2) 
PARAMETRIC_REPRESENTATION_CONTEXT() REPRESENTATION_CONTEXT('2D SPACE',''
  ) );
#2092 = ADVANCED_FACE('',(#2093),#1456,.T.);
#2093 = FACE_BOUND('',#2094,.T.);
#2094 = EDGE_LOOP('',(#2095,#2096,#2119,#2145));
#2095 = ORIENTED_EDGE('',*,*,#1442,.T.);
#2096 = ORIENTED_EDGE('',*,*,#2097,.T.);
#2097 = EDGE_CURVE('',#1419,#2098,#2100,.T.);
#2098 = VERTEX_POINT('',#2099);
#2099 = CARTESIAN_POINT('',(-1.25,-0.98,2.E-02));
#2100 = SURFACE_CURVE('',#2101,(#2105,#2112),.PCURVE_S1.);
#2101 = LINE('',#2102,#2103);
#2102 = CARTESIAN_POINT('',(-1.25,-1.,2.E-02));
#2103 = VECTOR('',#2104,1.);
#2104 = DIRECTION('',(2.764308878405E-16,-1.,5.464378949327E-17));
#2105 = PCURVE('',#1456,#2106);
#2106 = DEFINITIONAL_REPRESENTATION('',(#2107),#2111);
#2107 = LINE('',#2108,#2109);
#2108 = CARTESIAN_POINT('',(-2.E-02,2.));
#2109 = VECTOR('',#2110,1.);
#2110 = DIRECTION('',(0.,1.));
#2111 = ( GEOMETRIC_REPRESENTATION_CONTEXT(2) 
PARAMETRIC_REPRESENTATION_CONTEXT() REPRESENTATION_CONTEXT('2D SPACE',''
  ) );
#2112 = PCURVE('',#2031,#2113);
#2113 = DEFINITIONAL_REPRESENTATION('',(#2114),#2118);
#2114 = LINE('',#2115,#2116);
#2115 = CARTESIAN_POINT('',(1.570796326795,2.));
#2116 = VECTOR('',#2117,1.);
#2117 = DIRECTION('',(0.,1.));
#2118 = ( GEOMETRIC_REPRESENTATION_CONTEXT(2) 
PARAMETRIC_REPRESENTATION_CONTEXT() REPRESENTATION_CONTEXT('2D SPACE',''
  ) );
#2119 = ORIENTED_EDGE('',*,*,#2120,.T.);
#2120 = EDGE_CURVE('',#2098,#1549,#2121,.T.);
#2121 = SURFACE_CURVE('',#2122,(#2126,#2133),.PCURVE_S1.);
#2122 = LINE('',#2123,#2124);
#2123 = CARTESIAN_POINT('',(-1.25,-0.98,1.2));
#2124 = VECTOR('',#2125,1.);
#2125 = DIRECTION('',(3.224987375203E-18,5.464378949327E-17,1.));
#2126 = PCURVE('',#1456,#2127);
#2127 = DEFINITIONAL_REPRESENTATION('',(#2128),#2132);
#2128 = LINE('',#2129,#2130);
#2129 = CARTESIAN_POINT('',(-1.2,1.98));
#2130 = VECTOR('',#2131,1.);
#2131 = DIRECTION('',(-1.,0.));
#2132 = ( GEOMETRIC_REPRESENTATION_CONTEXT(2) 
PARAMETRIC_REPRESENTATION_CONTEXT() REPRESENTATION_CONTEXT('2D SPACE',''
  ) );
#2133 = PCURVE('',#2134,#2139);
#2134 = CYLINDRICAL_SURFACE('',#2135,2.E-02);
#2135 = AXIS2_PLACEMENT_3D('',#2136,#2137,#2138);
#2136 = CARTESIAN_POINT('',(-1.23,-0.98,-1.110223024625E-16));
#2137 = DIRECTION('',(3.224987375203E-18,5.464378949327E-17,1.));
#2138 = DIRECTION('',(-2.764308878405E-16,1.,-5.464378949327E-17));
#2139 = DEFINITIONAL_REPRESENTATION('',(#2140),#2144);
#2140 = LINE('',#2141,#2142);
#2141 = CARTESIAN_POINT('',(1.570796326795,1.2));
#2142 = VECTOR('',#2143,1.);
#2143 = DIRECTION('',(0.,1.));
#2144 = ( GEOMETRIC_REPRESENTATION_CONTEXT(2) 
PARAMETRIC_REPRESENTATION_CONTEXT() REPRESENTATION_CONTEXT('2D SPACE',''
  ) );
#2145 = ORIENTED_EDGE('',*,*,#1548,.T.);
#2146 = ADVANCED_FACE('',(#2147),#1510,.T.);
#2147 = FACE_BOUND('',#2148,.T.);
#2148 = EDGE_LOOP('',(#2149,#2170,#2171,#2192));
#2149 = ORIENTED_EDGE('',*,*,#2150,.T.);
#2150 = EDGE_CURVE('',#1704,#1495,#2151,.T.);
#2151 = SURFACE_CURVE('',#2152,(#2157,#2164),.PCURVE_S1.);
#2152 = CIRCLE('',#2153,2.E-02);
#2153 = AXIS2_PLACEMENT_3D('',#2154,#2155,#2156);
#2154 = CARTESIAN_POINT('',(-0.75,-0.98,2.E-02));
#2155 = DIRECTION('',(1.,1.678344963008E-16,-0.));
#2156 = DIRECTION('',(-1.678344963008E-16,1.,0.));
#2157 = PCURVE('',#1510,#2158);
#2158 = DEFINITIONAL_REPRESENTATION('',(#2159),#2163);
#2159 = LINE('',#2160,#2161);
#2160 = CARTESIAN_POINT('',(4.712388980385,0.));
#2161 = VECTOR('',#2162,1.);
#2162 = DIRECTION('',(-1.,0.));
#2163 = ( GEOMETRIC_REPRESENTATION_CONTEXT(2) 
PARAMETRIC_REPRESENTATION_CONTEXT() REPRESENTATION_CONTEXT('2D SPACE',''
  ) );
#2164 = PCURVE('',#2005,#2165);
#2165 = DEFINITIONAL_REPRESENTATION('',(#2166),#2169);
#2166 = B_SPLINE_CURVE_WITH_KNOTS('',1,(#2167,#2168),.UNSPECIFIED.,.F.,
  .F.,(2,2),(3.14159265359,4.712388980385),.PIECEWISE_BEZIER_KNOTS.);
#2167 = CARTESIAN_POINT('',(4.712388980385,-0.5));
#2168 = CARTESIAN_POINT('',(3.14159265359,-0.5));
#2169 = ( GEOMETRIC_REPRESENTATION_CONTEXT(2) 
PARAMETRIC_REPRESENTATION_CONTEXT() REPRESENTATION_CONTEXT('2D SPACE',''
  ) );
#2170 = ORIENTED_EDGE('',*,*,#1494,.T.);
#2171 = ORIENTED_EDGE('',*,*,#2172,.T.);
#2172 = EDGE_CURVE('',#1472,#1680,#2173,.T.);
#2173 = SURFACE_CURVE('',#2174,(#2179,#2186),.PCURVE_S1.);
#2174 = CIRCLE('',#2175,2.E-02);
#2175 = AXIS2_PLACEMENT_3D('',#2176,#2177,#2178);
#2176 = CARTESIAN_POINT('',(0.75,-0.98,2.E-02));
#2177 = DIRECTION('',(-1.,-2.762547135493E-16,0.));
#2178 = DIRECTION('',(2.762547135493E-16,-1.,0.));
#2179 = PCURVE('',#1510,#2180);
#2180 = DEFINITIONAL_REPRESENTATION('',(#2181),#2185);
#2181 = LINE('',#2182,#2183);
#2182 = CARTESIAN_POINT('',(-4.712388980385,-1.5));
#2183 = VECTOR('',#2184,1.);
#2184 = DIRECTION('',(1.,0.));
#2185 = ( GEOMETRIC_REPRESENTATION_CONTEXT(2) 
PARAMETRIC_REPRESENTATION_CONTEXT() REPRESENTATION_CONTEXT('2D SPACE',''
  ) );
#2186 = PCURVE('',#1853,#2187);
#2187 = DEFINITIONAL_REPRESENTATION('',(#2188),#2191);
#2188 = B_SPLINE_CURVE_WITH_KNOTS('',1,(#2189,#2190),.UNSPECIFIED.,.F.,
  .F.,(2,2),(4.712388980385,6.28318530718),.PIECEWISE_BEZIER_KNOTS.);
#2189 = CARTESIAN_POINT('',(3.14159265359,-0.5));
#2190 = CARTESIAN_POINT('',(1.570796326795,-0.5));
#2191 = ( GEOMETRIC_REPRESENTATION_CONTEXT(2) 
PARAMETRIC_REPRESENTATION_CONTEXT() REPRESENTATION_CONTEXT('2D SPACE',''
  ) );
#2192 = ORIENTED_EDGE('',*,*,#1726,.F.);
#2193 = ADVANCED_FACE('',(#2194),#1586,.T.);
#2194 = FACE_BOUND('',#2195,.T.);
#2195 = EDGE_LOOP('',(#2196,#2197,#2198));
#2196 = ORIENTED_EDGE('',*,*,#1626,.T.);
#2197 = ORIENTED_EDGE('',*,*,#1571,.T.);
#2198 = ORIENTED_EDGE('',*,*,#2199,.T.);
#2199 = EDGE_CURVE('',#1549,#1627,#2200,.T.);
#2200 = SURFACE_CURVE('',#2201,(#2206,#2235),.PCURVE_S1.);
#2201 = CIRCLE('',#2202,2.E-02);
#2202 = AXIS2_PLACEMENT_3D('',#2203,#2204,#2205);
#2203 = CARTESIAN_POINT('',(-1.23,-0.98,1.18));
#2204 = DIRECTION('',(3.224987375202E-18,5.475654651921E-15,1.));
#2205 = DIRECTION('',(2.764308878405E-16,-1.,5.475654651921E-15));
#2206 = PCURVE('',#1586,#2207);
#2207 = DEFINITIONAL_REPRESENTATION('',(#2208),#2234);
#2208 = B_SPLINE_CURVE_WITH_KNOTS('',3,(#2209,#2210,#2211,#2212,#2213,
    #2214,#2215,#2216,#2217,#2218,#2219,#2220,#2221,#2222,#2223,#2224,
    #2225,#2226,#2227,#2228,#2229,#2230,#2231,#2232,#2233),
  .UNSPECIFIED.,.F.,.F.,(4,1,1,1,1,1,1,1,1,1,1,1,1,1,1,1,1,1,1,1,1,1,4),
  (4.712388980385,4.783788813421,4.855188646457,4.926588479493,
    4.997988312529,5.069388145565,5.140787978601,5.212187811638,
    5.283587644674,5.35498747771,5.426387310746,5.497787143782,
    5.569186976818,5.640586809854,5.711986642891,5.783386475927,
    5.854786308963,5.926186141999,5.997585975035,6.068985808071,
    6.140385641107,6.211785474143,6.28318530718),.UNSPECIFIED.);
#2209 = CARTESIAN_POINT('',(4.712388980385,0.));
#2210 = CARTESIAN_POINT('',(4.73618892473,0.));
#2211 = CARTESIAN_POINT('',(4.783788813421,-8.059695255785E-19));
#2212 = CARTESIAN_POINT('',(4.855188646457,2.820893339525E-18));
#2213 = CARTESIAN_POINT('',(4.926588479493,-1.047760383252E-17));
#2214 = CARTESIAN_POINT('',(4.997988312529,3.908952199056E-17));
#2215 = CARTESIAN_POINT('',(5.069388145565,-1.458804841297E-16));
#2216 = CARTESIAN_POINT('',(5.140787978601,5.444324145283E-16));
#2217 = CARTESIAN_POINT('',(5.212187811638,-2.031849173983E-15));
#2218 = CARTESIAN_POINT('',(5.283587644674,7.582964281405E-15));
#2219 = CARTESIAN_POINT('',(5.35498747771,5.006682787118E-15));
#2220 = CARTESIAN_POINT('',(5.426387310746,5.696995308877E-15));
#2221 = CARTESIAN_POINT('',(5.497787143782,5.512026716127E-15));
#2222 = CARTESIAN_POINT('',(5.569186976818,5.561588565368E-15));
#2223 = CARTESIAN_POINT('',(5.640586809854,5.548309761155E-15));
#2224 = CARTESIAN_POINT('',(5.711986642891,5.551863128767E-15));
#2225 = CARTESIAN_POINT('',(5.783386475927,5.550928462531E-15));
#2226 = CARTESIAN_POINT('',(5.854786308963,5.551113759862E-15));
#2227 = CARTESIAN_POINT('',(5.926186141999,5.551307236775E-15));
#2228 = CARTESIAN_POINT('',(5.997585975035,5.550348031791E-15));
#2229 = CARTESIAN_POINT('',(6.068985808071,5.553991374814E-15));
#2230 = CARTESIAN_POINT('',(6.140385641107,5.540377207707E-15));
#2231 = CARTESIAN_POINT('',(6.211785474143,5.591190533114E-15));
#2232 = CARTESIAN_POINT('',(6.259385362834,5.464764443433E-15));
#2233 = CARTESIAN_POINT('',(6.28318530718,5.329070518201E-15));
#2234 = ( GEOMETRIC_REPRESENTATION_CONTEXT(2) 
PARAMETRIC_REPRESENTATION_CONTEXT() REPRESENTATION_CONTEXT('2D SPACE',''
  ) );
#2235 = PCURVE('',#2134,#2236);
#2236 = DEFINITIONAL_REPRESENTATION('',(#2237),#2241);
#2237 = LINE('',#2238,#2239);
#2238 = CARTESIAN_POINT('',(-3.14159265359,1.18));
#2239 = VECTOR('',#2240,1.);
#2240 = DIRECTION('',(1.,1.413579858428E-16));
#2241 = ( GEOMETRIC_REPRESENTATION_CONTEXT(2) 
PARAMETRIC_REPRESENTATION_CONTEXT() REPRESENTATION_CONTEXT('2D SPACE',''
  ) );
#2242 = ADVANCED_FACE('',(#2243),#1664,.F.);
#2243 = FACE_BOUND('',#2244,.T.);
#2244 = EDGE_LOOP('',(#2245,#2268,#2289,#2290));
#2245 = ORIENTED_EDGE('',*,*,#2246,.F.);
#2246 = EDGE_CURVE('',#2247,#1627,#2249,.T.);
#2247 = VERTEX_POINT('',#2248);
#2248 = CARTESIAN_POINT('',(-1.23,-1.,2.E-02));
#2249 = SURFACE_CURVE('',#2250,(#2254,#2261),.PCURVE_S1.);
#2250 = LINE('',#2251,#2252);
#2251 = CARTESIAN_POINT('',(-1.23,-1.,-1.110223024625E-16));
#2252 = VECTOR('',#2253,1.);
#2253 = DIRECTION('',(3.224987375203E-18,5.464378949327E-17,1.));
#2254 = PCURVE('',#1664,#2255);
#2255 = DEFINITIONAL_REPRESENTATION('',(#2256),#2260);
#2256 = LINE('',#2257,#2258);
#2257 = CARTESIAN_POINT('',(6.449974750406E-20,2.E-02));
#2258 = VECTOR('',#2259,1.);
#2259 = DIRECTION('',(1.,0.));
#2260 = ( GEOMETRIC_REPRESENTATION_CONTEXT(2) 
PARAMETRIC_REPRESENTATION_CONTEXT() REPRESENTATION_CONTEXT('2D SPACE',''
  ) );
#2261 = PCURVE('',#2134,#2262);
#2262 = DEFINITIONAL_REPRESENTATION('',(#2263),#2267);
#2263 = LINE('',#2264,#2265);
#2264 = CARTESIAN_POINT('',(3.14159265359,0.));
#2265 = VECTOR('',#2266,1.);
#2266 = DIRECTION('',(0.,1.));
#2267 = ( GEOMETRIC_REPRESENTATION_CONTEXT(2) 
PARAMETRIC_REPRESENTATION_CONTEXT() REPRESENTATION_CONTEXT('2D SPACE',''
  ) );
#2268 = ORIENTED_EDGE('',*,*,#2269,.T.);
#2269 = EDGE_CURVE('',#2247,#1704,#2270,.T.);
#2270 = SURFACE_CURVE('',#2271,(#2275,#2282),.PCURVE_S1.);
#2271 = LINE('',#2272,#2273);
#2272 = CARTESIAN_POINT('',(-1.25,-1.,2.E-02));
#2273 = VECTOR('',#2274,1.);
#2274 = DIRECTION('',(1.,2.764308878405E-16,-3.224987375203E-18));
#2275 = PCURVE('',#1664,#2276);
#2276 = DEFINITIONAL_REPRESENTATION('',(#2277),#2281);
#2277 = LINE('',#2278,#2279);
#2278 = CARTESIAN_POINT('',(2.E-02,-6.449974750406E-20));
#2279 = VECTOR('',#2280,1.);
#2280 = DIRECTION('',(3.08148791102E-33,1.));
#2281 = ( GEOMETRIC_REPRESENTATION_CONTEXT(2) 
PARAMETRIC_REPRESENTATION_CONTEXT() REPRESENTATION_CONTEXT('2D SPACE',''
  ) );
#2282 = PCURVE('',#2005,#2283);
#2283 = DEFINITIONAL_REPRESENTATION('',(#2284),#2288);
#2284 = LINE('',#2285,#2286);
#2285 = CARTESIAN_POINT('',(4.712388980385,0.));
#2286 = VECTOR('',#2287,1.);
#2287 = DIRECTION('',(0.,-1.));
#2288 = ( GEOMETRIC_REPRESENTATION_CONTEXT(2) 
PARAMETRIC_REPRESENTATION_CONTEXT() REPRESENTATION_CONTEXT('2D SPACE',''
  ) );
#2289 = ORIENTED_EDGE('',*,*,#1703,.F.);
#2290 = ORIENTED_EDGE('',*,*,#1650,.F.);
#2291 = ADVANCED_FACE('',(#2292),#1767,.T.);
#2292 = FACE_BOUND('',#2293,.T.);
#2293 = EDGE_LOOP('',(#2294,#2295,#2296,#2323));
#2294 = ORIENTED_EDGE('',*,*,#1752,.F.);
#2295 = ORIENTED_EDGE('',*,*,#1865,.T.);
#2296 = ORIENTED_EDGE('',*,*,#2297,.F.);
#2297 = EDGE_CURVE('',#1783,#1838,#2298,.T.);
#2298 = SURFACE_CURVE('',#2299,(#2304,#2311),.PCURVE_S1.);
#2299 = CIRCLE('',#2300,2.E-02);
#2300 = AXIS2_PLACEMENT_3D('',#2301,#2302,#2303);
#2301 = CARTESIAN_POINT('',(1.23,-0.98,2.E-02));
#2302 = DIRECTION('',(0.,-0.,-1.));
#2303 = DIRECTION('',(2.22044604925E-16,-1.,0.));
#2304 = PCURVE('',#1767,#2305);
#2305 = DEFINITIONAL_REPRESENTATION('',(#2306),#2310);
#2306 = LINE('',#2307,#2308);
#2307 = CARTESIAN_POINT('',(-3.14159265359,-2.E-02));
#2308 = VECTOR('',#2309,1.);
#2309 = DIRECTION('',(1.,0.));
#2310 = ( GEOMETRIC_REPRESENTATION_CONTEXT(2) 
PARAMETRIC_REPRESENTATION_CONTEXT() REPRESENTATION_CONTEXT('2D SPACE',''
  ) );
#2311 = PCURVE('',#2312,#2317);
#2312 = SPHERICAL_SURFACE('',#2313,2.E-02);
#2313 = AXIS2_PLACEMENT_3D('',#2314,#2315,#2316);
#2314 = CARTESIAN_POINT('',(1.23,-0.98,2.E-02));
#2315 = DIRECTION('',(0.,0.,1.));
#2316 = DIRECTION('',(-2.22044604925E-16,1.,0.));
#2317 = DEFINITIONAL_REPRESENTATION('',(#2318),#2322);
#2318 = LINE('',#2319,#2320);
#2319 = CARTESIAN_POINT('',(9.424777960769,0.));
#2320 = VECTOR('',#2321,1.);
#2321 = DIRECTION('',(-1.,0.));
#2322 = ( GEOMETRIC_REPRESENTATION_CONTEXT(2) 
PARAMETRIC_REPRESENTATION_CONTEXT() REPRESENTATION_CONTEXT('2D SPACE',''
  ) );
#2323 = ORIENTED_EDGE('',*,*,#1782,.F.);
#2324 = ADVANCED_FACE('',(#2325),#1819,.T.);
#2325 = FACE_BOUND('',#2326,.T.);
#2326 = EDGE_LOOP('',(#2327,#2371,#2372,#2373));
#2327 = ORIENTED_EDGE('',*,*,#2328,.F.);
#2328 = EDGE_CURVE('',#1942,#1783,#2329,.T.);
#2329 = SURFACE_CURVE('',#2330,(#2335,#2342),.PCURVE_S1.);
#2330 = CIRCLE('',#2331,2.E-02);
#2331 = AXIS2_PLACEMENT_3D('',#2332,#2333,#2334);
#2332 = CARTESIAN_POINT('',(1.23,-0.98,2.E-02));
#2333 = DIRECTION('',(2.22044604925E-16,-1.,0.));
#2334 = DIRECTION('',(0.,0.,1.));
#2335 = PCURVE('',#1819,#2336);
#2336 = DEFINITIONAL_REPRESENTATION('',(#2337),#2341);
#2337 = LINE('',#2338,#2339);
#2338 = CARTESIAN_POINT('',(6.28318530718,2.E-02));
#2339 = VECTOR('',#2340,1.);
#2340 = DIRECTION('',(-1.,0.));
#2341 = ( GEOMETRIC_REPRESENTATION_CONTEXT(2) 
PARAMETRIC_REPRESENTATION_CONTEXT() REPRESENTATION_CONTEXT('2D SPACE',''
  ) );
#2342 = PCURVE('',#2312,#2343);
#2343 = DEFINITIONAL_REPRESENTATION('',(#2344),#2370);
#2344 = B_SPLINE_CURVE_WITH_KNOTS('',3,(#2345,#2346,#2347,#2348,#2349,
    #2350,#2351,#2352,#2353,#2354,#2355,#2356,#2357,#2358,#2359,#2360,
    #2361,#2362,#2363,#2364,#2365,#2366,#2367,#2368,#2369),
  .UNSPECIFIED.,.F.,.F.,(4,1,1,1,1,1,1,1,1,1,1,1,1,1,1,1,1,1,1,1,1,1,4),
  (3.14159265359,3.212992486626,3.284392319662,3.355792152698,
    3.427191985734,3.49859181877,3.569991651807,3.641391484843,
    3.712791317879,3.784191150915,3.855590983951,3.926990816987,
    3.998390650023,4.06979048306,4.141190316096,4.212590149132,
    4.283989982168,4.355389815204,4.42678964824,4.498189481276,
    4.569589314312,4.640989147349,4.712388980385),.UNSPECIFIED.);
#2345 = CARTESIAN_POINT('',(4.712388980385,-1.570796326795));
#2346 = CARTESIAN_POINT('',(4.712388980385,-1.54699638245));
#2347 = CARTESIAN_POINT('',(4.712388980385,-1.499396493759));
#2348 = CARTESIAN_POINT('',(4.712388980385,-1.427996660723));
#2349 = CARTESIAN_POINT('',(4.712388980385,-1.356596827687));
#2350 = CARTESIAN_POINT('',(4.712388980385,-1.28519699465));
#2351 = CARTESIAN_POINT('',(4.712388980385,-1.213797161614));
#2352 = CARTESIAN_POINT('',(4.712388980385,-1.142397328578));
#2353 = CARTESIAN_POINT('',(4.712388980385,-1.070997495542));
#2354 = CARTESIAN_POINT('',(4.712388980385,-0.999597662506));
#2355 = CARTESIAN_POINT('',(4.712388980385,-0.92819782947));
#2356 = CARTESIAN_POINT('',(4.712388980385,-0.856797996434));
#2357 = CARTESIAN_POINT('',(4.712388980385,-0.785398163397));
#2358 = CARTESIAN_POINT('',(4.712388980385,-0.713998330361));
#2359 = CARTESIAN_POINT('',(4.712388980385,-0.642598497325));
#2360 = CARTESIAN_POINT('',(4.712388980385,-0.571198664289));
#2361 = CARTESIAN_POINT('',(4.712388980385,-0.499798831253));
#2362 = CARTESIAN_POINT('',(4.712388980385,-0.428398998217));
#2363 = CARTESIAN_POINT('',(4.712388980385,-0.356999165181));
#2364 = CARTESIAN_POINT('',(4.712388980385,-0.285599332145));
#2365 = CARTESIAN_POINT('',(4.712388980385,-0.214199499108));
#2366 = CARTESIAN_POINT('',(4.712388980385,-0.142799666072));
#2367 = CARTESIAN_POINT('',(4.712388980385,-7.139983303613E-02));
#2368 = CARTESIAN_POINT('',(4.712388980385,-2.379994434538E-02));
#2369 = CARTESIAN_POINT('',(4.712388980385,0.));
#2370 = ( GEOMETRIC_REPRESENTATION_CONTEXT(2) 
PARAMETRIC_REPRESENTATION_CONTEXT() REPRESENTATION_CONTEXT('2D SPACE',''
  ) );
#2371 = ORIENTED_EDGE('',*,*,#1941,.T.);
#2372 = ORIENTED_EDGE('',*,*,#1891,.F.);
#2373 = ORIENTED_EDGE('',*,*,#1805,.F.);
#2374 = ADVANCED_FACE('',(#2375),#1853,.T.);
#2375 = FACE_BOUND('',#2376,.T.);
#2376 = EDGE_LOOP('',(#2377,#2378,#2379,#2423));
#2377 = ORIENTED_EDGE('',*,*,#2172,.F.);
#2378 = ORIENTED_EDGE('',*,*,#1964,.F.);
#2379 = ORIENTED_EDGE('',*,*,#2380,.F.);
#2380 = EDGE_CURVE('',#1838,#1942,#2381,.T.);
#2381 = SURFACE_CURVE('',#2382,(#2387,#2394),.PCURVE_S1.);
#2382 = CIRCLE('',#2383,2.E-02);
#2383 = AXIS2_PLACEMENT_3D('',#2384,#2385,#2386);
#2384 = CARTESIAN_POINT('',(1.23,-0.98,2.E-02));
#2385 = DIRECTION('',(1.,2.22044604925E-16,0.));
#2386 = DIRECTION('',(-0.,0.,-1.));
#2387 = PCURVE('',#1853,#2388);
#2388 = DEFINITIONAL_REPRESENTATION('',(#2389),#2393);
#2389 = LINE('',#2390,#2391);
#2390 = CARTESIAN_POINT('',(-3.14159265359,-2.E-02));
#2391 = VECTOR('',#2392,1.);
#2392 = DIRECTION('',(1.,0.));
#2393 = ( GEOMETRIC_REPRESENTATION_CONTEXT(2) 
PARAMETRIC_REPRESENTATION_CONTEXT() REPRESENTATION_CONTEXT('2D SPACE',''
  ) );
#2394 = PCURVE('',#2312,#2395);
#2395 = DEFINITIONAL_REPRESENTATION('',(#2396),#2422);
#2396 = B_SPLINE_CURVE_WITH_KNOTS('',3,(#2397,#2398,#2399,#2400,#2401,
    #2402,#2403,#2404,#2405,#2406,#2407,#2408,#2409,#2410,#2411,#2412,
    #2413,#2414,#2415,#2416,#2417,#2418,#2419,#2420,#2421),
  .UNSPECIFIED.,.F.,.F.,(4,1,1,1,1,1,1,1,1,1,1,1,1,1,1,1,1,1,1,1,1,1,4),
  (4.712388980385,4.783788813421,4.855188646457,4.926588479493,
    4.997988312529,5.069388145565,5.140787978601,5.212187811638,
    5.283587644674,5.35498747771,5.426387310746,5.497787143782,
    5.569186976818,5.640586809854,5.711986642891,5.783386475927,
    5.854786308963,5.926186141999,5.997585975035,6.068985808071,
    6.140385641107,6.211785474143,6.28318530718),.UNSPECIFIED.);
#2397 = CARTESIAN_POINT('',(3.14159265359,0.));
#2398 = CARTESIAN_POINT('',(3.14159265359,-2.379994434538E-02));
#2399 = CARTESIAN_POINT('',(3.14159265359,-7.139983303613E-02));
#2400 = CARTESIAN_POINT('',(3.14159265359,-0.142799666072));
#2401 = CARTESIAN_POINT('',(3.14159265359,-0.214199499108));
#2402 = CARTESIAN_POINT('',(3.14159265359,-0.285599332145));
#2403 = CARTESIAN_POINT('',(3.14159265359,-0.356999165181));
#2404 = CARTESIAN_POINT('',(3.14159265359,-0.428398998217));
#2405 = CARTESIAN_POINT('',(3.14159265359,-0.499798831253));
#2406 = CARTESIAN_POINT('',(3.14159265359,-0.571198664289));
#2407 = CARTESIAN_POINT('',(3.14159265359,-0.642598497325));
#2408 = CARTESIAN_POINT('',(3.14159265359,-0.713998330361));
#2409 = CARTESIAN_POINT('',(3.14159265359,-0.785398163397));
#2410 = CARTESIAN_POINT('',(3.14159265359,-0.856797996434));
#2411 = CARTESIAN_POINT('',(3.14159265359,-0.92819782947));
#2412 = CARTESIAN_POINT('',(3.14159265359,-0.999597662506));
#2413 = CARTESIAN_POINT('',(3.14159265359,-1.070997495542));
#2414 = CARTESIAN_POINT('',(3.14159265359,-1.142397328578));
#2415 = CARTESIAN_POINT('',(3.14159265359,-1.213797161614));
#2416 = CARTESIAN_POINT('',(3.14159265359,-1.28519699465));
#2417 = CARTESIAN_POINT('',(3.14159265359,-1.356596827687));
#2418 = CARTESIAN_POINT('',(3.14159265359,-1.427996660723));
#2419 = CARTESIAN_POINT('',(3.14159265359,-1.499396493759));
#2420 = CARTESIAN_POINT('',(3.14159265359,-1.54699638245));
#2421 = CARTESIAN_POINT('',(3.14159265359,-1.570796326795));
#2422 = ( GEOMETRIC_REPRESENTATION_CONTEXT(2) 
PARAMETRIC_REPRESENTATION_CONTEXT() REPRESENTATION_CONTEXT('2D SPACE',''
  ) );
#2423 = ORIENTED_EDGE('',*,*,#1837,.T.);
#2424 = ADVANCED_FACE('',(#2425),#2005,.T.);
#2425 = FACE_BOUND('',#2426,.T.);
#2426 = EDGE_LOOP('',(#2427,#2454,#2455,#2456));
#2427 = ORIENTED_EDGE('',*,*,#2428,.F.);
#2428 = EDGE_CURVE('',#1990,#2247,#2429,.T.);
#2429 = SURFACE_CURVE('',#2430,(#2435,#2442),.PCURVE_S1.);
#2430 = CIRCLE('',#2431,2.E-02);
#2431 = AXIS2_PLACEMENT_3D('',#2432,#2433,#2434);
#2432 = CARTESIAN_POINT('',(-1.23,-0.98,2.E-02));
#2433 = DIRECTION('',(-1.,-2.764308878405E-16,3.224987375203E-18));
#2434 = DIRECTION('',(-3.224987375203E-18,-5.464378949327E-17,-1.));
#2435 = PCURVE('',#2005,#2436);
#2436 = DEFINITIONAL_REPRESENTATION('',(#2437),#2441);
#2437 = LINE('',#2438,#2439);
#2438 = CARTESIAN_POINT('',(3.14159265359,-2.E-02));
#2439 = VECTOR('',#2440,1.);
#2440 = DIRECTION('',(1.,0.));
#2441 = ( GEOMETRIC_REPRESENTATION_CONTEXT(2) 
PARAMETRIC_REPRESENTATION_CONTEXT() REPRESENTATION_CONTEXT('2D SPACE',''
  ) );
#2442 = PCURVE('',#2443,#2448);
#2443 = SPHERICAL_SURFACE('',#2444,2.E-02);
#2444 = AXIS2_PLACEMENT_3D('',#2445,#2446,#2447);
#2445 = CARTESIAN_POINT('',(-1.23,-0.98,2.E-02));
#2446 = DIRECTION('',(3.224987375203E-18,5.464378949327E-17,1.));
#2447 = DIRECTION('',(2.764308878405E-16,-1.,5.464378949327E-17));
#2448 = DEFINITIONAL_REPRESENTATION('',(#2449),#2453);
#2449 = LINE('',#2450,#2451);
#2450 = CARTESIAN_POINT('',(6.28318530718,-1.570796326795));
#2451 = VECTOR('',#2452,1.);
#2452 = DIRECTION('',(0.,1.));
#2453 = ( GEOMETRIC_REPRESENTATION_CONTEXT(2) 
PARAMETRIC_REPRESENTATION_CONTEXT() REPRESENTATION_CONTEXT('2D SPACE',''
  ) );
#2454 = ORIENTED_EDGE('',*,*,#1989,.T.);
#2455 = ORIENTED_EDGE('',*,*,#2150,.F.);
#2456 = ORIENTED_EDGE('',*,*,#2269,.F.);
#2457 = ADVANCED_FACE('',(#2458),#2031,.T.);
#2458 = FACE_BOUND('',#2459,.T.);
#2459 = EDGE_LOOP('',(#2460,#2461,#2462,#2506));
#2460 = ORIENTED_EDGE('',*,*,#2049,.F.);
#2461 = ORIENTED_EDGE('',*,*,#2017,.T.);
#2462 = ORIENTED_EDGE('',*,*,#2463,.F.);
#2463 = EDGE_CURVE('',#2098,#1990,#2464,.T.);
#2464 = SURFACE_CURVE('',#2465,(#2470,#2477),.PCURVE_S1.);
#2465 = CIRCLE('',#2466,2.E-02);
#2466 = AXIS2_PLACEMENT_3D('',#2467,#2468,#2469);
#2467 = CARTESIAN_POINT('',(-1.23,-0.98,2.E-02));
#2468 = DIRECTION('',(2.764308878405E-16,-1.,5.464378949327E-17));
#2469 = DIRECTION('',(-3.224987375203E-18,-5.464378949327E-17,-1.));
#2470 = PCURVE('',#2031,#2471);
#2471 = DEFINITIONAL_REPRESENTATION('',(#2472),#2476);
#2472 = LINE('',#2473,#2474);
#2473 = CARTESIAN_POINT('',(-3.14159265359,1.98));
#2474 = VECTOR('',#2475,1.);
#2475 = DIRECTION('',(1.,0.));
#2476 = ( GEOMETRIC_REPRESENTATION_CONTEXT(2) 
PARAMETRIC_REPRESENTATION_CONTEXT() REPRESENTATION_CONTEXT('2D SPACE',''
  ) );
#2477 = PCURVE('',#2443,#2478);
#2478 = DEFINITIONAL_REPRESENTATION('',(#2479),#2505);
#2479 = B_SPLINE_CURVE_WITH_KNOTS('',3,(#2480,#2481,#2482,#2483,#2484,
    #2485,#2486,#2487,#2488,#2489,#2490,#2491,#2492,#2493,#2494,#2495,
    #2496,#2497,#2498,#2499,#2500,#2501,#2502,#2503,#2504),
  .UNSPECIFIED.,.F.,.F.,(4,1,1,1,1,1,1,1,1,1,1,1,1,1,1,1,1,1,1,1,1,1,4),
  (4.712388980385,4.783788813421,4.855188646457,4.926588479493,
    4.997988312529,5.069388145565,5.140787978601,5.212187811638,
    5.283587644674,5.35498747771,5.426387310746,5.497787143782,
    5.569186976818,5.640586809854,5.711986642891,5.783386475927,
    5.854786308963,5.926186141999,5.997585975035,6.068985808071,
    6.140385641107,6.211785474143,6.28318530718),.UNSPECIFIED.);
#2480 = CARTESIAN_POINT('',(4.712388980385,0.));
#2481 = CARTESIAN_POINT('',(4.712388980385,-2.379994434538E-02));
#2482 = CARTESIAN_POINT('',(4.712388980385,-7.139983303613E-02));
#2483 = CARTESIAN_POINT('',(4.712388980385,-0.142799666072));
#2484 = CARTESIAN_POINT('',(4.712388980385,-0.214199499108));
#2485 = CARTESIAN_POINT('',(4.712388980385,-0.285599332145));
#2486 = CARTESIAN_POINT('',(4.712388980385,-0.356999165181));
#2487 = CARTESIAN_POINT('',(4.712388980385,-0.428398998217));
#2488 = CARTESIAN_POINT('',(4.712388980385,-0.499798831253));
#2489 = CARTESIAN_POINT('',(4.712388980385,-0.571198664289));
#2490 = CARTESIAN_POINT('',(4.712388980385,-0.642598497325));
#2491 = CARTESIAN_POINT('',(4.712388980385,-0.713998330361));
#2492 = CARTESIAN_POINT('',(4.712388980385,-0.785398163397));
#2493 = CARTESIAN_POINT('',(4.712388980385,-0.856797996434));
#2494 = CARTESIAN_POINT('',(4.712388980385,-0.92819782947));
#2495 = CARTESIAN_POINT('',(4.712388980385,-0.999597662506));
#2496 = CARTESIAN_POINT('',(4.712388980385,-1.070997495542));
#2497 = CARTESIAN_POINT('',(4.712388980385,-1.142397328578));
#2498 = CARTESIAN_POINT('',(4.712388980385,-1.213797161614));
#2499 = CARTESIAN_POINT('',(4.712388980385,-1.28519699465));
#2500 = CARTESIAN_POINT('',(4.712388980385,-1.356596827687));
#2501 = CARTESIAN_POINT('',(4.712388980385,-1.427996660723));
#2502 = CARTESIAN_POINT('',(4.712388980385,-1.499396493759));
#2503 = CARTESIAN_POINT('',(4.712388980385,-1.54699638245));
#2504 = CARTESIAN_POINT('',(4.712388980385,-1.570796326795));
#2505 = ( GEOMETRIC_REPRESENTATION_CONTEXT(2) 
PARAMETRIC_REPRESENTATION_CONTEXT() REPRESENTATION_CONTEXT('2D SPACE',''
  ) );
#2506 = ORIENTED_EDGE('',*,*,#2097,.F.);
#2507 = ADVANCED_FACE('',(#2508),#2134,.T.);
#2508 = FACE_BOUND('',#2509,.T.);
#2509 = EDGE_LOOP('',(#2510,#2511,#2512,#2556));
#2510 = ORIENTED_EDGE('',*,*,#2199,.F.);
#2511 = ORIENTED_EDGE('',*,*,#2120,.F.);
#2512 = ORIENTED_EDGE('',*,*,#2513,.F.);
#2513 = EDGE_CURVE('',#2247,#2098,#2514,.T.);
#2514 = SURFACE_CURVE('',#2515,(#2520,#2527),.PCURVE_S1.);
#2515 = CIRCLE('',#2516,2.E-02);
#2516 = AXIS2_PLACEMENT_3D('',#2517,#2518,#2519);
#2517 = CARTESIAN_POINT('',(-1.23,-0.98,2.E-02));
#2518 = DIRECTION('',(-3.224987375203E-18,-5.464378949327E-17,-1.));
#2519 = DIRECTION('',(-2.764308878405E-16,1.,-5.464378949327E-17));
#2520 = PCURVE('',#2134,#2521);
#2521 = DEFINITIONAL_REPRESENTATION('',(#2522),#2526);
#2522 = LINE('',#2523,#2524);
#2523 = CARTESIAN_POINT('',(6.28318530718,2.E-02));
#2524 = VECTOR('',#2525,1.);
#2525 = DIRECTION('',(-1.,0.));
#2526 = ( GEOMETRIC_REPRESENTATION_CONTEXT(2) 
PARAMETRIC_REPRESENTATION_CONTEXT() REPRESENTATION_CONTEXT('2D SPACE',''
  ) );
#2527 = PCURVE('',#2443,#2528);
#2528 = DEFINITIONAL_REPRESENTATION('',(#2529),#2555);
#2529 = B_SPLINE_CURVE_WITH_KNOTS('',3,(#2530,#2531,#2532,#2533,#2534,
    #2535,#2536,#2537,#2538,#2539,#2540,#2541,#2542,#2543,#2544,#2545,
    #2546,#2547,#2548,#2549,#2550,#2551,#2552,#2553,#2554),
  .UNSPECIFIED.,.F.,.F.,(4,1,1,1,1,1,1,1,1,1,1,1,1,1,1,1,1,1,1,1,1,1,4),
  (3.14159265359,3.212992486626,3.284392319662,3.355792152698,
    3.427191985734,3.49859181877,3.569991651807,3.641391484843,
    3.712791317879,3.784191150915,3.855590983951,3.926990816987,
    3.998390650023,4.06979048306,4.141190316096,4.212590149132,
    4.283989982168,4.355389815204,4.42678964824,4.498189481276,
    4.569589314312,4.640989147349,4.712388980385),.UNSPECIFIED.);
#2530 = CARTESIAN_POINT('',(6.28318530718,0.));
#2531 = CARTESIAN_POINT('',(6.259385362834,0.));
#2532 = CARTESIAN_POINT('',(6.211785474143,0.));
#2533 = CARTESIAN_POINT('',(6.140385641107,0.));
#2534 = CARTESIAN_POINT('',(6.068985808071,0.));
#2535 = CARTESIAN_POINT('',(5.997585975035,0.));
#2536 = CARTESIAN_POINT('',(5.926186141999,0.));
#2537 = CARTESIAN_POINT('',(5.854786308963,0.));
#2538 = CARTESIAN_POINT('',(5.783386475927,0.));
#2539 = CARTESIAN_POINT('',(5.711986642891,0.));
#2540 = CARTESIAN_POINT('',(5.640586809854,0.));
#2541 = CARTESIAN_POINT('',(5.569186976818,0.));
#2542 = CARTESIAN_POINT('',(5.497787143782,0.));
#2543 = CARTESIAN_POINT('',(5.426387310746,0.));
#2544 = CARTESIAN_POINT('',(5.35498747771,0.));
#2545 = CARTESIAN_POINT('',(5.283587644674,0.));
#2546 = CARTESIAN_POINT('',(5.212187811638,0.));
#2547 = CARTESIAN_POINT('',(5.140787978601,0.));
#2548 = CARTESIAN_POINT('',(5.069388145565,0.));
#2549 = CARTESIAN_POINT('',(4.997988312529,0.));
#2550 = CARTESIAN_POINT('',(4.926588479493,0.));
#2551 = CARTESIAN_POINT('',(4.855188646457,0.));
#2552 = CARTESIAN_POINT('',(4.783788813421,0.));
#2553 = CARTESIAN_POINT('',(4.73618892473,0.));
#2554 = CARTESIAN_POINT('',(4.712388980385,0.));
#2555 = ( GEOMETRIC_REPRESENTATION_CONTEXT(2) 
PARAMETRIC_REPRESENTATION_CONTEXT() REPRESENTATION_CONTEXT('2D SPACE',''
  ) );
#2556 = ORIENTED_EDGE('',*,*,#2246,.T.);
#2557 = ADVANCED_FACE('',(#2558),#2312,.T.);
#2558 = FACE_BOUND('',#2559,.T.);
#2559 = EDGE_LOOP('',(#2560,#2561,#2562));
#2560 = ORIENTED_EDGE('',*,*,#2297,.T.);
#2561 = ORIENTED_EDGE('',*,*,#2380,.T.);
#2562 = ORIENTED_EDGE('',*,*,#2328,.T.);
#2563 = ADVANCED_FACE('',(#2564),#2443,.T.);
#2564 = FACE_BOUND('',#2565,.T.);
#2565 = EDGE_LOOP('',(#2566,#2567,#2568));
#2566 = ORIENTED_EDGE('',*,*,#2513,.T.);
#2567 = ORIENTED_EDGE('',*,*,#2463,.T.);
#2568 = ORIENTED_EDGE('',*,*,#2428,.T.);
#2569 = ( GEOMETRIC_REPRESENTATION_CONTEXT(3) 
GLOBAL_UNCERTAINTY_ASSIGNED_CONTEXT((#2573)) 
GLOBAL_UNIT_ASSIGNED_CONTEXT((#2570,#2571,#2572)) REPRESENTATION_CONTEXT
('Context #1','3D Context with UNIT and UNCERTAINTY') );
#2570 = ( LENGTH_UNIT() NAMED_UNIT(*) SI_UNIT(.MILLI.,.METRE.) );
#2571 = ( NAMED_UNIT(*) PLANE_ANGLE_UNIT() SI_UNIT($,.RADIAN.) );
#2572 = ( NAMED_UNIT(*) SI_UNIT($,.STERADIAN.) SOLID_ANGLE_UNIT() );
#2573 = UNCERTAINTY_MEASURE_WITH_UNIT(LENGTH_MEASURE(1.E-07),#2570,
  'distance_accuracy_value','confusion accuracy');
#2574 = PRODUCT_RELATED_PRODUCT_CATEGORY('part',$,(#7));
#2575 = MECHANICAL_DESIGN_GEOMETRIC_PRESENTATION_REPRESENTATION('',(
    #2576,#2587,#2595,#2603,#2610,#2617,#2624,#2631,#2638,#2645,#2652,
    #2659,#2666,#2673,#2680,#2687,#2694,#2701,#2708,#2715,#2722,#2729,
    #2736,#2743,#2750,#2757,#2764,#2771,#2778,#2785,#2792,#2799,#2806,
    #2813),#2569);
#2576 = STYLED_ITEM('color',(#2577),#15);
#2577 = PRESENTATION_STYLE_ASSIGNMENT((#2578,#2584));
#2578 = SURFACE_STYLE_USAGE(.BOTH.,#2579);
#2579 = SURFACE_SIDE_STYLE('',(#2580));
#2580 = SURFACE_STYLE_FILL_AREA(#2581);
#2581 = FILL_AREA_STYLE('',(#2582));
#2582 = FILL_AREA_STYLE_COLOUR('',#2583);
#2583 = COLOUR_RGB('',0.800000011921,0.800000011921,0.800000011921);
#2584 = CURVE_STYLE('',#2585,POSITIVE_LENGTH_MEASURE(0.1),#2586);
#2585 = DRAUGHTING_PRE_DEFINED_CURVE_FONT('continuous');
#2586 = COLOUR_RGB('',9.803921729326E-02,9.803921729326E-02,
  9.803921729326E-02);
#2587 = OVER_RIDING_STYLED_ITEM('overriding color',(#2588),#17,#2576);
#2588 = PRESENTATION_STYLE_ASSIGNMENT((#2589));
#2589 = SURFACE_STYLE_USAGE(.BOTH.,#2590);
#2590 = SURFACE_SIDE_STYLE('',(#2591));
#2591 = SURFACE_STYLE_FILL_AREA(#2592);
#2592 = FILL_AREA_STYLE('',(#2593));
#2593 = FILL_AREA_STYLE_COLOUR('',#2594);
#2594 = COLOUR_RGB('',0.20000000298,0.20000000298,0.20000000298);
#2595 = OVER_RIDING_STYLED_ITEM('overriding color',(#2596),#137,#2576);
#2596 = PRESENTATION_STYLE_ASSIGNMENT((#2597));
#2597 = SURFACE_STYLE_USAGE(.BOTH.,#2598);
#2598 = SURFACE_SIDE_STYLE('',(#2599));
#2599 = SURFACE_STYLE_FILL_AREA(#2600);
#2600 = FILL_AREA_STYLE('',(#2601));
#2601 = FILL_AREA_STYLE_COLOUR('',#2602);
#2602 = COLOUR_RGB('',0.980000019073,0.980000019073,0.980000019073);
#2603 = OVER_RIDING_STYLED_ITEM('overriding color',(#2604),#224,#2576);
#2604 = PRESENTATION_STYLE_ASSIGNMENT((#2605));
#2605 = SURFACE_STYLE_USAGE(.BOTH.,#2606);
#2606 = SURFACE_SIDE_STYLE('',(#2607));
#2607 = SURFACE_STYLE_FILL_AREA(#2608);
#2608 = FILL_AREA_STYLE('',(#2609));
#2609 = FILL_AREA_STYLE_COLOUR('',#2594);
#2610 = OVER_RIDING_STYLED_ITEM('overriding color',(#2611),#305,#2576);
#2611 = PRESENTATION_STYLE_ASSIGNMENT((#2612));
#2612 = SURFACE_STYLE_USAGE(.BOTH.,#2613);
#2613 = SURFACE_SIDE_STYLE('',(#2614));
#2614 = SURFACE_STYLE_FILL_AREA(#2615);
#2615 = FILL_AREA_STYLE('',(#2616));
#2616 = FILL_AREA_STYLE_COLOUR('',#2602);
#2617 = OVER_RIDING_STYLED_ITEM('overriding color',(#2618),#409,#2576);
#2618 = PRESENTATION_STYLE_ASSIGNMENT((#2619));
#2619 = SURFACE_STYLE_USAGE(.BOTH.,#2620);
#2620 = SURFACE_SIDE_STYLE('',(#2621));
#2621 = SURFACE_STYLE_FILL_AREA(#2622);
#2622 = FILL_AREA_STYLE('',(#2623));
#2623 = FILL_AREA_STYLE_COLOUR('',#2594);
#2624 = OVER_RIDING_STYLED_ITEM('overriding color',(#2625),#485,#2576);
#2625 = PRESENTATION_STYLE_ASSIGNMENT((#2626));
#2626 = SURFACE_STYLE_USAGE(.BOTH.,#2627);
#2627 = SURFACE_SIDE_STYLE('',(#2628));
#2628 = SURFACE_STYLE_FILL_AREA(#2629);
#2629 = FILL_AREA_STYLE('',(#2630));
#2630 = FILL_AREA_STYLE_COLOUR('',#2602);
#2631 = OVER_RIDING_STYLED_ITEM('overriding color',(#2632),#544,#2576);
#2632 = PRESENTATION_STYLE_ASSIGNMENT((#2633));
#2633 = SURFACE_STYLE_USAGE(.BOTH.,#2634);
#2634 = SURFACE_SIDE_STYLE('',(#2635));
#2635 = SURFACE_STYLE_FILL_AREA(#2636);
#2636 = FILL_AREA_STYLE('',(#2637));
#2637 = FILL_AREA_STYLE_COLOUR('',#2602);
#2638 = OVER_RIDING_STYLED_ITEM('overriding color',(#2639),#643,#2576);
#2639 = PRESENTATION_STYLE_ASSIGNMENT((#2640));
#2640 = SURFACE_STYLE_USAGE(.BOTH.,#2641);
#2641 = SURFACE_SIDE_STYLE('',(#2642));
#2642 = SURFACE_STYLE_FILL_AREA(#2643);
#2643 = FILL_AREA_STYLE('',(#2644));
#2644 = FILL_AREA_STYLE_COLOUR('',#2602);
#2645 = OVER_RIDING_STYLED_ITEM('overriding color',(#2646),#697,#2576);
#2646 = PRESENTATION_STYLE_ASSIGNMENT((#2647));
#2647 = SURFACE_STYLE_USAGE(.BOTH.,#2648);
#2648 = SURFACE_SIDE_STYLE('',(#2649));
#2649 = SURFACE_STYLE_FILL_AREA(#2650);
#2650 = FILL_AREA_STYLE('',(#2651));
#2651 = FILL_AREA_STYLE_COLOUR('',#2602);
#2652 = OVER_RIDING_STYLED_ITEM('overriding color',(#2653),#756,#2576);
#2653 = PRESENTATION_STYLE_ASSIGNMENT((#2654));
#2654 = SURFACE_STYLE_USAGE(.BOTH.,#2655);
#2655 = SURFACE_SIDE_STYLE('',(#2656));
#2656 = SURFACE_STYLE_FILL_AREA(#2657);
#2657 = FILL_AREA_STYLE('',(#2658));
#2658 = FILL_AREA_STYLE_COLOUR('',#2594);
#2659 = OVER_RIDING_STYLED_ITEM('overriding color',(#2660),#832,#2576);
#2660 = PRESENTATION_STYLE_ASSIGNMENT((#2661));
#2661 = SURFACE_STYLE_USAGE(.BOTH.,#2662);
#2662 = SURFACE_SIDE_STYLE('',(#2663));
#2663 = SURFACE_STYLE_FILL_AREA(#2664);
#2664 = FILL_AREA_STYLE('',(#2665));
#2665 = FILL_AREA_STYLE_COLOUR('',#2602);
#2666 = OVER_RIDING_STYLED_ITEM('overriding color',(#2667),#909,#2576);
#2667 = PRESENTATION_STYLE_ASSIGNMENT((#2668));
#2668 = SURFACE_STYLE_USAGE(.BOTH.,#2669);
#2669 = SURFACE_SIDE_STYLE('',(#2670));
#2670 = SURFACE_STYLE_FILL_AREA(#2671);
#2671 = FILL_AREA_STYLE('',(#2672));
#2672 = FILL_AREA_STYLE_COLOUR('',#2602);
#2673 = OVER_RIDING_STYLED_ITEM('overriding color',(#2674),#963,#2576);
#2674 = PRESENTATION_STYLE_ASSIGNMENT((#2675));
#2675 = SURFACE_STYLE_USAGE(.BOTH.,#2676);
#2676 = SURFACE_SIDE_STYLE('',(#2677));
#2677 = SURFACE_STYLE_FILL_AREA(#2678);
#2678 = FILL_AREA_STYLE('',(#2679));
#2679 = FILL_AREA_STYLE_COLOUR('',#2594);
#2680 = OVER_RIDING_STYLED_ITEM('overriding color',(#2681),#1039,#2576);
#2681 = PRESENTATION_STYLE_ASSIGNMENT((#2682));
#2682 = SURFACE_STYLE_USAGE(.BOTH.,#2683);
#2683 = SURFACE_SIDE_STYLE('',(#2684));
#2684 = SURFACE_STYLE_FILL_AREA(#2685);
#2685 = FILL_AREA_STYLE('',(#2686));
#2686 = FILL_AREA_STYLE_COLOUR('',#2602);
#2687 = OVER_RIDING_STYLED_ITEM('overriding color',(#2688),#1121,#2576);
#2688 = PRESENTATION_STYLE_ASSIGNMENT((#2689));
#2689 = SURFACE_STYLE_USAGE(.BOTH.,#2690);
#2690 = SURFACE_SIDE_STYLE('',(#2691));
#2691 = SURFACE_STYLE_FILL_AREA(#2692);
#2692 = FILL_AREA_STYLE('',(#2693));
#2693 = FILL_AREA_STYLE_COLOUR('',#2602);
#2694 = OVER_RIDING_STYLED_ITEM('overriding color',(#2695),#1198,#2576);
#2695 = PRESENTATION_STYLE_ASSIGNMENT((#2696));
#2696 = SURFACE_STYLE_USAGE(.BOTH.,#2697);
#2697 = SURFACE_SIDE_STYLE('',(#2698));
#2698 = SURFACE_STYLE_FILL_AREA(#2699);
#2699 = FILL_AREA_STYLE('',(#2700));
#2700 = FILL_AREA_STYLE_COLOUR('',#2602);
#2701 = OVER_RIDING_STYLED_ITEM('overriding color',(#2702),#1275,#2576);
#2702 = PRESENTATION_STYLE_ASSIGNMENT((#2703));
#2703 = SURFACE_STYLE_USAGE(.BOTH.,#2704);
#2704 = SURFACE_SIDE_STYLE('',(#2705));
#2705 = SURFACE_STYLE_FILL_AREA(#2706);
#2706 = FILL_AREA_STYLE('',(#2707));
#2707 = FILL_AREA_STYLE_COLOUR('',#2602);
#2708 = OVER_RIDING_STYLED_ITEM('overriding color',(#2709),#1330,#2576);
#2709 = PRESENTATION_STYLE_ASSIGNMENT((#2710));
#2710 = SURFACE_STYLE_USAGE(.BOTH.,#2711);
#2711 = SURFACE_SIDE_STYLE('',(#2712));
#2712 = SURFACE_STYLE_FILL_AREA(#2713);
#2713 = FILL_AREA_STYLE('',(#2714));
#2714 = FILL_AREA_STYLE_COLOUR('',#2602);
#2715 = OVER_RIDING_STYLED_ITEM('overriding color',(#2716),#1412,#2576);
#2716 = PRESENTATION_STYLE_ASSIGNMENT((#2717));
#2717 = SURFACE_STYLE_USAGE(.BOTH.,#2718);
#2718 = SURFACE_SIDE_STYLE('',(#2719));
#2719 = SURFACE_STYLE_FILL_AREA(#2720);
#2720 = FILL_AREA_STYLE('',(#2721));
#2721 = FILL_AREA_STYLE_COLOUR('',#2602);
#2722 = OVER_RIDING_STYLED_ITEM('overriding color',(#2723),#1467,#2576);
#2723 = PRESENTATION_STYLE_ASSIGNMENT((#2724));
#2724 = SURFACE_STYLE_USAGE(.BOTH.,#2725);
#2725 = SURFACE_SIDE_STYLE('',(#2726));
#2726 = SURFACE_STYLE_FILL_AREA(#2727);
#2727 = FILL_AREA_STYLE('',(#2728));
#2728 = FILL_AREA_STYLE_COLOUR('',#2594);
#2729 = OVER_RIDING_STYLED_ITEM('overriding color',(#2730),#1620,#2576);
#2730 = PRESENTATION_STYLE_ASSIGNMENT((#2731));
#2731 = SURFACE_STYLE_USAGE(.BOTH.,#2732);
#2732 = SURFACE_SIDE_STYLE('',(#2733));
#2733 = SURFACE_STYLE_FILL_AREA(#2734);
#2734 = FILL_AREA_STYLE('',(#2735));
#2735 = FILL_AREA_STYLE_COLOUR('',#2602);
#2736 = OVER_RIDING_STYLED_ITEM('overriding color',(#2737),#1675,#2576);
#2737 = PRESENTATION_STYLE_ASSIGNMENT((#2738));
#2738 = SURFACE_STYLE_USAGE(.BOTH.,#2739);
#2739 = SURFACE_SIDE_STYLE('',(#2740));
#2740 = SURFACE_STYLE_FILL_AREA(#2741);
#2741 = FILL_AREA_STYLE('',(#2742));
#2742 = FILL_AREA_STYLE_COLOUR('',#2594);
#2743 = OVER_RIDING_STYLED_ITEM('overriding color',(#2744),#1778,#2576);
#2744 = PRESENTATION_STYLE_ASSIGNMENT((#2745));
#2745 = SURFACE_STYLE_USAGE(.BOTH.,#2746);
#2746 = SURFACE_SIDE_STYLE('',(#2747));
#2747 = SURFACE_STYLE_FILL_AREA(#2748);
#2748 = FILL_AREA_STYLE('',(#2749));
#2749 = FILL_AREA_STYLE_COLOUR('',#2602);
#2750 = OVER_RIDING_STYLED_ITEM('overriding color',(#2751),#1832,#2576);
#2751 = PRESENTATION_STYLE_ASSIGNMENT((#2752));
#2752 = SURFACE_STYLE_USAGE(.BOTH.,#2753);
#2753 = SURFACE_SIDE_STYLE('',(#2754));
#2754 = SURFACE_STYLE_FILL_AREA(#2755);
#2755 = FILL_AREA_STYLE('',(#2756));
#2756 = FILL_AREA_STYLE_COLOUR('',#2602);
#2757 = OVER_RIDING_STYLED_ITEM('overriding color',(#2758),#1886,#2576);
#2758 = PRESENTATION_STYLE_ASSIGNMENT((#2759));
#2759 = SURFACE_STYLE_USAGE(.BOTH.,#2760);
#2760 = SURFACE_SIDE_STYLE('',(#2761));
#2761 = SURFACE_STYLE_FILL_AREA(#2762);
#2762 = FILL_AREA_STYLE('',(#2763));
#2763 = FILL_AREA_STYLE_COLOUR('',#2602);
#2764 = OVER_RIDING_STYLED_ITEM('overriding color',(#2765),#1935,#2576);
#2765 = PRESENTATION_STYLE_ASSIGNMENT((#2766));
#2766 = SURFACE_STYLE_USAGE(.BOTH.,#2767);
#2767 = SURFACE_SIDE_STYLE('',(#2768));
#2768 = SURFACE_STYLE_FILL_AREA(#2769);
#2769 = FILL_AREA_STYLE('',(#2770));
#2770 = FILL_AREA_STYLE_COLOUR('',#2602);
#2771 = OVER_RIDING_STYLED_ITEM('overriding color',(#2772),#1984,#2576);
#2772 = PRESENTATION_STYLE_ASSIGNMENT((#2773));
#2773 = SURFACE_STYLE_USAGE(.BOTH.,#2774);
#2774 = SURFACE_SIDE_STYLE('',(#2775));
#2775 = SURFACE_STYLE_FILL_AREA(#2776);
#2776 = FILL_AREA_STYLE('',(#2777));
#2777 = FILL_AREA_STYLE_COLOUR('',#2602);
#2778 = OVER_RIDING_STYLED_ITEM('overriding color',(#2779),#2043,#2576);
#2779 = PRESENTATION_STYLE_ASSIGNMENT((#2780));
#2780 = SURFACE_STYLE_USAGE(.BOTH.,#2781);
#2781 = SURFACE_SIDE_STYLE('',(#2782));
#2782 = SURFACE_STYLE_FILL_AREA(#2783);
#2783 = FILL_AREA_STYLE('',(#2784));
#2784 = FILL_AREA_STYLE_COLOUR('',#2602);
#2785 = OVER_RIDING_STYLED_ITEM('overriding color',(#2786),#2146,#2576);
#2786 = PRESENTATION_STYLE_ASSIGNMENT((#2787));
#2787 = SURFACE_STYLE_USAGE(.BOTH.,#2788);
#2788 = SURFACE_SIDE_STYLE('',(#2789));
#2789 = SURFACE_STYLE_FILL_AREA(#2790);
#2790 = FILL_AREA_STYLE('',(#2791));
#2791 = FILL_AREA_STYLE_COLOUR('',#2594);
#2792 = OVER_RIDING_STYLED_ITEM('overriding color',(#2793),#2242,#2576);
#2793 = PRESENTATION_STYLE_ASSIGNMENT((#2794));
#2794 = SURFACE_STYLE_USAGE(.BOTH.,#2795);
#2795 = SURFACE_SIDE_STYLE('',(#2796));
#2796 = SURFACE_STYLE_FILL_AREA(#2797);
#2797 = FILL_AREA_STYLE('',(#2798));
#2798 = FILL_AREA_STYLE_COLOUR('',#2602);
#2799 = OVER_RIDING_STYLED_ITEM('overriding color',(#2800),#2324,#2576);
#2800 = PRESENTATION_STYLE_ASSIGNMENT((#2801));
#2801 = SURFACE_STYLE_USAGE(.BOTH.,#2802);
#2802 = SURFACE_SIDE_STYLE('',(#2803));
#2803 = SURFACE_STYLE_FILL_AREA(#2804);
#2804 = FILL_AREA_STYLE('',(#2805));
#2805 = FILL_AREA_STYLE_COLOUR('',#2602);
#2806 = OVER_RIDING_STYLED_ITEM('overriding color',(#2807),#2374,#2576);
#2807 = PRESENTATION_STYLE_ASSIGNMENT((#2808));
#2808 = SURFACE_STYLE_USAGE(.BOTH.,#2809);
#2809 = SURFACE_SIDE_STYLE('',(#2810));
#2810 = SURFACE_STYLE_FILL_AREA(#2811);
#2811 = FILL_AREA_STYLE('',(#2812));
#2812 = FILL_AREA_STYLE_COLOUR('',#2602);
#2813 = OVER_RIDING_STYLED_ITEM('overriding color',(#2814),#2424,#2576);
#2814 = PRESENTATION_STYLE_ASSIGNMENT((#2815));
#2815 = SURFACE_STYLE_USAGE(.BOTH.,#2816);
#2816 = SURFACE_SIDE_STYLE('',(#2817));
#2817 = SURFACE_STYLE_FILL_AREA(#2818);
#2818 = FILL_AREA_STYLE('',(#2819));
#2819 = FILL_AREA_STYLE_COLOUR('',#2602);
ENDSEC;
END-ISO-10303-21;
