ISO-10303-21;
HEADER;
FILE_DESCRIPTION(('FreeCAD Model'),'2;1');
FILE_NAME('C:/Users/pweber/Downloads/LED_WL-SFCD-150066M153000.stp',
  '2020-06-23T16:04:36',('Author'),(''),
  'Open CASCADE STEP processor 7.3','FreeCAD','Unknown');
FILE_SCHEMA(('AUTOMOTIVE_DESIGN { 1 0 10303 214 1 1 1 1 }'));
ENDSEC;
DATA;
#1 = APPLICATION_PROTOCOL_DEFINITION('international standard',
  'automotive_design',2000,#2);
#2 = APPLICATION_CONTEXT(
  'core data for automotive mechanical design processes');
#3 = SHAPE_DEFINITION_REPRESENTATION(#4,#10);
#4 = PRODUCT_DEFINITION_SHAPE('','',#5);
#5 = PRODUCT_DEFINITION('design','',#6,#9);
#6 = PRODUCT_DEFINITION_FORMATION('','',#7);
#7 = PRODUCT('150066M153000','150066M153000','',(#8));
#8 = PRODUCT_CONTEXT('',#2,'mechanical');
#9 = PRODUCT_DEFINITION_CONTEXT('part definition',#2,'design');
#10 = ADVANCED_BREP_SHAPE_REPRESENTATION('',(#11,#15),#10070);
#11 = AXIS2_PLACEMENT_3D('',#12,#13,#14);
#12 = CARTESIAN_POINT('',(0.,0.,0.));
#13 = DIRECTION('',(0.,0.,1.));
#14 = DIRECTION('',(1.,0.,-0.));
#15 = BREP_WITH_VOIDS('',#16,(#4386,#4775,#4999,#5157,#5688,#5912,#6301,
    #6797,#6955,#7179,#7438,#7662,#8090,#8314,#8742,#8966,#9190,#9311,
    #9432,#9586,#9707,#9828,#9949));
#16 = CLOSED_SHELL('',(#17,#57,#152,#176,#216,#233,#328,#433,#464,#488,
    #658,#691,#715,#739,#756,#781,#846,#878,#932,#956,#973,#1004,#1028,
    #1057,#1079,#1103,#1127,#1144,#1169,#1201,#1298,#1391,#1415,#1432,
    #1464,#1505,#1536,#1584,#1616,#1672,#1696,#1720,#1751,#1768,#1780,
    #1808,#1877,#1920,#1940,#1998,#2050,#2075,#2094,#2108,#2132,#2149,
    #2173,#2198,#2229,#2253,#2286,#2404,#2428,#2441,#2456,#2526,#2543,
    #2579,#2611,#2754,#2781,#2812,#2836,#2853,#2977,#3012,#3024,#3038,
    #3050,#3067,#3091,#3108,#3125,#3137,#3154,#3171,#3202,#3226,#3327,
    #3359,#3393,#3445,#3480,#3573,#3655,#3672,#3694,#3706,#3719,#3743,
    #3767,#3784,#3809,#3826,#3838,#3869,#3893,#3905,#3936,#3960,#3984,
    #3996,#4013,#4025,#4052,#4076,#4093,#4110,#4128,#4141,#4154,#4171,
    #4203,#4227,#4251,#4283,#4295,#4307,#4319,#4331,#4357,#4374));
#17 = ADVANCED_FACE('',(#18),#52,.T.);
#18 = FACE_BOUND('',#19,.T.);
#19 = EDGE_LOOP('',(#20,#30,#38,#46));
#20 = ORIENTED_EDGE('',*,*,#21,.F.);
#21 = EDGE_CURVE('',#22,#24,#26,.T.);
#22 = VERTEX_POINT('',#23);
#23 = CARTESIAN_POINT('',(-0.409946585525,-0.27018988823,0.));
#24 = VERTEX_POINT('',#25);
#25 = CARTESIAN_POINT('',(-0.159923458103,-0.27018988823,0.));
#26 = LINE('',#27,#28);
#27 = CARTESIAN_POINT('',(-0.409946585525,-0.27018988823,0.));
#28 = VECTOR('',#29,1.);
#29 = DIRECTION('',(1.,-2.168203765116E-16,0.));
#30 = ORIENTED_EDGE('',*,*,#31,.F.);
#31 = EDGE_CURVE('',#32,#22,#34,.T.);
#32 = VERTEX_POINT('',#33);
#33 = CARTESIAN_POINT('',(-0.409946585525,-0.27018988823,3.E-02));
#34 = LINE('',#35,#36);
#35 = CARTESIAN_POINT('',(-0.409946585525,-0.27018988823,3.E-02));
#36 = VECTOR('',#37,1.);
#37 = DIRECTION('',(0.,0.,-1.));
#38 = ORIENTED_EDGE('',*,*,#39,.T.);
#39 = EDGE_CURVE('',#32,#40,#42,.T.);
#40 = VERTEX_POINT('',#41);
#41 = CARTESIAN_POINT('',(-0.159923458103,-0.27018988823,3.E-02));
#42 = LINE('',#43,#44);
#43 = CARTESIAN_POINT('',(-0.409946585525,-0.27018988823,3.E-02));
#44 = VECTOR('',#45,1.);
#45 = DIRECTION('',(1.,-2.168203765116E-16,0.));
#46 = ORIENTED_EDGE('',*,*,#47,.T.);
#47 = EDGE_CURVE('',#40,#24,#48,.T.);
#48 = LINE('',#49,#50);
#49 = CARTESIAN_POINT('',(-0.159923458103,-0.27018988823,3.E-02));
#50 = VECTOR('',#51,1.);
#51 = DIRECTION('',(0.,0.,-1.));
#52 = PLANE('',#53);
#53 = AXIS2_PLACEMENT_3D('',#54,#55,#56);
#54 = CARTESIAN_POINT('',(-0.409946585525,-0.27018988823,3.E-02));
#55 = DIRECTION('',(2.168203765116E-16,1.,0.));
#56 = DIRECTION('',(-1.,2.168203765116E-16,0.));
#57 = ADVANCED_FACE('',(#58),#147,.T.);
#58 = FACE_BOUND('',#59,.T.);
#59 = EDGE_LOOP('',(#60,#70,#78,#86,#94,#100,#101,#109,#117,#125,#133,
    #141));
#60 = ORIENTED_EDGE('',*,*,#61,.F.);
#61 = EDGE_CURVE('',#62,#64,#66,.T.);
#62 = VERTEX_POINT('',#63);
#63 = CARTESIAN_POINT('',(-0.8,-7.346283513409E-02,0.));
#64 = VERTEX_POINT('',#65);
#65 = CARTESIAN_POINT('',(-0.8,-1.E-01,0.));
#66 = LINE('',#67,#68);
#67 = CARTESIAN_POINT('',(-0.799999965582,9.999999653703E-02,0.));
#68 = VECTOR('',#69,1.);
#69 = DIRECTION('',(0.,-1.,0.));
#70 = ORIENTED_EDGE('',*,*,#71,.F.);
#71 = EDGE_CURVE('',#72,#62,#74,.T.);
#72 = VERTEX_POINT('',#73);
#73 = CARTESIAN_POINT('',(-0.41,-7.346283513409E-02,0.));
#74 = LINE('',#75,#76);
#75 = CARTESIAN_POINT('',(-0.41,-7.346283513409E-02,0.));
#76 = VECTOR('',#77,1.);
#77 = DIRECTION('',(-1.,-2.085004177857E-16,0.));
#78 = ORIENTED_EDGE('',*,*,#79,.F.);
#79 = EDGE_CURVE('',#80,#72,#82,.T.);
#80 = VERTEX_POINT('',#81);
#81 = CARTESIAN_POINT('',(-0.41,-0.270170294784,0.));
#82 = LINE('',#83,#84);
#83 = CARTESIAN_POINT('',(-0.41,-0.270170294784,0.));
#84 = VECTOR('',#85,1.);
#85 = DIRECTION('',(0.,1.,0.));
#86 = ORIENTED_EDGE('',*,*,#87,.F.);
#87 = EDGE_CURVE('',#88,#80,#90,.T.);
#88 = VERTEX_POINT('',#89);
#89 = CARTESIAN_POINT('',(-0.409946585525,-0.270170294784,0.));
#90 = LINE('',#91,#92);
#91 = CARTESIAN_POINT('',(-0.16,-0.270170294784,0.));
#92 = VECTOR('',#93,1.);
#93 = DIRECTION('',(-1.,-4.336808689942E-16,0.));
#94 = ORIENTED_EDGE('',*,*,#95,.T.);
#95 = EDGE_CURVE('',#88,#22,#96,.T.);
#96 = LINE('',#97,#98);
#97 = CARTESIAN_POINT('',(-0.409946585525,-7.341817983695E-02,0.));
#98 = VECTOR('',#99,1.);
#99 = DIRECTION('',(0.,-1.,0.));
#100 = ORIENTED_EDGE('',*,*,#21,.T.);
#101 = ORIENTED_EDGE('',*,*,#102,.T.);
#102 = EDGE_CURVE('',#24,#103,#105,.T.);
#103 = VERTEX_POINT('',#104);
#104 = CARTESIAN_POINT('',(-0.159923458103,0.800000000064,0.));
#105 = LINE('',#106,#107);
#106 = CARTESIAN_POINT('',(-0.159923458103,-0.27018988823,0.));
#107 = VECTOR('',#108,1.);
#108 = DIRECTION('',(0.,1.,0.));
#109 = ORIENTED_EDGE('',*,*,#110,.F.);
#110 = EDGE_CURVE('',#111,#103,#113,.T.);
#111 = VERTEX_POINT('',#112);
#112 = CARTESIAN_POINT('',(-0.120050935998,0.800000000064,0.));
#113 = LINE('',#114,#115);
#114 = CARTESIAN_POINT('',(0.799999965582,0.800000000064,0.));
#115 = VECTOR('',#116,1.);
#116 = DIRECTION('',(-1.,6.776263869569E-17,0.));
#117 = ORIENTED_EDGE('',*,*,#118,.F.);
#118 = EDGE_CURVE('',#119,#111,#121,.T.);
#119 = VERTEX_POINT('',#120);
#120 = CARTESIAN_POINT('',(-0.120050935998,-0.304992612581,0.));
#121 = LINE('',#122,#123);
#122 = CARTESIAN_POINT('',(-0.120050935998,0.800000000064,0.));
#123 = VECTOR('',#124,1.);
#124 = DIRECTION('',(9.811849962426E-17,1.,0.));
#125 = ORIENTED_EDGE('',*,*,#126,.F.);
#126 = EDGE_CURVE('',#127,#119,#129,.T.);
#127 = VERTEX_POINT('',#128);
#128 = CARTESIAN_POINT('',(-0.449999999999,-0.304992612581,0.));
#129 = LINE('',#130,#131);
#130 = CARTESIAN_POINT('',(-0.120050935998,-0.304992612581,0.));
#131 = VECTOR('',#132,1.);
#132 = DIRECTION('',(1.,-1.642984161459E-16,0.));
#133 = ORIENTED_EDGE('',*,*,#134,.F.);
#134 = EDGE_CURVE('',#135,#127,#137,.T.);
#135 = VERTEX_POINT('',#136);
#136 = CARTESIAN_POINT('',(-0.45,-1.E-01,0.));
#137 = LINE('',#138,#139);
#138 = CARTESIAN_POINT('',(-0.449999999999,-1.E-01,0.));
#139 = VECTOR('',#140,1.);
#140 = DIRECTION('',(-2.644490840025E-16,-1.,0.));
#141 = ORIENTED_EDGE('',*,*,#142,.F.);
#142 = EDGE_CURVE('',#64,#135,#143,.T.);
#143 = LINE('',#144,#145);
#144 = CARTESIAN_POINT('',(-0.8,-1.E-01,0.));
#145 = VECTOR('',#146,1.);
#146 = DIRECTION('',(1.,8.131516293625E-16,0.));
#147 = PLANE('',#148);
#148 = AXIS2_PLACEMENT_3D('',#149,#150,#151);
#149 = CARTESIAN_POINT('',(0.799999965582,-0.425000000005,0.));
#150 = DIRECTION('',(0.,0.,-1.));
#151 = DIRECTION('',(-1.,0.,0.));
#152 = ADVANCED_FACE('',(#153),#171,.T.);
#153 = FACE_BOUND('',#154,.T.);
#154 = EDGE_LOOP('',(#155,#156,#164,#170));
#155 = ORIENTED_EDGE('',*,*,#95,.F.);
#156 = ORIENTED_EDGE('',*,*,#157,.F.);
#157 = EDGE_CURVE('',#158,#88,#160,.T.);
#158 = VERTEX_POINT('',#159);
#159 = CARTESIAN_POINT('',(-0.409946585525,-0.270170294784,3.E-02));
#160 = LINE('',#161,#162);
#161 = CARTESIAN_POINT('',(-0.409946585525,-0.270170294784,3.E-02));
#162 = VECTOR('',#163,1.);
#163 = DIRECTION('',(0.,0.,-1.));
#164 = ORIENTED_EDGE('',*,*,#165,.T.);
#165 = EDGE_CURVE('',#158,#32,#166,.T.);
#166 = LINE('',#167,#168);
#167 = CARTESIAN_POINT('',(-0.409946585525,-7.341817983695E-02,3.E-02));
#168 = VECTOR('',#169,1.);
#169 = DIRECTION('',(0.,-1.,0.));
#170 = ORIENTED_EDGE('',*,*,#31,.T.);
#171 = PLANE('',#172);
#172 = AXIS2_PLACEMENT_3D('',#173,#174,#175);
#173 = CARTESIAN_POINT('',(-0.409946585525,-7.341817983695E-02,3.E-02));
#174 = DIRECTION('',(1.,0.,0.));
#175 = DIRECTION('',(0.,0.,-1.));
#176 = ADVANCED_FACE('',(#177),#211,.F.);
#177 = FACE_BOUND('',#178,.F.);
#178 = EDGE_LOOP('',(#179,#187,#188,#189,#197,#205));
#179 = ORIENTED_EDGE('',*,*,#180,.T.);
#180 = EDGE_CURVE('',#181,#158,#183,.T.);
#181 = VERTEX_POINT('',#182);
#182 = CARTESIAN_POINT('',(-0.16,-0.270170294784,3.E-02));
#183 = LINE('',#184,#185);
#184 = CARTESIAN_POINT('',(-0.16,-0.270170294784,3.E-02));
#185 = VECTOR('',#186,1.);
#186 = DIRECTION('',(-1.,-4.336808689942E-16,0.));
#187 = ORIENTED_EDGE('',*,*,#165,.T.);
#188 = ORIENTED_EDGE('',*,*,#39,.T.);
#189 = ORIENTED_EDGE('',*,*,#190,.T.);
#190 = EDGE_CURVE('',#40,#191,#193,.T.);
#191 = VERTEX_POINT('',#192);
#192 = CARTESIAN_POINT('',(-0.159923458103,0.800000000064,3.E-02));
#193 = LINE('',#194,#195);
#194 = CARTESIAN_POINT('',(-0.159923458103,-0.27018988823,3.E-02));
#195 = VECTOR('',#196,1.);
#196 = DIRECTION('',(0.,1.,0.));
#197 = ORIENTED_EDGE('',*,*,#198,.T.);
#198 = EDGE_CURVE('',#191,#199,#201,.T.);
#199 = VERTEX_POINT('',#200);
#200 = CARTESIAN_POINT('',(-0.16,0.8,3.E-02));
#201 = LINE('',#202,#203);
#202 = CARTESIAN_POINT('',(-0.159923458103,0.800000000064,3.E-02));
#203 = VECTOR('',#204,1.);
#204 = DIRECTION('',(-1.,-4.336407530232E-16,0.));
#205 = ORIENTED_EDGE('',*,*,#206,.T.);
#206 = EDGE_CURVE('',#199,#181,#207,.T.);
#207 = LINE('',#208,#209);
#208 = CARTESIAN_POINT('',(-0.16,0.8,3.E-02));
#209 = VECTOR('',#210,1.);
#210 = DIRECTION('',(0.,-1.,0.));
#211 = PLANE('',#212);
#212 = AXIS2_PLACEMENT_3D('',#213,#214,#215);
#213 = CARTESIAN_POINT('',(0.,0.,3.E-02));
#214 = DIRECTION('',(0.,0.,1.));
#215 = DIRECTION('',(1.,0.,0.));
#216 = ADVANCED_FACE('',(#217),#228,.T.);
#217 = FACE_BOUND('',#218,.T.);
#218 = EDGE_LOOP('',(#219,#220,#221,#222));
#219 = ORIENTED_EDGE('',*,*,#102,.F.);
#220 = ORIENTED_EDGE('',*,*,#47,.F.);
#221 = ORIENTED_EDGE('',*,*,#190,.T.);
#222 = ORIENTED_EDGE('',*,*,#223,.T.);
#223 = EDGE_CURVE('',#191,#103,#224,.T.);
#224 = LINE('',#225,#226);
#225 = CARTESIAN_POINT('',(-0.159923458103,0.800000000064,3.E-02));
#226 = VECTOR('',#227,1.);
#227 = DIRECTION('',(0.,0.,-1.));
#228 = PLANE('',#229);
#229 = AXIS2_PLACEMENT_3D('',#230,#231,#232);
#230 = CARTESIAN_POINT('',(-0.159923458103,-0.27018988823,3.E-02));
#231 = DIRECTION('',(-1.,0.,0.));
#232 = DIRECTION('',(0.,0.,1.));
#233 = ADVANCED_FACE('',(#234),#323,.F.);
#234 = FACE_BOUND('',#235,.F.);
#235 = EDGE_LOOP('',(#236,#246,#254,#262,#270,#278,#286,#294,#302,#310,
    #316,#317));
#236 = ORIENTED_EDGE('',*,*,#237,.T.);
#237 = EDGE_CURVE('',#238,#240,#242,.T.);
#238 = VERTEX_POINT('',#239);
#239 = CARTESIAN_POINT('',(-0.8,-7.346283513409E-02,3.E-02));
#240 = VERTEX_POINT('',#241);
#241 = CARTESIAN_POINT('',(-0.799999965582,-7.341817983695E-02,3.E-02));
#242 = LINE('',#243,#244);
#243 = CARTESIAN_POINT('',(-0.8,-7.346283513409E-02,3.E-02));
#244 = VECTOR('',#245,1.);
#245 = DIRECTION('',(0.,1.,0.));
#246 = ORIENTED_EDGE('',*,*,#247,.F.);
#247 = EDGE_CURVE('',#248,#240,#250,.T.);
#248 = VERTEX_POINT('',#249);
#249 = CARTESIAN_POINT('',(-0.799999965582,7.002282940834E-02,3.E-02));
#250 = LINE('',#251,#252);
#251 = CARTESIAN_POINT('',(-0.799999965582,7.002282940834E-02,3.E-02));
#252 = VECTOR('',#253,1.);
#253 = DIRECTION('',(0.,-1.,0.));
#254 = ORIENTED_EDGE('',*,*,#255,.T.);
#255 = EDGE_CURVE('',#248,#256,#258,.T.);
#256 = VERTEX_POINT('',#257);
#257 = CARTESIAN_POINT('',(-0.8,7.009141146679E-02,3.E-02));
#258 = LINE('',#259,#260);
#259 = CARTESIAN_POINT('',(-0.8,-7.346283513409E-02,3.E-02));
#260 = VECTOR('',#261,1.);
#261 = DIRECTION('',(0.,1.,0.));
#262 = ORIENTED_EDGE('',*,*,#263,.T.);
#263 = EDGE_CURVE('',#256,#264,#266,.T.);
#264 = VERTEX_POINT('',#265);
#265 = CARTESIAN_POINT('',(-0.8,7.009141146679E-02,0.));
#266 = LINE('',#267,#268);
#267 = CARTESIAN_POINT('',(-0.8,7.009141146679E-02,3.E-02));
#268 = VECTOR('',#269,1.);
#269 = DIRECTION('',(0.,0.,-1.));
#270 = ORIENTED_EDGE('',*,*,#271,.F.);
#271 = EDGE_CURVE('',#272,#264,#274,.T.);
#272 = VERTEX_POINT('',#273);
#273 = CARTESIAN_POINT('',(-0.799999982791,9.999999826852E-02,0.));
#274 = LINE('',#275,#276);
#275 = CARTESIAN_POINT('',(-0.799999965582,9.999999653703E-02,0.));
#276 = VECTOR('',#277,1.);
#277 = DIRECTION('',(0.,-1.,0.));
#278 = ORIENTED_EDGE('',*,*,#279,.F.);
#279 = EDGE_CURVE('',#280,#272,#282,.T.);
#280 = VERTEX_POINT('',#281);
#281 = CARTESIAN_POINT('',(-0.8,1.E-01,3.E-02));
#282 = LINE('',#283,#284);
#283 = CARTESIAN_POINT('',(-0.8,1.E-01,3.E-02));
#284 = VECTOR('',#285,1.);
#285 = DIRECTION('',(0.,0.,-1.));
#286 = ORIENTED_EDGE('',*,*,#287,.F.);
#287 = EDGE_CURVE('',#288,#280,#290,.T.);
#288 = VERTEX_POINT('',#289);
#289 = CARTESIAN_POINT('',(-0.799999982791,9.999999826852E-02,0.16));
#290 = LINE('',#291,#292);
#291 = CARTESIAN_POINT('',(-0.799999965582,9.999999653703E-02,0.16));
#292 = VECTOR('',#293,1.);
#293 = DIRECTION('',(0.,0.,-1.));
#294 = ORIENTED_EDGE('',*,*,#295,.T.);
#295 = EDGE_CURVE('',#288,#296,#298,.T.);
#296 = VERTEX_POINT('',#297);
#297 = CARTESIAN_POINT('',(-0.799999982791,-9.999999826851E-02,0.16));
#298 = LINE('',#299,#300);
#299 = CARTESIAN_POINT('',(-0.799999965582,9.999999653703E-02,0.16));
#300 = VECTOR('',#301,1.);
#301 = DIRECTION('',(0.,-1.,0.));
#302 = ORIENTED_EDGE('',*,*,#303,.T.);
#303 = EDGE_CURVE('',#296,#304,#306,.T.);
#304 = VERTEX_POINT('',#305);
#305 = CARTESIAN_POINT('',(-0.8,-1.E-01,3.E-02));
#306 = LINE('',#307,#308);
#307 = CARTESIAN_POINT('',(-0.799999965582,-9.999999653703E-02,0.16));
#308 = VECTOR('',#309,1.);
#309 = DIRECTION('',(0.,0.,-1.));
#310 = ORIENTED_EDGE('',*,*,#311,.T.);
#311 = EDGE_CURVE('',#304,#64,#312,.T.);
#312 = LINE('',#313,#314);
#313 = CARTESIAN_POINT('',(-0.8,-1.E-01,3.E-02));
#314 = VECTOR('',#315,1.);
#315 = DIRECTION('',(0.,0.,-1.));
#316 = ORIENTED_EDGE('',*,*,#61,.F.);
#317 = ORIENTED_EDGE('',*,*,#318,.F.);
#318 = EDGE_CURVE('',#238,#62,#319,.T.);
#319 = LINE('',#320,#321);
#320 = CARTESIAN_POINT('',(-0.8,-7.346283513409E-02,3.E-02));
#321 = VECTOR('',#322,1.);
#322 = DIRECTION('',(0.,0.,-1.));
#323 = PLANE('',#324);
#324 = AXIS2_PLACEMENT_3D('',#325,#326,#327);
#325 = CARTESIAN_POINT('',(-0.799999965582,9.999999653703E-02,0.16));
#326 = DIRECTION('',(1.,0.,0.));
#327 = DIRECTION('',(0.,0.,-1.));
#328 = ADVANCED_FACE('',(#329),#428,.T.);
#329 = FACE_BOUND('',#330,.T.);
#330 = EDGE_LOOP('',(#331,#341,#349,#357,#365,#374,#380,#381,#382,#390,
    #398,#406,#414,#422));
#331 = ORIENTED_EDGE('',*,*,#332,.F.);
#332 = EDGE_CURVE('',#333,#335,#337,.T.);
#333 = VERTEX_POINT('',#334);
#334 = CARTESIAN_POINT('',(-0.449999999999,-0.545007387419,0.));
#335 = VERTEX_POINT('',#336);
#336 = CARTESIAN_POINT('',(-0.45,-0.545,0.));
#337 = LINE('',#338,#339);
#338 = CARTESIAN_POINT('',(-0.45,-0.545,0.));
#339 = VECTOR('',#340,1.);
#340 = DIRECTION('',(1.031314261633E-14,1.,0.));
#341 = ORIENTED_EDGE('',*,*,#342,.T.);
#342 = EDGE_CURVE('',#333,#343,#345,.T.);
#343 = VERTEX_POINT('',#344);
#344 = CARTESIAN_POINT('',(-0.45,-0.75,0.));
#345 = LINE('',#346,#347);
#346 = CARTESIAN_POINT('',(-0.449999999999,-0.545007387419,0.));
#347 = VECTOR('',#348,1.);
#348 = DIRECTION('',(-5.288981680051E-16,-1.,0.));
#349 = ORIENTED_EDGE('',*,*,#350,.T.);
#350 = EDGE_CURVE('',#343,#351,#353,.T.);
#351 = VERTEX_POINT('',#352);
#352 = CARTESIAN_POINT('',(-0.8,-0.75,0.));
#353 = LINE('',#354,#355);
#354 = CARTESIAN_POINT('',(-0.449999999999,-0.75,0.));
#355 = VECTOR('',#356,1.);
#356 = DIRECTION('',(-1.,4.336808689933E-15,0.));
#357 = ORIENTED_EDGE('',*,*,#358,.F.);
#358 = EDGE_CURVE('',#359,#351,#361,.T.);
#359 = VERTEX_POINT('',#360);
#360 = CARTESIAN_POINT('',(-0.8,-0.59,0.));
#361 = LINE('',#362,#363);
#362 = CARTESIAN_POINT('',(-0.8,-0.75,0.));
#363 = VECTOR('',#364,1.);
#364 = DIRECTION('',(6.098637220231E-15,-1.,0.));
#365 = ORIENTED_EDGE('',*,*,#366,.F.);
#366 = EDGE_CURVE('',#367,#359,#369,.T.);
#367 = VERTEX_POINT('',#368);
#368 = CARTESIAN_POINT('',(-0.8,-0.26,0.));
#369 = CIRCLE('',#370,0.165);
#370 = AXIS2_PLACEMENT_3D('',#371,#372,#373);
#371 = CARTESIAN_POINT('',(-0.8,-0.425,0.));
#372 = DIRECTION('',(0.,0.,-1.));
#373 = DIRECTION('',(-1.,0.,0.));
#374 = ORIENTED_EDGE('',*,*,#375,.F.);
#375 = EDGE_CURVE('',#64,#367,#376,.T.);
#376 = LINE('',#377,#378);
#377 = CARTESIAN_POINT('',(-0.8,-9.999999999999E-02,0.));
#378 = VECTOR('',#379,1.);
#379 = DIRECTION('',(-5.421010862428E-15,-1.,0.));
#380 = ORIENTED_EDGE('',*,*,#142,.T.);
#381 = ORIENTED_EDGE('',*,*,#134,.T.);
#382 = ORIENTED_EDGE('',*,*,#383,.F.);
#383 = EDGE_CURVE('',#384,#127,#386,.T.);
#384 = VERTEX_POINT('',#385);
#385 = CARTESIAN_POINT('',(-0.45,-0.305,0.));
#386 = LINE('',#387,#388);
#387 = CARTESIAN_POINT('',(-0.45,-9.999999999999E-02,0.));
#388 = VECTOR('',#389,1.);
#389 = DIRECTION('',(-3.966593313971E-15,1.,0.));
#390 = ORIENTED_EDGE('',*,*,#391,.F.);
#391 = EDGE_CURVE('',#392,#384,#394,.T.);
#392 = VERTEX_POINT('',#393);
#393 = CARTESIAN_POINT('',(-0.12,-0.305,0.));
#394 = LINE('',#395,#396);
#395 = CARTESIAN_POINT('',(-0.45,-0.305,0.));
#396 = VECTOR('',#397,1.);
#397 = DIRECTION('',(-1.,0.,0.));
#398 = ORIENTED_EDGE('',*,*,#399,.F.);
#399 = EDGE_CURVE('',#400,#392,#402,.T.);
#400 = VERTEX_POINT('',#401);
#401 = CARTESIAN_POINT('',(-0.12,0.8,0.));
#402 = LINE('',#403,#404);
#403 = CARTESIAN_POINT('',(-0.12,0.8,0.));
#404 = VECTOR('',#405,1.);
#405 = DIRECTION('',(3.311477223655E-16,-1.,0.));
#406 = ORIENTED_EDGE('',*,*,#407,.F.);
#407 = EDGE_CURVE('',#408,#400,#410,.T.);
#408 = VERTEX_POINT('',#409);
#409 = CARTESIAN_POINT('',(0.119964057936,0.800000000064,0.));
#410 = LINE('',#411,#412);
#411 = CARTESIAN_POINT('',(0.12,0.8,0.));
#412 = VECTOR('',#413,1.);
#413 = DIRECTION('',(-1.,0.,0.));
#414 = ORIENTED_EDGE('',*,*,#415,.T.);
#415 = EDGE_CURVE('',#408,#416,#418,.T.);
#416 = VERTEX_POINT('',#417);
#417 = CARTESIAN_POINT('',(0.119964057936,-0.545,0.));
#418 = LINE('',#419,#420);
#419 = CARTESIAN_POINT('',(0.119964057936,-0.545007387419,0.));
#420 = VECTOR('',#421,1.);
#421 = DIRECTION('',(0.,-1.,0.));
#422 = ORIENTED_EDGE('',*,*,#423,.F.);
#423 = EDGE_CURVE('',#335,#416,#424,.T.);
#424 = LINE('',#425,#426);
#425 = CARTESIAN_POINT('',(-0.45,-0.545,0.));
#426 = VECTOR('',#427,1.);
#427 = DIRECTION('',(1.,0.,0.));
#428 = PLANE('',#429);
#429 = AXIS2_PLACEMENT_3D('',#430,#431,#432);
#430 = CARTESIAN_POINT('',(-0.8,-0.425,0.));
#431 = DIRECTION('',(0.,0.,-1.));
#432 = DIRECTION('',(-1.,0.,0.));
#433 = ADVANCED_FACE('',(#434),#459,.F.);
#434 = FACE_BOUND('',#435,.T.);
#435 = EDGE_LOOP('',(#436,#437,#445,#453));
#436 = ORIENTED_EDGE('',*,*,#126,.T.);
#437 = ORIENTED_EDGE('',*,*,#438,.F.);
#438 = EDGE_CURVE('',#439,#119,#441,.T.);
#439 = VERTEX_POINT('',#440);
#440 = CARTESIAN_POINT('',(-0.120050935998,-0.304992612581,3.E-02));
#441 = LINE('',#442,#443);
#442 = CARTESIAN_POINT('',(-0.120050935998,-0.304992612581,3.E-02));
#443 = VECTOR('',#444,1.);
#444 = DIRECTION('',(0.,0.,-1.));
#445 = ORIENTED_EDGE('',*,*,#446,.F.);
#446 = EDGE_CURVE('',#447,#439,#449,.T.);
#447 = VERTEX_POINT('',#448);
#448 = CARTESIAN_POINT('',(-0.449999999999,-0.304992612581,3.E-02));
#449 = LINE('',#450,#451);
#450 = CARTESIAN_POINT('',(-0.120050935998,-0.304992612581,3.E-02));
#451 = VECTOR('',#452,1.);
#452 = DIRECTION('',(1.,-1.642984161459E-16,0.));
#453 = ORIENTED_EDGE('',*,*,#454,.T.);
#454 = EDGE_CURVE('',#447,#127,#455,.T.);
#455 = LINE('',#456,#457);
#456 = CARTESIAN_POINT('',(-0.449999999999,-0.304992612581,3.E-02));
#457 = VECTOR('',#458,1.);
#458 = DIRECTION('',(0.,0.,-1.));
#459 = PLANE('',#460);
#460 = AXIS2_PLACEMENT_3D('',#461,#462,#463);
#461 = CARTESIAN_POINT('',(-0.120050935998,-0.304992612581,3.E-02));
#462 = DIRECTION('',(1.642984161459E-16,1.,0.));
#463 = DIRECTION('',(-1.,1.642984161459E-16,0.));
#464 = ADVANCED_FACE('',(#465),#483,.F.);
#465 = FACE_BOUND('',#466,.T.);
#466 = EDGE_LOOP('',(#467,#468,#476,#482));
#467 = ORIENTED_EDGE('',*,*,#118,.T.);
#468 = ORIENTED_EDGE('',*,*,#469,.F.);
#469 = EDGE_CURVE('',#470,#111,#472,.T.);
#470 = VERTEX_POINT('',#471);
#471 = CARTESIAN_POINT('',(-0.120050935998,0.800000000064,3.E-02));
#472 = LINE('',#473,#474);
#473 = CARTESIAN_POINT('',(-0.120050935998,0.800000000064,3.E-02));
#474 = VECTOR('',#475,1.);
#475 = DIRECTION('',(0.,0.,-1.));
#476 = ORIENTED_EDGE('',*,*,#477,.F.);
#477 = EDGE_CURVE('',#439,#470,#478,.T.);
#478 = LINE('',#479,#480);
#479 = CARTESIAN_POINT('',(-0.120050935998,0.800000000064,3.E-02));
#480 = VECTOR('',#481,1.);
#481 = DIRECTION('',(9.811849962426E-17,1.,0.));
#482 = ORIENTED_EDGE('',*,*,#438,.T.);
#483 = PLANE('',#484);
#484 = AXIS2_PLACEMENT_3D('',#485,#486,#487);
#485 = CARTESIAN_POINT('',(-0.120050935998,0.800000000064,3.E-02));
#486 = DIRECTION('',(-1.,9.811849962426E-17,0.));
#487 = DIRECTION('',(-9.811849962426E-17,-1.,0.));
#488 = ADVANCED_FACE('',(#489),#653,.F.);
#489 = FACE_BOUND('',#490,.F.);
#490 = EDGE_LOOP('',(#491,#492,#493,#494,#495,#503,#511,#519,#527,#535,
    #543,#551,#559,#567,#575,#583,#591,#599,#607,#615,#623,#631,#639,
    #647));
#491 = ORIENTED_EDGE('',*,*,#198,.F.);
#492 = ORIENTED_EDGE('',*,*,#223,.T.);
#493 = ORIENTED_EDGE('',*,*,#110,.F.);
#494 = ORIENTED_EDGE('',*,*,#469,.F.);
#495 = ORIENTED_EDGE('',*,*,#496,.T.);
#496 = EDGE_CURVE('',#470,#497,#499,.T.);
#497 = VERTEX_POINT('',#498);
#498 = CARTESIAN_POINT('',(-0.12,0.8,3.E-02));
#499 = LINE('',#500,#501);
#500 = CARTESIAN_POINT('',(0.119964057936,0.800000000064,3.E-02));
#501 = VECTOR('',#502,1.);
#502 = DIRECTION('',(1.,-4.517226839521E-16,0.));
#503 = ORIENTED_EDGE('',*,*,#504,.T.);
#504 = EDGE_CURVE('',#497,#505,#507,.T.);
#505 = VERTEX_POINT('',#506);
#506 = CARTESIAN_POINT('',(0.119964057936,0.800000000064,3.E-02));
#507 = LINE('',#508,#509);
#508 = CARTESIAN_POINT('',(0.119964057936,0.800000000064,3.E-02));
#509 = VECTOR('',#510,1.);
#510 = DIRECTION('',(1.,-4.517226839521E-16,0.));
#511 = ORIENTED_EDGE('',*,*,#512,.F.);
#512 = EDGE_CURVE('',#513,#505,#515,.T.);
#513 = VERTEX_POINT('',#514);
#514 = CARTESIAN_POINT('',(0.12,0.8,3.E-02));
#515 = LINE('',#516,#517);
#516 = CARTESIAN_POINT('',(0.12,0.8,3.E-02));
#517 = VECTOR('',#518,1.);
#518 = DIRECTION('',(-1.,0.,0.));
#519 = ORIENTED_EDGE('',*,*,#520,.T.);
#520 = EDGE_CURVE('',#513,#521,#523,.T.);
#521 = VERTEX_POINT('',#522);
#522 = CARTESIAN_POINT('',(0.12,0.8,0.));
#523 = LINE('',#524,#525);
#524 = CARTESIAN_POINT('',(0.12,0.8,3.E-02));
#525 = VECTOR('',#526,1.);
#526 = DIRECTION('',(0.,0.,-1.));
#527 = ORIENTED_EDGE('',*,*,#528,.F.);
#528 = EDGE_CURVE('',#529,#521,#531,.T.);
#529 = VERTEX_POINT('',#530);
#530 = CARTESIAN_POINT('',(0.159457937574,0.8,0.));
#531 = LINE('',#532,#533);
#532 = CARTESIAN_POINT('',(0.799999965582,0.800000000064,0.));
#533 = VECTOR('',#534,1.);
#534 = DIRECTION('',(-1.,6.776263869569E-17,0.));
#535 = ORIENTED_EDGE('',*,*,#536,.F.);
#536 = EDGE_CURVE('',#537,#529,#539,.T.);
#537 = VERTEX_POINT('',#538);
#538 = CARTESIAN_POINT('',(0.159457937574,0.8,3.E-02));
#539 = LINE('',#540,#541);
#540 = CARTESIAN_POINT('',(0.159457937574,0.8,3.E-02));
#541 = VECTOR('',#542,1.);
#542 = DIRECTION('',(0.,0.,-1.));
#543 = ORIENTED_EDGE('',*,*,#544,.F.);
#544 = EDGE_CURVE('',#545,#537,#547,.T.);
#545 = VERTEX_POINT('',#546);
#546 = CARTESIAN_POINT('',(0.159485599839,0.800000000064,3.E-02));
#547 = LINE('',#548,#549);
#548 = CARTESIAN_POINT('',(0.399457937574,0.8,3.E-02));
#549 = VECTOR('',#550,1.);
#550 = DIRECTION('',(-1.,-1.355252715607E-15,0.));
#551 = ORIENTED_EDGE('',*,*,#552,.F.);
#552 = EDGE_CURVE('',#553,#545,#555,.T.);
#553 = VERTEX_POINT('',#554);
#554 = CARTESIAN_POINT('',(0.399457937574,0.8,3.E-02));
#555 = LINE('',#556,#557);
#556 = CARTESIAN_POINT('',(0.399464377531,0.800000000064,3.E-02));
#557 = VECTOR('',#558,1.);
#558 = DIRECTION('',(-1.,0.,0.));
#559 = ORIENTED_EDGE('',*,*,#560,.F.);
#560 = EDGE_CURVE('',#561,#553,#563,.T.);
#561 = VERTEX_POINT('',#562);
#562 = CARTESIAN_POINT('',(0.399464377531,0.800000000064,3.E-02));
#563 = LINE('',#564,#565);
#564 = CARTESIAN_POINT('',(0.399464377531,0.800000000064,3.E-02));
#565 = VECTOR('',#566,1.);
#566 = DIRECTION('',(-1.,0.,0.));
#567 = ORIENTED_EDGE('',*,*,#568,.T.);
#568 = EDGE_CURVE('',#561,#569,#571,.T.);
#569 = VERTEX_POINT('',#570);
#570 = CARTESIAN_POINT('',(0.399464377531,0.800000000064,0.));
#571 = LINE('',#572,#573);
#572 = CARTESIAN_POINT('',(0.399464377531,0.800000000064,3.E-02));
#573 = VECTOR('',#574,1.);
#574 = DIRECTION('',(0.,0.,-1.));
#575 = ORIENTED_EDGE('',*,*,#576,.F.);
#576 = EDGE_CURVE('',#577,#569,#579,.T.);
#577 = VERTEX_POINT('',#578);
#578 = CARTESIAN_POINT('',(0.799999965582,0.800000000064,0.));
#579 = LINE('',#580,#581);
#580 = CARTESIAN_POINT('',(0.799999965582,0.800000000064,0.));
#581 = VECTOR('',#582,1.);
#582 = DIRECTION('',(-1.,6.776263869569E-17,0.));
#583 = ORIENTED_EDGE('',*,*,#584,.F.);
#584 = EDGE_CURVE('',#585,#577,#587,.T.);
#585 = VERTEX_POINT('',#586);
#586 = CARTESIAN_POINT('',(0.799999965582,0.800000000064,0.16));
#587 = LINE('',#588,#589);
#588 = CARTESIAN_POINT('',(0.799999965582,0.800000000064,0.16));
#589 = VECTOR('',#590,1.);
#590 = DIRECTION('',(0.,0.,-1.));
#591 = ORIENTED_EDGE('',*,*,#592,.T.);
#592 = EDGE_CURVE('',#585,#593,#595,.T.);
#593 = VERTEX_POINT('',#594);
#594 = CARTESIAN_POINT('',(0.55,0.8,0.16));
#595 = LINE('',#596,#597);
#596 = CARTESIAN_POINT('',(0.799999965582,0.800000000064,0.16));
#597 = VECTOR('',#598,1.);
#598 = DIRECTION('',(-1.,6.776263869569E-17,0.));
#599 = ORIENTED_EDGE('',*,*,#600,.T.);
#600 = EDGE_CURVE('',#593,#601,#603,.T.);
#601 = VERTEX_POINT('',#602);
#602 = CARTESIAN_POINT('',(-0.55,0.8,0.16));
#603 = LINE('',#604,#605);
#604 = CARTESIAN_POINT('',(0.55,0.8,0.16));
#605 = VECTOR('',#606,1.);
#606 = DIRECTION('',(-1.,0.,0.));
#607 = ORIENTED_EDGE('',*,*,#608,.T.);
#608 = EDGE_CURVE('',#601,#609,#611,.T.);
#609 = VERTEX_POINT('',#610);
#610 = CARTESIAN_POINT('',(-0.799999965582,0.800000000064,0.16));
#611 = LINE('',#612,#613);
#612 = CARTESIAN_POINT('',(0.799999965582,0.800000000064,0.16));
#613 = VECTOR('',#614,1.);
#614 = DIRECTION('',(-1.,6.776263869569E-17,0.));
#615 = ORIENTED_EDGE('',*,*,#616,.T.);
#616 = EDGE_CURVE('',#609,#617,#619,.T.);
#617 = VERTEX_POINT('',#618);
#618 = CARTESIAN_POINT('',(-0.799999965582,0.800000000064,0.));
#619 = LINE('',#620,#621);
#620 = CARTESIAN_POINT('',(-0.799999965582,0.800000000064,0.16));
#621 = VECTOR('',#622,1.);
#622 = DIRECTION('',(0.,0.,-1.));
#623 = ORIENTED_EDGE('',*,*,#624,.F.);
#624 = EDGE_CURVE('',#625,#617,#627,.T.);
#625 = VERTEX_POINT('',#626);
#626 = CARTESIAN_POINT('',(-0.41,0.8,0.));
#627 = LINE('',#628,#629);
#628 = CARTESIAN_POINT('',(0.799999965582,0.800000000064,0.));
#629 = VECTOR('',#630,1.);
#630 = DIRECTION('',(-1.,6.776263869569E-17,0.));
#631 = ORIENTED_EDGE('',*,*,#632,.F.);
#632 = EDGE_CURVE('',#633,#625,#635,.T.);
#633 = VERTEX_POINT('',#634);
#634 = CARTESIAN_POINT('',(-0.41,0.8,3.E-02));
#635 = LINE('',#636,#637);
#636 = CARTESIAN_POINT('',(-0.41,0.8,3.E-02));
#637 = VECTOR('',#638,1.);
#638 = DIRECTION('',(0.,0.,-1.));
#639 = ORIENTED_EDGE('',*,*,#640,.T.);
#640 = EDGE_CURVE('',#633,#641,#643,.T.);
#641 = VERTEX_POINT('',#642);
#642 = CARTESIAN_POINT('',(-0.409946585525,0.800000000064,3.E-02));
#643 = LINE('',#644,#645);
#644 = CARTESIAN_POINT('',(-0.41,0.8,3.E-02));
#645 = VECTOR('',#646,1.);
#646 = DIRECTION('',(1.,0.,0.));
#647 = ORIENTED_EDGE('',*,*,#648,.F.);
#648 = EDGE_CURVE('',#199,#641,#649,.T.);
#649 = LINE('',#650,#651);
#650 = CARTESIAN_POINT('',(-0.159923458103,0.800000000064,3.E-02));
#651 = VECTOR('',#652,1.);
#652 = DIRECTION('',(-1.,-4.336407530232E-16,0.));
#653 = PLANE('',#654);
#654 = AXIS2_PLACEMENT_3D('',#655,#656,#657);
#655 = CARTESIAN_POINT('',(0.799999965582,0.800000000064,0.16));
#656 = DIRECTION('',(-6.776263869569E-17,-1.,0.));
#657 = DIRECTION('',(1.,-6.776263869569E-17,0.));
#658 = ADVANCED_FACE('',(#659),#686,.T.);
#659 = FACE_BOUND('',#660,.T.);
#660 = EDGE_LOOP('',(#661,#669,#677,#683,#684,#685));
#661 = ORIENTED_EDGE('',*,*,#662,.F.);
#662 = EDGE_CURVE('',#663,#62,#665,.T.);
#663 = VERTEX_POINT('',#664);
#664 = CARTESIAN_POINT('',(-0.799999965582,-7.341817983695E-02,0.));
#665 = LINE('',#666,#667);
#666 = CARTESIAN_POINT('',(-0.799999965582,9.999999653703E-02,0.));
#667 = VECTOR('',#668,1.);
#668 = DIRECTION('',(0.,-1.,0.));
#669 = ORIENTED_EDGE('',*,*,#670,.T.);
#670 = EDGE_CURVE('',#663,#671,#673,.T.);
#671 = VERTEX_POINT('',#672);
#672 = CARTESIAN_POINT('',(-0.409946585525,-7.341817983695E-02,0.));
#673 = LINE('',#674,#675);
#674 = CARTESIAN_POINT('',(-0.799999965582,-7.341817983695E-02,0.));
#675 = VECTOR('',#676,1.);
#676 = DIRECTION('',(1.,-1.389812558897E-16,0.));
#677 = ORIENTED_EDGE('',*,*,#678,.T.);
#678 = EDGE_CURVE('',#671,#88,#679,.T.);
#679 = LINE('',#680,#681);
#680 = CARTESIAN_POINT('',(-0.409946585525,-7.341817983695E-02,0.));
#681 = VECTOR('',#682,1.);
#682 = DIRECTION('',(0.,-1.,0.));
#683 = ORIENTED_EDGE('',*,*,#87,.T.);
#684 = ORIENTED_EDGE('',*,*,#79,.T.);
#685 = ORIENTED_EDGE('',*,*,#71,.T.);
#686 = PLANE('',#687);
#687 = AXIS2_PLACEMENT_3D('',#688,#689,#690);
#688 = CARTESIAN_POINT('',(0.799999965582,-0.425000000005,0.));
#689 = DIRECTION('',(0.,0.,-1.));
#690 = DIRECTION('',(-1.,0.,0.));
#691 = ADVANCED_FACE('',(#692),#710,.T.);
#692 = FACE_BOUND('',#693,.T.);
#693 = EDGE_LOOP('',(#694,#702,#708,#709));
#694 = ORIENTED_EDGE('',*,*,#695,.F.);
#695 = EDGE_CURVE('',#696,#88,#698,.T.);
#696 = VERTEX_POINT('',#697);
#697 = CARTESIAN_POINT('',(-0.16,-0.270170294784,0.));
#698 = LINE('',#699,#700);
#699 = CARTESIAN_POINT('',(-0.16,-0.270170294784,0.));
#700 = VECTOR('',#701,1.);
#701 = DIRECTION('',(-1.,-4.336808689942E-16,0.));
#702 = ORIENTED_EDGE('',*,*,#703,.F.);
#703 = EDGE_CURVE('',#181,#696,#704,.T.);
#704 = LINE('',#705,#706);
#705 = CARTESIAN_POINT('',(-0.16,-0.270170294784,3.E-02));
#706 = VECTOR('',#707,1.);
#707 = DIRECTION('',(0.,0.,-1.));
#708 = ORIENTED_EDGE('',*,*,#180,.T.);
#709 = ORIENTED_EDGE('',*,*,#157,.T.);
#710 = PLANE('',#711);
#711 = AXIS2_PLACEMENT_3D('',#712,#713,#714);
#712 = CARTESIAN_POINT('',(-0.16,-0.270170294784,3.E-02));
#713 = DIRECTION('',(4.336808689942E-16,-1.,0.));
#714 = DIRECTION('',(1.,4.336808689942E-16,0.));
#715 = ADVANCED_FACE('',(#716),#734,.T.);
#716 = FACE_BOUND('',#717,.T.);
#717 = EDGE_LOOP('',(#718,#726,#732,#733));
#718 = ORIENTED_EDGE('',*,*,#719,.F.);
#719 = EDGE_CURVE('',#720,#696,#722,.T.);
#720 = VERTEX_POINT('',#721);
#721 = CARTESIAN_POINT('',(-0.16,0.8,0.));
#722 = LINE('',#723,#724);
#723 = CARTESIAN_POINT('',(-0.16,0.8,0.));
#724 = VECTOR('',#725,1.);
#725 = DIRECTION('',(0.,-1.,0.));
#726 = ORIENTED_EDGE('',*,*,#727,.F.);
#727 = EDGE_CURVE('',#199,#720,#728,.T.);
#728 = LINE('',#729,#730);
#729 = CARTESIAN_POINT('',(-0.16,0.8,3.E-02));
#730 = VECTOR('',#731,1.);
#731 = DIRECTION('',(0.,0.,-1.));
#732 = ORIENTED_EDGE('',*,*,#206,.T.);
#733 = ORIENTED_EDGE('',*,*,#703,.T.);
#734 = PLANE('',#735);
#735 = AXIS2_PLACEMENT_3D('',#736,#737,#738);
#736 = CARTESIAN_POINT('',(-0.16,0.8,3.E-02));
#737 = DIRECTION('',(1.,0.,0.));
#738 = DIRECTION('',(0.,0.,-1.));
#739 = ADVANCED_FACE('',(#740),#751,.F.);
#740 = FACE_BOUND('',#741,.F.);
#741 = EDGE_LOOP('',(#742,#748,#749,#750));
#742 = ORIENTED_EDGE('',*,*,#743,.F.);
#743 = EDGE_CURVE('',#240,#663,#744,.T.);
#744 = LINE('',#745,#746);
#745 = CARTESIAN_POINT('',(-0.799999965582,-7.341817983695E-02,3.E-02));
#746 = VECTOR('',#747,1.);
#747 = DIRECTION('',(0.,0.,-1.));
#748 = ORIENTED_EDGE('',*,*,#237,.F.);
#749 = ORIENTED_EDGE('',*,*,#318,.T.);
#750 = ORIENTED_EDGE('',*,*,#662,.F.);
#751 = PLANE('',#752);
#752 = AXIS2_PLACEMENT_3D('',#753,#754,#755);
#753 = CARTESIAN_POINT('',(-0.799999965582,9.999999653703E-02,0.16));
#754 = DIRECTION('',(1.,0.,0.));
#755 = DIRECTION('',(0.,0.,-1.));
#756 = ADVANCED_FACE('',(#757),#776,.F.);
#757 = FACE_BOUND('',#758,.T.);
#758 = EDGE_LOOP('',(#759,#760,#768,#774,#775));
#759 = ORIENTED_EDGE('',*,*,#375,.T.);
#760 = ORIENTED_EDGE('',*,*,#761,.F.);
#761 = EDGE_CURVE('',#762,#367,#764,.T.);
#762 = VERTEX_POINT('',#763);
#763 = CARTESIAN_POINT('',(-0.8,-0.26,0.16));
#764 = LINE('',#765,#766);
#765 = CARTESIAN_POINT('',(-0.8,-0.26,3.E-02));
#766 = VECTOR('',#767,1.);
#767 = DIRECTION('',(0.,0.,-1.));
#768 = ORIENTED_EDGE('',*,*,#769,.F.);
#769 = EDGE_CURVE('',#296,#762,#770,.T.);
#770 = LINE('',#771,#772);
#771 = CARTESIAN_POINT('',(-0.8,-0.104869064147,0.16));
#772 = VECTOR('',#773,1.);
#773 = DIRECTION('',(0.,-1.,0.));
#774 = ORIENTED_EDGE('',*,*,#303,.T.);
#775 = ORIENTED_EDGE('',*,*,#311,.T.);
#776 = PLANE('',#777);
#777 = AXIS2_PLACEMENT_3D('',#778,#779,#780);
#778 = CARTESIAN_POINT('',(-0.8,-9.999999999999E-02,3.E-02));
#779 = DIRECTION('',(1.,-5.421010862428E-15,0.));
#780 = DIRECTION('',(5.421010862428E-15,1.,0.));
#781 = ADVANCED_FACE('',(#782),#841,.F.);
#782 = FACE_BOUND('',#783,.F.);
#783 = EDGE_LOOP('',(#784,#795,#803,#812,#820,#826,#827,#835));
#784 = ORIENTED_EDGE('',*,*,#785,.T.);
#785 = EDGE_CURVE('',#786,#788,#790,.T.);
#786 = VERTEX_POINT('',#787);
#787 = CARTESIAN_POINT('',(-0.767,0.106574473244,0.16));
#788 = VERTEX_POINT('',#789);
#789 = CARTESIAN_POINT('',(-0.55,0.225040463793,0.16));
#790 = CIRCLE('',#791,0.3201309359);
#791 = AXIS2_PLACEMENT_3D('',#792,#793,#794);
#792 = CARTESIAN_POINT('',(-0.8,0.425,0.16));
#793 = DIRECTION('',(0.,0.,1.));
#794 = DIRECTION('',(1.,0.,0.));
#795 = ORIENTED_EDGE('',*,*,#796,.T.);
#796 = EDGE_CURVE('',#788,#797,#799,.T.);
#797 = VERTEX_POINT('',#798);
#798 = CARTESIAN_POINT('',(-0.55,-0.225040463793,0.16));
#799 = LINE('',#800,#801);
#800 = CARTESIAN_POINT('',(-0.55,0.8,0.16));
#801 = VECTOR('',#802,1.);
#802 = DIRECTION('',(0.,-1.,0.));
#803 = ORIENTED_EDGE('',*,*,#804,.T.);
#804 = EDGE_CURVE('',#797,#805,#807,.T.);
#805 = VERTEX_POINT('',#806);
#806 = CARTESIAN_POINT('',(-0.767,-0.106574473244,0.16));
#807 = CIRCLE('',#808,0.3201309359);
#808 = AXIS2_PLACEMENT_3D('',#809,#810,#811);
#809 = CARTESIAN_POINT('',(-0.8,-0.425,0.16));
#810 = DIRECTION('',(0.,0.,1.));
#811 = DIRECTION('',(1.,0.,0.));
#812 = ORIENTED_EDGE('',*,*,#813,.T.);
#813 = EDGE_CURVE('',#805,#814,#816,.T.);
#814 = VERTEX_POINT('',#815);
#815 = CARTESIAN_POINT('',(-0.767,-9.999999999999E-02,0.16));
#816 = LINE('',#817,#818);
#817 = CARTESIAN_POINT('',(-0.767,-0.232812591463,0.16));
#818 = VECTOR('',#819,1.);
#819 = DIRECTION('',(0.,1.,0.));
#820 = ORIENTED_EDGE('',*,*,#821,.T.);
#821 = EDGE_CURVE('',#814,#296,#822,.T.);
#822 = LINE('',#823,#824);
#823 = CARTESIAN_POINT('',(-0.767,-9.999999999999E-02,0.16));
#824 = VECTOR('',#825,1.);
#825 = DIRECTION('',(-1.,0.,0.));
#826 = ORIENTED_EDGE('',*,*,#295,.F.);
#827 = ORIENTED_EDGE('',*,*,#828,.F.);
#828 = EDGE_CURVE('',#829,#288,#831,.T.);
#829 = VERTEX_POINT('',#830);
#830 = CARTESIAN_POINT('',(-0.767,0.1,0.16));
#831 = LINE('',#832,#833);
#832 = CARTESIAN_POINT('',(-0.767,0.1,0.16));
#833 = VECTOR('',#834,1.);
#834 = DIRECTION('',(-1.,0.,0.));
#835 = ORIENTED_EDGE('',*,*,#836,.F.);
#836 = EDGE_CURVE('',#786,#829,#837,.T.);
#837 = LINE('',#838,#839);
#838 = CARTESIAN_POINT('',(-0.767,0.232812591463,0.16));
#839 = VECTOR('',#840,1.);
#840 = DIRECTION('',(0.,-1.,0.));
#841 = PLANE('',#842);
#842 = AXIS2_PLACEMENT_3D('',#843,#844,#845);
#843 = CARTESIAN_POINT('',(0.799999965582,-0.425000000005,0.16));
#844 = DIRECTION('',(0.,0.,-1.));
#845 = DIRECTION('',(-1.,0.,0.));
#846 = ADVANCED_FACE('',(#847),#873,.F.);
#847 = FACE_BOUND('',#848,.T.);
#848 = EDGE_LOOP('',(#849,#850,#858,#866,#872));
#849 = ORIENTED_EDGE('',*,*,#287,.F.);
#850 = ORIENTED_EDGE('',*,*,#851,.F.);
#851 = EDGE_CURVE('',#852,#288,#854,.T.);
#852 = VERTEX_POINT('',#853);
#853 = CARTESIAN_POINT('',(-0.8,0.26,0.16));
#854 = LINE('',#855,#856);
#855 = CARTESIAN_POINT('',(-0.8,0.26,0.16));
#856 = VECTOR('',#857,1.);
#857 = DIRECTION('',(6.988948829107E-16,-1.,0.));
#858 = ORIENTED_EDGE('',*,*,#859,.T.);
#859 = EDGE_CURVE('',#852,#860,#862,.T.);
#860 = VERTEX_POINT('',#861);
#861 = CARTESIAN_POINT('',(-0.8,0.26,0.));
#862 = LINE('',#863,#864);
#863 = CARTESIAN_POINT('',(-0.8,0.26,3.E-02));
#864 = VECTOR('',#865,1.);
#865 = DIRECTION('',(0.,0.,-1.));
#866 = ORIENTED_EDGE('',*,*,#867,.T.);
#867 = EDGE_CURVE('',#860,#272,#868,.T.);
#868 = LINE('',#869,#870);
#869 = CARTESIAN_POINT('',(-0.8,0.26,0.));
#870 = VECTOR('',#871,1.);
#871 = DIRECTION('',(-1.355252715607E-15,-1.,0.));
#872 = ORIENTED_EDGE('',*,*,#279,.F.);
#873 = PLANE('',#874);
#874 = AXIS2_PLACEMENT_3D('',#875,#876,#877);
#875 = CARTESIAN_POINT('',(-0.8,0.26,3.E-02));
#876 = DIRECTION('',(1.,-1.355252715607E-15,0.));
#877 = DIRECTION('',(1.355252715607E-15,1.,0.));
#878 = ADVANCED_FACE('',(#879),#927,.T.);
#879 = FACE_BOUND('',#880,.T.);
#880 = EDGE_LOOP('',(#881,#882,#890,#896,#897,#905,#913,#921));
#881 = ORIENTED_EDGE('',*,*,#624,.F.);
#882 = ORIENTED_EDGE('',*,*,#883,.F.);
#883 = EDGE_CURVE('',#884,#625,#886,.T.);
#884 = VERTEX_POINT('',#885);
#885 = CARTESIAN_POINT('',(-0.41,7.009141146679E-02,0.));
#886 = LINE('',#887,#888);
#887 = CARTESIAN_POINT('',(-0.41,7.009141146679E-02,0.));
#888 = VECTOR('',#889,1.);
#889 = DIRECTION('',(7.426972291587E-17,1.,0.));
#890 = ORIENTED_EDGE('',*,*,#891,.F.);
#891 = EDGE_CURVE('',#264,#884,#892,.T.);
#892 = LINE('',#893,#894);
#893 = CARTESIAN_POINT('',(-0.8,7.009141146679E-02,0.));
#894 = VECTOR('',#895,1.);
#895 = DIRECTION('',(1.,0.,0.));
#896 = ORIENTED_EDGE('',*,*,#271,.F.);
#897 = ORIENTED_EDGE('',*,*,#898,.F.);
#898 = EDGE_CURVE('',#899,#272,#901,.T.);
#899 = VERTEX_POINT('',#900);
#900 = CARTESIAN_POINT('',(-0.45,0.1,0.));
#901 = LINE('',#902,#903);
#902 = CARTESIAN_POINT('',(-0.449999999999,1.E-01,0.));
#903 = VECTOR('',#904,1.);
#904 = DIRECTION('',(-1.,8.131516293625E-16,0.));
#905 = ORIENTED_EDGE('',*,*,#906,.F.);
#906 = EDGE_CURVE('',#907,#899,#909,.T.);
#907 = VERTEX_POINT('',#908);
#908 = CARTESIAN_POINT('',(-0.45,0.75,0.));
#909 = LINE('',#910,#911);
#910 = CARTESIAN_POINT('',(-0.449999999999,0.75,0.));
#911 = VECTOR('',#912,1.);
#912 = DIRECTION('',(2.502005013428E-16,-1.,0.));
#913 = ORIENTED_EDGE('',*,*,#914,.F.);
#914 = EDGE_CURVE('',#915,#907,#917,.T.);
#915 = VERTEX_POINT('',#916);
#916 = CARTESIAN_POINT('',(-0.8,0.75,0.));
#917 = LINE('',#918,#919);
#918 = CARTESIAN_POINT('',(-0.8,0.75,0.));
#919 = VECTOR('',#920,1.);
#920 = DIRECTION('',(1.,4.336808689933E-15,0.));
#921 = ORIENTED_EDGE('',*,*,#922,.F.);
#922 = EDGE_CURVE('',#617,#915,#923,.T.);
#923 = LINE('',#924,#925);
#924 = CARTESIAN_POINT('',(-0.799999965582,0.800000000064,0.));
#925 = VECTOR('',#926,1.);
#926 = DIRECTION('',(0.,-1.,0.));
#927 = PLANE('',#928);
#928 = AXIS2_PLACEMENT_3D('',#929,#930,#931);
#929 = CARTESIAN_POINT('',(0.799999965582,-0.425000000005,0.));
#930 = DIRECTION('',(0.,0.,-1.));
#931 = DIRECTION('',(-1.,0.,0.));
#932 = ADVANCED_FACE('',(#933),#951,.F.);
#933 = FACE_BOUND('',#934,.F.);
#934 = EDGE_LOOP('',(#935,#936,#944,#950));
#935 = ORIENTED_EDGE('',*,*,#255,.F.);
#936 = ORIENTED_EDGE('',*,*,#937,.T.);
#937 = EDGE_CURVE('',#248,#938,#940,.T.);
#938 = VERTEX_POINT('',#939);
#939 = CARTESIAN_POINT('',(-0.799999965582,7.002282940834E-02,0.));
#940 = LINE('',#941,#942);
#941 = CARTESIAN_POINT('',(-0.799999965582,7.002282940834E-02,3.E-02));
#942 = VECTOR('',#943,1.);
#943 = DIRECTION('',(0.,0.,-1.));
#944 = ORIENTED_EDGE('',*,*,#945,.F.);
#945 = EDGE_CURVE('',#264,#938,#946,.T.);
#946 = LINE('',#947,#948);
#947 = CARTESIAN_POINT('',(-0.799999965582,9.999999653703E-02,0.));
#948 = VECTOR('',#949,1.);
#949 = DIRECTION('',(0.,-1.,0.));
#950 = ORIENTED_EDGE('',*,*,#263,.F.);
#951 = PLANE('',#952);
#952 = AXIS2_PLACEMENT_3D('',#953,#954,#955);
#953 = CARTESIAN_POINT('',(-0.799999965582,9.999999653703E-02,0.16));
#954 = DIRECTION('',(1.,0.,0.));
#955 = DIRECTION('',(0.,0.,-1.));
#956 = ADVANCED_FACE('',(#957),#968,.T.);
#957 = FACE_BOUND('',#958,.T.);
#958 = EDGE_LOOP('',(#959,#965,#966,#967));
#959 = ORIENTED_EDGE('',*,*,#960,.F.);
#960 = EDGE_CURVE('',#663,#938,#961,.T.);
#961 = LINE('',#962,#963);
#962 = CARTESIAN_POINT('',(-0.8,-7.346283513409E-02,0.));
#963 = VECTOR('',#964,1.);
#964 = DIRECTION('',(0.,1.,0.));
#965 = ORIENTED_EDGE('',*,*,#743,.F.);
#966 = ORIENTED_EDGE('',*,*,#247,.F.);
#967 = ORIENTED_EDGE('',*,*,#937,.T.);
#968 = PLANE('',#969);
#969 = AXIS2_PLACEMENT_3D('',#970,#971,#972);
#970 = CARTESIAN_POINT('',(-0.8,-7.346283513409E-02,3.E-02));
#971 = DIRECTION('',(-1.,0.,0.));
#972 = DIRECTION('',(0.,0.,1.));
#973 = ADVANCED_FACE('',(#974),#999,.F.);
#974 = FACE_BOUND('',#975,.F.);
#975 = EDGE_LOOP('',(#976,#977,#985,#993));
#976 = ORIENTED_EDGE('',*,*,#332,.F.);
#977 = ORIENTED_EDGE('',*,*,#978,.F.);
#978 = EDGE_CURVE('',#979,#333,#981,.T.);
#979 = VERTEX_POINT('',#980);
#980 = CARTESIAN_POINT('',(-0.449999999999,-0.545007387419,3.E-02));
#981 = LINE('',#982,#983);
#982 = CARTESIAN_POINT('',(-0.449999999999,-0.545007387419,3.E-02));
#983 = VECTOR('',#984,1.);
#984 = DIRECTION('',(0.,0.,-1.));
#985 = ORIENTED_EDGE('',*,*,#986,.T.);
#986 = EDGE_CURVE('',#979,#987,#989,.T.);
#987 = VERTEX_POINT('',#988);
#988 = CARTESIAN_POINT('',(-0.45,-0.545,3.E-02));
#989 = LINE('',#990,#991);
#990 = CARTESIAN_POINT('',(-0.45,-0.545,3.E-02));
#991 = VECTOR('',#992,1.);
#992 = DIRECTION('',(1.031314261633E-14,1.,0.));
#993 = ORIENTED_EDGE('',*,*,#994,.T.);
#994 = EDGE_CURVE('',#987,#335,#995,.T.);
#995 = LINE('',#996,#997);
#996 = CARTESIAN_POINT('',(-0.45,-0.545,3.E-02));
#997 = VECTOR('',#998,1.);
#998 = DIRECTION('',(0.,0.,-1.));
#999 = PLANE('',#1000);
#1000 = AXIS2_PLACEMENT_3D('',#1001,#1002,#1003);
#1001 = CARTESIAN_POINT('',(-0.45,-0.545,3.E-02));
#1002 = DIRECTION('',(-1.,1.031314261633E-14,0.));
#1003 = DIRECTION('',(-1.031314261633E-14,-1.,0.));
#1004 = ADVANCED_FACE('',(#1005),#1023,.F.);
#1005 = FACE_BOUND('',#1006,.F.);
#1006 = EDGE_LOOP('',(#1007,#1008,#1009,#1017));
#1007 = ORIENTED_EDGE('',*,*,#423,.F.);
#1008 = ORIENTED_EDGE('',*,*,#994,.F.);
#1009 = ORIENTED_EDGE('',*,*,#1010,.T.);
#1010 = EDGE_CURVE('',#987,#1011,#1013,.T.);
#1011 = VERTEX_POINT('',#1012);
#1012 = CARTESIAN_POINT('',(0.119964057936,-0.545,3.E-02));
#1013 = LINE('',#1014,#1015);
#1014 = CARTESIAN_POINT('',(-0.45,-0.545,3.E-02));
#1015 = VECTOR('',#1016,1.);
#1016 = DIRECTION('',(1.,0.,0.));
#1017 = ORIENTED_EDGE('',*,*,#1018,.F.);
#1018 = EDGE_CURVE('',#416,#1011,#1019,.T.);
#1019 = LINE('',#1020,#1021);
#1020 = CARTESIAN_POINT('',(0.119964057936,-0.545,3.E-02));
#1021 = VECTOR('',#1022,1.);
#1022 = DIRECTION('',(0.,0.,1.));
#1023 = PLANE('',#1024);
#1024 = AXIS2_PLACEMENT_3D('',#1025,#1026,#1027);
#1025 = CARTESIAN_POINT('',(-0.45,-0.545,3.E-02));
#1026 = DIRECTION('',(0.,1.,0.));
#1027 = DIRECTION('',(0.,0.,1.));
#1028 = ADVANCED_FACE('',(#1029),#1052,.T.);
#1029 = FACE_BOUND('',#1030,.T.);
#1030 = EDGE_LOOP('',(#1031,#1039,#1040,#1046));
#1031 = ORIENTED_EDGE('',*,*,#1032,.F.);
#1032 = EDGE_CURVE('',#416,#1033,#1035,.T.);
#1033 = VERTEX_POINT('',#1034);
#1034 = CARTESIAN_POINT('',(0.12,-0.545,0.));
#1035 = LINE('',#1036,#1037);
#1036 = CARTESIAN_POINT('',(-0.45,-0.545,0.));
#1037 = VECTOR('',#1038,1.);
#1038 = DIRECTION('',(1.,0.,0.));
#1039 = ORIENTED_EDGE('',*,*,#415,.F.);
#1040 = ORIENTED_EDGE('',*,*,#1041,.F.);
#1041 = EDGE_CURVE('',#521,#408,#1042,.T.);
#1042 = LINE('',#1043,#1044);
#1043 = CARTESIAN_POINT('',(0.799999965582,0.800000000064,0.));
#1044 = VECTOR('',#1045,1.);
#1045 = DIRECTION('',(-1.,6.776263869569E-17,0.));
#1046 = ORIENTED_EDGE('',*,*,#1047,.F.);
#1047 = EDGE_CURVE('',#1033,#521,#1048,.T.);
#1048 = LINE('',#1049,#1050);
#1049 = CARTESIAN_POINT('',(0.12,-0.545,0.));
#1050 = VECTOR('',#1051,1.);
#1051 = DIRECTION('',(7.053359858177E-17,1.,0.));
#1052 = PLANE('',#1053);
#1053 = AXIS2_PLACEMENT_3D('',#1054,#1055,#1056);
#1054 = CARTESIAN_POINT('',(0.799999965582,-0.425000000005,0.));
#1055 = DIRECTION('',(0.,0.,-1.));
#1056 = DIRECTION('',(-1.,0.,0.));
#1057 = ADVANCED_FACE('',(#1058),#1074,.F.);
#1058 = FACE_BOUND('',#1059,.F.);
#1059 = EDGE_LOOP('',(#1060,#1061,#1067,#1068));
#1060 = ORIENTED_EDGE('',*,*,#407,.F.);
#1061 = ORIENTED_EDGE('',*,*,#1062,.F.);
#1062 = EDGE_CURVE('',#505,#408,#1063,.T.);
#1063 = LINE('',#1064,#1065);
#1064 = CARTESIAN_POINT('',(0.119964057936,0.800000000064,3.E-02));
#1065 = VECTOR('',#1066,1.);
#1066 = DIRECTION('',(0.,0.,-1.));
#1067 = ORIENTED_EDGE('',*,*,#504,.F.);
#1068 = ORIENTED_EDGE('',*,*,#1069,.T.);
#1069 = EDGE_CURVE('',#497,#400,#1070,.T.);
#1070 = LINE('',#1071,#1072);
#1071 = CARTESIAN_POINT('',(-0.12,0.8,3.E-02));
#1072 = VECTOR('',#1073,1.);
#1073 = DIRECTION('',(0.,0.,-1.));
#1074 = PLANE('',#1075);
#1075 = AXIS2_PLACEMENT_3D('',#1076,#1077,#1078);
#1076 = CARTESIAN_POINT('',(0.12,0.8,3.E-02));
#1077 = DIRECTION('',(0.,-1.,0.));
#1078 = DIRECTION('',(0.,0.,-1.));
#1079 = ADVANCED_FACE('',(#1080),#1098,.F.);
#1080 = FACE_BOUND('',#1081,.T.);
#1081 = EDGE_LOOP('',(#1082,#1083,#1091,#1097));
#1082 = ORIENTED_EDGE('',*,*,#399,.T.);
#1083 = ORIENTED_EDGE('',*,*,#1084,.F.);
#1084 = EDGE_CURVE('',#1085,#392,#1087,.T.);
#1085 = VERTEX_POINT('',#1086);
#1086 = CARTESIAN_POINT('',(-0.12,-0.305,3.E-02));
#1087 = LINE('',#1088,#1089);
#1088 = CARTESIAN_POINT('',(-0.12,-0.305,3.E-02));
#1089 = VECTOR('',#1090,1.);
#1090 = DIRECTION('',(0.,0.,-1.));
#1091 = ORIENTED_EDGE('',*,*,#1092,.F.);
#1092 = EDGE_CURVE('',#497,#1085,#1093,.T.);
#1093 = LINE('',#1094,#1095);
#1094 = CARTESIAN_POINT('',(-0.12,0.8,3.E-02));
#1095 = VECTOR('',#1096,1.);
#1096 = DIRECTION('',(3.311477223655E-16,-1.,0.));
#1097 = ORIENTED_EDGE('',*,*,#1069,.T.);
#1098 = PLANE('',#1099);
#1099 = AXIS2_PLACEMENT_3D('',#1100,#1101,#1102);
#1100 = CARTESIAN_POINT('',(-0.12,0.8,3.E-02));
#1101 = DIRECTION('',(1.,3.311477223655E-16,0.));
#1102 = DIRECTION('',(-3.311477223655E-16,1.,0.));
#1103 = ADVANCED_FACE('',(#1104),#1122,.F.);
#1104 = FACE_BOUND('',#1105,.T.);
#1105 = EDGE_LOOP('',(#1106,#1107,#1115,#1121));
#1106 = ORIENTED_EDGE('',*,*,#391,.T.);
#1107 = ORIENTED_EDGE('',*,*,#1108,.F.);
#1108 = EDGE_CURVE('',#1109,#384,#1111,.T.);
#1109 = VERTEX_POINT('',#1110);
#1110 = CARTESIAN_POINT('',(-0.45,-0.305,3.E-02));
#1111 = LINE('',#1112,#1113);
#1112 = CARTESIAN_POINT('',(-0.45,-0.305,3.E-02));
#1113 = VECTOR('',#1114,1.);
#1114 = DIRECTION('',(0.,0.,-1.));
#1115 = ORIENTED_EDGE('',*,*,#1116,.F.);
#1116 = EDGE_CURVE('',#1085,#1109,#1117,.T.);
#1117 = LINE('',#1118,#1119);
#1118 = CARTESIAN_POINT('',(-0.45,-0.305,3.E-02));
#1119 = VECTOR('',#1120,1.);
#1120 = DIRECTION('',(-1.,0.,0.));
#1121 = ORIENTED_EDGE('',*,*,#1084,.T.);
#1122 = PLANE('',#1123);
#1123 = AXIS2_PLACEMENT_3D('',#1124,#1125,#1126);
#1124 = CARTESIAN_POINT('',(-0.45,-0.305,3.E-02));
#1125 = DIRECTION('',(0.,-1.,0.));
#1126 = DIRECTION('',(0.,0.,-1.));
#1127 = ADVANCED_FACE('',(#1128),#1139,.F.);
#1128 = FACE_BOUND('',#1129,.F.);
#1129 = EDGE_LOOP('',(#1130,#1131,#1132,#1138));
#1130 = ORIENTED_EDGE('',*,*,#383,.F.);
#1131 = ORIENTED_EDGE('',*,*,#1108,.F.);
#1132 = ORIENTED_EDGE('',*,*,#1133,.T.);
#1133 = EDGE_CURVE('',#1109,#447,#1134,.T.);
#1134 = LINE('',#1135,#1136);
#1135 = CARTESIAN_POINT('',(-0.45,-9.999999999999E-02,3.E-02));
#1136 = VECTOR('',#1137,1.);
#1137 = DIRECTION('',(-3.966593313971E-15,1.,0.));
#1138 = ORIENTED_EDGE('',*,*,#454,.T.);
#1139 = PLANE('',#1140);
#1140 = AXIS2_PLACEMENT_3D('',#1141,#1142,#1143);
#1141 = CARTESIAN_POINT('',(-0.45,-9.999999999999E-02,3.E-02));
#1142 = DIRECTION('',(-1.,-3.966593313971E-15,0.));
#1143 = DIRECTION('',(3.966593313971E-15,-1.,0.));
#1144 = ADVANCED_FACE('',(#1145),#1164,.F.);
#1145 = FACE_BOUND('',#1146,.F.);
#1146 = EDGE_LOOP('',(#1147,#1148,#1157,#1163));
#1147 = ORIENTED_EDGE('',*,*,#761,.F.);
#1148 = ORIENTED_EDGE('',*,*,#1149,.T.);
#1149 = EDGE_CURVE('',#762,#1150,#1152,.T.);
#1150 = VERTEX_POINT('',#1151);
#1151 = CARTESIAN_POINT('',(-0.8,-0.59,0.16));
#1152 = CIRCLE('',#1153,0.165);
#1153 = AXIS2_PLACEMENT_3D('',#1154,#1155,#1156);
#1154 = CARTESIAN_POINT('',(-0.8,-0.425,0.16));
#1155 = DIRECTION('',(0.,0.,-1.));
#1156 = DIRECTION('',(-1.,0.,0.));
#1157 = ORIENTED_EDGE('',*,*,#1158,.T.);
#1158 = EDGE_CURVE('',#1150,#359,#1159,.T.);
#1159 = LINE('',#1160,#1161);
#1160 = CARTESIAN_POINT('',(-0.8,-0.59,3.E-02));
#1161 = VECTOR('',#1162,1.);
#1162 = DIRECTION('',(0.,0.,-1.));
#1163 = ORIENTED_EDGE('',*,*,#366,.F.);
#1164 = CYLINDRICAL_SURFACE('',#1165,0.165);
#1165 = AXIS2_PLACEMENT_3D('',#1166,#1167,#1168);
#1166 = CARTESIAN_POINT('',(-0.8,-0.425,3.E-02));
#1167 = DIRECTION('',(0.,0.,1.));
#1168 = DIRECTION('',(-1.,0.,0.));
#1169 = ADVANCED_FACE('',(#1170),#1196,.F.);
#1170 = FACE_BOUND('',#1171,.T.);
#1171 = EDGE_LOOP('',(#1172,#1173,#1181,#1189,#1195));
#1172 = ORIENTED_EDGE('',*,*,#358,.T.);
#1173 = ORIENTED_EDGE('',*,*,#1174,.F.);
#1174 = EDGE_CURVE('',#1175,#351,#1177,.T.);
#1175 = VERTEX_POINT('',#1176);
#1176 = CARTESIAN_POINT('',(-0.799999965582,-0.750000003473,3.E-02));
#1177 = LINE('',#1178,#1179);
#1178 = CARTESIAN_POINT('',(-0.8,-0.75,3.E-02));
#1179 = VECTOR('',#1180,1.);
#1180 = DIRECTION('',(0.,0.,-1.));
#1181 = ORIENTED_EDGE('',*,*,#1182,.F.);
#1182 = EDGE_CURVE('',#1183,#1175,#1185,.T.);
#1183 = VERTEX_POINT('',#1184);
#1184 = CARTESIAN_POINT('',(-0.799999982791,-0.750000001737,0.16));
#1185 = LINE('',#1186,#1187);
#1186 = CARTESIAN_POINT('',(-0.799999965582,-0.750000003473,0.16));
#1187 = VECTOR('',#1188,1.);
#1188 = DIRECTION('',(0.,0.,-1.));
#1189 = ORIENTED_EDGE('',*,*,#1190,.F.);
#1190 = EDGE_CURVE('',#1150,#1183,#1191,.T.);
#1191 = LINE('',#1192,#1193);
#1192 = CARTESIAN_POINT('',(-0.8,-0.59,0.16));
#1193 = VECTOR('',#1194,1.);
#1194 = DIRECTION('',(-6.988948829107E-16,-1.,0.));
#1195 = ORIENTED_EDGE('',*,*,#1158,.T.);
#1196 = PLANE('',#1197);
#1197 = AXIS2_PLACEMENT_3D('',#1198,#1199,#1200);
#1198 = CARTESIAN_POINT('',(-0.8,-0.75,3.E-02));
#1199 = DIRECTION('',(1.,6.098637220231E-15,0.));
#1200 = DIRECTION('',(-6.098637220231E-15,1.,0.));
#1201 = ADVANCED_FACE('',(#1202),#1293,.T.);
#1202 = FACE_BOUND('',#1203,.T.);
#1203 = EDGE_LOOP('',(#1204,#1214,#1222,#1228,#1229,#1230,#1238,#1244,
    #1245,#1246,#1247,#1255,#1263,#1271,#1279,#1287));
#1204 = ORIENTED_EDGE('',*,*,#1205,.F.);
#1205 = EDGE_CURVE('',#1206,#1208,#1210,.T.);
#1206 = VERTEX_POINT('',#1207);
#1207 = CARTESIAN_POINT('',(-0.410096917906,-0.800000000082,0.));
#1208 = VERTEX_POINT('',#1209);
#1209 = CARTESIAN_POINT('',(-0.410096917906,-0.575043295866,0.));
#1210 = LINE('',#1211,#1212);
#1211 = CARTESIAN_POINT('',(-0.410096917906,-0.800000000082,0.));
#1212 = VECTOR('',#1213,1.);
#1213 = DIRECTION('',(0.,1.,0.));
#1214 = ORIENTED_EDGE('',*,*,#1215,.F.);
#1215 = EDGE_CURVE('',#1216,#1206,#1218,.T.);
#1216 = VERTEX_POINT('',#1217);
#1217 = CARTESIAN_POINT('',(-0.799999965582,-0.800000000082,0.));
#1218 = LINE('',#1219,#1220);
#1219 = CARTESIAN_POINT('',(-0.799999965582,-0.800000000082,0.));
#1220 = VECTOR('',#1221,1.);
#1221 = DIRECTION('',(1.,0.,0.));
#1222 = ORIENTED_EDGE('',*,*,#1223,.F.);
#1223 = EDGE_CURVE('',#351,#1216,#1224,.T.);
#1224 = LINE('',#1225,#1226);
#1225 = CARTESIAN_POINT('',(-0.799999965582,-0.750000003473,0.));
#1226 = VECTOR('',#1227,1.);
#1227 = DIRECTION('',(0.,-1.,0.));
#1228 = ORIENTED_EDGE('',*,*,#350,.F.);
#1229 = ORIENTED_EDGE('',*,*,#342,.F.);
#1230 = ORIENTED_EDGE('',*,*,#1231,.F.);
#1231 = EDGE_CURVE('',#1232,#333,#1234,.T.);
#1232 = VERTEX_POINT('',#1233);
#1233 = CARTESIAN_POINT('',(0.119964057936,-0.545007387419,0.));
#1234 = LINE('',#1235,#1236);
#1235 = CARTESIAN_POINT('',(-0.449999999999,-0.545007387419,0.));
#1236 = VECTOR('',#1237,1.);
#1237 = DIRECTION('',(-1.,1.902229021972E-16,0.));
#1238 = ORIENTED_EDGE('',*,*,#1239,.F.);
#1239 = EDGE_CURVE('',#416,#1232,#1240,.T.);
#1240 = LINE('',#1241,#1242);
#1241 = CARTESIAN_POINT('',(0.119964057936,-0.545007387419,0.));
#1242 = VECTOR('',#1243,1.);
#1243 = DIRECTION('',(0.,-1.,0.));
#1244 = ORIENTED_EDGE('',*,*,#1032,.T.);
#1245 = ORIENTED_EDGE('',*,*,#1047,.T.);
#1246 = ORIENTED_EDGE('',*,*,#528,.F.);
#1247 = ORIENTED_EDGE('',*,*,#1248,.T.);
#1248 = EDGE_CURVE('',#529,#1249,#1251,.T.);
#1249 = VERTEX_POINT('',#1250);
#1250 = CARTESIAN_POINT('',(0.159457937574,-0.8,0.));
#1251 = LINE('',#1252,#1253);
#1252 = CARTESIAN_POINT('',(0.159457937574,0.8,0.));
#1253 = VECTOR('',#1254,1.);
#1254 = DIRECTION('',(0.,-1.,0.));
#1255 = ORIENTED_EDGE('',*,*,#1256,.F.);
#1256 = EDGE_CURVE('',#1257,#1249,#1259,.T.);
#1257 = VERTEX_POINT('',#1258);
#1258 = CARTESIAN_POINT('',(-0.16,-0.8,0.));
#1259 = LINE('',#1260,#1261);
#1260 = CARTESIAN_POINT('',(-0.799999965582,-0.800000000082,0.));
#1261 = VECTOR('',#1262,1.);
#1262 = DIRECTION('',(1.,0.,0.));
#1263 = ORIENTED_EDGE('',*,*,#1264,.T.);
#1264 = EDGE_CURVE('',#1257,#1265,#1267,.T.);
#1265 = VERTEX_POINT('',#1266);
#1266 = CARTESIAN_POINT('',(-0.16,-0.575,0.));
#1267 = LINE('',#1268,#1269);
#1268 = CARTESIAN_POINT('',(-0.16,-0.8,0.));
#1269 = VECTOR('',#1270,1.);
#1270 = DIRECTION('',(1.204669080539E-16,1.,0.));
#1271 = ORIENTED_EDGE('',*,*,#1272,.T.);
#1272 = EDGE_CURVE('',#1265,#1273,#1275,.T.);
#1273 = VERTEX_POINT('',#1274);
#1274 = CARTESIAN_POINT('',(-0.41,-0.575,0.));
#1275 = LINE('',#1276,#1277);
#1276 = CARTESIAN_POINT('',(-0.16,-0.575,0.));
#1277 = VECTOR('',#1278,1.);
#1278 = DIRECTION('',(-1.,0.,0.));
#1279 = ORIENTED_EDGE('',*,*,#1280,.T.);
#1280 = EDGE_CURVE('',#1273,#1281,#1283,.T.);
#1281 = VERTEX_POINT('',#1282);
#1282 = CARTESIAN_POINT('',(-0.41,-0.575043295866,0.));
#1283 = LINE('',#1284,#1285);
#1284 = CARTESIAN_POINT('',(-0.41,-0.575,0.));
#1285 = VECTOR('',#1286,1.);
#1286 = DIRECTION('',(2.409338161079E-16,-1.,0.));
#1287 = ORIENTED_EDGE('',*,*,#1288,.F.);
#1288 = EDGE_CURVE('',#1208,#1281,#1289,.T.);
#1289 = LINE('',#1290,#1291);
#1290 = CARTESIAN_POINT('',(-0.410096917906,-0.575043295866,0.));
#1291 = VECTOR('',#1292,1.);
#1292 = DIRECTION('',(1.,0.,0.));
#1293 = PLANE('',#1294);
#1294 = AXIS2_PLACEMENT_3D('',#1295,#1296,#1297);
#1295 = CARTESIAN_POINT('',(0.799999965582,-0.425000000005,0.));
#1296 = DIRECTION('',(0.,0.,-1.));
#1297 = DIRECTION('',(-1.,0.,0.));
#1298 = ADVANCED_FACE('',(#1299),#1386,.T.);
#1299 = FACE_BOUND('',#1300,.T.);
#1300 = EDGE_LOOP('',(#1301,#1311,#1319,#1325,#1326,#1327,#1328,#1329,
    #1335,#1336,#1337,#1345,#1353,#1361,#1370,#1379));
#1301 = ORIENTED_EDGE('',*,*,#1302,.F.);
#1302 = EDGE_CURVE('',#1303,#1305,#1307,.T.);
#1303 = VERTEX_POINT('',#1304);
#1304 = CARTESIAN_POINT('',(-0.767,-9.999999999999E-02,3.E-02));
#1305 = VERTEX_POINT('',#1306);
#1306 = CARTESIAN_POINT('',(-0.767,-0.225146417969,3.E-02));
#1307 = LINE('',#1308,#1309);
#1308 = CARTESIAN_POINT('',(-0.767,-0.425,3.E-02));
#1309 = VECTOR('',#1310,1.);
#1310 = DIRECTION('',(0.,-1.,0.));
#1311 = ORIENTED_EDGE('',*,*,#1312,.T.);
#1312 = EDGE_CURVE('',#1303,#1313,#1315,.T.);
#1313 = VERTEX_POINT('',#1314);
#1314 = CARTESIAN_POINT('',(-0.45,-1.E-01,3.E-02));
#1315 = LINE('',#1316,#1317);
#1316 = CARTESIAN_POINT('',(-0.8,-1.E-01,3.E-02));
#1317 = VECTOR('',#1318,1.);
#1318 = DIRECTION('',(1.,8.131516293625E-16,0.));
#1319 = ORIENTED_EDGE('',*,*,#1320,.T.);
#1320 = EDGE_CURVE('',#1313,#447,#1321,.T.);
#1321 = LINE('',#1322,#1323);
#1322 = CARTESIAN_POINT('',(-0.449999999999,-1.E-01,3.E-02));
#1323 = VECTOR('',#1324,1.);
#1324 = DIRECTION('',(-2.644490840025E-16,-1.,0.));
#1325 = ORIENTED_EDGE('',*,*,#446,.T.);
#1326 = ORIENTED_EDGE('',*,*,#477,.T.);
#1327 = ORIENTED_EDGE('',*,*,#496,.T.);
#1328 = ORIENTED_EDGE('',*,*,#504,.T.);
#1329 = ORIENTED_EDGE('',*,*,#1330,.T.);
#1330 = EDGE_CURVE('',#505,#1011,#1331,.T.);
#1331 = LINE('',#1332,#1333);
#1332 = CARTESIAN_POINT('',(0.119964057936,-0.545007387419,3.E-02));
#1333 = VECTOR('',#1334,1.);
#1334 = DIRECTION('',(0.,-1.,0.));
#1335 = ORIENTED_EDGE('',*,*,#1010,.F.);
#1336 = ORIENTED_EDGE('',*,*,#986,.F.);
#1337 = ORIENTED_EDGE('',*,*,#1338,.T.);
#1338 = EDGE_CURVE('',#979,#1339,#1341,.T.);
#1339 = VERTEX_POINT('',#1340);
#1340 = CARTESIAN_POINT('',(-0.45,-0.75,3.E-02));
#1341 = LINE('',#1342,#1343);
#1342 = CARTESIAN_POINT('',(-0.449999999999,-0.545007387419,3.E-02));
#1343 = VECTOR('',#1344,1.);
#1344 = DIRECTION('',(-5.288981680051E-16,-1.,0.));
#1345 = ORIENTED_EDGE('',*,*,#1346,.T.);
#1346 = EDGE_CURVE('',#1339,#1347,#1349,.T.);
#1347 = VERTEX_POINT('',#1348);
#1348 = CARTESIAN_POINT('',(-0.767,-0.75,3.E-02));
#1349 = LINE('',#1350,#1351);
#1350 = CARTESIAN_POINT('',(-0.449999999999,-0.75,3.E-02));
#1351 = VECTOR('',#1352,1.);
#1352 = DIRECTION('',(-1.,4.336808689933E-15,0.));
#1353 = ORIENTED_EDGE('',*,*,#1354,.F.);
#1354 = EDGE_CURVE('',#1355,#1347,#1357,.T.);
#1355 = VERTEX_POINT('',#1356);
#1356 = CARTESIAN_POINT('',(-0.767,-0.624853582041,3.E-02));
#1357 = LINE('',#1358,#1359);
#1358 = CARTESIAN_POINT('',(-0.767,-0.425,3.E-02));
#1359 = VECTOR('',#1360,1.);
#1360 = DIRECTION('',(0.,-1.,0.));
#1361 = ORIENTED_EDGE('',*,*,#1362,.F.);
#1362 = EDGE_CURVE('',#1363,#1355,#1365,.T.);
#1363 = VERTEX_POINT('',#1364);
#1364 = CARTESIAN_POINT('',(-0.648168576208,-0.547361018095,3.E-02));
#1365 = CIRCLE('',#1366,0.205);
#1366 = AXIS2_PLACEMENT_3D('',#1367,#1368,#1369);
#1367 = CARTESIAN_POINT('',(-0.81264587328,-0.425000000005,3.E-02));
#1368 = DIRECTION('',(0.,0.,-1.));
#1369 = DIRECTION('',(-1.,0.,0.));
#1370 = ORIENTED_EDGE('',*,*,#1371,.F.);
#1371 = EDGE_CURVE('',#1372,#1363,#1374,.T.);
#1372 = VERTEX_POINT('',#1373);
#1373 = CARTESIAN_POINT('',(-0.648168576307,-0.302638981782,3.E-02));
#1374 = CIRCLE('',#1375,0.195);
#1375 = AXIS2_PLACEMENT_3D('',#1376,#1377,#1378);
#1376 = CARTESIAN_POINT('',(-0.8,-0.425,3.E-02));
#1377 = DIRECTION('',(0.,0.,-1.));
#1378 = DIRECTION('',(-1.,0.,0.));
#1379 = ORIENTED_EDGE('',*,*,#1380,.F.);
#1380 = EDGE_CURVE('',#1305,#1372,#1381,.T.);
#1381 = CIRCLE('',#1382,0.205);
#1382 = AXIS2_PLACEMENT_3D('',#1383,#1384,#1385);
#1383 = CARTESIAN_POINT('',(-0.81264587328,-0.425000000005,3.E-02));
#1384 = DIRECTION('',(0.,0.,-1.));
#1385 = DIRECTION('',(-1.,0.,0.));
#1386 = PLANE('',#1387);
#1387 = AXIS2_PLACEMENT_3D('',#1388,#1389,#1390);
#1388 = CARTESIAN_POINT('',(0.,0.,3.E-02));
#1389 = DIRECTION('',(0.,0.,-1.));
#1390 = DIRECTION('',(-1.,0.,0.));
#1391 = ADVANCED_FACE('',(#1392),#1410,.T.);
#1392 = FACE_BOUND('',#1393,.T.);
#1393 = EDGE_LOOP('',(#1394,#1402,#1408,#1409));
#1394 = ORIENTED_EDGE('',*,*,#1395,.F.);
#1395 = EDGE_CURVE('',#1396,#720,#1398,.T.);
#1396 = VERTEX_POINT('',#1397);
#1397 = CARTESIAN_POINT('',(-0.409946585525,0.800000000064,0.));
#1398 = LINE('',#1399,#1400);
#1399 = CARTESIAN_POINT('',(-0.41,0.8,0.));
#1400 = VECTOR('',#1401,1.);
#1401 = DIRECTION('',(1.,0.,0.));
#1402 = ORIENTED_EDGE('',*,*,#1403,.F.);
#1403 = EDGE_CURVE('',#641,#1396,#1404,.T.);
#1404 = LINE('',#1405,#1406);
#1405 = CARTESIAN_POINT('',(-0.409946585525,0.800000000064,3.E-02));
#1406 = VECTOR('',#1407,1.);
#1407 = DIRECTION('',(0.,0.,-1.));
#1408 = ORIENTED_EDGE('',*,*,#648,.F.);
#1409 = ORIENTED_EDGE('',*,*,#727,.T.);
#1410 = PLANE('',#1411);
#1411 = AXIS2_PLACEMENT_3D('',#1412,#1413,#1414);
#1412 = CARTESIAN_POINT('',(-0.41,0.8,3.E-02));
#1413 = DIRECTION('',(0.,1.,0.));
#1414 = DIRECTION('',(0.,0.,1.));
#1415 = ADVANCED_FACE('',(#1416),#1427,.F.);
#1416 = FACE_BOUND('',#1417,.F.);
#1417 = EDGE_LOOP('',(#1418,#1419,#1420,#1421));
#1418 = ORIENTED_EDGE('',*,*,#1403,.F.);
#1419 = ORIENTED_EDGE('',*,*,#640,.F.);
#1420 = ORIENTED_EDGE('',*,*,#632,.T.);
#1421 = ORIENTED_EDGE('',*,*,#1422,.F.);
#1422 = EDGE_CURVE('',#1396,#625,#1423,.T.);
#1423 = LINE('',#1424,#1425);
#1424 = CARTESIAN_POINT('',(0.799999965582,0.800000000064,0.));
#1425 = VECTOR('',#1426,1.);
#1426 = DIRECTION('',(-1.,6.776263869569E-17,0.));
#1427 = PLANE('',#1428);
#1428 = AXIS2_PLACEMENT_3D('',#1429,#1430,#1431);
#1429 = CARTESIAN_POINT('',(0.799999965582,0.800000000064,0.16));
#1430 = DIRECTION('',(-6.776263869569E-17,-1.,0.));
#1431 = DIRECTION('',(1.,-6.776263869569E-17,0.));
#1432 = ADVANCED_FACE('',(#1433),#1459,.F.);
#1433 = FACE_BOUND('',#1434,.T.);
#1434 = EDGE_LOOP('',(#1435,#1436,#1444,#1452,#1458));
#1435 = ORIENTED_EDGE('',*,*,#922,.T.);
#1436 = ORIENTED_EDGE('',*,*,#1437,.F.);
#1437 = EDGE_CURVE('',#1438,#915,#1440,.T.);
#1438 = VERTEX_POINT('',#1439);
#1439 = CARTESIAN_POINT('',(-0.8,0.75,3.E-02));
#1440 = LINE('',#1441,#1442);
#1441 = CARTESIAN_POINT('',(-0.8,0.75,3.E-02));
#1442 = VECTOR('',#1443,1.);
#1443 = DIRECTION('',(0.,0.,-1.));
#1444 = ORIENTED_EDGE('',*,*,#1445,.F.);
#1445 = EDGE_CURVE('',#1446,#1438,#1448,.T.);
#1446 = VERTEX_POINT('',#1447);
#1447 = CARTESIAN_POINT('',(-0.799999982791,0.750000001727,0.16));
#1448 = LINE('',#1449,#1450);
#1449 = CARTESIAN_POINT('',(-0.799999965582,0.750000003454,0.16));
#1450 = VECTOR('',#1451,1.);
#1451 = DIRECTION('',(0.,0.,-1.));
#1452 = ORIENTED_EDGE('',*,*,#1453,.F.);
#1453 = EDGE_CURVE('',#609,#1446,#1454,.T.);
#1454 = LINE('',#1455,#1456);
#1455 = CARTESIAN_POINT('',(-0.799999965582,0.800000000064,0.16));
#1456 = VECTOR('',#1457,1.);
#1457 = DIRECTION('',(0.,-1.,0.));
#1458 = ORIENTED_EDGE('',*,*,#616,.T.);
#1459 = PLANE('',#1460);
#1460 = AXIS2_PLACEMENT_3D('',#1461,#1462,#1463);
#1461 = CARTESIAN_POINT('',(-0.799999965582,0.800000000064,0.16));
#1462 = DIRECTION('',(1.,0.,0.));
#1463 = DIRECTION('',(0.,0.,-1.));
#1464 = ADVANCED_FACE('',(#1465),#1500,.F.);
#1465 = FACE_BOUND('',#1466,.F.);
#1466 = EDGE_LOOP('',(#1467,#1475,#1484,#1492,#1498,#1499));
#1467 = ORIENTED_EDGE('',*,*,#1468,.T.);
#1468 = EDGE_CURVE('',#601,#1469,#1471,.T.);
#1469 = VERTEX_POINT('',#1470);
#1470 = CARTESIAN_POINT('',(-0.55,0.624959536207,0.16));
#1471 = LINE('',#1472,#1473);
#1472 = CARTESIAN_POINT('',(-0.55,0.8,0.16));
#1473 = VECTOR('',#1474,1.);
#1474 = DIRECTION('',(0.,-1.,0.));
#1475 = ORIENTED_EDGE('',*,*,#1476,.T.);
#1476 = EDGE_CURVE('',#1469,#1477,#1479,.T.);
#1477 = VERTEX_POINT('',#1478);
#1478 = CARTESIAN_POINT('',(-0.767,0.743425526756,0.16));
#1479 = CIRCLE('',#1480,0.3201309359);
#1480 = AXIS2_PLACEMENT_3D('',#1481,#1482,#1483);
#1481 = CARTESIAN_POINT('',(-0.8,0.425,0.16));
#1482 = DIRECTION('',(0.,0.,1.));
#1483 = DIRECTION('',(1.,0.,0.));
#1484 = ORIENTED_EDGE('',*,*,#1485,.F.);
#1485 = EDGE_CURVE('',#1486,#1477,#1488,.T.);
#1486 = VERTEX_POINT('',#1487);
#1487 = CARTESIAN_POINT('',(-0.767,0.75,0.16));
#1488 = LINE('',#1489,#1490);
#1489 = CARTESIAN_POINT('',(-0.767,0.75,0.16));
#1490 = VECTOR('',#1491,1.);
#1491 = DIRECTION('',(0.,-1.,0.));
#1492 = ORIENTED_EDGE('',*,*,#1493,.F.);
#1493 = EDGE_CURVE('',#1446,#1486,#1494,.T.);
#1494 = LINE('',#1495,#1496);
#1495 = CARTESIAN_POINT('',(-0.8,0.75,0.16));
#1496 = VECTOR('',#1497,1.);
#1497 = DIRECTION('',(1.,-1.232047923279E-15,0.));
#1498 = ORIENTED_EDGE('',*,*,#1453,.F.);
#1499 = ORIENTED_EDGE('',*,*,#608,.F.);
#1500 = PLANE('',#1501);
#1501 = AXIS2_PLACEMENT_3D('',#1502,#1503,#1504);
#1502 = CARTESIAN_POINT('',(0.799999965582,-0.425000000005,0.16));
#1503 = DIRECTION('',(0.,0.,-1.));
#1504 = DIRECTION('',(-1.,0.,0.));
#1505 = ADVANCED_FACE('',(#1506),#1531,.T.);
#1506 = FACE_BOUND('',#1507,.T.);
#1507 = EDGE_LOOP('',(#1508,#1516,#1517,#1525));
#1508 = ORIENTED_EDGE('',*,*,#1509,.T.);
#1509 = EDGE_CURVE('',#1510,#593,#1512,.T.);
#1510 = VERTEX_POINT('',#1511);
#1511 = CARTESIAN_POINT('',(0.537422132972,0.8,0.4));
#1512 = LINE('',#1513,#1514);
#1513 = CARTESIAN_POINT('',(0.537422132972,0.8,0.4));
#1514 = VECTOR('',#1515,1.);
#1515 = DIRECTION('',(5.233595624294E-02,0.,-0.998629534755));
#1516 = ORIENTED_EDGE('',*,*,#600,.T.);
#1517 = ORIENTED_EDGE('',*,*,#1518,.T.);
#1518 = EDGE_CURVE('',#601,#1519,#1521,.T.);
#1519 = VERTEX_POINT('',#1520);
#1520 = CARTESIAN_POINT('',(-0.537422132972,0.8,0.4));
#1521 = LINE('',#1522,#1523);
#1522 = CARTESIAN_POINT('',(-0.55,0.8,0.16));
#1523 = VECTOR('',#1524,1.);
#1524 = DIRECTION('',(5.233595624294E-02,0.,0.998629534755));
#1525 = ORIENTED_EDGE('',*,*,#1526,.T.);
#1526 = EDGE_CURVE('',#1519,#1510,#1527,.T.);
#1527 = LINE('',#1528,#1529);
#1528 = CARTESIAN_POINT('',(-0.537422132972,0.8,0.4));
#1529 = VECTOR('',#1530,1.);
#1530 = DIRECTION('',(1.,0.,0.));
#1531 = PLANE('',#1532);
#1532 = AXIS2_PLACEMENT_3D('',#1533,#1534,#1535);
#1533 = CARTESIAN_POINT('',(0.,0.8,0.));
#1534 = DIRECTION('',(0.,1.,0.));
#1535 = DIRECTION('',(0.,0.,1.));
#1536 = ADVANCED_FACE('',(#1537),#1579,.F.);
#1537 = FACE_BOUND('',#1538,.F.);
#1538 = EDGE_LOOP('',(#1539,#1547,#1548,#1556,#1564,#1572));
#1539 = ORIENTED_EDGE('',*,*,#1540,.F.);
#1540 = EDGE_CURVE('',#593,#1541,#1543,.T.);
#1541 = VERTEX_POINT('',#1542);
#1542 = CARTESIAN_POINT('',(0.55,0.624959536207,0.16));
#1543 = LINE('',#1544,#1545);
#1544 = CARTESIAN_POINT('',(0.55,0.8,0.16));
#1545 = VECTOR('',#1546,1.);
#1546 = DIRECTION('',(0.,-1.,0.));
#1547 = ORIENTED_EDGE('',*,*,#592,.F.);
#1548 = ORIENTED_EDGE('',*,*,#1549,.F.);
#1549 = EDGE_CURVE('',#1550,#585,#1552,.T.);
#1550 = VERTEX_POINT('',#1551);
#1551 = CARTESIAN_POINT('',(0.799999982791,0.750000001727,0.16));
#1552 = LINE('',#1553,#1554);
#1553 = CARTESIAN_POINT('',(0.799999965582,0.750000003454,0.16));
#1554 = VECTOR('',#1555,1.);
#1555 = DIRECTION('',(2.168404492023E-15,1.,0.));
#1556 = ORIENTED_EDGE('',*,*,#1557,.T.);
#1557 = EDGE_CURVE('',#1550,#1558,#1560,.T.);
#1558 = VERTEX_POINT('',#1559);
#1559 = CARTESIAN_POINT('',(0.767,0.75,0.16));
#1560 = LINE('',#1561,#1562);
#1561 = CARTESIAN_POINT('',(0.8,0.75,0.16));
#1562 = VECTOR('',#1563,1.);
#1563 = DIRECTION('',(-1.,-1.232047923279E-15,0.));
#1564 = ORIENTED_EDGE('',*,*,#1565,.T.);
#1565 = EDGE_CURVE('',#1558,#1566,#1568,.T.);
#1566 = VERTEX_POINT('',#1567);
#1567 = CARTESIAN_POINT('',(0.767,0.743425526756,0.16));
#1568 = LINE('',#1569,#1570);
#1569 = CARTESIAN_POINT('',(0.767,0.75,0.16));
#1570 = VECTOR('',#1571,1.);
#1571 = DIRECTION('',(0.,-1.,0.));
#1572 = ORIENTED_EDGE('',*,*,#1573,.F.);
#1573 = EDGE_CURVE('',#1541,#1566,#1574,.T.);
#1574 = CIRCLE('',#1575,0.3201309359);
#1575 = AXIS2_PLACEMENT_3D('',#1576,#1577,#1578);
#1576 = CARTESIAN_POINT('',(0.8,0.425,0.16));
#1577 = DIRECTION('',(0.,0.,-1.));
#1578 = DIRECTION('',(1.,0.,0.));
#1579 = PLANE('',#1580);
#1580 = AXIS2_PLACEMENT_3D('',#1581,#1582,#1583);
#1581 = CARTESIAN_POINT('',(0.799999965582,-0.425000000005,0.16));
#1582 = DIRECTION('',(0.,0.,-1.));
#1583 = DIRECTION('',(-1.,0.,0.));
#1584 = ADVANCED_FACE('',(#1585),#1611,.F.);
#1585 = FACE_BOUND('',#1586,.T.);
#1586 = EDGE_LOOP('',(#1587,#1595,#1596,#1597,#1605));
#1587 = ORIENTED_EDGE('',*,*,#1588,.T.);
#1588 = EDGE_CURVE('',#1589,#577,#1591,.T.);
#1589 = VERTEX_POINT('',#1590);
#1590 = CARTESIAN_POINT('',(0.8,0.75,0.));
#1591 = LINE('',#1592,#1593);
#1592 = CARTESIAN_POINT('',(0.799999965582,0.750000003454,0.));
#1593 = VECTOR('',#1594,1.);
#1594 = DIRECTION('',(2.168404492023E-15,1.,0.));
#1595 = ORIENTED_EDGE('',*,*,#584,.F.);
#1596 = ORIENTED_EDGE('',*,*,#1549,.F.);
#1597 = ORIENTED_EDGE('',*,*,#1598,.T.);
#1598 = EDGE_CURVE('',#1550,#1599,#1601,.T.);
#1599 = VERTEX_POINT('',#1600);
#1600 = CARTESIAN_POINT('',(0.8,0.75,3.E-02));
#1601 = LINE('',#1602,#1603);
#1602 = CARTESIAN_POINT('',(0.799999965582,0.750000003454,0.16));
#1603 = VECTOR('',#1604,1.);
#1604 = DIRECTION('',(0.,0.,-1.));
#1605 = ORIENTED_EDGE('',*,*,#1606,.T.);
#1606 = EDGE_CURVE('',#1599,#1589,#1607,.T.);
#1607 = LINE('',#1608,#1609);
#1608 = CARTESIAN_POINT('',(0.8,0.75,3.E-02));
#1609 = VECTOR('',#1610,1.);
#1610 = DIRECTION('',(0.,0.,-1.));
#1611 = PLANE('',#1612);
#1612 = AXIS2_PLACEMENT_3D('',#1613,#1614,#1615);
#1613 = CARTESIAN_POINT('',(0.799999965582,0.750000003454,0.16));
#1614 = DIRECTION('',(-1.,2.168404492023E-15,0.));
#1615 = DIRECTION('',(-2.168404492023E-15,-1.,0.));
#1616 = ADVANCED_FACE('',(#1617),#1667,.T.);
#1617 = FACE_BOUND('',#1618,.T.);
#1618 = EDGE_LOOP('',(#1619,#1629,#1637,#1643,#1644,#1645,#1653,#1661));
#1619 = ORIENTED_EDGE('',*,*,#1620,.F.);
#1620 = EDGE_CURVE('',#1621,#1623,#1625,.T.);
#1621 = VERTEX_POINT('',#1622);
#1622 = CARTESIAN_POINT('',(0.8,7.009141146679E-02,0.));
#1623 = VERTEX_POINT('',#1624);
#1624 = CARTESIAN_POINT('',(0.799999982791,9.999999826852E-02,0.));
#1625 = LINE('',#1626,#1627);
#1626 = CARTESIAN_POINT('',(0.799999965582,-9.999999653703E-02,0.));
#1627 = VECTOR('',#1628,1.);
#1628 = DIRECTION('',(0.,1.,0.));
#1629 = ORIENTED_EDGE('',*,*,#1630,.T.);
#1630 = EDGE_CURVE('',#1621,#1631,#1633,.T.);
#1631 = VERTEX_POINT('',#1632);
#1632 = CARTESIAN_POINT('',(0.399464377531,7.009141146679E-02,0.));
#1633 = LINE('',#1634,#1635);
#1634 = CARTESIAN_POINT('',(0.8,7.009141146679E-02,0.));
#1635 = VECTOR('',#1636,1.);
#1636 = DIRECTION('',(-1.,-2.571495382088E-15,0.));
#1637 = ORIENTED_EDGE('',*,*,#1638,.T.);
#1638 = EDGE_CURVE('',#1631,#569,#1639,.T.);
#1639 = LINE('',#1640,#1641);
#1640 = CARTESIAN_POINT('',(0.399464377531,7.00498386819E-02,0.));
#1641 = VECTOR('',#1642,1.);
#1642 = DIRECTION('',(1.485309860653E-16,1.,0.));
#1643 = ORIENTED_EDGE('',*,*,#576,.F.);
#1644 = ORIENTED_EDGE('',*,*,#1588,.F.);
#1645 = ORIENTED_EDGE('',*,*,#1646,.T.);
#1646 = EDGE_CURVE('',#1589,#1647,#1649,.T.);
#1647 = VERTEX_POINT('',#1648);
#1648 = CARTESIAN_POINT('',(0.45,0.75,0.));
#1649 = LINE('',#1650,#1651);
#1650 = CARTESIAN_POINT('',(0.8,0.75,0.));
#1651 = VECTOR('',#1652,1.);
#1652 = DIRECTION('',(-1.,4.336808689933E-15,0.));
#1653 = ORIENTED_EDGE('',*,*,#1654,.T.);
#1654 = EDGE_CURVE('',#1647,#1655,#1657,.T.);
#1655 = VERTEX_POINT('',#1656);
#1656 = CARTESIAN_POINT('',(0.45,0.1,0.));
#1657 = LINE('',#1658,#1659);
#1658 = CARTESIAN_POINT('',(0.449999999999,0.75,0.));
#1659 = VECTOR('',#1660,1.);
#1660 = DIRECTION('',(5.004010026856E-16,-1.,0.));
#1661 = ORIENTED_EDGE('',*,*,#1662,.T.);
#1662 = EDGE_CURVE('',#1655,#1623,#1663,.T.);
#1663 = LINE('',#1664,#1665);
#1664 = CARTESIAN_POINT('',(0.449999999999,1.E-01,0.));
#1665 = VECTOR('',#1666,1.);
#1666 = DIRECTION('',(1.,1.548860246405E-16,0.));
#1667 = PLANE('',#1668);
#1668 = AXIS2_PLACEMENT_3D('',#1669,#1670,#1671);
#1669 = CARTESIAN_POINT('',(0.799999965582,-0.425000000005,0.));
#1670 = DIRECTION('',(0.,0.,-1.));
#1671 = DIRECTION('',(-1.,0.,0.));
#1672 = ADVANCED_FACE('',(#1673),#1691,.T.);
#1673 = FACE_BOUND('',#1674,.T.);
#1674 = EDGE_LOOP('',(#1675,#1676,#1684,#1690));
#1675 = ORIENTED_EDGE('',*,*,#1638,.F.);
#1676 = ORIENTED_EDGE('',*,*,#1677,.T.);
#1677 = EDGE_CURVE('',#1631,#1678,#1680,.T.);
#1678 = VERTEX_POINT('',#1679);
#1679 = CARTESIAN_POINT('',(0.399464377531,7.009141146679E-02,3.E-02));
#1680 = LINE('',#1681,#1682);
#1681 = CARTESIAN_POINT('',(0.399464377531,7.009141146679E-02,3.E-02));
#1682 = VECTOR('',#1683,1.);
#1683 = DIRECTION('',(0.,0.,1.));
#1684 = ORIENTED_EDGE('',*,*,#1685,.T.);
#1685 = EDGE_CURVE('',#1678,#561,#1686,.T.);
#1686 = LINE('',#1687,#1688);
#1687 = CARTESIAN_POINT('',(0.399464377531,7.00498386819E-02,3.E-02));
#1688 = VECTOR('',#1689,1.);
#1689 = DIRECTION('',(1.485309860653E-16,1.,0.));
#1690 = ORIENTED_EDGE('',*,*,#568,.T.);
#1691 = PLANE('',#1692);
#1692 = AXIS2_PLACEMENT_3D('',#1693,#1694,#1695);
#1693 = CARTESIAN_POINT('',(0.399464377531,7.00498386819E-02,3.E-02));
#1694 = DIRECTION('',(-1.,1.485309860653E-16,0.));
#1695 = DIRECTION('',(-1.485309860653E-16,-1.,0.));
#1696 = ADVANCED_FACE('',(#1697),#1715,.F.);
#1697 = FACE_BOUND('',#1698,.F.);
#1698 = EDGE_LOOP('',(#1699,#1700,#1708,#1714));
#1699 = ORIENTED_EDGE('',*,*,#560,.T.);
#1700 = ORIENTED_EDGE('',*,*,#1701,.F.);
#1701 = EDGE_CURVE('',#1702,#553,#1704,.T.);
#1702 = VERTEX_POINT('',#1703);
#1703 = CARTESIAN_POINT('',(0.399457937574,7.009141146679E-02,3.E-02));
#1704 = LINE('',#1705,#1706);
#1705 = CARTESIAN_POINT('',(0.399457937574,7.009141146679E-02,3.E-02));
#1706 = VECTOR('',#1707,1.);
#1707 = DIRECTION('',(-2.228091687476E-16,1.,0.));
#1708 = ORIENTED_EDGE('',*,*,#1709,.F.);
#1709 = EDGE_CURVE('',#1678,#1702,#1710,.T.);
#1710 = LINE('',#1711,#1712);
#1711 = CARTESIAN_POINT('',(0.8,7.009141146679E-02,3.E-02));
#1712 = VECTOR('',#1713,1.);
#1713 = DIRECTION('',(-1.,-2.571495382088E-15,0.));
#1714 = ORIENTED_EDGE('',*,*,#1685,.T.);
#1715 = PLANE('',#1716);
#1716 = AXIS2_PLACEMENT_3D('',#1717,#1718,#1719);
#1717 = CARTESIAN_POINT('',(0.,0.,3.E-02));
#1718 = DIRECTION('',(0.,0.,1.));
#1719 = DIRECTION('',(1.,0.,0.));
#1720 = ADVANCED_FACE('',(#1721),#1746,.F.);
#1721 = FACE_BOUND('',#1722,.F.);
#1722 = EDGE_LOOP('',(#1723,#1733,#1739,#1740));
#1723 = ORIENTED_EDGE('',*,*,#1724,.F.);
#1724 = EDGE_CURVE('',#1725,#1727,#1729,.T.);
#1725 = VERTEX_POINT('',#1726);
#1726 = CARTESIAN_POINT('',(0.399457937574,0.8,0.));
#1727 = VERTEX_POINT('',#1728);
#1728 = CARTESIAN_POINT('',(0.159485599839,0.800000000064,0.));
#1729 = LINE('',#1730,#1731);
#1730 = CARTESIAN_POINT('',(0.399457937574,0.8,0.));
#1731 = VECTOR('',#1732,1.);
#1732 = DIRECTION('',(-1.,-1.355252715607E-15,0.));
#1733 = ORIENTED_EDGE('',*,*,#1734,.F.);
#1734 = EDGE_CURVE('',#553,#1725,#1735,.T.);
#1735 = LINE('',#1736,#1737);
#1736 = CARTESIAN_POINT('',(0.399457937574,0.8,3.E-02));
#1737 = VECTOR('',#1738,1.);
#1738 = DIRECTION('',(0.,0.,-1.));
#1739 = ORIENTED_EDGE('',*,*,#552,.T.);
#1740 = ORIENTED_EDGE('',*,*,#1741,.T.);
#1741 = EDGE_CURVE('',#545,#1727,#1742,.T.);
#1742 = LINE('',#1743,#1744);
#1743 = CARTESIAN_POINT('',(0.159485599839,0.800000000064,3.E-02));
#1744 = VECTOR('',#1745,1.);
#1745 = DIRECTION('',(0.,0.,-1.));
#1746 = PLANE('',#1747);
#1747 = AXIS2_PLACEMENT_3D('',#1748,#1749,#1750);
#1748 = CARTESIAN_POINT('',(0.399457937574,0.8,3.E-02));
#1749 = DIRECTION('',(1.355252715607E-15,-1.,0.));
#1750 = DIRECTION('',(1.,1.355252715607E-15,0.));
#1751 = ADVANCED_FACE('',(#1752),#1763,.F.);
#1752 = FACE_BOUND('',#1753,.F.);
#1753 = EDGE_LOOP('',(#1754,#1755,#1761,#1762));
#1754 = ORIENTED_EDGE('',*,*,#536,.T.);
#1755 = ORIENTED_EDGE('',*,*,#1756,.F.);
#1756 = EDGE_CURVE('',#1727,#529,#1757,.T.);
#1757 = LINE('',#1758,#1759);
#1758 = CARTESIAN_POINT('',(0.799999965582,0.800000000064,0.));
#1759 = VECTOR('',#1760,1.);
#1760 = DIRECTION('',(-1.,6.776263869569E-17,0.));
#1761 = ORIENTED_EDGE('',*,*,#1741,.F.);
#1762 = ORIENTED_EDGE('',*,*,#544,.T.);
#1763 = PLANE('',#1764);
#1764 = AXIS2_PLACEMENT_3D('',#1765,#1766,#1767);
#1765 = CARTESIAN_POINT('',(0.799999965582,0.800000000064,0.16));
#1766 = DIRECTION('',(-6.776263869569E-17,-1.,0.));
#1767 = DIRECTION('',(1.,-6.776263869569E-17,0.));
#1768 = ADVANCED_FACE('',(#1769),#1775,.F.);
#1769 = FACE_BOUND('',#1770,.F.);
#1770 = EDGE_LOOP('',(#1771,#1772,#1773,#1774));
#1771 = ORIENTED_EDGE('',*,*,#512,.T.);
#1772 = ORIENTED_EDGE('',*,*,#1062,.T.);
#1773 = ORIENTED_EDGE('',*,*,#1041,.F.);
#1774 = ORIENTED_EDGE('',*,*,#520,.F.);
#1775 = PLANE('',#1776);
#1776 = AXIS2_PLACEMENT_3D('',#1777,#1778,#1779);
#1777 = CARTESIAN_POINT('',(0.799999965582,0.800000000064,0.16));
#1778 = DIRECTION('',(-6.776263869569E-17,-1.,0.));
#1779 = DIRECTION('',(1.,-6.776263869569E-17,0.));
#1780 = ADVANCED_FACE('',(#1781),#1803,.T.);
#1781 = FACE_BOUND('',#1782,.T.);
#1782 = EDGE_LOOP('',(#1783,#1791,#1792,#1793,#1794,#1795,#1796,#1797));
#1783 = ORIENTED_EDGE('',*,*,#1784,.F.);
#1784 = EDGE_CURVE('',#1396,#1785,#1787,.T.);
#1785 = VERTEX_POINT('',#1786);
#1786 = CARTESIAN_POINT('',(-0.409946585525,7.002282940834E-02,0.));
#1787 = LINE('',#1788,#1789);
#1788 = CARTESIAN_POINT('',(-0.409946585525,0.800000000064,0.));
#1789 = VECTOR('',#1790,1.);
#1790 = DIRECTION('',(-1.485254903948E-16,-1.,0.));
#1791 = ORIENTED_EDGE('',*,*,#1395,.T.);
#1792 = ORIENTED_EDGE('',*,*,#719,.T.);
#1793 = ORIENTED_EDGE('',*,*,#695,.T.);
#1794 = ORIENTED_EDGE('',*,*,#678,.F.);
#1795 = ORIENTED_EDGE('',*,*,#670,.F.);
#1796 = ORIENTED_EDGE('',*,*,#960,.T.);
#1797 = ORIENTED_EDGE('',*,*,#1798,.F.);
#1798 = EDGE_CURVE('',#1785,#938,#1799,.T.);
#1799 = LINE('',#1800,#1801);
#1800 = CARTESIAN_POINT('',(-0.409946585525,7.002282940834E-02,0.));
#1801 = VECTOR('',#1802,1.);
#1802 = DIRECTION('',(-1.,-1.042359419173E-16,0.));
#1803 = PLANE('',#1804);
#1804 = AXIS2_PLACEMENT_3D('',#1805,#1806,#1807);
#1805 = CARTESIAN_POINT('',(0.,0.,0.));
#1806 = DIRECTION('',(0.,0.,-1.));
#1807 = DIRECTION('',(-1.,0.,0.));
#1808 = ADVANCED_FACE('',(#1809),#1872,.T.);
#1809 = FACE_BOUND('',#1810,.T.);
#1810 = EDGE_LOOP('',(#1811,#1821,#1830,#1838,#1845,#1846,#1847,#1848,
    #1857,#1865));
#1811 = ORIENTED_EDGE('',*,*,#1812,.F.);
#1812 = EDGE_CURVE('',#1813,#1815,#1817,.T.);
#1813 = VERTEX_POINT('',#1814);
#1814 = CARTESIAN_POINT('',(-0.55,-0.225250156441,0.16));
#1815 = VERTEX_POINT('',#1816);
#1816 = CARTESIAN_POINT('',(-0.55,-0.62474984355,0.16));
#1817 = LINE('',#1818,#1819);
#1818 = CARTESIAN_POINT('',(-0.55,0.8,0.16));
#1819 = VECTOR('',#1820,1.);
#1820 = DIRECTION('',(0.,-1.,0.));
#1821 = ORIENTED_EDGE('',*,*,#1822,.T.);
#1822 = EDGE_CURVE('',#1813,#1823,#1825,.T.);
#1823 = VERTEX_POINT('',#1824);
#1824 = CARTESIAN_POINT('',(-0.770000001359,-0.106409353426,0.16));
#1825 = CIRCLE('',#1826,0.32);
#1826 = AXIS2_PLACEMENT_3D('',#1827,#1828,#1829);
#1827 = CARTESIAN_POINT('',(-0.8,-0.424999999996,0.16));
#1828 = DIRECTION('',(0.,0.,1.));
#1829 = DIRECTION('',(1.,0.,0.));
#1830 = ORIENTED_EDGE('',*,*,#1831,.F.);
#1831 = EDGE_CURVE('',#1832,#1823,#1834,.T.);
#1832 = VERTEX_POINT('',#1833);
#1833 = CARTESIAN_POINT('',(-0.770000001359,-0.1013875707,0.16));
#1834 = LINE('',#1835,#1836);
#1835 = CARTESIAN_POINT('',(-0.770000001359,-0.1013875707,0.16));
#1836 = VECTOR('',#1837,1.);
#1837 = DIRECTION('',(-8.807686664368E-16,-1.,0.));
#1838 = ORIENTED_EDGE('',*,*,#1839,.F.);
#1839 = EDGE_CURVE('',#296,#1832,#1840,.T.);
#1840 = CIRCLE('',#1841,0.3250000035);
#1841 = AXIS2_PLACEMENT_3D('',#1842,#1843,#1844);
#1842 = CARTESIAN_POINT('',(-0.799999965582,-0.425000000005,0.16));
#1843 = DIRECTION('',(0.,0.,-1.));
#1844 = DIRECTION('',(1.,0.,0.));
#1845 = ORIENTED_EDGE('',*,*,#769,.T.);
#1846 = ORIENTED_EDGE('',*,*,#1149,.T.);
#1847 = ORIENTED_EDGE('',*,*,#1190,.T.);
#1848 = ORIENTED_EDGE('',*,*,#1849,.F.);
#1849 = EDGE_CURVE('',#1850,#1183,#1852,.T.);
#1850 = VERTEX_POINT('',#1851);
#1851 = CARTESIAN_POINT('',(-0.770000001359,-0.74861242931,0.16));
#1852 = CIRCLE('',#1853,0.3250000035);
#1853 = AXIS2_PLACEMENT_3D('',#1854,#1855,#1856);
#1854 = CARTESIAN_POINT('',(-0.799999965582,-0.425000000005,0.16));
#1855 = DIRECTION('',(0.,0.,-1.));
#1856 = DIRECTION('',(1.,0.,0.));
#1857 = ORIENTED_EDGE('',*,*,#1858,.F.);
#1858 = EDGE_CURVE('',#1859,#1850,#1861,.T.);
#1859 = VERTEX_POINT('',#1860);
#1860 = CARTESIAN_POINT('',(-0.770000001359,-0.743590646565,0.16));
#1861 = LINE('',#1862,#1863);
#1862 = CARTESIAN_POINT('',(-0.770000001359,-0.74861242931,0.16));
#1863 = VECTOR('',#1864,1.);
#1864 = DIRECTION('',(8.807686664368E-16,-1.,0.));
#1865 = ORIENTED_EDGE('',*,*,#1866,.T.);
#1866 = EDGE_CURVE('',#1859,#1815,#1867,.T.);
#1867 = CIRCLE('',#1868,0.32);
#1868 = AXIS2_PLACEMENT_3D('',#1869,#1870,#1871);
#1869 = CARTESIAN_POINT('',(-0.8,-0.424999999996,0.16));
#1870 = DIRECTION('',(0.,0.,1.));
#1871 = DIRECTION('',(1.,0.,0.));
#1872 = PLANE('',#1873);
#1873 = AXIS2_PLACEMENT_3D('',#1874,#1875,#1876);
#1874 = CARTESIAN_POINT('',(-0.8,-0.425,0.16));
#1875 = DIRECTION('',(0.,0.,1.));
#1876 = DIRECTION('',(1.,0.,0.));
#1877 = ADVANCED_FACE('',(#1878),#1915,.F.);
#1878 = FACE_BOUND('',#1879,.F.);
#1879 = EDGE_LOOP('',(#1880,#1891,#1897,#1898,#1899,#1900,#1909));
#1880 = ORIENTED_EDGE('',*,*,#1881,.F.);
#1881 = EDGE_CURVE('',#1882,#1884,#1886,.T.);
#1882 = VERTEX_POINT('',#1883);
#1883 = CARTESIAN_POINT('',(-0.55,0.225250156441,0.16));
#1884 = VERTEX_POINT('',#1885);
#1885 = CARTESIAN_POINT('',(-0.770000001359,0.106409353426,0.16));
#1886 = CIRCLE('',#1887,0.32);
#1887 = AXIS2_PLACEMENT_3D('',#1888,#1889,#1890);
#1888 = CARTESIAN_POINT('',(-0.8,0.424999999996,0.16));
#1889 = DIRECTION('',(0.,0.,-1.));
#1890 = DIRECTION('',(1.,0.,0.));
#1891 = ORIENTED_EDGE('',*,*,#1892,.T.);
#1892 = EDGE_CURVE('',#1882,#788,#1893,.T.);
#1893 = LINE('',#1894,#1895);
#1894 = CARTESIAN_POINT('',(-0.55,0.8,0.16));
#1895 = VECTOR('',#1896,1.);
#1896 = DIRECTION('',(0.,-1.,0.));
#1897 = ORIENTED_EDGE('',*,*,#785,.F.);
#1898 = ORIENTED_EDGE('',*,*,#836,.T.);
#1899 = ORIENTED_EDGE('',*,*,#828,.T.);
#1900 = ORIENTED_EDGE('',*,*,#1901,.F.);
#1901 = EDGE_CURVE('',#1902,#288,#1904,.T.);
#1902 = VERTEX_POINT('',#1903);
#1903 = CARTESIAN_POINT('',(-0.770000001359,0.1013875707,0.16));
#1904 = CIRCLE('',#1905,0.325);
#1905 = AXIS2_PLACEMENT_3D('',#1906,#1907,#1908);
#1906 = CARTESIAN_POINT('',(-0.799999965422,0.424999996537,0.16));
#1907 = DIRECTION('',(0.,0.,-1.));
#1908 = DIRECTION('',(1.,0.,0.));
#1909 = ORIENTED_EDGE('',*,*,#1910,.F.);
#1910 = EDGE_CURVE('',#1884,#1902,#1911,.T.);
#1911 = LINE('',#1912,#1913);
#1912 = CARTESIAN_POINT('',(-0.770000001359,0.224484839461,0.16));
#1913 = VECTOR('',#1914,1.);
#1914 = DIRECTION('',(0.,-1.,0.));
#1915 = PLANE('',#1916);
#1916 = AXIS2_PLACEMENT_3D('',#1917,#1918,#1919);
#1917 = CARTESIAN_POINT('',(0.799999965582,-0.425000000005,0.16));
#1918 = DIRECTION('',(0.,0.,-1.));
#1919 = DIRECTION('',(-1.,0.,0.));
#1920 = ADVANCED_FACE('',(#1921),#1935,.F.);
#1921 = FACE_BOUND('',#1922,.F.);
#1922 = EDGE_LOOP('',(#1923,#1924,#1930,#1931,#1932,#1933,#1934));
#1923 = ORIENTED_EDGE('',*,*,#804,.F.);
#1924 = ORIENTED_EDGE('',*,*,#1925,.T.);
#1925 = EDGE_CURVE('',#797,#1813,#1926,.T.);
#1926 = LINE('',#1927,#1928);
#1927 = CARTESIAN_POINT('',(-0.55,0.8,0.16));
#1928 = VECTOR('',#1929,1.);
#1929 = DIRECTION('',(0.,-1.,0.));
#1930 = ORIENTED_EDGE('',*,*,#1822,.T.);
#1931 = ORIENTED_EDGE('',*,*,#1831,.F.);
#1932 = ORIENTED_EDGE('',*,*,#1839,.F.);
#1933 = ORIENTED_EDGE('',*,*,#821,.F.);
#1934 = ORIENTED_EDGE('',*,*,#813,.F.);
#1935 = PLANE('',#1936);
#1936 = AXIS2_PLACEMENT_3D('',#1937,#1938,#1939);
#1937 = CARTESIAN_POINT('',(0.799999965582,-0.425000000005,0.16));
#1938 = DIRECTION('',(0.,0.,-1.));
#1939 = DIRECTION('',(-1.,0.,0.));
#1940 = ADVANCED_FACE('',(#1941),#1993,.F.);
#1941 = FACE_BOUND('',#1942,.T.);
#1942 = EDGE_LOOP('',(#1943,#1953,#1959,#1960,#1961,#1969,#1975,#1976,
    #1977,#1978,#1979,#1987));
#1943 = ORIENTED_EDGE('',*,*,#1944,.T.);
#1944 = EDGE_CURVE('',#1945,#1947,#1949,.T.);
#1945 = VERTEX_POINT('',#1946);
#1946 = CARTESIAN_POINT('',(-0.55,-0.8,0.16));
#1947 = VERTEX_POINT('',#1948);
#1948 = CARTESIAN_POINT('',(-0.537422132972,-0.8,0.4));
#1949 = LINE('',#1950,#1951);
#1950 = CARTESIAN_POINT('',(-0.55,-0.8,0.16));
#1951 = VECTOR('',#1952,1.);
#1952 = DIRECTION('',(5.233595624294E-02,0.,0.998629534755));
#1953 = ORIENTED_EDGE('',*,*,#1954,.F.);
#1954 = EDGE_CURVE('',#1519,#1947,#1955,.T.);
#1955 = LINE('',#1956,#1957);
#1956 = CARTESIAN_POINT('',(-0.537422132972,0.8,0.4));
#1957 = VECTOR('',#1958,1.);
#1958 = DIRECTION('',(0.,-1.,0.));
#1959 = ORIENTED_EDGE('',*,*,#1518,.F.);
#1960 = ORIENTED_EDGE('',*,*,#1468,.T.);
#1961 = ORIENTED_EDGE('',*,*,#1962,.T.);
#1962 = EDGE_CURVE('',#1469,#1963,#1965,.T.);
#1963 = VERTEX_POINT('',#1964);
#1964 = CARTESIAN_POINT('',(-0.55,0.62474984355,0.16));
#1965 = LINE('',#1966,#1967);
#1966 = CARTESIAN_POINT('',(-0.55,0.8,0.16));
#1967 = VECTOR('',#1968,1.);
#1968 = DIRECTION('',(0.,-1.,0.));
#1969 = ORIENTED_EDGE('',*,*,#1970,.T.);
#1970 = EDGE_CURVE('',#1963,#1882,#1971,.T.);
#1971 = LINE('',#1972,#1973);
#1972 = CARTESIAN_POINT('',(-0.55,0.8,0.16));
#1973 = VECTOR('',#1974,1.);
#1974 = DIRECTION('',(0.,-1.,0.));
#1975 = ORIENTED_EDGE('',*,*,#1892,.T.);
#1976 = ORIENTED_EDGE('',*,*,#796,.T.);
#1977 = ORIENTED_EDGE('',*,*,#1925,.T.);
#1978 = ORIENTED_EDGE('',*,*,#1812,.T.);
#1979 = ORIENTED_EDGE('',*,*,#1980,.T.);
#1980 = EDGE_CURVE('',#1815,#1981,#1983,.T.);
#1981 = VERTEX_POINT('',#1982);
#1982 = CARTESIAN_POINT('',(-0.55,-0.624959536207,0.16));
#1983 = LINE('',#1984,#1985);
#1984 = CARTESIAN_POINT('',(-0.55,0.8,0.16));
#1985 = VECTOR('',#1986,1.);
#1986 = DIRECTION('',(0.,-1.,0.));
#1987 = ORIENTED_EDGE('',*,*,#1988,.T.);
#1988 = EDGE_CURVE('',#1981,#1945,#1989,.T.);
#1989 = LINE('',#1990,#1991);
#1990 = CARTESIAN_POINT('',(-0.55,0.8,0.16));
#1991 = VECTOR('',#1992,1.);
#1992 = DIRECTION('',(0.,-1.,0.));
#1993 = PLANE('',#1994);
#1994 = AXIS2_PLACEMENT_3D('',#1995,#1996,#1997);
#1995 = CARTESIAN_POINT('',(-0.55,0.8,0.16));
#1996 = DIRECTION('',(0.998629534755,0.,-5.233595624294E-02));
#1997 = DIRECTION('',(-5.233595624294E-02,0.,-0.998629534755));
#1998 = ADVANCED_FACE('',(#1999),#2045,.T.);
#1999 = FACE_BOUND('',#2000,.T.);
#2000 = EDGE_LOOP('',(#2001,#2002,#2003,#2012,#2020,#2027,#2035,#2042,
    #2043,#2044));
#2001 = ORIENTED_EDGE('',*,*,#1881,.F.);
#2002 = ORIENTED_EDGE('',*,*,#1970,.F.);
#2003 = ORIENTED_EDGE('',*,*,#2004,.F.);
#2004 = EDGE_CURVE('',#2005,#1963,#2007,.T.);
#2005 = VERTEX_POINT('',#2006);
#2006 = CARTESIAN_POINT('',(-0.770000001359,0.743590646565,0.16));
#2007 = CIRCLE('',#2008,0.32);
#2008 = AXIS2_PLACEMENT_3D('',#2009,#2010,#2011);
#2009 = CARTESIAN_POINT('',(-0.8,0.424999999996,0.16));
#2010 = DIRECTION('',(0.,0.,-1.));
#2011 = DIRECTION('',(1.,0.,0.));
#2012 = ORIENTED_EDGE('',*,*,#2013,.F.);
#2013 = EDGE_CURVE('',#2014,#2005,#2016,.T.);
#2014 = VERTEX_POINT('',#2015);
#2015 = CARTESIAN_POINT('',(-0.770000001359,0.748612429292,0.16));
#2016 = LINE('',#2017,#2018);
#2017 = CARTESIAN_POINT('',(-0.770000001359,0.625515160531,0.16));
#2018 = VECTOR('',#2019,1.);
#2019 = DIRECTION('',(-8.807686664368E-16,-1.,0.));
#2020 = ORIENTED_EDGE('',*,*,#2021,.F.);
#2021 = EDGE_CURVE('',#1446,#2014,#2022,.T.);
#2022 = CIRCLE('',#2023,0.3250000035);
#2023 = AXIS2_PLACEMENT_3D('',#2024,#2025,#2026);
#2024 = CARTESIAN_POINT('',(-0.799999965582,0.424999999996,0.16));
#2025 = DIRECTION('',(0.,0.,-1.));
#2026 = DIRECTION('',(1.,0.,0.));
#2027 = ORIENTED_EDGE('',*,*,#2028,.T.);
#2028 = EDGE_CURVE('',#1446,#2029,#2031,.T.);
#2029 = VERTEX_POINT('',#2030);
#2030 = CARTESIAN_POINT('',(-0.8,0.59,0.16));
#2031 = LINE('',#2032,#2033);
#2032 = CARTESIAN_POINT('',(-0.8,0.745130935853,0.16));
#2033 = VECTOR('',#2034,1.);
#2034 = DIRECTION('',(0.,-1.,0.));
#2035 = ORIENTED_EDGE('',*,*,#2036,.T.);
#2036 = EDGE_CURVE('',#2029,#852,#2037,.T.);
#2037 = CIRCLE('',#2038,0.165);
#2038 = AXIS2_PLACEMENT_3D('',#2039,#2040,#2041);
#2039 = CARTESIAN_POINT('',(-0.8,0.425,0.16));
#2040 = DIRECTION('',(0.,0.,-1.));
#2041 = DIRECTION('',(-1.,0.,0.));
#2042 = ORIENTED_EDGE('',*,*,#851,.T.);
#2043 = ORIENTED_EDGE('',*,*,#1901,.F.);
#2044 = ORIENTED_EDGE('',*,*,#1910,.F.);
#2045 = PLANE('',#2046);
#2046 = AXIS2_PLACEMENT_3D('',#2047,#2048,#2049);
#2047 = CARTESIAN_POINT('',(-0.8,0.425,0.16));
#2048 = DIRECTION('',(0.,0.,1.));
#2049 = DIRECTION('',(1.,0.,0.));
#2050 = ADVANCED_FACE('',(#2051),#2070,.F.);
#2051 = FACE_BOUND('',#2052,.F.);
#2052 = EDGE_LOOP('',(#2053,#2061,#2062,#2063));
#2053 = ORIENTED_EDGE('',*,*,#2054,.F.);
#2054 = EDGE_CURVE('',#2029,#2055,#2057,.T.);
#2055 = VERTEX_POINT('',#2056);
#2056 = CARTESIAN_POINT('',(-0.8,0.59,0.));
#2057 = LINE('',#2058,#2059);
#2058 = CARTESIAN_POINT('',(-0.8,0.59,3.E-02));
#2059 = VECTOR('',#2060,1.);
#2060 = DIRECTION('',(0.,0.,-1.));
#2061 = ORIENTED_EDGE('',*,*,#2036,.T.);
#2062 = ORIENTED_EDGE('',*,*,#859,.T.);
#2063 = ORIENTED_EDGE('',*,*,#2064,.F.);
#2064 = EDGE_CURVE('',#2055,#860,#2065,.T.);
#2065 = CIRCLE('',#2066,0.165);
#2066 = AXIS2_PLACEMENT_3D('',#2067,#2068,#2069);
#2067 = CARTESIAN_POINT('',(-0.8,0.425,0.));
#2068 = DIRECTION('',(0.,0.,-1.));
#2069 = DIRECTION('',(-1.,0.,0.));
#2070 = CYLINDRICAL_SURFACE('',#2071,0.165);
#2071 = AXIS2_PLACEMENT_3D('',#2072,#2073,#2074);
#2072 = CARTESIAN_POINT('',(-0.8,0.425,3.E-02));
#2073 = DIRECTION('',(0.,0.,1.));
#2074 = DIRECTION('',(-1.,0.,0.));
#2075 = ADVANCED_FACE('',(#2076),#2089,.T.);
#2076 = FACE_BOUND('',#2077,.T.);
#2077 = EDGE_LOOP('',(#2078,#2084,#2085,#2086,#2087,#2088));
#2078 = ORIENTED_EDGE('',*,*,#2079,.F.);
#2079 = EDGE_CURVE('',#915,#2055,#2080,.T.);
#2080 = LINE('',#2081,#2082);
#2081 = CARTESIAN_POINT('',(-0.8,0.75,0.));
#2082 = VECTOR('',#2083,1.);
#2083 = DIRECTION('',(2.03287907341E-15,-1.,0.));
#2084 = ORIENTED_EDGE('',*,*,#914,.T.);
#2085 = ORIENTED_EDGE('',*,*,#906,.T.);
#2086 = ORIENTED_EDGE('',*,*,#898,.T.);
#2087 = ORIENTED_EDGE('',*,*,#867,.F.);
#2088 = ORIENTED_EDGE('',*,*,#2064,.F.);
#2089 = PLANE('',#2090);
#2090 = AXIS2_PLACEMENT_3D('',#2091,#2092,#2093);
#2091 = CARTESIAN_POINT('',(-0.8,0.425,0.));
#2092 = DIRECTION('',(0.,0.,-1.));
#2093 = DIRECTION('',(-1.,0.,0.));
#2094 = ADVANCED_FACE('',(#2095),#2103,.T.);
#2095 = FACE_BOUND('',#2096,.T.);
#2096 = EDGE_LOOP('',(#2097,#2098,#2099,#2100,#2101,#2102));
#2097 = ORIENTED_EDGE('',*,*,#1422,.F.);
#2098 = ORIENTED_EDGE('',*,*,#1784,.T.);
#2099 = ORIENTED_EDGE('',*,*,#1798,.T.);
#2100 = ORIENTED_EDGE('',*,*,#945,.F.);
#2101 = ORIENTED_EDGE('',*,*,#891,.T.);
#2102 = ORIENTED_EDGE('',*,*,#883,.T.);
#2103 = PLANE('',#2104);
#2104 = AXIS2_PLACEMENT_3D('',#2105,#2106,#2107);
#2105 = CARTESIAN_POINT('',(0.799999965582,-0.425000000005,0.));
#2106 = DIRECTION('',(0.,0.,-1.));
#2107 = DIRECTION('',(-1.,0.,0.));
#2108 = ADVANCED_FACE('',(#2109),#2127,.F.);
#2109 = FACE_BOUND('',#2110,.T.);
#2110 = EDGE_LOOP('',(#2111,#2112,#2113,#2121));
#2111 = ORIENTED_EDGE('',*,*,#1231,.T.);
#2112 = ORIENTED_EDGE('',*,*,#978,.F.);
#2113 = ORIENTED_EDGE('',*,*,#2114,.F.);
#2114 = EDGE_CURVE('',#2115,#979,#2117,.T.);
#2115 = VERTEX_POINT('',#2116);
#2116 = CARTESIAN_POINT('',(0.119964057936,-0.545007387419,3.E-02));
#2117 = LINE('',#2118,#2119);
#2118 = CARTESIAN_POINT('',(-0.449999999999,-0.545007387419,3.E-02));
#2119 = VECTOR('',#2120,1.);
#2120 = DIRECTION('',(-1.,1.902229021972E-16,0.));
#2121 = ORIENTED_EDGE('',*,*,#2122,.T.);
#2122 = EDGE_CURVE('',#2115,#1232,#2123,.T.);
#2123 = LINE('',#2124,#2125);
#2124 = CARTESIAN_POINT('',(0.119964057936,-0.545007387419,3.E-02));
#2125 = VECTOR('',#2126,1.);
#2126 = DIRECTION('',(0.,0.,-1.));
#2127 = PLANE('',#2128);
#2128 = AXIS2_PLACEMENT_3D('',#2129,#2130,#2131);
#2129 = CARTESIAN_POINT('',(-0.449999999999,-0.545007387419,3.E-02));
#2130 = DIRECTION('',(-1.902229021972E-16,-1.,0.));
#2131 = DIRECTION('',(1.,-1.902229021972E-16,0.));
#2132 = ADVANCED_FACE('',(#2133),#2144,.F.);
#2133 = FACE_BOUND('',#2134,.F.);
#2134 = EDGE_LOOP('',(#2135,#2136,#2137,#2143));
#2135 = ORIENTED_EDGE('',*,*,#1239,.F.);
#2136 = ORIENTED_EDGE('',*,*,#1018,.T.);
#2137 = ORIENTED_EDGE('',*,*,#2138,.T.);
#2138 = EDGE_CURVE('',#1011,#2115,#2139,.T.);
#2139 = LINE('',#2140,#2141);
#2140 = CARTESIAN_POINT('',(0.119964057936,-0.545007387419,3.E-02));
#2141 = VECTOR('',#2142,1.);
#2142 = DIRECTION('',(0.,-1.,0.));
#2143 = ORIENTED_EDGE('',*,*,#2122,.T.);
#2144 = PLANE('',#2145);
#2145 = AXIS2_PLACEMENT_3D('',#2146,#2147,#2148);
#2146 = CARTESIAN_POINT('',(0.119964057936,-0.545007387419,3.E-02));
#2147 = DIRECTION('',(1.,0.,0.));
#2148 = DIRECTION('',(0.,0.,-1.));
#2149 = ADVANCED_FACE('',(#2150),#2168,.F.);
#2150 = FACE_BOUND('',#2151,.F.);
#2151 = EDGE_LOOP('',(#2152,#2153,#2154,#2155,#2156,#2157,#2158,#2159,
    #2160,#2161,#2162,#2163,#2164,#2165,#2166,#2167));
#2152 = ORIENTED_EDGE('',*,*,#1371,.F.);
#2153 = ORIENTED_EDGE('',*,*,#1380,.F.);
#2154 = ORIENTED_EDGE('',*,*,#1302,.F.);
#2155 = ORIENTED_EDGE('',*,*,#1312,.T.);
#2156 = ORIENTED_EDGE('',*,*,#1320,.T.);
#2157 = ORIENTED_EDGE('',*,*,#1133,.F.);
#2158 = ORIENTED_EDGE('',*,*,#1116,.F.);
#2159 = ORIENTED_EDGE('',*,*,#1092,.F.);
#2160 = ORIENTED_EDGE('',*,*,#504,.T.);
#2161 = ORIENTED_EDGE('',*,*,#1330,.T.);
#2162 = ORIENTED_EDGE('',*,*,#1010,.F.);
#2163 = ORIENTED_EDGE('',*,*,#986,.F.);
#2164 = ORIENTED_EDGE('',*,*,#1338,.T.);
#2165 = ORIENTED_EDGE('',*,*,#1346,.T.);
#2166 = ORIENTED_EDGE('',*,*,#1354,.F.);
#2167 = ORIENTED_EDGE('',*,*,#1362,.F.);
#2168 = PLANE('',#2169);
#2169 = AXIS2_PLACEMENT_3D('',#2170,#2171,#2172);
#2170 = CARTESIAN_POINT('',(-0.8,-0.425,3.E-02));
#2171 = DIRECTION('',(0.,0.,-1.));
#2172 = DIRECTION('',(-1.,0.,0.));
#2173 = ADVANCED_FACE('',(#2174),#2193,.F.);
#2174 = FACE_BOUND('',#2175,.T.);
#2175 = EDGE_LOOP('',(#2176,#2177,#2185,#2191,#2192));
#2176 = ORIENTED_EDGE('',*,*,#1223,.T.);
#2177 = ORIENTED_EDGE('',*,*,#2178,.F.);
#2178 = EDGE_CURVE('',#2179,#1216,#2181,.T.);
#2179 = VERTEX_POINT('',#2180);
#2180 = CARTESIAN_POINT('',(-0.799999965582,-0.800000000082,0.16));
#2181 = LINE('',#2182,#2183);
#2182 = CARTESIAN_POINT('',(-0.799999965582,-0.800000000082,0.16));
#2183 = VECTOR('',#2184,1.);
#2184 = DIRECTION('',(0.,0.,-1.));
#2185 = ORIENTED_EDGE('',*,*,#2186,.F.);
#2186 = EDGE_CURVE('',#1183,#2179,#2187,.T.);
#2187 = LINE('',#2188,#2189);
#2188 = CARTESIAN_POINT('',(-0.799999965582,-0.750000003473,0.16));
#2189 = VECTOR('',#2190,1.);
#2190 = DIRECTION('',(0.,-1.,0.));
#2191 = ORIENTED_EDGE('',*,*,#1182,.T.);
#2192 = ORIENTED_EDGE('',*,*,#1174,.T.);
#2193 = PLANE('',#2194);
#2194 = AXIS2_PLACEMENT_3D('',#2195,#2196,#2197);
#2195 = CARTESIAN_POINT('',(-0.799999965582,-0.750000003473,0.16));
#2196 = DIRECTION('',(1.,0.,0.));
#2197 = DIRECTION('',(0.,0.,-1.));
#2198 = ADVANCED_FACE('',(#2199),#2224,.F.);
#2199 = FACE_BOUND('',#2200,.T.);
#2200 = EDGE_LOOP('',(#2201,#2202,#2210,#2218));
#2201 = ORIENTED_EDGE('',*,*,#1205,.T.);
#2202 = ORIENTED_EDGE('',*,*,#2203,.F.);
#2203 = EDGE_CURVE('',#2204,#1208,#2206,.T.);
#2204 = VERTEX_POINT('',#2205);
#2205 = CARTESIAN_POINT('',(-0.410096917906,-0.575043295866,3.E-02));
#2206 = LINE('',#2207,#2208);
#2207 = CARTESIAN_POINT('',(-0.410096917906,-0.575043295866,3.E-02));
#2208 = VECTOR('',#2209,1.);
#2209 = DIRECTION('',(0.,0.,-1.));
#2210 = ORIENTED_EDGE('',*,*,#2211,.F.);
#2211 = EDGE_CURVE('',#2212,#2204,#2214,.T.);
#2212 = VERTEX_POINT('',#2213);
#2213 = CARTESIAN_POINT('',(-0.410096917906,-0.800000000082,3.E-02));
#2214 = LINE('',#2215,#2216);
#2215 = CARTESIAN_POINT('',(-0.410096917906,-0.800000000082,3.E-02));
#2216 = VECTOR('',#2217,1.);
#2217 = DIRECTION('',(0.,1.,0.));
#2218 = ORIENTED_EDGE('',*,*,#2219,.T.);
#2219 = EDGE_CURVE('',#2212,#1206,#2220,.T.);
#2220 = LINE('',#2221,#2222);
#2221 = CARTESIAN_POINT('',(-0.410096917906,-0.800000000082,3.E-02));
#2222 = VECTOR('',#2223,1.);
#2223 = DIRECTION('',(0.,0.,-1.));
#2224 = PLANE('',#2225);
#2225 = AXIS2_PLACEMENT_3D('',#2226,#2227,#2228);
#2226 = CARTESIAN_POINT('',(-0.410096917906,-0.800000000082,3.E-02));
#2227 = DIRECTION('',(-1.,0.,0.));
#2228 = DIRECTION('',(0.,0.,1.));
#2229 = ADVANCED_FACE('',(#2230),#2248,.F.);
#2230 = FACE_BOUND('',#2231,.F.);
#2231 = EDGE_LOOP('',(#2232,#2233,#2234,#2242));
#2232 = ORIENTED_EDGE('',*,*,#1288,.F.);
#2233 = ORIENTED_EDGE('',*,*,#2203,.F.);
#2234 = ORIENTED_EDGE('',*,*,#2235,.T.);
#2235 = EDGE_CURVE('',#2204,#2236,#2238,.T.);
#2236 = VERTEX_POINT('',#2237);
#2237 = CARTESIAN_POINT('',(-0.41,-0.575043295866,3.E-02));
#2238 = LINE('',#2239,#2240);
#2239 = CARTESIAN_POINT('',(-0.410096917906,-0.575043295866,3.E-02));
#2240 = VECTOR('',#2241,1.);
#2241 = DIRECTION('',(1.,0.,0.));
#2242 = ORIENTED_EDGE('',*,*,#2243,.T.);
#2243 = EDGE_CURVE('',#2236,#1281,#2244,.T.);
#2244 = LINE('',#2245,#2246);
#2245 = CARTESIAN_POINT('',(-0.41,-0.575043295866,3.E-02));
#2246 = VECTOR('',#2247,1.);
#2247 = DIRECTION('',(0.,0.,-1.));
#2248 = PLANE('',#2249);
#2249 = AXIS2_PLACEMENT_3D('',#2250,#2251,#2252);
#2250 = CARTESIAN_POINT('',(-0.410096917906,-0.575043295866,3.E-02));
#2251 = DIRECTION('',(0.,1.,0.));
#2252 = DIRECTION('',(0.,0.,1.));
#2253 = ADVANCED_FACE('',(#2254),#2281,.T.);
#2254 = FACE_BOUND('',#2255,.T.);
#2255 = EDGE_LOOP('',(#2256,#2264,#2265,#2266,#2267,#2275));
#2256 = ORIENTED_EDGE('',*,*,#2257,.F.);
#2257 = EDGE_CURVE('',#1281,#2258,#2260,.T.);
#2258 = VERTEX_POINT('',#2259);
#2259 = CARTESIAN_POINT('',(-0.160051145335,-0.575043295866,0.));
#2260 = LINE('',#2261,#2262);
#2261 = CARTESIAN_POINT('',(-0.410096917906,-0.575043295866,0.));
#2262 = VECTOR('',#2263,1.);
#2263 = DIRECTION('',(1.,0.,0.));
#2264 = ORIENTED_EDGE('',*,*,#1280,.F.);
#2265 = ORIENTED_EDGE('',*,*,#1272,.F.);
#2266 = ORIENTED_EDGE('',*,*,#1264,.F.);
#2267 = ORIENTED_EDGE('',*,*,#2268,.F.);
#2268 = EDGE_CURVE('',#2269,#1257,#2271,.T.);
#2269 = VERTEX_POINT('',#2270);
#2270 = CARTESIAN_POINT('',(-0.160051145335,-0.800000000082,0.));
#2271 = LINE('',#2272,#2273);
#2272 = CARTESIAN_POINT('',(-0.799999965582,-0.800000000082,0.));
#2273 = VECTOR('',#2274,1.);
#2274 = DIRECTION('',(1.,0.,0.));
#2275 = ORIENTED_EDGE('',*,*,#2276,.F.);
#2276 = EDGE_CURVE('',#2258,#2269,#2277,.T.);
#2277 = LINE('',#2278,#2279);
#2278 = CARTESIAN_POINT('',(-0.160051145335,-0.575043295866,0.));
#2279 = VECTOR('',#2280,1.);
#2280 = DIRECTION('',(0.,-1.,0.));
#2281 = PLANE('',#2282);
#2282 = AXIS2_PLACEMENT_3D('',#2283,#2284,#2285);
#2283 = CARTESIAN_POINT('',(0.799999965582,-0.425000000005,0.));
#2284 = DIRECTION('',(0.,0.,-1.));
#2285 = DIRECTION('',(-1.,0.,0.));
#2286 = ADVANCED_FACE('',(#2287),#2399,.F.);
#2287 = FACE_BOUND('',#2288,.F.);
#2288 = EDGE_LOOP('',(#2289,#2290,#2291,#2297,#2305,#2313,#2321,#2329,
    #2337,#2345,#2353,#2361,#2367,#2368,#2376,#2384,#2392,#2398));
#2289 = ORIENTED_EDGE('',*,*,#1215,.F.);
#2290 = ORIENTED_EDGE('',*,*,#2178,.F.);
#2291 = ORIENTED_EDGE('',*,*,#2292,.T.);
#2292 = EDGE_CURVE('',#2179,#1945,#2293,.T.);
#2293 = LINE('',#2294,#2295);
#2294 = CARTESIAN_POINT('',(-0.799999965582,-0.800000000082,0.16));
#2295 = VECTOR('',#2296,1.);
#2296 = DIRECTION('',(1.,0.,0.));
#2297 = ORIENTED_EDGE('',*,*,#2298,.F.);
#2298 = EDGE_CURVE('',#2299,#1945,#2301,.T.);
#2299 = VERTEX_POINT('',#2300);
#2300 = CARTESIAN_POINT('',(0.55,-0.8,0.16));
#2301 = LINE('',#2302,#2303);
#2302 = CARTESIAN_POINT('',(0.55,-0.8,0.16));
#2303 = VECTOR('',#2304,1.);
#2304 = DIRECTION('',(-1.,0.,0.));
#2305 = ORIENTED_EDGE('',*,*,#2306,.T.);
#2306 = EDGE_CURVE('',#2299,#2307,#2309,.T.);
#2307 = VERTEX_POINT('',#2308);
#2308 = CARTESIAN_POINT('',(0.799999965582,-0.800000000082,0.16));
#2309 = LINE('',#2310,#2311);
#2310 = CARTESIAN_POINT('',(-0.799999965582,-0.800000000082,0.16));
#2311 = VECTOR('',#2312,1.);
#2312 = DIRECTION('',(1.,0.,0.));
#2313 = ORIENTED_EDGE('',*,*,#2314,.T.);
#2314 = EDGE_CURVE('',#2307,#2315,#2317,.T.);
#2315 = VERTEX_POINT('',#2316);
#2316 = CARTESIAN_POINT('',(0.799999965582,-0.800000000082,0.));
#2317 = LINE('',#2318,#2319);
#2318 = CARTESIAN_POINT('',(0.799999965582,-0.800000000082,0.16));
#2319 = VECTOR('',#2320,1.);
#2320 = DIRECTION('',(0.,0.,-1.));
#2321 = ORIENTED_EDGE('',*,*,#2322,.F.);
#2322 = EDGE_CURVE('',#2323,#2315,#2325,.T.);
#2323 = VERTEX_POINT('',#2324);
#2324 = CARTESIAN_POINT('',(0.399464377531,-0.800000000082,0.));
#2325 = LINE('',#2326,#2327);
#2326 = CARTESIAN_POINT('',(-0.799999965582,-0.800000000082,0.));
#2327 = VECTOR('',#2328,1.);
#2328 = DIRECTION('',(1.,0.,0.));
#2329 = ORIENTED_EDGE('',*,*,#2330,.F.);
#2330 = EDGE_CURVE('',#2331,#2323,#2333,.T.);
#2331 = VERTEX_POINT('',#2332);
#2332 = CARTESIAN_POINT('',(0.399464377531,-0.800000000082,3.E-02));
#2333 = LINE('',#2334,#2335);
#2334 = CARTESIAN_POINT('',(0.399464377531,-0.800000000082,3.E-02));
#2335 = VECTOR('',#2336,1.);
#2336 = DIRECTION('',(0.,0.,-1.));
#2337 = ORIENTED_EDGE('',*,*,#2338,.F.);
#2338 = EDGE_CURVE('',#2339,#2331,#2341,.T.);
#2339 = VERTEX_POINT('',#2340);
#2340 = CARTESIAN_POINT('',(0.399457937574,-0.8,3.E-02));
#2341 = LINE('',#2342,#2343);
#2342 = CARTESIAN_POINT('',(0.159485599839,-0.800000000082,3.E-02));
#2343 = VECTOR('',#2344,1.);
#2344 = DIRECTION('',(1.,0.,0.));
#2345 = ORIENTED_EDGE('',*,*,#2346,.F.);
#2346 = EDGE_CURVE('',#2347,#2339,#2349,.T.);
#2347 = VERTEX_POINT('',#2348);
#2348 = CARTESIAN_POINT('',(0.159485599839,-0.800000000082,3.E-02));
#2349 = LINE('',#2350,#2351);
#2350 = CARTESIAN_POINT('',(0.159485599839,-0.800000000082,3.E-02));
#2351 = VECTOR('',#2352,1.);
#2352 = DIRECTION('',(1.,0.,0.));
#2353 = ORIENTED_EDGE('',*,*,#2354,.F.);
#2354 = EDGE_CURVE('',#2355,#2347,#2357,.T.);
#2355 = VERTEX_POINT('',#2356);
#2356 = CARTESIAN_POINT('',(0.159457937574,-0.8,3.E-02));
#2357 = LINE('',#2358,#2359);
#2358 = CARTESIAN_POINT('',(0.159457937574,-0.8,3.E-02));
#2359 = VECTOR('',#2360,1.);
#2360 = DIRECTION('',(1.,-1.355252715607E-15,0.));
#2361 = ORIENTED_EDGE('',*,*,#2362,.T.);
#2362 = EDGE_CURVE('',#2355,#1249,#2363,.T.);
#2363 = LINE('',#2364,#2365);
#2364 = CARTESIAN_POINT('',(0.159457937574,-0.8,3.E-02));
#2365 = VECTOR('',#2366,1.);
#2366 = DIRECTION('',(0.,0.,-1.));
#2367 = ORIENTED_EDGE('',*,*,#1256,.F.);
#2368 = ORIENTED_EDGE('',*,*,#2369,.F.);
#2369 = EDGE_CURVE('',#2370,#1257,#2372,.T.);
#2370 = VERTEX_POINT('',#2371);
#2371 = CARTESIAN_POINT('',(-0.16,-0.8,3.E-02));
#2372 = LINE('',#2373,#2374);
#2373 = CARTESIAN_POINT('',(-0.16,-0.8,3.E-02));
#2374 = VECTOR('',#2375,1.);
#2375 = DIRECTION('',(0.,0.,-1.));
#2376 = ORIENTED_EDGE('',*,*,#2377,.F.);
#2377 = EDGE_CURVE('',#2378,#2370,#2380,.T.);
#2378 = VERTEX_POINT('',#2379);
#2379 = CARTESIAN_POINT('',(-0.160051145335,-0.800000000082,3.E-02));
#2380 = LINE('',#2381,#2382);
#2381 = CARTESIAN_POINT('',(-0.41,-0.8,3.E-02));
#2382 = VECTOR('',#2383,1.);
#2383 = DIRECTION('',(1.,0.,0.));
#2384 = ORIENTED_EDGE('',*,*,#2385,.T.);
#2385 = EDGE_CURVE('',#2378,#2386,#2388,.T.);
#2386 = VERTEX_POINT('',#2387);
#2387 = CARTESIAN_POINT('',(-0.41,-0.8,3.E-02));
#2388 = LINE('',#2389,#2390);
#2389 = CARTESIAN_POINT('',(-0.160051145335,-0.800000000082,3.E-02));
#2390 = VECTOR('',#2391,1.);
#2391 = DIRECTION('',(-1.,0.,0.));
#2392 = ORIENTED_EDGE('',*,*,#2393,.T.);
#2393 = EDGE_CURVE('',#2386,#2212,#2394,.T.);
#2394 = LINE('',#2395,#2396);
#2395 = CARTESIAN_POINT('',(-0.160051145335,-0.800000000082,3.E-02));
#2396 = VECTOR('',#2397,1.);
#2397 = DIRECTION('',(-1.,0.,0.));
#2398 = ORIENTED_EDGE('',*,*,#2219,.T.);
#2399 = PLANE('',#2400);
#2400 = AXIS2_PLACEMENT_3D('',#2401,#2402,#2403);
#2401 = CARTESIAN_POINT('',(-0.799999965582,-0.800000000082,0.16));
#2402 = DIRECTION('',(0.,1.,0.));
#2403 = DIRECTION('',(0.,0.,1.));
#2404 = ADVANCED_FACE('',(#2405),#2423,.T.);
#2405 = FACE_BOUND('',#2406,.T.);
#2406 = EDGE_LOOP('',(#2407,#2415,#2416,#2417));
#2407 = ORIENTED_EDGE('',*,*,#2408,.F.);
#2408 = EDGE_CURVE('',#1249,#2409,#2411,.T.);
#2409 = VERTEX_POINT('',#2410);
#2410 = CARTESIAN_POINT('',(0.159485599839,-0.800000000082,0.));
#2411 = LINE('',#2412,#2413);
#2412 = CARTESIAN_POINT('',(-0.799999965582,-0.800000000082,0.));
#2413 = VECTOR('',#2414,1.);
#2414 = DIRECTION('',(1.,0.,0.));
#2415 = ORIENTED_EDGE('',*,*,#1248,.F.);
#2416 = ORIENTED_EDGE('',*,*,#1756,.F.);
#2417 = ORIENTED_EDGE('',*,*,#2418,.T.);
#2418 = EDGE_CURVE('',#1727,#2409,#2419,.T.);
#2419 = LINE('',#2420,#2421);
#2420 = CARTESIAN_POINT('',(0.159485599839,0.800000000064,0.));
#2421 = VECTOR('',#2422,1.);
#2422 = DIRECTION('',(-6.776263577416E-17,-1.,0.));
#2423 = PLANE('',#2424);
#2424 = AXIS2_PLACEMENT_3D('',#2425,#2426,#2427);
#2425 = CARTESIAN_POINT('',(0.799999965582,-0.425000000005,0.));
#2426 = DIRECTION('',(0.,0.,-1.));
#2427 = DIRECTION('',(-1.,0.,0.));
#2428 = ADVANCED_FACE('',(#2429),#2436,.F.);
#2429 = FACE_BOUND('',#2430,.T.);
#2430 = EDGE_LOOP('',(#2431,#2432,#2433,#2434,#2435));
#2431 = ORIENTED_EDGE('',*,*,#2028,.F.);
#2432 = ORIENTED_EDGE('',*,*,#1445,.T.);
#2433 = ORIENTED_EDGE('',*,*,#1437,.T.);
#2434 = ORIENTED_EDGE('',*,*,#2079,.T.);
#2435 = ORIENTED_EDGE('',*,*,#2054,.F.);
#2436 = PLANE('',#2437);
#2437 = AXIS2_PLACEMENT_3D('',#2438,#2439,#2440);
#2438 = CARTESIAN_POINT('',(-0.8,0.75,3.E-02));
#2439 = DIRECTION('',(1.,2.03287907341E-15,0.));
#2440 = DIRECTION('',(-2.03287907341E-15,1.,0.));
#2441 = ADVANCED_FACE('',(#2442),#2451,.F.);
#2442 = FACE_BOUND('',#2443,.F.);
#2443 = EDGE_LOOP('',(#2444,#2445,#2446,#2447,#2448,#2449,#2450));
#2444 = ORIENTED_EDGE('',*,*,#1962,.T.);
#2445 = ORIENTED_EDGE('',*,*,#2004,.F.);
#2446 = ORIENTED_EDGE('',*,*,#2013,.F.);
#2447 = ORIENTED_EDGE('',*,*,#2021,.F.);
#2448 = ORIENTED_EDGE('',*,*,#1493,.T.);
#2449 = ORIENTED_EDGE('',*,*,#1485,.T.);
#2450 = ORIENTED_EDGE('',*,*,#1476,.F.);
#2451 = PLANE('',#2452);
#2452 = AXIS2_PLACEMENT_3D('',#2453,#2454,#2455);
#2453 = CARTESIAN_POINT('',(0.799999965582,-0.425000000005,0.16));
#2454 = DIRECTION('',(0.,0.,-1.));
#2455 = DIRECTION('',(-1.,0.,0.));
#2456 = ADVANCED_FACE('',(#2457),#2521,.F.);
#2457 = FACE_BOUND('',#2458,.T.);
#2458 = EDGE_LOOP('',(#2459,#2467,#2475,#2483,#2491,#2499,#2507,#2513,
    #2514,#2515));
#2459 = ORIENTED_EDGE('',*,*,#2460,.T.);
#2460 = EDGE_CURVE('',#2461,#2299,#2463,.T.);
#2461 = VERTEX_POINT('',#2462);
#2462 = CARTESIAN_POINT('',(0.537422132972,-0.8,0.4));
#2463 = LINE('',#2464,#2465);
#2464 = CARTESIAN_POINT('',(0.537422132972,-0.8,0.4));
#2465 = VECTOR('',#2466,1.);
#2466 = DIRECTION('',(5.233595624294E-02,0.,-0.998629534755));
#2467 = ORIENTED_EDGE('',*,*,#2468,.F.);
#2468 = EDGE_CURVE('',#2469,#2299,#2471,.T.);
#2469 = VERTEX_POINT('',#2470);
#2470 = CARTESIAN_POINT('',(0.55,-0.624749843552,0.16));
#2471 = LINE('',#2472,#2473);
#2472 = CARTESIAN_POINT('',(0.55,0.8,0.16));
#2473 = VECTOR('',#2474,1.);
#2474 = DIRECTION('',(0.,-1.,0.));
#2475 = ORIENTED_EDGE('',*,*,#2476,.F.);
#2476 = EDGE_CURVE('',#2477,#2469,#2479,.T.);
#2477 = VERTEX_POINT('',#2478);
#2478 = CARTESIAN_POINT('',(0.55,-0.225250156444,0.16));
#2479 = LINE('',#2480,#2481);
#2480 = CARTESIAN_POINT('',(0.55,0.8,0.16));
#2481 = VECTOR('',#2482,1.);
#2482 = DIRECTION('',(0.,-1.,0.));
#2483 = ORIENTED_EDGE('',*,*,#2484,.F.);
#2484 = EDGE_CURVE('',#2485,#2477,#2487,.T.);
#2485 = VERTEX_POINT('',#2486);
#2486 = CARTESIAN_POINT('',(0.55,0.225040463793,0.16));
#2487 = LINE('',#2488,#2489);
#2488 = CARTESIAN_POINT('',(0.55,0.8,0.16));
#2489 = VECTOR('',#2490,1.);
#2490 = DIRECTION('',(0.,-1.,0.));
#2491 = ORIENTED_EDGE('',*,*,#2492,.F.);
#2492 = EDGE_CURVE('',#2493,#2485,#2495,.T.);
#2493 = VERTEX_POINT('',#2494);
#2494 = CARTESIAN_POINT('',(0.55,0.225250156441,0.16));
#2495 = LINE('',#2496,#2497);
#2496 = CARTESIAN_POINT('',(0.55,0.8,0.16));
#2497 = VECTOR('',#2498,1.);
#2498 = DIRECTION('',(0.,-1.,0.));
#2499 = ORIENTED_EDGE('',*,*,#2500,.F.);
#2500 = EDGE_CURVE('',#2501,#2493,#2503,.T.);
#2501 = VERTEX_POINT('',#2502);
#2502 = CARTESIAN_POINT('',(0.55,0.62474984355,0.16));
#2503 = LINE('',#2504,#2505);
#2504 = CARTESIAN_POINT('',(0.55,0.8,0.16));
#2505 = VECTOR('',#2506,1.);
#2506 = DIRECTION('',(0.,-1.,0.));
#2507 = ORIENTED_EDGE('',*,*,#2508,.F.);
#2508 = EDGE_CURVE('',#1541,#2501,#2509,.T.);
#2509 = LINE('',#2510,#2511);
#2510 = CARTESIAN_POINT('',(0.55,0.8,0.16));
#2511 = VECTOR('',#2512,1.);
#2512 = DIRECTION('',(0.,-1.,0.));
#2513 = ORIENTED_EDGE('',*,*,#1540,.F.);
#2514 = ORIENTED_EDGE('',*,*,#1509,.F.);
#2515 = ORIENTED_EDGE('',*,*,#2516,.T.);
#2516 = EDGE_CURVE('',#1510,#2461,#2517,.T.);
#2517 = LINE('',#2518,#2519);
#2518 = CARTESIAN_POINT('',(0.537422132972,0.8,0.4));
#2519 = VECTOR('',#2520,1.);
#2520 = DIRECTION('',(0.,-1.,0.));
#2521 = PLANE('',#2522);
#2522 = AXIS2_PLACEMENT_3D('',#2523,#2524,#2525);
#2523 = CARTESIAN_POINT('',(0.537422132972,0.8,0.4));
#2524 = DIRECTION('',(-0.998629534755,0.,-5.233595624294E-02));
#2525 = DIRECTION('',(-5.233595624294E-02,0.,0.998629534755));
#2526 = ADVANCED_FACE('',(#2527),#2538,.F.);
#2527 = FACE_BOUND('',#2528,.T.);
#2528 = EDGE_LOOP('',(#2529,#2535,#2536,#2537));
#2529 = ORIENTED_EDGE('',*,*,#2530,.T.);
#2530 = EDGE_CURVE('',#1947,#2461,#2531,.T.);
#2531 = LINE('',#2532,#2533);
#2532 = CARTESIAN_POINT('',(-0.537422132972,-0.8,0.4));
#2533 = VECTOR('',#2534,1.);
#2534 = DIRECTION('',(1.,0.,0.));
#2535 = ORIENTED_EDGE('',*,*,#2516,.F.);
#2536 = ORIENTED_EDGE('',*,*,#1526,.F.);
#2537 = ORIENTED_EDGE('',*,*,#1954,.T.);
#2538 = PLANE('',#2539);
#2539 = AXIS2_PLACEMENT_3D('',#2540,#2541,#2542);
#2540 = CARTESIAN_POINT('',(-0.537422132972,0.8,0.4));
#2541 = DIRECTION('',(0.,0.,-1.));
#2542 = DIRECTION('',(-1.,0.,0.));
#2543 = ADVANCED_FACE('',(#2544),#2574,.F.);
#2544 = FACE_BOUND('',#2545,.F.);
#2545 = EDGE_LOOP('',(#2546,#2547,#2548,#2549,#2550,#2559,#2567));
#2546 = ORIENTED_EDGE('',*,*,#2508,.F.);
#2547 = ORIENTED_EDGE('',*,*,#1573,.T.);
#2548 = ORIENTED_EDGE('',*,*,#1565,.F.);
#2549 = ORIENTED_EDGE('',*,*,#1557,.F.);
#2550 = ORIENTED_EDGE('',*,*,#2551,.F.);
#2551 = EDGE_CURVE('',#2552,#1550,#2554,.T.);
#2552 = VERTEX_POINT('',#2553);
#2553 = CARTESIAN_POINT('',(0.770000001359,0.748612429292,0.16));
#2554 = CIRCLE('',#2555,0.3250000035);
#2555 = AXIS2_PLACEMENT_3D('',#2556,#2557,#2558);
#2556 = CARTESIAN_POINT('',(0.799999965582,0.424999999996,0.16));
#2557 = DIRECTION('',(0.,0.,-1.));
#2558 = DIRECTION('',(1.,0.,0.));
#2559 = ORIENTED_EDGE('',*,*,#2560,.F.);
#2560 = EDGE_CURVE('',#2561,#2552,#2563,.T.);
#2561 = VERTEX_POINT('',#2562);
#2562 = CARTESIAN_POINT('',(0.770000001359,0.743590646565,0.16));
#2563 = LINE('',#2564,#2565);
#2564 = CARTESIAN_POINT('',(0.770000001359,0.625515160531,0.16));
#2565 = VECTOR('',#2566,1.);
#2566 = DIRECTION('',(1.761537332874E-15,1.,0.));
#2567 = ORIENTED_EDGE('',*,*,#2568,.T.);
#2568 = EDGE_CURVE('',#2561,#2501,#2569,.T.);
#2569 = CIRCLE('',#2570,0.32);
#2570 = AXIS2_PLACEMENT_3D('',#2571,#2572,#2573);
#2571 = CARTESIAN_POINT('',(0.8,0.424999999996,0.16));
#2572 = DIRECTION('',(0.,0.,1.));
#2573 = DIRECTION('',(1.,0.,0.));
#2574 = PLANE('',#2575);
#2575 = AXIS2_PLACEMENT_3D('',#2576,#2577,#2578);
#2576 = CARTESIAN_POINT('',(0.799999965582,-0.425000000005,0.16));
#2577 = DIRECTION('',(0.,0.,-1.));
#2578 = DIRECTION('',(-1.,0.,0.));
#2579 = ADVANCED_FACE('',(#2580),#2606,.F.);
#2580 = FACE_BOUND('',#2581,.T.);
#2581 = EDGE_LOOP('',(#2582,#2583,#2591,#2599,#2605));
#2582 = ORIENTED_EDGE('',*,*,#1598,.F.);
#2583 = ORIENTED_EDGE('',*,*,#2584,.T.);
#2584 = EDGE_CURVE('',#1550,#2585,#2587,.T.);
#2585 = VERTEX_POINT('',#2586);
#2586 = CARTESIAN_POINT('',(0.8,0.59,0.16));
#2587 = LINE('',#2588,#2589);
#2588 = CARTESIAN_POINT('',(0.8,0.745130935853,0.16));
#2589 = VECTOR('',#2590,1.);
#2590 = DIRECTION('',(0.,-1.,0.));
#2591 = ORIENTED_EDGE('',*,*,#2592,.T.);
#2592 = EDGE_CURVE('',#2585,#2593,#2595,.T.);
#2593 = VERTEX_POINT('',#2594);
#2594 = CARTESIAN_POINT('',(0.8,0.59,0.));
#2595 = LINE('',#2596,#2597);
#2596 = CARTESIAN_POINT('',(0.8,0.59,3.E-02));
#2597 = VECTOR('',#2598,1.);
#2598 = DIRECTION('',(0.,0.,-1.));
#2599 = ORIENTED_EDGE('',*,*,#2600,.T.);
#2600 = EDGE_CURVE('',#2593,#1589,#2601,.T.);
#2601 = LINE('',#2602,#2603);
#2602 = CARTESIAN_POINT('',(0.8,0.75,0.));
#2603 = VECTOR('',#2604,1.);
#2604 = DIRECTION('',(2.03287907341E-15,1.,0.));
#2605 = ORIENTED_EDGE('',*,*,#1606,.F.);
#2606 = PLANE('',#2607);
#2607 = AXIS2_PLACEMENT_3D('',#2608,#2609,#2610);
#2608 = CARTESIAN_POINT('',(0.8,0.75,3.E-02));
#2609 = DIRECTION('',(-1.,2.03287907341E-15,0.));
#2610 = DIRECTION('',(-2.03287907341E-15,-1.,0.));
#2611 = ADVANCED_FACE('',(#2612),#2749,.F.);
#2612 = FACE_BOUND('',#2613,.F.);
#2613 = EDGE_LOOP('',(#2614,#2624,#2632,#2640,#2648,#2656,#2664,#2672,
    #2680,#2688,#2696,#2704,#2712,#2720,#2728,#2734,#2735,#2743));
#2614 = ORIENTED_EDGE('',*,*,#2615,.F.);
#2615 = EDGE_CURVE('',#2616,#2618,#2620,.T.);
#2616 = VERTEX_POINT('',#2617);
#2617 = CARTESIAN_POINT('',(0.799999965582,-7.340103178059E-02,3.E-02));
#2618 = VERTEX_POINT('',#2619);
#2619 = CARTESIAN_POINT('',(0.799999965582,7.00498386819E-02,3.E-02));
#2620 = LINE('',#2621,#2622);
#2621 = CARTESIAN_POINT('',(0.799999965582,-7.340103178059E-02,3.E-02));
#2622 = VECTOR('',#2623,1.);
#2623 = DIRECTION('',(1.511600688082E-15,1.,0.));
#2624 = ORIENTED_EDGE('',*,*,#2625,.F.);
#2625 = EDGE_CURVE('',#2626,#2616,#2628,.T.);
#2626 = VERTEX_POINT('',#2627);
#2627 = CARTESIAN_POINT('',(0.8,-7.346283513409E-02,3.E-02));
#2628 = LINE('',#2629,#2630);
#2629 = CARTESIAN_POINT('',(0.8,-7.346283513409E-02,3.E-02));
#2630 = VECTOR('',#2631,1.);
#2631 = DIRECTION('',(0.,1.,0.));
#2632 = ORIENTED_EDGE('',*,*,#2633,.T.);
#2633 = EDGE_CURVE('',#2626,#2634,#2636,.T.);
#2634 = VERTEX_POINT('',#2635);
#2635 = CARTESIAN_POINT('',(0.8,-7.346283513409E-02,0.));
#2636 = LINE('',#2637,#2638);
#2637 = CARTESIAN_POINT('',(0.8,-7.346283513409E-02,3.E-02));
#2638 = VECTOR('',#2639,1.);
#2639 = DIRECTION('',(0.,0.,-1.));
#2640 = ORIENTED_EDGE('',*,*,#2641,.F.);
#2641 = EDGE_CURVE('',#2642,#2634,#2644,.T.);
#2642 = VERTEX_POINT('',#2643);
#2643 = CARTESIAN_POINT('',(0.8,-1.E-01,0.));
#2644 = LINE('',#2645,#2646);
#2645 = CARTESIAN_POINT('',(0.799999965582,-9.999999653703E-02,0.));
#2646 = VECTOR('',#2647,1.);
#2647 = DIRECTION('',(0.,1.,0.));
#2648 = ORIENTED_EDGE('',*,*,#2649,.F.);
#2649 = EDGE_CURVE('',#2650,#2642,#2652,.T.);
#2650 = VERTEX_POINT('',#2651);
#2651 = CARTESIAN_POINT('',(0.799999965582,-9.999999653703E-02,3.E-02));
#2652 = LINE('',#2653,#2654);
#2653 = CARTESIAN_POINT('',(0.8,-1.E-01,3.E-02));
#2654 = VECTOR('',#2655,1.);
#2655 = DIRECTION('',(0.,0.,-1.));
#2656 = ORIENTED_EDGE('',*,*,#2657,.F.);
#2657 = EDGE_CURVE('',#2658,#2650,#2660,.T.);
#2658 = VERTEX_POINT('',#2659);
#2659 = CARTESIAN_POINT('',(0.799999982791,-9.999999826851E-02,0.16));
#2660 = LINE('',#2661,#2662);
#2661 = CARTESIAN_POINT('',(0.799999965582,-9.999999653703E-02,0.16));
#2662 = VECTOR('',#2663,1.);
#2663 = DIRECTION('',(0.,0.,-1.));
#2664 = ORIENTED_EDGE('',*,*,#2665,.T.);
#2665 = EDGE_CURVE('',#2658,#2666,#2668,.T.);
#2666 = VERTEX_POINT('',#2667);
#2667 = CARTESIAN_POINT('',(0.8,-8.775707942145E-02,0.16));
#2668 = LINE('',#2669,#2670);
#2669 = CARTESIAN_POINT('',(0.799999965582,-9.999999653703E-02,0.16));
#2670 = VECTOR('',#2671,1.);
#2671 = DIRECTION('',(0.,1.,0.));
#2672 = ORIENTED_EDGE('',*,*,#2673,.F.);
#2673 = EDGE_CURVE('',#2674,#2666,#2676,.T.);
#2674 = VERTEX_POINT('',#2675);
#2675 = CARTESIAN_POINT('',(0.8,-8.775707942145E-02,0.13));
#2676 = LINE('',#2677,#2678);
#2677 = CARTESIAN_POINT('',(0.8,-8.775707942145E-02,0.13));
#2678 = VECTOR('',#2679,1.);
#2679 = DIRECTION('',(0.,0.,1.));
#2680 = ORIENTED_EDGE('',*,*,#2681,.T.);
#2681 = EDGE_CURVE('',#2674,#2682,#2684,.T.);
#2682 = VERTEX_POINT('',#2683);
#2683 = CARTESIAN_POINT('',(0.8,-8.767425474094E-02,0.13));
#2684 = LINE('',#2685,#2686);
#2685 = CARTESIAN_POINT('',(0.8,4.395707942145E-02,0.13));
#2686 = VECTOR('',#2687,1.);
#2687 = DIRECTION('',(8.231477785001E-16,1.,0.));
#2688 = ORIENTED_EDGE('',*,*,#2689,.F.);
#2689 = EDGE_CURVE('',#2690,#2682,#2692,.T.);
#2690 = VERTEX_POINT('',#2691);
#2691 = CARTESIAN_POINT('',(0.8,4.388659177585E-02,0.13));
#2692 = LINE('',#2693,#2694);
#2693 = CARTESIAN_POINT('',(0.8,4.388659177585E-02,0.13));
#2694 = VECTOR('',#2695,1.);
#2695 = DIRECTION('',(0.,-1.,0.));
#2696 = ORIENTED_EDGE('',*,*,#2697,.T.);
#2697 = EDGE_CURVE('',#2690,#2698,#2700,.T.);
#2698 = VERTEX_POINT('',#2699);
#2699 = CARTESIAN_POINT('',(0.8,4.395707942145E-02,0.13));
#2700 = LINE('',#2701,#2702);
#2701 = CARTESIAN_POINT('',(0.8,4.395707942145E-02,0.13));
#2702 = VECTOR('',#2703,1.);
#2703 = DIRECTION('',(8.231477785001E-16,1.,0.));
#2704 = ORIENTED_EDGE('',*,*,#2705,.T.);
#2705 = EDGE_CURVE('',#2698,#2706,#2708,.T.);
#2706 = VERTEX_POINT('',#2707);
#2707 = CARTESIAN_POINT('',(0.8,4.395707942145E-02,0.16));
#2708 = LINE('',#2709,#2710);
#2709 = CARTESIAN_POINT('',(0.8,4.395707942145E-02,0.13));
#2710 = VECTOR('',#2711,1.);
#2711 = DIRECTION('',(0.,0.,1.));
#2712 = ORIENTED_EDGE('',*,*,#2713,.T.);
#2713 = EDGE_CURVE('',#2706,#2714,#2716,.T.);
#2714 = VERTEX_POINT('',#2715);
#2715 = CARTESIAN_POINT('',(0.799999982791,9.999999826852E-02,0.16));
#2716 = LINE('',#2717,#2718);
#2717 = CARTESIAN_POINT('',(0.799999965582,-9.999999653703E-02,0.16));
#2718 = VECTOR('',#2719,1.);
#2719 = DIRECTION('',(0.,1.,0.));
#2720 = ORIENTED_EDGE('',*,*,#2721,.T.);
#2721 = EDGE_CURVE('',#2714,#2722,#2724,.T.);
#2722 = VERTEX_POINT('',#2723);
#2723 = CARTESIAN_POINT('',(0.8,1.E-01,3.E-02));
#2724 = LINE('',#2725,#2726);
#2725 = CARTESIAN_POINT('',(0.799999965582,9.999999653703E-02,0.16));
#2726 = VECTOR('',#2727,1.);
#2727 = DIRECTION('',(0.,0.,-1.));
#2728 = ORIENTED_EDGE('',*,*,#2729,.T.);
#2729 = EDGE_CURVE('',#2722,#1623,#2730,.T.);
#2730 = LINE('',#2731,#2732);
#2731 = CARTESIAN_POINT('',(0.8,1.E-01,3.E-02));
#2732 = VECTOR('',#2733,1.);
#2733 = DIRECTION('',(0.,0.,-1.));
#2734 = ORIENTED_EDGE('',*,*,#1620,.F.);
#2735 = ORIENTED_EDGE('',*,*,#2736,.F.);
#2736 = EDGE_CURVE('',#2737,#1621,#2739,.T.);
#2737 = VERTEX_POINT('',#2738);
#2738 = CARTESIAN_POINT('',(0.8,7.009141146679E-02,3.E-02));
#2739 = LINE('',#2740,#2741);
#2740 = CARTESIAN_POINT('',(0.8,7.009141146679E-02,3.E-02));
#2741 = VECTOR('',#2742,1.);
#2742 = DIRECTION('',(0.,0.,-1.));
#2743 = ORIENTED_EDGE('',*,*,#2744,.F.);
#2744 = EDGE_CURVE('',#2618,#2737,#2745,.T.);
#2745 = LINE('',#2746,#2747);
#2746 = CARTESIAN_POINT('',(0.8,-7.346283513409E-02,3.E-02));
#2747 = VECTOR('',#2748,1.);
#2748 = DIRECTION('',(0.,1.,0.));
#2749 = PLANE('',#2750);
#2750 = AXIS2_PLACEMENT_3D('',#2751,#2752,#2753);
#2751 = CARTESIAN_POINT('',(0.799999965582,-9.999999653703E-02,0.16));
#2752 = DIRECTION('',(-1.,0.,0.));
#2753 = DIRECTION('',(0.,0.,1.));
#2754 = ADVANCED_FACE('',(#2755),#2776,.T.);
#2755 = FACE_BOUND('',#2756,.T.);
#2756 = EDGE_LOOP('',(#2757,#2758,#2759,#2760,#2769,#2775));
#2757 = ORIENTED_EDGE('',*,*,#1654,.F.);
#2758 = ORIENTED_EDGE('',*,*,#1646,.F.);
#2759 = ORIENTED_EDGE('',*,*,#2600,.F.);
#2760 = ORIENTED_EDGE('',*,*,#2761,.F.);
#2761 = EDGE_CURVE('',#2762,#2593,#2764,.T.);
#2762 = VERTEX_POINT('',#2763);
#2763 = CARTESIAN_POINT('',(0.8,0.26,0.));
#2764 = CIRCLE('',#2765,0.165);
#2765 = AXIS2_PLACEMENT_3D('',#2766,#2767,#2768);
#2766 = CARTESIAN_POINT('',(0.8,0.425,0.));
#2767 = DIRECTION('',(0.,0.,-1.));
#2768 = DIRECTION('',(1.,0.,0.));
#2769 = ORIENTED_EDGE('',*,*,#2770,.F.);
#2770 = EDGE_CURVE('',#1623,#2762,#2771,.T.);
#2771 = LINE('',#2772,#2773);
#2772 = CARTESIAN_POINT('',(0.8,0.1,0.));
#2773 = VECTOR('',#2774,1.);
#2774 = DIRECTION('',(-1.355252715607E-15,1.,0.));
#2775 = ORIENTED_EDGE('',*,*,#1662,.F.);
#2776 = PLANE('',#2777);
#2777 = AXIS2_PLACEMENT_3D('',#2778,#2779,#2780);
#2778 = CARTESIAN_POINT('',(0.8,0.425,0.));
#2779 = DIRECTION('',(0.,0.,-1.));
#2780 = DIRECTION('',(-1.,0.,0.));
#2781 = ADVANCED_FACE('',(#2782),#2807,.T.);
#2782 = FACE_BOUND('',#2783,.T.);
#2783 = EDGE_LOOP('',(#2784,#2792,#2800,#2806));
#2784 = ORIENTED_EDGE('',*,*,#2785,.F.);
#2785 = EDGE_CURVE('',#2786,#1621,#2788,.T.);
#2786 = VERTEX_POINT('',#2787);
#2787 = CARTESIAN_POINT('',(0.799999965582,7.00498386819E-02,0.));
#2788 = LINE('',#2789,#2790);
#2789 = CARTESIAN_POINT('',(0.799999965582,-9.999999653703E-02,0.));
#2790 = VECTOR('',#2791,1.);
#2791 = DIRECTION('',(0.,1.,0.));
#2792 = ORIENTED_EDGE('',*,*,#2793,.T.);
#2793 = EDGE_CURVE('',#2786,#2794,#2796,.T.);
#2794 = VERTEX_POINT('',#2795);
#2795 = CARTESIAN_POINT('',(0.399464377531,7.00498386819E-02,0.));
#2796 = LINE('',#2797,#2798);
#2797 = CARTESIAN_POINT('',(0.799999965582,7.00498386819E-02,0.));
#2798 = VECTOR('',#2799,1.);
#2799 = DIRECTION('',(-1.,0.,0.));
#2800 = ORIENTED_EDGE('',*,*,#2801,.T.);
#2801 = EDGE_CURVE('',#2794,#1631,#2802,.T.);
#2802 = LINE('',#2803,#2804);
#2803 = CARTESIAN_POINT('',(0.399464377531,7.00498386819E-02,0.));
#2804 = VECTOR('',#2805,1.);
#2805 = DIRECTION('',(1.485309860653E-16,1.,0.));
#2806 = ORIENTED_EDGE('',*,*,#1630,.F.);
#2807 = PLANE('',#2808);
#2808 = AXIS2_PLACEMENT_3D('',#2809,#2810,#2811);
#2809 = CARTESIAN_POINT('',(0.799999965582,-0.425000000005,0.));
#2810 = DIRECTION('',(0.,0.,-1.));
#2811 = DIRECTION('',(-1.,0.,0.));
#2812 = ADVANCED_FACE('',(#2813),#2831,.F.);
#2813 = FACE_BOUND('',#2814,.F.);
#2814 = EDGE_LOOP('',(#2815,#2823,#2824,#2825));
#2815 = ORIENTED_EDGE('',*,*,#2816,.F.);
#2816 = EDGE_CURVE('',#1631,#2817,#2819,.T.);
#2817 = VERTEX_POINT('',#2818);
#2818 = CARTESIAN_POINT('',(0.399457937574,7.009141146679E-02,0.));
#2819 = LINE('',#2820,#2821);
#2820 = CARTESIAN_POINT('',(0.8,7.009141146679E-02,0.));
#2821 = VECTOR('',#2822,1.);
#2822 = DIRECTION('',(-1.,-2.571495382088E-15,0.));
#2823 = ORIENTED_EDGE('',*,*,#1677,.T.);
#2824 = ORIENTED_EDGE('',*,*,#1709,.T.);
#2825 = ORIENTED_EDGE('',*,*,#2826,.T.);
#2826 = EDGE_CURVE('',#1702,#2817,#2827,.T.);
#2827 = LINE('',#2828,#2829);
#2828 = CARTESIAN_POINT('',(0.399457937574,7.009141146679E-02,3.E-02));
#2829 = VECTOR('',#2830,1.);
#2830 = DIRECTION('',(0.,0.,-1.));
#2831 = PLANE('',#2832);
#2832 = AXIS2_PLACEMENT_3D('',#2833,#2834,#2835);
#2833 = CARTESIAN_POINT('',(0.8,7.009141146679E-02,3.E-02));
#2834 = DIRECTION('',(2.571495382088E-15,-1.,0.));
#2835 = DIRECTION('',(1.,2.571495382088E-15,0.));
#2836 = ADVANCED_FACE('',(#2837),#2848,.F.);
#2837 = FACE_BOUND('',#2838,.T.);
#2838 = EDGE_LOOP('',(#2839,#2845,#2846,#2847));
#2839 = ORIENTED_EDGE('',*,*,#2840,.T.);
#2840 = EDGE_CURVE('',#2817,#1725,#2841,.T.);
#2841 = LINE('',#2842,#2843);
#2842 = CARTESIAN_POINT('',(0.399457937574,7.009141146679E-02,0.));
#2843 = VECTOR('',#2844,1.);
#2844 = DIRECTION('',(-2.228091687476E-16,1.,0.));
#2845 = ORIENTED_EDGE('',*,*,#1734,.F.);
#2846 = ORIENTED_EDGE('',*,*,#1701,.F.);
#2847 = ORIENTED_EDGE('',*,*,#2826,.T.);
#2848 = PLANE('',#2849);
#2849 = AXIS2_PLACEMENT_3D('',#2850,#2851,#2852);
#2850 = CARTESIAN_POINT('',(0.399457937574,7.009141146679E-02,3.E-02));
#2851 = DIRECTION('',(-1.,-2.228091687476E-16,0.));
#2852 = DIRECTION('',(2.228091687476E-16,-1.,0.));
#2853 = ADVANCED_FACE('',(#2854),#2972,.F.);
#2854 = FACE_BOUND('',#2855,.F.);
#2855 = EDGE_LOOP('',(#2856,#2857,#2858,#2859,#2860,#2868,#2876,#2884,
    #2892,#2900,#2908,#2916,#2924,#2932,#2940,#2948,#2956,#2964,#2970,
    #2971));
#2856 = ORIENTED_EDGE('',*,*,#2816,.T.);
#2857 = ORIENTED_EDGE('',*,*,#2840,.T.);
#2858 = ORIENTED_EDGE('',*,*,#1724,.T.);
#2859 = ORIENTED_EDGE('',*,*,#2418,.T.);
#2860 = ORIENTED_EDGE('',*,*,#2861,.T.);
#2861 = EDGE_CURVE('',#2409,#2862,#2864,.T.);
#2862 = VERTEX_POINT('',#2863);
#2863 = CARTESIAN_POINT('',(0.399457937574,-0.8,0.));
#2864 = LINE('',#2865,#2866);
#2865 = CARTESIAN_POINT('',(0.159457937574,-0.8,0.));
#2866 = VECTOR('',#2867,1.);
#2867 = DIRECTION('',(1.,-1.355252715607E-15,0.));
#2868 = ORIENTED_EDGE('',*,*,#2869,.T.);
#2869 = EDGE_CURVE('',#2862,#2870,#2872,.T.);
#2870 = VERTEX_POINT('',#2871);
#2871 = CARTESIAN_POINT('',(0.399457937574,-0.500038507342,0.));
#2872 = LINE('',#2873,#2874);
#2873 = CARTESIAN_POINT('',(0.399457937574,-0.8,0.));
#2874 = VECTOR('',#2875,1.);
#2875 = DIRECTION('',(7.228014483237E-16,1.,0.));
#2876 = ORIENTED_EDGE('',*,*,#2877,.T.);
#2877 = EDGE_CURVE('',#2870,#2878,#2880,.T.);
#2878 = VERTEX_POINT('',#2879);
#2879 = CARTESIAN_POINT('',(0.349489894355,-0.450070464123,0.));
#2880 = LINE('',#2881,#2882);
#2881 = CARTESIAN_POINT('',(0.399464377531,-0.500044947299,0.));
#2882 = VECTOR('',#2883,1.);
#2883 = DIRECTION('',(-0.707106781187,0.707106781187,0.));
#2884 = ORIENTED_EDGE('',*,*,#2885,.T.);
#2885 = EDGE_CURVE('',#2878,#2886,#2888,.T.);
#2886 = VERTEX_POINT('',#2887);
#2887 = CARTESIAN_POINT('',(0.349489894355,-0.450031956781,0.));
#2888 = LINE('',#2889,#2890);
#2889 = CARTESIAN_POINT('',(0.349489894355,-0.450070464123,0.));
#2890 = VECTOR('',#2891,1.);
#2891 = DIRECTION('',(0.,1.,0.));
#2892 = ORIENTED_EDGE('',*,*,#2893,.T.);
#2893 = EDGE_CURVE('',#2886,#2894,#2896,.T.);
#2894 = VERTEX_POINT('',#2895);
#2895 = CARTESIAN_POINT('',(0.349457937574,-0.45,0.));
#2896 = LINE('',#2897,#2898);
#2897 = CARTESIAN_POINT('',(0.399457937574,-0.5,0.));
#2898 = VECTOR('',#2899,1.);
#2899 = DIRECTION('',(-0.707106781187,0.707106781187,0.));
#2900 = ORIENTED_EDGE('',*,*,#2901,.T.);
#2901 = EDGE_CURVE('',#2894,#2902,#2904,.T.);
#2902 = VERTEX_POINT('',#2903);
#2903 = CARTESIAN_POINT('',(0.349457937574,-0.343462835134,0.));
#2904 = LINE('',#2905,#2906);
#2905 = CARTESIAN_POINT('',(0.349457937574,-0.45,0.));
#2906 = VECTOR('',#2907,1.);
#2907 = DIRECTION('',(0.,1.,0.));
#2908 = ORIENTED_EDGE('',*,*,#2909,.T.);
#2909 = EDGE_CURVE('',#2902,#2910,#2912,.T.);
#2910 = VERTEX_POINT('',#2911);
#2911 = CARTESIAN_POINT('',(0.349489894355,-0.343430878353,0.));
#2912 = LINE('',#2913,#2914);
#2913 = CARTESIAN_POINT('',(0.349457937574,-0.343462835134,0.));
#2914 = VECTOR('',#2915,1.);
#2915 = DIRECTION('',(0.707106781187,0.707106781187,0.));
#2916 = ORIENTED_EDGE('',*,*,#2917,.T.);
#2917 = EDGE_CURVE('',#2910,#2918,#2920,.T.);
#2918 = VERTEX_POINT('',#2919);
#2919 = CARTESIAN_POINT('',(0.349489894355,-0.343327030243,0.));
#2920 = LINE('',#2921,#2922);
#2921 = CARTESIAN_POINT('',(0.349489894355,-0.450070464123,0.));
#2922 = VECTOR('',#2923,1.);
#2923 = DIRECTION('',(0.,1.,0.));
#2924 = ORIENTED_EDGE('',*,*,#2925,.T.);
#2925 = EDGE_CURVE('',#2918,#2926,#2928,.T.);
#2926 = VERTEX_POINT('',#2927);
#2927 = CARTESIAN_POINT('',(0.399457937574,-0.293358987024,0.));
#2928 = LINE('',#2929,#2930);
#2929 = CARTESIAN_POINT('',(0.349489894355,-0.343327030243,0.));
#2930 = VECTOR('',#2931,1.);
#2931 = DIRECTION('',(0.707106781187,0.707106781187,0.));
#2932 = ORIENTED_EDGE('',*,*,#2933,.T.);
#2933 = EDGE_CURVE('',#2926,#2934,#2936,.T.);
#2934 = VERTEX_POINT('',#2935);
#2935 = CARTESIAN_POINT('',(0.399457937574,-7.346283513409E-02,0.));
#2936 = LINE('',#2937,#2938);
#2937 = CARTESIAN_POINT('',(0.399457937574,-0.293462835134,0.));
#2938 = VECTOR('',#2939,1.);
#2939 = DIRECTION('',(0.,1.,0.));
#2940 = ORIENTED_EDGE('',*,*,#2941,.T.);
#2941 = EDGE_CURVE('',#2934,#2942,#2944,.T.);
#2942 = VERTEX_POINT('',#2943);
#2943 = CARTESIAN_POINT('',(0.399464377531,-7.346283513409E-02,0.));
#2944 = LINE('',#2945,#2946);
#2945 = CARTESIAN_POINT('',(0.399457937574,-7.346283513409E-02,0.));
#2946 = VECTOR('',#2947,1.);
#2947 = DIRECTION('',(1.,1.96245700212E-15,0.));
#2948 = ORIENTED_EDGE('',*,*,#2949,.T.);
#2949 = EDGE_CURVE('',#2942,#2950,#2952,.T.);
#2950 = VERTEX_POINT('',#2951);
#2951 = CARTESIAN_POINT('',(0.399464377531,-7.340103178059E-02,0.));
#2952 = LINE('',#2953,#2954);
#2953 = CARTESIAN_POINT('',(0.399464377531,-0.293352547067,0.));
#2954 = VECTOR('',#2955,1.);
#2955 = DIRECTION('',(0.,1.,0.));
#2956 = ORIENTED_EDGE('',*,*,#2957,.T.);
#2957 = EDGE_CURVE('',#2950,#2958,#2960,.T.);
#2958 = VERTEX_POINT('',#2959);
#2959 = CARTESIAN_POINT('',(0.799999965582,-7.340103178059E-02,0.));
#2960 = LINE('',#2961,#2962);
#2961 = CARTESIAN_POINT('',(0.399464377531,-7.340103178059E-02,0.));
#2962 = VECTOR('',#2963,1.);
#2963 = DIRECTION('',(1.,-1.691800624012E-16,0.));
#2964 = ORIENTED_EDGE('',*,*,#2965,.T.);
#2965 = EDGE_CURVE('',#2958,#2786,#2966,.T.);
#2966 = LINE('',#2967,#2968);
#2967 = CARTESIAN_POINT('',(0.8,-7.346283513409E-02,0.));
#2968 = VECTOR('',#2969,1.);
#2969 = DIRECTION('',(0.,1.,0.));
#2970 = ORIENTED_EDGE('',*,*,#2793,.T.);
#2971 = ORIENTED_EDGE('',*,*,#2801,.T.);
#2972 = PLANE('',#2973);
#2973 = AXIS2_PLACEMENT_3D('',#2974,#2975,#2976);
#2974 = CARTESIAN_POINT('',(0.,0.,0.));
#2975 = DIRECTION('',(0.,0.,1.));
#2976 = DIRECTION('',(1.,0.,0.));
#2977 = ADVANCED_FACE('',(#2978),#3007,.F.);
#2978 = FACE_BOUND('',#2979,.F.);
#2979 = EDGE_LOOP('',(#2980,#2981,#2982,#2991,#2999,#3005,#3006));
#2980 = ORIENTED_EDGE('',*,*,#1866,.T.);
#2981 = ORIENTED_EDGE('',*,*,#1980,.T.);
#2982 = ORIENTED_EDGE('',*,*,#2983,.F.);
#2983 = EDGE_CURVE('',#2984,#1981,#2986,.T.);
#2984 = VERTEX_POINT('',#2985);
#2985 = CARTESIAN_POINT('',(-0.767,-0.743425526756,0.16));
#2986 = CIRCLE('',#2987,0.3201309359);
#2987 = AXIS2_PLACEMENT_3D('',#2988,#2989,#2990);
#2988 = CARTESIAN_POINT('',(-0.8,-0.425,0.16));
#2989 = DIRECTION('',(0.,0.,1.));
#2990 = DIRECTION('',(1.,0.,0.));
#2991 = ORIENTED_EDGE('',*,*,#2992,.F.);
#2992 = EDGE_CURVE('',#2993,#2984,#2995,.T.);
#2993 = VERTEX_POINT('',#2994);
#2994 = CARTESIAN_POINT('',(-0.767,-0.75,0.16));
#2995 = LINE('',#2996,#2997);
#2996 = CARTESIAN_POINT('',(-0.767,-0.75,0.16));
#2997 = VECTOR('',#2998,1.);
#2998 = DIRECTION('',(0.,1.,0.));
#2999 = ORIENTED_EDGE('',*,*,#3000,.F.);
#3000 = EDGE_CURVE('',#1183,#2993,#3001,.T.);
#3001 = LINE('',#3002,#3003);
#3002 = CARTESIAN_POINT('',(-0.8,-0.75,0.16));
#3003 = VECTOR('',#3004,1.);
#3004 = DIRECTION('',(1.,0.,0.));
#3005 = ORIENTED_EDGE('',*,*,#1849,.F.);
#3006 = ORIENTED_EDGE('',*,*,#1858,.F.);
#3007 = PLANE('',#3008);
#3008 = AXIS2_PLACEMENT_3D('',#3009,#3010,#3011);
#3009 = CARTESIAN_POINT('',(0.799999965582,-0.425000000005,0.16));
#3010 = DIRECTION('',(0.,0.,-1.));
#3011 = DIRECTION('',(-1.,0.,0.));
#3012 = ADVANCED_FACE('',(#3013),#3019,.F.);
#3013 = FACE_BOUND('',#3014,.T.);
#3014 = EDGE_LOOP('',(#3015,#3016,#3017,#3018));
#3015 = ORIENTED_EDGE('',*,*,#2460,.F.);
#3016 = ORIENTED_EDGE('',*,*,#2530,.F.);
#3017 = ORIENTED_EDGE('',*,*,#1944,.F.);
#3018 = ORIENTED_EDGE('',*,*,#2298,.F.);
#3019 = PLANE('',#3020);
#3020 = AXIS2_PLACEMENT_3D('',#3021,#3022,#3023);
#3021 = CARTESIAN_POINT('',(0.,-0.8,0.));
#3022 = DIRECTION('',(0.,1.,0.));
#3023 = DIRECTION('',(0.,0.,1.));
#3024 = ADVANCED_FACE('',(#3025),#3033,.F.);
#3025 = FACE_BOUND('',#3026,.F.);
#3026 = EDGE_LOOP('',(#3027,#3028,#3029,#3030,#3031,#3032));
#3027 = ORIENTED_EDGE('',*,*,#2983,.T.);
#3028 = ORIENTED_EDGE('',*,*,#1988,.T.);
#3029 = ORIENTED_EDGE('',*,*,#2292,.F.);
#3030 = ORIENTED_EDGE('',*,*,#2186,.F.);
#3031 = ORIENTED_EDGE('',*,*,#3000,.T.);
#3032 = ORIENTED_EDGE('',*,*,#2992,.T.);
#3033 = PLANE('',#3034);
#3034 = AXIS2_PLACEMENT_3D('',#3035,#3036,#3037);
#3035 = CARTESIAN_POINT('',(0.799999965582,-0.425000000005,0.16));
#3036 = DIRECTION('',(0.,0.,-1.));
#3037 = DIRECTION('',(-1.,0.,0.));
#3038 = ADVANCED_FACE('',(#3039),#3045,.T.);
#3039 = FACE_BOUND('',#3040,.T.);
#3040 = EDGE_LOOP('',(#3041,#3042,#3043,#3044));
#3041 = ORIENTED_EDGE('',*,*,#1010,.T.);
#3042 = ORIENTED_EDGE('',*,*,#2138,.T.);
#3043 = ORIENTED_EDGE('',*,*,#2114,.T.);
#3044 = ORIENTED_EDGE('',*,*,#986,.T.);
#3045 = PLANE('',#3046);
#3046 = AXIS2_PLACEMENT_3D('',#3047,#3048,#3049);
#3047 = CARTESIAN_POINT('',(0.,0.,3.E-02));
#3048 = DIRECTION('',(0.,0.,-1.));
#3049 = DIRECTION('',(-1.,0.,0.));
#3050 = ADVANCED_FACE('',(#3051),#3062,.T.);
#3051 = FACE_BOUND('',#3052,.T.);
#3052 = EDGE_LOOP('',(#3053,#3059,#3060,#3061));
#3053 = ORIENTED_EDGE('',*,*,#3054,.T.);
#3054 = EDGE_CURVE('',#2236,#2386,#3055,.T.);
#3055 = LINE('',#3056,#3057);
#3056 = CARTESIAN_POINT('',(-0.41,-0.575,3.E-02));
#3057 = VECTOR('',#3058,1.);
#3058 = DIRECTION('',(2.409338161079E-16,-1.,0.));
#3059 = ORIENTED_EDGE('',*,*,#2393,.T.);
#3060 = ORIENTED_EDGE('',*,*,#2211,.T.);
#3061 = ORIENTED_EDGE('',*,*,#2235,.T.);
#3062 = PLANE('',#3063);
#3063 = AXIS2_PLACEMENT_3D('',#3064,#3065,#3066);
#3064 = CARTESIAN_POINT('',(0.,0.,3.E-02));
#3065 = DIRECTION('',(0.,0.,-1.));
#3066 = DIRECTION('',(-1.,0.,0.));
#3067 = ADVANCED_FACE('',(#3068),#3086,.F.);
#3068 = FACE_BOUND('',#3069,.F.);
#3069 = EDGE_LOOP('',(#3070,#3078,#3079,#3080));
#3070 = ORIENTED_EDGE('',*,*,#3071,.F.);
#3071 = EDGE_CURVE('',#1281,#3072,#3074,.T.);
#3072 = VERTEX_POINT('',#3073);
#3073 = CARTESIAN_POINT('',(-0.41,-0.8,0.));
#3074 = LINE('',#3075,#3076);
#3075 = CARTESIAN_POINT('',(-0.41,-0.575,0.));
#3076 = VECTOR('',#3077,1.);
#3077 = DIRECTION('',(2.409338161079E-16,-1.,0.));
#3078 = ORIENTED_EDGE('',*,*,#2243,.F.);
#3079 = ORIENTED_EDGE('',*,*,#3054,.T.);
#3080 = ORIENTED_EDGE('',*,*,#3081,.T.);
#3081 = EDGE_CURVE('',#2386,#3072,#3082,.T.);
#3082 = LINE('',#3083,#3084);
#3083 = CARTESIAN_POINT('',(-0.41,-0.8,3.E-02));
#3084 = VECTOR('',#3085,1.);
#3085 = DIRECTION('',(0.,0.,-1.));
#3086 = PLANE('',#3087);
#3087 = AXIS2_PLACEMENT_3D('',#3088,#3089,#3090);
#3088 = CARTESIAN_POINT('',(-0.41,-0.575,3.E-02));
#3089 = DIRECTION('',(1.,2.409338161079E-16,0.));
#3090 = DIRECTION('',(-2.409338161079E-16,1.,0.));
#3091 = ADVANCED_FACE('',(#3092),#3103,.F.);
#3092 = FACE_BOUND('',#3093,.F.);
#3093 = EDGE_LOOP('',(#3094,#3095,#3101,#3102));
#3094 = ORIENTED_EDGE('',*,*,#3071,.T.);
#3095 = ORIENTED_EDGE('',*,*,#3096,.T.);
#3096 = EDGE_CURVE('',#3072,#2269,#3097,.T.);
#3097 = LINE('',#3098,#3099);
#3098 = CARTESIAN_POINT('',(-0.41,-0.8,0.));
#3099 = VECTOR('',#3100,1.);
#3100 = DIRECTION('',(1.,0.,0.));
#3101 = ORIENTED_EDGE('',*,*,#2276,.F.);
#3102 = ORIENTED_EDGE('',*,*,#2257,.F.);
#3103 = PLANE('',#3104);
#3104 = AXIS2_PLACEMENT_3D('',#3105,#3106,#3107);
#3105 = CARTESIAN_POINT('',(0.,0.,0.));
#3106 = DIRECTION('',(0.,0.,1.));
#3107 = DIRECTION('',(1.,0.,0.));
#3108 = ADVANCED_FACE('',(#3109),#3120,.F.);
#3109 = FACE_BOUND('',#3110,.F.);
#3110 = EDGE_LOOP('',(#3111,#3117,#3118,#3119));
#3111 = ORIENTED_EDGE('',*,*,#3112,.F.);
#3112 = EDGE_CURVE('',#2378,#2269,#3113,.T.);
#3113 = LINE('',#3114,#3115);
#3114 = CARTESIAN_POINT('',(-0.160051145335,-0.800000000082,3.E-02));
#3115 = VECTOR('',#3116,1.);
#3116 = DIRECTION('',(0.,0.,-1.));
#3117 = ORIENTED_EDGE('',*,*,#2377,.T.);
#3118 = ORIENTED_EDGE('',*,*,#2369,.T.);
#3119 = ORIENTED_EDGE('',*,*,#2268,.F.);
#3120 = PLANE('',#3121);
#3121 = AXIS2_PLACEMENT_3D('',#3122,#3123,#3124);
#3122 = CARTESIAN_POINT('',(-0.799999965582,-0.800000000082,0.16));
#3123 = DIRECTION('',(0.,1.,0.));
#3124 = DIRECTION('',(0.,0.,1.));
#3125 = ADVANCED_FACE('',(#3126),#3132,.F.);
#3126 = FACE_BOUND('',#3127,.F.);
#3127 = EDGE_LOOP('',(#3128,#3129,#3130,#3131));
#3128 = ORIENTED_EDGE('',*,*,#3096,.F.);
#3129 = ORIENTED_EDGE('',*,*,#3081,.F.);
#3130 = ORIENTED_EDGE('',*,*,#2385,.F.);
#3131 = ORIENTED_EDGE('',*,*,#3112,.T.);
#3132 = PLANE('',#3133);
#3133 = AXIS2_PLACEMENT_3D('',#3134,#3135,#3136);
#3134 = CARTESIAN_POINT('',(-0.41,-0.8,3.E-02));
#3135 = DIRECTION('',(0.,1.,0.));
#3136 = DIRECTION('',(0.,0.,1.));
#3137 = ADVANCED_FACE('',(#3138),#3149,.F.);
#3138 = FACE_BOUND('',#3139,.F.);
#3139 = EDGE_LOOP('',(#3140,#3141,#3142,#3143));
#3140 = ORIENTED_EDGE('',*,*,#2408,.F.);
#3141 = ORIENTED_EDGE('',*,*,#2362,.F.);
#3142 = ORIENTED_EDGE('',*,*,#2354,.T.);
#3143 = ORIENTED_EDGE('',*,*,#3144,.T.);
#3144 = EDGE_CURVE('',#2347,#2409,#3145,.T.);
#3145 = LINE('',#3146,#3147);
#3146 = CARTESIAN_POINT('',(0.159485599839,-0.800000000082,3.E-02));
#3147 = VECTOR('',#3148,1.);
#3148 = DIRECTION('',(0.,0.,-1.));
#3149 = PLANE('',#3150);
#3150 = AXIS2_PLACEMENT_3D('',#3151,#3152,#3153);
#3151 = CARTESIAN_POINT('',(-0.799999965582,-0.800000000082,0.16));
#3152 = DIRECTION('',(0.,1.,0.));
#3153 = DIRECTION('',(0.,0.,1.));
#3154 = ADVANCED_FACE('',(#3155),#3166,.F.);
#3155 = FACE_BOUND('',#3156,.F.);
#3156 = EDGE_LOOP('',(#3157,#3158,#3159,#3160));
#3157 = ORIENTED_EDGE('',*,*,#2861,.F.);
#3158 = ORIENTED_EDGE('',*,*,#3144,.F.);
#3159 = ORIENTED_EDGE('',*,*,#2346,.T.);
#3160 = ORIENTED_EDGE('',*,*,#3161,.T.);
#3161 = EDGE_CURVE('',#2339,#2862,#3162,.T.);
#3162 = LINE('',#3163,#3164);
#3163 = CARTESIAN_POINT('',(0.399457937574,-0.8,3.E-02));
#3164 = VECTOR('',#3165,1.);
#3165 = DIRECTION('',(0.,0.,-1.));
#3166 = PLANE('',#3167);
#3167 = AXIS2_PLACEMENT_3D('',#3168,#3169,#3170);
#3168 = CARTESIAN_POINT('',(0.159457937574,-0.8,3.E-02));
#3169 = DIRECTION('',(1.355252715607E-15,1.,0.));
#3170 = DIRECTION('',(-1.,1.355252715607E-15,0.));
#3171 = ADVANCED_FACE('',(#3172),#3197,.F.);
#3172 = FACE_BOUND('',#3173,.F.);
#3173 = EDGE_LOOP('',(#3174,#3182,#3183,#3191));
#3174 = ORIENTED_EDGE('',*,*,#3175,.F.);
#3175 = EDGE_CURVE('',#2339,#3176,#3178,.T.);
#3176 = VERTEX_POINT('',#3177);
#3177 = CARTESIAN_POINT('',(0.399457937574,-0.500038507342,3.E-02));
#3178 = LINE('',#3179,#3180);
#3179 = CARTESIAN_POINT('',(0.399457937574,-0.8,3.E-02));
#3180 = VECTOR('',#3181,1.);
#3181 = DIRECTION('',(7.228014483237E-16,1.,0.));
#3182 = ORIENTED_EDGE('',*,*,#2338,.T.);
#3183 = ORIENTED_EDGE('',*,*,#3184,.T.);
#3184 = EDGE_CURVE('',#2331,#3185,#3187,.T.);
#3185 = VERTEX_POINT('',#3186);
#3186 = CARTESIAN_POINT('',(0.399464377531,-0.500044947299,3.E-02));
#3187 = LINE('',#3188,#3189);
#3188 = CARTESIAN_POINT('',(0.399464377531,-0.800000000082,3.E-02));
#3189 = VECTOR('',#3190,1.);
#3190 = DIRECTION('',(0.,1.,0.));
#3191 = ORIENTED_EDGE('',*,*,#3192,.T.);
#3192 = EDGE_CURVE('',#3185,#3176,#3193,.T.);
#3193 = LINE('',#3194,#3195);
#3194 = CARTESIAN_POINT('',(0.399464377531,-0.500044947299,3.E-02));
#3195 = VECTOR('',#3196,1.);
#3196 = DIRECTION('',(-0.707106781187,0.707106781187,0.));
#3197 = PLANE('',#3198);
#3198 = AXIS2_PLACEMENT_3D('',#3199,#3200,#3201);
#3199 = CARTESIAN_POINT('',(0.,0.,3.E-02));
#3200 = DIRECTION('',(0.,0.,1.));
#3201 = DIRECTION('',(1.,0.,0.));
#3202 = ADVANCED_FACE('',(#3203),#3221,.T.);
#3203 = FACE_BOUND('',#3204,.T.);
#3204 = EDGE_LOOP('',(#3205,#3213,#3214,#3215));
#3205 = ORIENTED_EDGE('',*,*,#3206,.F.);
#3206 = EDGE_CURVE('',#2323,#3207,#3209,.T.);
#3207 = VERTEX_POINT('',#3208);
#3208 = CARTESIAN_POINT('',(0.399464377531,-0.500044947299,0.));
#3209 = LINE('',#3210,#3211);
#3210 = CARTESIAN_POINT('',(0.399464377531,-0.800000000082,0.));
#3211 = VECTOR('',#3212,1.);
#3212 = DIRECTION('',(0.,1.,0.));
#3213 = ORIENTED_EDGE('',*,*,#2330,.F.);
#3214 = ORIENTED_EDGE('',*,*,#3184,.T.);
#3215 = ORIENTED_EDGE('',*,*,#3216,.T.);
#3216 = EDGE_CURVE('',#3185,#3207,#3217,.T.);
#3217 = LINE('',#3218,#3219);
#3218 = CARTESIAN_POINT('',(0.399464377531,-0.500044947299,3.E-02));
#3219 = VECTOR('',#3220,1.);
#3220 = DIRECTION('',(0.,0.,-1.));
#3221 = PLANE('',#3222);
#3222 = AXIS2_PLACEMENT_3D('',#3223,#3224,#3225);
#3223 = CARTESIAN_POINT('',(0.399464377531,-0.800000000082,3.E-02));
#3224 = DIRECTION('',(-1.,0.,0.));
#3225 = DIRECTION('',(0.,0.,1.));
#3226 = ADVANCED_FACE('',(#3227),#3322,.T.);
#3227 = FACE_BOUND('',#3228,.T.);
#3228 = EDGE_LOOP('',(#3229,#3230,#3231,#3237,#3245,#3251,#3257,#3265,
    #3271,#3279,#3285,#3291,#3292,#3300,#3308,#3316));
#3229 = ORIENTED_EDGE('',*,*,#2322,.F.);
#3230 = ORIENTED_EDGE('',*,*,#3206,.T.);
#3231 = ORIENTED_EDGE('',*,*,#3232,.T.);
#3232 = EDGE_CURVE('',#3207,#2870,#3233,.T.);
#3233 = LINE('',#3234,#3235);
#3234 = CARTESIAN_POINT('',(0.399464377531,-0.500044947299,0.));
#3235 = VECTOR('',#3236,1.);
#3236 = DIRECTION('',(-0.707106781187,0.707106781187,0.));
#3237 = ORIENTED_EDGE('',*,*,#3238,.T.);
#3238 = EDGE_CURVE('',#2870,#3239,#3241,.T.);
#3239 = VERTEX_POINT('',#3240);
#3240 = CARTESIAN_POINT('',(0.399457937574,-0.5,0.));
#3241 = LINE('',#3242,#3243);
#3242 = CARTESIAN_POINT('',(0.399457937574,-0.8,0.));
#3243 = VECTOR('',#3244,1.);
#3244 = DIRECTION('',(7.228014483237E-16,1.,0.));
#3245 = ORIENTED_EDGE('',*,*,#3246,.T.);
#3246 = EDGE_CURVE('',#3239,#2886,#3247,.T.);
#3247 = LINE('',#3248,#3249);
#3248 = CARTESIAN_POINT('',(0.399457937574,-0.5,0.));
#3249 = VECTOR('',#3250,1.);
#3250 = DIRECTION('',(-0.707106781187,0.707106781187,0.));
#3251 = ORIENTED_EDGE('',*,*,#3252,.T.);
#3252 = EDGE_CURVE('',#2886,#2910,#3253,.T.);
#3253 = LINE('',#3254,#3255);
#3254 = CARTESIAN_POINT('',(0.349489894355,-0.450070464123,0.));
#3255 = VECTOR('',#3256,1.);
#3256 = DIRECTION('',(0.,1.,0.));
#3257 = ORIENTED_EDGE('',*,*,#3258,.T.);
#3258 = EDGE_CURVE('',#2910,#3259,#3261,.T.);
#3259 = VERTEX_POINT('',#3260);
#3260 = CARTESIAN_POINT('',(0.399457937574,-0.293462835134,0.));
#3261 = LINE('',#3262,#3263);
#3262 = CARTESIAN_POINT('',(0.349457937574,-0.343462835134,0.));
#3263 = VECTOR('',#3264,1.);
#3264 = DIRECTION('',(0.707106781187,0.707106781187,0.));
#3265 = ORIENTED_EDGE('',*,*,#3266,.T.);
#3266 = EDGE_CURVE('',#3259,#2926,#3267,.T.);
#3267 = LINE('',#3268,#3269);
#3268 = CARTESIAN_POINT('',(0.399457937574,-0.293462835134,0.));
#3269 = VECTOR('',#3270,1.);
#3270 = DIRECTION('',(0.,1.,0.));
#3271 = ORIENTED_EDGE('',*,*,#3272,.T.);
#3272 = EDGE_CURVE('',#2926,#3273,#3275,.T.);
#3273 = VERTEX_POINT('',#3274);
#3274 = CARTESIAN_POINT('',(0.399464377531,-0.293352547067,0.));
#3275 = LINE('',#3276,#3277);
#3276 = CARTESIAN_POINT('',(0.349489894355,-0.343327030243,0.));
#3277 = VECTOR('',#3278,1.);
#3278 = DIRECTION('',(0.707106781187,0.707106781187,0.));
#3279 = ORIENTED_EDGE('',*,*,#3280,.T.);
#3280 = EDGE_CURVE('',#3273,#2942,#3281,.T.);
#3281 = LINE('',#3282,#3283);
#3282 = CARTESIAN_POINT('',(0.399464377531,-0.293352547067,0.));
#3283 = VECTOR('',#3284,1.);
#3284 = DIRECTION('',(0.,1.,0.));
#3285 = ORIENTED_EDGE('',*,*,#3286,.T.);
#3286 = EDGE_CURVE('',#2942,#2634,#3287,.T.);
#3287 = LINE('',#3288,#3289);
#3288 = CARTESIAN_POINT('',(0.399457937574,-7.346283513409E-02,0.));
#3289 = VECTOR('',#3290,1.);
#3290 = DIRECTION('',(1.,1.96245700212E-15,0.));
#3291 = ORIENTED_EDGE('',*,*,#2641,.F.);
#3292 = ORIENTED_EDGE('',*,*,#3293,.T.);
#3293 = EDGE_CURVE('',#2642,#3294,#3296,.T.);
#3294 = VERTEX_POINT('',#3295);
#3295 = CARTESIAN_POINT('',(0.45,-1.E-01,0.));
#3296 = LINE('',#3297,#3298);
#3297 = CARTESIAN_POINT('',(0.8,-1.E-01,0.));
#3298 = VECTOR('',#3299,1.);
#3299 = DIRECTION('',(-1.,1.548860246405E-16,0.));
#3300 = ORIENTED_EDGE('',*,*,#3301,.T.);
#3301 = EDGE_CURVE('',#3294,#3302,#3304,.T.);
#3302 = VERTEX_POINT('',#3303);
#3303 = CARTESIAN_POINT('',(0.45,-0.75,0.));
#3304 = LINE('',#3305,#3306);
#3305 = CARTESIAN_POINT('',(0.449999999999,-1.E-01,0.));
#3306 = VECTOR('',#3307,1.);
#3307 = DIRECTION('',(-3.336006684571E-16,-1.,0.));
#3308 = ORIENTED_EDGE('',*,*,#3309,.T.);
#3309 = EDGE_CURVE('',#3302,#3310,#3312,.T.);
#3310 = VERTEX_POINT('',#3311);
#3311 = CARTESIAN_POINT('',(0.8,-0.75,0.));
#3312 = LINE('',#3313,#3314);
#3313 = CARTESIAN_POINT('',(0.449999999999,-0.75,0.));
#3314 = VECTOR('',#3315,1.);
#3315 = DIRECTION('',(1.,0.,0.));
#3316 = ORIENTED_EDGE('',*,*,#3317,.F.);
#3317 = EDGE_CURVE('',#2315,#3310,#3318,.T.);
#3318 = LINE('',#3319,#3320);
#3319 = CARTESIAN_POINT('',(0.799999965582,-0.800000000082,0.));
#3320 = VECTOR('',#3321,1.);
#3321 = DIRECTION('',(0.,1.,0.));
#3322 = PLANE('',#3323);
#3323 = AXIS2_PLACEMENT_3D('',#3324,#3325,#3326);
#3324 = CARTESIAN_POINT('',(0.799999965582,-0.425000000005,0.));
#3325 = DIRECTION('',(0.,0.,-1.));
#3326 = DIRECTION('',(-1.,0.,0.));
#3327 = ADVANCED_FACE('',(#3328),#3354,.F.);
#3328 = FACE_BOUND('',#3329,.T.);
#3329 = EDGE_LOOP('',(#3330,#3331,#3339,#3347,#3353));
#3330 = ORIENTED_EDGE('',*,*,#3317,.T.);
#3331 = ORIENTED_EDGE('',*,*,#3332,.F.);
#3332 = EDGE_CURVE('',#3333,#3310,#3335,.T.);
#3333 = VERTEX_POINT('',#3334);
#3334 = CARTESIAN_POINT('',(0.8,-0.75,3.E-02));
#3335 = LINE('',#3336,#3337);
#3336 = CARTESIAN_POINT('',(0.8,-0.75,3.E-02));
#3337 = VECTOR('',#3338,1.);
#3338 = DIRECTION('',(0.,0.,-1.));
#3339 = ORIENTED_EDGE('',*,*,#3340,.F.);
#3340 = EDGE_CURVE('',#3341,#3333,#3343,.T.);
#3341 = VERTEX_POINT('',#3342);
#3342 = CARTESIAN_POINT('',(0.799999982791,-0.750000001737,0.16));
#3343 = LINE('',#3344,#3345);
#3344 = CARTESIAN_POINT('',(0.799999965582,-0.750000003473,0.16));
#3345 = VECTOR('',#3346,1.);
#3346 = DIRECTION('',(0.,0.,-1.));
#3347 = ORIENTED_EDGE('',*,*,#3348,.F.);
#3348 = EDGE_CURVE('',#2307,#3341,#3349,.T.);
#3349 = LINE('',#3350,#3351);
#3350 = CARTESIAN_POINT('',(0.799999965582,-0.800000000082,0.16));
#3351 = VECTOR('',#3352,1.);
#3352 = DIRECTION('',(0.,1.,0.));
#3353 = ORIENTED_EDGE('',*,*,#2314,.T.);
#3354 = PLANE('',#3355);
#3355 = AXIS2_PLACEMENT_3D('',#3356,#3357,#3358);
#3356 = CARTESIAN_POINT('',(0.799999965582,-0.800000000082,0.16));
#3357 = DIRECTION('',(-1.,0.,0.));
#3358 = DIRECTION('',(0.,0.,1.));
#3359 = ADVANCED_FACE('',(#3360),#3388,.F.);
#3360 = FACE_BOUND('',#3361,.F.);
#3361 = EDGE_LOOP('',(#3362,#3363,#3364,#3373,#3381,#3387));
#3362 = ORIENTED_EDGE('',*,*,#2306,.F.);
#3363 = ORIENTED_EDGE('',*,*,#2468,.F.);
#3364 = ORIENTED_EDGE('',*,*,#3365,.T.);
#3365 = EDGE_CURVE('',#2469,#3366,#3368,.T.);
#3366 = VERTEX_POINT('',#3367);
#3367 = CARTESIAN_POINT('',(0.767,-0.743293889339,0.16));
#3368 = CIRCLE('',#3369,0.32);
#3369 = AXIS2_PLACEMENT_3D('',#3370,#3371,#3372);
#3370 = CARTESIAN_POINT('',(0.8,-0.424999999996,0.16));
#3371 = DIRECTION('',(0.,0.,1.));
#3372 = DIRECTION('',(1.,0.,0.));
#3373 = ORIENTED_EDGE('',*,*,#3374,.F.);
#3374 = EDGE_CURVE('',#3375,#3366,#3377,.T.);
#3375 = VERTEX_POINT('',#3376);
#3376 = CARTESIAN_POINT('',(0.767,-0.75,0.16));
#3377 = LINE('',#3378,#3379);
#3378 = CARTESIAN_POINT('',(0.767,-0.75,0.16));
#3379 = VECTOR('',#3380,1.);
#3380 = DIRECTION('',(0.,1.,0.));
#3381 = ORIENTED_EDGE('',*,*,#3382,.F.);
#3382 = EDGE_CURVE('',#3341,#3375,#3383,.T.);
#3383 = LINE('',#3384,#3385);
#3384 = CARTESIAN_POINT('',(0.8,-0.75,0.16));
#3385 = VECTOR('',#3386,1.);
#3386 = DIRECTION('',(-1.,0.,0.));
#3387 = ORIENTED_EDGE('',*,*,#3348,.F.);
#3388 = PLANE('',#3389);
#3389 = AXIS2_PLACEMENT_3D('',#3390,#3391,#3392);
#3390 = CARTESIAN_POINT('',(0.799999965582,-0.425000000005,0.16));
#3391 = DIRECTION('',(0.,0.,-1.));
#3392 = DIRECTION('',(-1.,0.,0.));
#3393 = ADVANCED_FACE('',(#3394),#3440,.F.);
#3394 = FACE_BOUND('',#3395,.F.);
#3395 = EDGE_LOOP('',(#3396,#3405,#3406,#3407,#3408,#3409,#3410,#3419,
    #3425,#3434));
#3396 = ORIENTED_EDGE('',*,*,#3397,.F.);
#3397 = EDGE_CURVE('',#2493,#3398,#3400,.T.);
#3398 = VERTEX_POINT('',#3399);
#3399 = CARTESIAN_POINT('',(0.770000001359,0.106409353426,0.16));
#3400 = CIRCLE('',#3401,0.32);
#3401 = AXIS2_PLACEMENT_3D('',#3402,#3403,#3404);
#3402 = CARTESIAN_POINT('',(0.8,0.424999999996,0.16));
#3403 = DIRECTION('',(0.,0.,1.));
#3404 = DIRECTION('',(1.,0.,0.));
#3405 = ORIENTED_EDGE('',*,*,#2500,.F.);
#3406 = ORIENTED_EDGE('',*,*,#2568,.F.);
#3407 = ORIENTED_EDGE('',*,*,#2560,.T.);
#3408 = ORIENTED_EDGE('',*,*,#2551,.T.);
#3409 = ORIENTED_EDGE('',*,*,#2584,.T.);
#3410 = ORIENTED_EDGE('',*,*,#3411,.T.);
#3411 = EDGE_CURVE('',#2585,#3412,#3414,.T.);
#3412 = VERTEX_POINT('',#3413);
#3413 = CARTESIAN_POINT('',(0.8,0.26,0.16));
#3414 = CIRCLE('',#3415,0.165);
#3415 = AXIS2_PLACEMENT_3D('',#3416,#3417,#3418);
#3416 = CARTESIAN_POINT('',(0.8,0.425,0.16));
#3417 = DIRECTION('',(0.,0.,1.));
#3418 = DIRECTION('',(1.,0.,0.));
#3419 = ORIENTED_EDGE('',*,*,#3420,.T.);
#3420 = EDGE_CURVE('',#3412,#2714,#3421,.T.);
#3421 = LINE('',#3422,#3423);
#3422 = CARTESIAN_POINT('',(0.8,0.26,0.16));
#3423 = VECTOR('',#3424,1.);
#3424 = DIRECTION('',(-6.988948829107E-16,-1.,0.));
#3425 = ORIENTED_EDGE('',*,*,#3426,.T.);
#3426 = EDGE_CURVE('',#2714,#3427,#3429,.T.);
#3427 = VERTEX_POINT('',#3428);
#3428 = CARTESIAN_POINT('',(0.770000001359,0.1013875707,0.16));
#3429 = CIRCLE('',#3430,0.3250000035);
#3430 = AXIS2_PLACEMENT_3D('',#3431,#3432,#3433);
#3431 = CARTESIAN_POINT('',(0.799999965582,0.424999999996,0.16));
#3432 = DIRECTION('',(0.,0.,-1.));
#3433 = DIRECTION('',(1.,0.,0.));
#3434 = ORIENTED_EDGE('',*,*,#3435,.T.);
#3435 = EDGE_CURVE('',#3427,#3398,#3436,.T.);
#3436 = LINE('',#3437,#3438);
#3437 = CARTESIAN_POINT('',(0.770000001359,0.224484839461,0.16));
#3438 = VECTOR('',#3439,1.);
#3439 = DIRECTION('',(-8.807686664368E-16,1.,0.));
#3440 = PLANE('',#3441);
#3441 = AXIS2_PLACEMENT_3D('',#3442,#3443,#3444);
#3442 = CARTESIAN_POINT('',(0.8,0.425,0.16));
#3443 = DIRECTION('',(0.,0.,-1.));
#3444 = DIRECTION('',(-1.,0.,0.));
#3445 = ADVANCED_FACE('',(#3446),#3475,.F.);
#3446 = FACE_BOUND('',#3447,.F.);
#3447 = EDGE_LOOP('',(#3448,#3449,#3450,#3451,#3452,#3460,#3468));
#3448 = ORIENTED_EDGE('',*,*,#2492,.F.);
#3449 = ORIENTED_EDGE('',*,*,#3397,.T.);
#3450 = ORIENTED_EDGE('',*,*,#3435,.F.);
#3451 = ORIENTED_EDGE('',*,*,#3426,.F.);
#3452 = ORIENTED_EDGE('',*,*,#3453,.F.);
#3453 = EDGE_CURVE('',#3454,#2714,#3456,.T.);
#3454 = VERTEX_POINT('',#3455);
#3455 = CARTESIAN_POINT('',(0.767,0.1,0.16));
#3456 = LINE('',#3457,#3458);
#3457 = CARTESIAN_POINT('',(0.767,0.1,0.16));
#3458 = VECTOR('',#3459,1.);
#3459 = DIRECTION('',(1.,0.,0.));
#3460 = ORIENTED_EDGE('',*,*,#3461,.F.);
#3461 = EDGE_CURVE('',#3462,#3454,#3464,.T.);
#3462 = VERTEX_POINT('',#3463);
#3463 = CARTESIAN_POINT('',(0.767,0.106574473244,0.16));
#3464 = LINE('',#3465,#3466);
#3465 = CARTESIAN_POINT('',(0.767,0.232812591463,0.16));
#3466 = VECTOR('',#3467,1.);
#3467 = DIRECTION('',(0.,-1.,0.));
#3468 = ORIENTED_EDGE('',*,*,#3469,.T.);
#3469 = EDGE_CURVE('',#3462,#2485,#3470,.T.);
#3470 = CIRCLE('',#3471,0.3201309359);
#3471 = AXIS2_PLACEMENT_3D('',#3472,#3473,#3474);
#3472 = CARTESIAN_POINT('',(0.8,0.425,0.16));
#3473 = DIRECTION('',(0.,0.,-1.));
#3474 = DIRECTION('',(1.,0.,0.));
#3475 = PLANE('',#3476);
#3476 = AXIS2_PLACEMENT_3D('',#3477,#3478,#3479);
#3477 = CARTESIAN_POINT('',(0.799999965582,-0.425000000005,0.16));
#3478 = DIRECTION('',(0.,0.,-1.));
#3479 = DIRECTION('',(-1.,0.,0.));
#3480 = ADVANCED_FACE('',(#3481),#3568,.F.);
#3481 = FACE_BOUND('',#3482,.F.);
#3482 = EDGE_LOOP('',(#3483,#3484,#3485,#3486,#3487,#3488,#3496,#3504,
    #3512,#3520,#3528,#3537,#3544,#3545,#3553,#3561));
#3483 = ORIENTED_EDGE('',*,*,#2484,.F.);
#3484 = ORIENTED_EDGE('',*,*,#3469,.F.);
#3485 = ORIENTED_EDGE('',*,*,#3461,.T.);
#3486 = ORIENTED_EDGE('',*,*,#3453,.T.);
#3487 = ORIENTED_EDGE('',*,*,#2713,.F.);
#3488 = ORIENTED_EDGE('',*,*,#3489,.T.);
#3489 = EDGE_CURVE('',#2706,#3490,#3492,.T.);
#3490 = VERTEX_POINT('',#3491);
#3491 = CARTESIAN_POINT('',(0.6,4.395707942145E-02,0.16));
#3492 = LINE('',#3493,#3494);
#3493 = CARTESIAN_POINT('',(0.6,4.395707942145E-02,0.16));
#3494 = VECTOR('',#3495,1.);
#3495 = DIRECTION('',(-1.,0.,0.));
#3496 = ORIENTED_EDGE('',*,*,#3497,.T.);
#3497 = EDGE_CURVE('',#3490,#3498,#3500,.T.);
#3498 = VERTEX_POINT('',#3499);
#3499 = CARTESIAN_POINT('',(0.6,4.388659177585E-02,0.16));
#3500 = LINE('',#3501,#3502);
#3501 = CARTESIAN_POINT('',(0.6,4.395707942145E-02,0.16));
#3502 = VECTOR('',#3503,1.);
#3503 = DIRECTION('',(0.,-1.,0.));
#3504 = ORIENTED_EDGE('',*,*,#3505,.F.);
#3505 = EDGE_CURVE('',#3506,#3498,#3508,.T.);
#3506 = VERTEX_POINT('',#3507);
#3507 = CARTESIAN_POINT('',(0.6,-0.106042920579,0.16));
#3508 = LINE('',#3509,#3510);
#3509 = CARTESIAN_POINT('',(0.6,-0.106113408224,0.16));
#3510 = VECTOR('',#3511,1.);
#3511 = DIRECTION('',(0.,1.,0.));
#3512 = ORIENTED_EDGE('',*,*,#3513,.F.);
#3513 = EDGE_CURVE('',#3514,#3506,#3516,.T.);
#3514 = VERTEX_POINT('',#3515);
#3515 = CARTESIAN_POINT('',(0.6,-0.106113408224,0.16));
#3516 = LINE('',#3517,#3518);
#3517 = CARTESIAN_POINT('',(0.6,-0.106113408224,0.16));
#3518 = VECTOR('',#3519,1.);
#3519 = DIRECTION('',(0.,1.,0.));
#3520 = ORIENTED_EDGE('',*,*,#3521,.F.);
#3521 = EDGE_CURVE('',#3522,#3514,#3524,.T.);
#3522 = VERTEX_POINT('',#3523);
#3523 = CARTESIAN_POINT('',(0.69,-0.106113408224,0.16));
#3524 = LINE('',#3525,#3526);
#3525 = CARTESIAN_POINT('',(0.69,-0.106113408224,0.16));
#3526 = VECTOR('',#3527,1.);
#3527 = DIRECTION('',(-1.,0.,0.));
#3528 = ORIENTED_EDGE('',*,*,#3529,.F.);
#3529 = EDGE_CURVE('',#3530,#3522,#3532,.T.);
#3530 = VERTEX_POINT('',#3531);
#3531 = CARTESIAN_POINT('',(0.717615032234,-9.788935277011E-02,0.16));
#3532 = CIRCLE('',#3533,0.3373257453);
#3533 = AXIS2_PLACEMENT_3D('',#3534,#3535,#3536);
#3534 = CARTESIAN_POINT('',(0.8,-0.424999999996,0.16));
#3535 = DIRECTION('',(0.,0.,1.));
#3536 = DIRECTION('',(1.,0.,0.));
#3537 = ORIENTED_EDGE('',*,*,#3538,.T.);
#3538 = EDGE_CURVE('',#3530,#2666,#3539,.T.);
#3539 = CIRCLE('',#3540,0.34);
#3540 = AXIS2_PLACEMENT_3D('',#3541,#3542,#3543);
#3541 = CARTESIAN_POINT('',(0.8,-0.427757079421,0.16));
#3542 = DIRECTION('',(0.,0.,-1.));
#3543 = DIRECTION('',(1.,0.,0.));
#3544 = ORIENTED_EDGE('',*,*,#2665,.F.);
#3545 = ORIENTED_EDGE('',*,*,#3546,.F.);
#3546 = EDGE_CURVE('',#3547,#2658,#3549,.T.);
#3547 = VERTEX_POINT('',#3548);
#3548 = CARTESIAN_POINT('',(0.767,-9.999999999999E-02,0.16));
#3549 = LINE('',#3550,#3551);
#3550 = CARTESIAN_POINT('',(0.767,-9.999999999999E-02,0.16));
#3551 = VECTOR('',#3552,1.);
#3552 = DIRECTION('',(1.,0.,0.));
#3553 = ORIENTED_EDGE('',*,*,#3554,.F.);
#3554 = EDGE_CURVE('',#3555,#3547,#3557,.T.);
#3555 = VERTEX_POINT('',#3556);
#3556 = CARTESIAN_POINT('',(0.767,-0.106706110661,0.16));
#3557 = LINE('',#3558,#3559);
#3558 = CARTESIAN_POINT('',(0.767,-0.232812591463,0.16));
#3559 = VECTOR('',#3560,1.);
#3560 = DIRECTION('',(0.,1.,0.));
#3561 = ORIENTED_EDGE('',*,*,#3562,.T.);
#3562 = EDGE_CURVE('',#3555,#2477,#3563,.T.);
#3563 = CIRCLE('',#3564,0.32);
#3564 = AXIS2_PLACEMENT_3D('',#3565,#3566,#3567);
#3565 = CARTESIAN_POINT('',(0.8,-0.424999999996,0.16));
#3566 = DIRECTION('',(0.,0.,1.));
#3567 = DIRECTION('',(1.,0.,0.));
#3568 = PLANE('',#3569);
#3569 = AXIS2_PLACEMENT_3D('',#3570,#3571,#3572);
#3570 = CARTESIAN_POINT('',(0.799999965582,-0.425000000005,0.16));
#3571 = DIRECTION('',(0.,0.,-1.));
#3572 = DIRECTION('',(-1.,0.,0.));
#3573 = ADVANCED_FACE('',(#3574),#3650,.F.);
#3574 = FACE_BOUND('',#3575,.F.);
#3575 = EDGE_LOOP('',(#3576,#3577,#3578,#3587,#3595,#3602,#3610,#3619,
    #3625,#3634,#3642,#3649));
#3576 = ORIENTED_EDGE('',*,*,#2476,.F.);
#3577 = ORIENTED_EDGE('',*,*,#3562,.F.);
#3578 = ORIENTED_EDGE('',*,*,#3579,.F.);
#3579 = EDGE_CURVE('',#3580,#3555,#3582,.T.);
#3580 = VERTEX_POINT('',#3581);
#3581 = CARTESIAN_POINT('',(0.770000001359,-0.106409353426,0.16));
#3582 = CIRCLE('',#3583,0.32);
#3583 = AXIS2_PLACEMENT_3D('',#3584,#3585,#3586);
#3584 = CARTESIAN_POINT('',(0.8,-0.424999999996,0.16));
#3585 = DIRECTION('',(0.,0.,1.));
#3586 = DIRECTION('',(1.,0.,0.));
#3587 = ORIENTED_EDGE('',*,*,#3588,.T.);
#3588 = EDGE_CURVE('',#3580,#3589,#3591,.T.);
#3589 = VERTEX_POINT('',#3590);
#3590 = CARTESIAN_POINT('',(0.770000001359,-0.1013875707,0.16));
#3591 = LINE('',#3592,#3593);
#3592 = CARTESIAN_POINT('',(0.770000001359,-0.1013875707,0.16));
#3593 = VECTOR('',#3594,1.);
#3594 = DIRECTION('',(2.64230599931E-15,1.,0.));
#3595 = ORIENTED_EDGE('',*,*,#3596,.T.);
#3596 = EDGE_CURVE('',#3589,#2658,#3597,.T.);
#3597 = CIRCLE('',#3598,0.332547967);
#3598 = AXIS2_PLACEMENT_3D('',#3599,#3600,#3601);
#3599 = CARTESIAN_POINT('',(0.800349069497,-0.432547780333,0.16));
#3600 = DIRECTION('',(0.,0.,-1.));
#3601 = DIRECTION('',(1.,0.,0.));
#3602 = ORIENTED_EDGE('',*,*,#3603,.T.);
#3603 = EDGE_CURVE('',#2658,#3604,#3606,.T.);
#3604 = VERTEX_POINT('',#3605);
#3605 = CARTESIAN_POINT('',(0.8,-0.26,0.16));
#3606 = LINE('',#3607,#3608);
#3607 = CARTESIAN_POINT('',(0.8,-0.105000000015,0.16));
#3608 = VECTOR('',#3609,1.);
#3609 = DIRECTION('',(0.,-1.,0.));
#3610 = ORIENTED_EDGE('',*,*,#3611,.T.);
#3611 = EDGE_CURVE('',#3604,#3612,#3614,.T.);
#3612 = VERTEX_POINT('',#3613);
#3613 = CARTESIAN_POINT('',(0.8,-0.59,0.16));
#3614 = CIRCLE('',#3615,0.165);
#3615 = AXIS2_PLACEMENT_3D('',#3616,#3617,#3618);
#3616 = CARTESIAN_POINT('',(0.8,-0.425,0.16));
#3617 = DIRECTION('',(0.,0.,1.));
#3618 = DIRECTION('',(1.,0.,0.));
#3619 = ORIENTED_EDGE('',*,*,#3620,.T.);
#3620 = EDGE_CURVE('',#3612,#3341,#3621,.T.);
#3621 = LINE('',#3622,#3623);
#3622 = CARTESIAN_POINT('',(0.8,-0.59,0.16));
#3623 = VECTOR('',#3624,1.);
#3624 = DIRECTION('',(-1.398970545279E-15,-1.,0.));
#3625 = ORIENTED_EDGE('',*,*,#3626,.T.);
#3626 = EDGE_CURVE('',#3341,#3627,#3629,.T.);
#3627 = VERTEX_POINT('',#3628);
#3628 = CARTESIAN_POINT('',(0.770000001359,-0.74861242931,0.16));
#3629 = CIRCLE('',#3630,0.3250000035);
#3630 = AXIS2_PLACEMENT_3D('',#3631,#3632,#3633);
#3631 = CARTESIAN_POINT('',(0.799999965582,-0.425000000005,0.16));
#3632 = DIRECTION('',(0.,0.,-1.));
#3633 = DIRECTION('',(1.,0.,0.));
#3634 = ORIENTED_EDGE('',*,*,#3635,.T.);
#3635 = EDGE_CURVE('',#3627,#3636,#3638,.T.);
#3636 = VERTEX_POINT('',#3637);
#3637 = CARTESIAN_POINT('',(0.770000001359,-0.743590646565,0.16));
#3638 = LINE('',#3639,#3640);
#3639 = CARTESIAN_POINT('',(0.770000001359,-0.62551516055,0.16));
#3640 = VECTOR('',#3641,1.);
#3641 = DIRECTION('',(-8.807686664368E-16,1.,0.));
#3642 = ORIENTED_EDGE('',*,*,#3643,.F.);
#3643 = EDGE_CURVE('',#3366,#3636,#3644,.T.);
#3644 = CIRCLE('',#3645,0.32);
#3645 = AXIS2_PLACEMENT_3D('',#3646,#3647,#3648);
#3646 = CARTESIAN_POINT('',(0.8,-0.424999999996,0.16));
#3647 = DIRECTION('',(0.,0.,1.));
#3648 = DIRECTION('',(1.,0.,0.));
#3649 = ORIENTED_EDGE('',*,*,#3365,.F.);
#3650 = PLANE('',#3651);
#3651 = AXIS2_PLACEMENT_3D('',#3652,#3653,#3654);
#3652 = CARTESIAN_POINT('',(0.8,-0.425,0.16));
#3653 = DIRECTION('',(0.,0.,-1.));
#3654 = DIRECTION('',(-1.,0.,0.));
#3655 = ADVANCED_FACE('',(#3656),#3667,.F.);
#3656 = FACE_BOUND('',#3657,.F.);
#3657 = EDGE_LOOP('',(#3658,#3664,#3665,#3666));
#3658 = ORIENTED_EDGE('',*,*,#3659,.F.);
#3659 = EDGE_CURVE('',#3412,#2762,#3660,.T.);
#3660 = LINE('',#3661,#3662);
#3661 = CARTESIAN_POINT('',(0.8,0.26,3.E-02));
#3662 = VECTOR('',#3663,1.);
#3663 = DIRECTION('',(0.,0.,-1.));
#3664 = ORIENTED_EDGE('',*,*,#3411,.F.);
#3665 = ORIENTED_EDGE('',*,*,#2592,.T.);
#3666 = ORIENTED_EDGE('',*,*,#2761,.F.);
#3667 = CYLINDRICAL_SURFACE('',#3668,0.165);
#3668 = AXIS2_PLACEMENT_3D('',#3669,#3670,#3671);
#3669 = CARTESIAN_POINT('',(0.8,0.425,3.E-02));
#3670 = DIRECTION('',(0.,0.,1.));
#3671 = DIRECTION('',(-1.,0.,0.));
#3672 = ADVANCED_FACE('',(#3673),#3689,.F.);
#3673 = FACE_BOUND('',#3674,.F.);
#3674 = EDGE_LOOP('',(#3675,#3676,#3682,#3683));
#3675 = ORIENTED_EDGE('',*,*,#2965,.F.);
#3676 = ORIENTED_EDGE('',*,*,#3677,.F.);
#3677 = EDGE_CURVE('',#2616,#2958,#3678,.T.);
#3678 = LINE('',#3679,#3680);
#3679 = CARTESIAN_POINT('',(0.799999965582,-7.340103178059E-02,3.E-02));
#3680 = VECTOR('',#3681,1.);
#3681 = DIRECTION('',(0.,0.,-1.));
#3682 = ORIENTED_EDGE('',*,*,#2615,.T.);
#3683 = ORIENTED_EDGE('',*,*,#3684,.T.);
#3684 = EDGE_CURVE('',#2618,#2786,#3685,.T.);
#3685 = LINE('',#3686,#3687);
#3686 = CARTESIAN_POINT('',(0.799999965582,7.00498386819E-02,3.E-02));
#3687 = VECTOR('',#3688,1.);
#3688 = DIRECTION('',(0.,0.,-1.));
#3689 = PLANE('',#3690);
#3690 = AXIS2_PLACEMENT_3D('',#3691,#3692,#3693);
#3691 = CARTESIAN_POINT('',(0.8,-7.346283513409E-02,3.E-02));
#3692 = DIRECTION('',(-1.,0.,0.));
#3693 = DIRECTION('',(0.,0.,1.));
#3694 = ADVANCED_FACE('',(#3695),#3701,.F.);
#3695 = FACE_BOUND('',#3696,.F.);
#3696 = EDGE_LOOP('',(#3697,#3698,#3699,#3700));
#3697 = ORIENTED_EDGE('',*,*,#3684,.F.);
#3698 = ORIENTED_EDGE('',*,*,#2744,.T.);
#3699 = ORIENTED_EDGE('',*,*,#2736,.T.);
#3700 = ORIENTED_EDGE('',*,*,#2785,.F.);
#3701 = PLANE('',#3702);
#3702 = AXIS2_PLACEMENT_3D('',#3703,#3704,#3705);
#3703 = CARTESIAN_POINT('',(0.799999965582,-9.999999653703E-02,0.16));
#3704 = DIRECTION('',(-1.,0.,0.));
#3705 = DIRECTION('',(0.,0.,1.));
#3706 = ADVANCED_FACE('',(#3707),#3714,.F.);
#3707 = FACE_BOUND('',#3708,.T.);
#3708 = EDGE_LOOP('',(#3709,#3710,#3711,#3712,#3713));
#3709 = ORIENTED_EDGE('',*,*,#3420,.T.);
#3710 = ORIENTED_EDGE('',*,*,#2721,.T.);
#3711 = ORIENTED_EDGE('',*,*,#2729,.T.);
#3712 = ORIENTED_EDGE('',*,*,#2770,.T.);
#3713 = ORIENTED_EDGE('',*,*,#3659,.F.);
#3714 = PLANE('',#3715);
#3715 = AXIS2_PLACEMENT_3D('',#3716,#3717,#3718);
#3716 = CARTESIAN_POINT('',(0.8,0.1,3.E-02));
#3717 = DIRECTION('',(-1.,-1.355252715607E-15,0.));
#3718 = DIRECTION('',(1.355252715607E-15,-1.,0.));
#3719 = ADVANCED_FACE('',(#3720),#3738,.F.);
#3720 = FACE_BOUND('',#3721,.F.);
#3721 = EDGE_LOOP('',(#3722,#3730,#3731,#3732));
#3722 = ORIENTED_EDGE('',*,*,#3723,.T.);
#3723 = EDGE_CURVE('',#3724,#2706,#3726,.T.);
#3724 = VERTEX_POINT('',#3725);
#3725 = CARTESIAN_POINT('',(0.799999965582,4.388659177585E-02,0.16));
#3726 = LINE('',#3727,#3728);
#3727 = CARTESIAN_POINT('',(0.799999965582,-9.999999653703E-02,0.16));
#3728 = VECTOR('',#3729,1.);
#3729 = DIRECTION('',(0.,1.,0.));
#3730 = ORIENTED_EDGE('',*,*,#2705,.F.);
#3731 = ORIENTED_EDGE('',*,*,#2697,.F.);
#3732 = ORIENTED_EDGE('',*,*,#3733,.T.);
#3733 = EDGE_CURVE('',#2690,#3724,#3734,.T.);
#3734 = LINE('',#3735,#3736);
#3735 = CARTESIAN_POINT('',(0.8,4.388659177585E-02,0.13));
#3736 = VECTOR('',#3737,1.);
#3737 = DIRECTION('',(0.,0.,1.));
#3738 = PLANE('',#3739);
#3739 = AXIS2_PLACEMENT_3D('',#3740,#3741,#3742);
#3740 = CARTESIAN_POINT('',(0.799999965582,-9.999999653703E-02,0.16));
#3741 = DIRECTION('',(-1.,0.,0.));
#3742 = DIRECTION('',(0.,0.,1.));
#3743 = ADVANCED_FACE('',(#3744),#3762,.T.);
#3744 = FACE_BOUND('',#3745,.T.);
#3745 = EDGE_LOOP('',(#3746,#3754,#3760,#3761));
#3746 = ORIENTED_EDGE('',*,*,#3747,.F.);
#3747 = EDGE_CURVE('',#3748,#3724,#3750,.T.);
#3748 = VERTEX_POINT('',#3749);
#3749 = CARTESIAN_POINT('',(0.8,-8.767425474094E-02,0.16));
#3750 = LINE('',#3751,#3752);
#3751 = CARTESIAN_POINT('',(0.8,4.395707942145E-02,0.16));
#3752 = VECTOR('',#3753,1.);
#3753 = DIRECTION('',(8.231477785001E-16,1.,0.));
#3754 = ORIENTED_EDGE('',*,*,#3755,.F.);
#3755 = EDGE_CURVE('',#2682,#3748,#3756,.T.);
#3756 = LINE('',#3757,#3758);
#3757 = CARTESIAN_POINT('',(0.8,-8.767425474094E-02,0.13));
#3758 = VECTOR('',#3759,1.);
#3759 = DIRECTION('',(0.,0.,1.));
#3760 = ORIENTED_EDGE('',*,*,#2689,.F.);
#3761 = ORIENTED_EDGE('',*,*,#3733,.T.);
#3762 = PLANE('',#3763);
#3763 = AXIS2_PLACEMENT_3D('',#3764,#3765,#3766);
#3764 = CARTESIAN_POINT('',(0.8,4.395707942145E-02,0.13));
#3765 = DIRECTION('',(1.,-8.231477785001E-16,0.));
#3766 = DIRECTION('',(8.231477785001E-16,1.,0.));
#3767 = ADVANCED_FACE('',(#3768),#3779,.F.);
#3768 = FACE_BOUND('',#3769,.F.);
#3769 = EDGE_LOOP('',(#3770,#3771,#3777,#3778));
#3770 = ORIENTED_EDGE('',*,*,#2673,.T.);
#3771 = ORIENTED_EDGE('',*,*,#3772,.T.);
#3772 = EDGE_CURVE('',#2666,#3748,#3773,.T.);
#3773 = LINE('',#3774,#3775);
#3774 = CARTESIAN_POINT('',(0.799999965582,-9.999999653703E-02,0.16));
#3775 = VECTOR('',#3776,1.);
#3776 = DIRECTION('',(0.,1.,0.));
#3777 = ORIENTED_EDGE('',*,*,#3755,.F.);
#3778 = ORIENTED_EDGE('',*,*,#2681,.F.);
#3779 = PLANE('',#3780);
#3780 = AXIS2_PLACEMENT_3D('',#3781,#3782,#3783);
#3781 = CARTESIAN_POINT('',(0.799999965582,-9.999999653703E-02,0.16));
#3782 = DIRECTION('',(-1.,0.,0.));
#3783 = DIRECTION('',(0.,0.,1.));
#3784 = ADVANCED_FACE('',(#3785),#3804,.F.);
#3785 = FACE_BOUND('',#3786,.T.);
#3786 = EDGE_LOOP('',(#3787,#3788,#3789,#3797,#3803));
#3787 = ORIENTED_EDGE('',*,*,#2657,.F.);
#3788 = ORIENTED_EDGE('',*,*,#3603,.T.);
#3789 = ORIENTED_EDGE('',*,*,#3790,.T.);
#3790 = EDGE_CURVE('',#3604,#3791,#3793,.T.);
#3791 = VERTEX_POINT('',#3792);
#3792 = CARTESIAN_POINT('',(0.8,-0.26,0.));
#3793 = LINE('',#3794,#3795);
#3794 = CARTESIAN_POINT('',(0.8,-0.26,3.E-02));
#3795 = VECTOR('',#3796,1.);
#3796 = DIRECTION('',(0.,0.,-1.));
#3797 = ORIENTED_EDGE('',*,*,#3798,.T.);
#3798 = EDGE_CURVE('',#3791,#2642,#3799,.T.);
#3799 = LINE('',#3800,#3801);
#3800 = CARTESIAN_POINT('',(0.8,-9.999999999999E-02,0.));
#3801 = VECTOR('',#3802,1.);
#3802 = DIRECTION('',(-5.421010862428E-15,1.,0.));
#3803 = ORIENTED_EDGE('',*,*,#2649,.F.);
#3804 = PLANE('',#3805);
#3805 = AXIS2_PLACEMENT_3D('',#3806,#3807,#3808);
#3806 = CARTESIAN_POINT('',(0.8,-9.999999999999E-02,3.E-02));
#3807 = DIRECTION('',(-1.,-5.421010862428E-15,0.));
#3808 = DIRECTION('',(5.421010862428E-15,-1.,0.));
#3809 = ADVANCED_FACE('',(#3810),#3821,.F.);
#3810 = FACE_BOUND('',#3811,.F.);
#3811 = EDGE_LOOP('',(#3812,#3813,#3814,#3820));
#3812 = ORIENTED_EDGE('',*,*,#2625,.T.);
#3813 = ORIENTED_EDGE('',*,*,#3677,.T.);
#3814 = ORIENTED_EDGE('',*,*,#3815,.F.);
#3815 = EDGE_CURVE('',#2634,#2958,#3816,.T.);
#3816 = LINE('',#3817,#3818);
#3817 = CARTESIAN_POINT('',(0.799999965582,-9.999999653703E-02,0.));
#3818 = VECTOR('',#3819,1.);
#3819 = DIRECTION('',(0.,1.,0.));
#3820 = ORIENTED_EDGE('',*,*,#2633,.F.);
#3821 = PLANE('',#3822);
#3822 = AXIS2_PLACEMENT_3D('',#3823,#3824,#3825);
#3823 = CARTESIAN_POINT('',(0.799999965582,-9.999999653703E-02,0.16));
#3824 = DIRECTION('',(-1.,0.,0.));
#3825 = DIRECTION('',(0.,0.,1.));
#3826 = ADVANCED_FACE('',(#3827),#3833,.T.);
#3827 = FACE_BOUND('',#3828,.T.);
#3828 = EDGE_LOOP('',(#3829,#3830,#3831,#3832));
#3829 = ORIENTED_EDGE('',*,*,#3815,.F.);
#3830 = ORIENTED_EDGE('',*,*,#3286,.F.);
#3831 = ORIENTED_EDGE('',*,*,#2949,.T.);
#3832 = ORIENTED_EDGE('',*,*,#2957,.T.);
#3833 = PLANE('',#3834);
#3834 = AXIS2_PLACEMENT_3D('',#3835,#3836,#3837);
#3835 = CARTESIAN_POINT('',(0.799999965582,-0.425000000005,0.));
#3836 = DIRECTION('',(0.,0.,-1.));
#3837 = DIRECTION('',(-1.,0.,0.));
#3838 = ADVANCED_FACE('',(#3839),#3864,.F.);
#3839 = FACE_BOUND('',#3840,.F.);
#3840 = EDGE_LOOP('',(#3841,#3842,#3850,#3858));
#3841 = ORIENTED_EDGE('',*,*,#2941,.F.);
#3842 = ORIENTED_EDGE('',*,*,#3843,.F.);
#3843 = EDGE_CURVE('',#3844,#2934,#3846,.T.);
#3844 = VERTEX_POINT('',#3845);
#3845 = CARTESIAN_POINT('',(0.399457937574,-7.346283513409E-02,3.E-02));
#3846 = LINE('',#3847,#3848);
#3847 = CARTESIAN_POINT('',(0.399457937574,-7.346283513409E-02,3.E-02));
#3848 = VECTOR('',#3849,1.);
#3849 = DIRECTION('',(0.,0.,-1.));
#3850 = ORIENTED_EDGE('',*,*,#3851,.T.);
#3851 = EDGE_CURVE('',#3844,#3852,#3854,.T.);
#3852 = VERTEX_POINT('',#3853);
#3853 = CARTESIAN_POINT('',(0.399464377531,-7.346283513409E-02,3.E-02));
#3854 = LINE('',#3855,#3856);
#3855 = CARTESIAN_POINT('',(0.399457937574,-7.346283513409E-02,3.E-02));
#3856 = VECTOR('',#3857,1.);
#3857 = DIRECTION('',(1.,1.96245700212E-15,0.));
#3858 = ORIENTED_EDGE('',*,*,#3859,.T.);
#3859 = EDGE_CURVE('',#3852,#2942,#3860,.T.);
#3860 = LINE('',#3861,#3862);
#3861 = CARTESIAN_POINT('',(0.399464377531,-7.346283513409E-02,3.E-02));
#3862 = VECTOR('',#3863,1.);
#3863 = DIRECTION('',(0.,0.,-1.));
#3864 = PLANE('',#3865);
#3865 = AXIS2_PLACEMENT_3D('',#3866,#3867,#3868);
#3866 = CARTESIAN_POINT('',(0.399457937574,-7.346283513409E-02,3.E-02));
#3867 = DIRECTION('',(-1.96245700212E-15,1.,0.));
#3868 = DIRECTION('',(-1.,-1.96245700212E-15,0.));
#3869 = ADVANCED_FACE('',(#3870),#3888,.F.);
#3870 = FACE_BOUND('',#3871,.F.);
#3871 = EDGE_LOOP('',(#3872,#3873,#3881,#3887));
#3872 = ORIENTED_EDGE('',*,*,#2933,.F.);
#3873 = ORIENTED_EDGE('',*,*,#3874,.T.);
#3874 = EDGE_CURVE('',#2926,#3875,#3877,.T.);
#3875 = VERTEX_POINT('',#3876);
#3876 = CARTESIAN_POINT('',(0.399457937574,-0.293358987024,3.E-02));
#3877 = LINE('',#3878,#3879);
#3878 = CARTESIAN_POINT('',(0.399457937574,-0.293358987024,3.E-02));
#3879 = VECTOR('',#3880,1.);
#3880 = DIRECTION('',(0.,0.,1.));
#3881 = ORIENTED_EDGE('',*,*,#3882,.T.);
#3882 = EDGE_CURVE('',#3875,#3844,#3883,.T.);
#3883 = LINE('',#3884,#3885);
#3884 = CARTESIAN_POINT('',(0.399457937574,-0.293462835134,3.E-02));
#3885 = VECTOR('',#3886,1.);
#3886 = DIRECTION('',(0.,1.,0.));
#3887 = ORIENTED_EDGE('',*,*,#3843,.T.);
#3888 = PLANE('',#3889);
#3889 = AXIS2_PLACEMENT_3D('',#3890,#3891,#3892);
#3890 = CARTESIAN_POINT('',(0.399457937574,-0.293462835134,3.E-02));
#3891 = DIRECTION('',(-1.,0.,0.));
#3892 = DIRECTION('',(0.,0.,1.));
#3893 = ADVANCED_FACE('',(#3894),#3900,.T.);
#3894 = FACE_BOUND('',#3895,.T.);
#3895 = EDGE_LOOP('',(#3896,#3897,#3898,#3899));
#3896 = ORIENTED_EDGE('',*,*,#3258,.F.);
#3897 = ORIENTED_EDGE('',*,*,#2917,.T.);
#3898 = ORIENTED_EDGE('',*,*,#2925,.T.);
#3899 = ORIENTED_EDGE('',*,*,#3266,.F.);
#3900 = PLANE('',#3901);
#3901 = AXIS2_PLACEMENT_3D('',#3902,#3903,#3904);
#3902 = CARTESIAN_POINT('',(0.799999965582,-0.425000000005,0.));
#3903 = DIRECTION('',(0.,0.,-1.));
#3904 = DIRECTION('',(-1.,0.,0.));
#3905 = ADVANCED_FACE('',(#3906),#3931,.F.);
#3906 = FACE_BOUND('',#3907,.F.);
#3907 = EDGE_LOOP('',(#3908,#3909,#3917,#3925));
#3908 = ORIENTED_EDGE('',*,*,#2909,.F.);
#3909 = ORIENTED_EDGE('',*,*,#3910,.F.);
#3910 = EDGE_CURVE('',#3911,#2902,#3913,.T.);
#3911 = VERTEX_POINT('',#3912);
#3912 = CARTESIAN_POINT('',(0.349457937574,-0.343462835134,3.E-02));
#3913 = LINE('',#3914,#3915);
#3914 = CARTESIAN_POINT('',(0.349457937574,-0.343462835134,3.E-02));
#3915 = VECTOR('',#3916,1.);
#3916 = DIRECTION('',(0.,0.,-1.));
#3917 = ORIENTED_EDGE('',*,*,#3918,.T.);
#3918 = EDGE_CURVE('',#3911,#3919,#3921,.T.);
#3919 = VERTEX_POINT('',#3920);
#3920 = CARTESIAN_POINT('',(0.349489894355,-0.343430878353,3.E-02));
#3921 = LINE('',#3922,#3923);
#3922 = CARTESIAN_POINT('',(0.349457937574,-0.343462835134,3.E-02));
#3923 = VECTOR('',#3924,1.);
#3924 = DIRECTION('',(0.707106781187,0.707106781187,0.));
#3925 = ORIENTED_EDGE('',*,*,#3926,.T.);
#3926 = EDGE_CURVE('',#3919,#2910,#3927,.T.);
#3927 = LINE('',#3928,#3929);
#3928 = CARTESIAN_POINT('',(0.349489894355,-0.343430878353,3.E-02));
#3929 = VECTOR('',#3930,1.);
#3930 = DIRECTION('',(0.,0.,-1.));
#3931 = PLANE('',#3932);
#3932 = AXIS2_PLACEMENT_3D('',#3933,#3934,#3935);
#3933 = CARTESIAN_POINT('',(0.349457937574,-0.343462835134,3.E-02));
#3934 = DIRECTION('',(-0.707106781187,0.707106781187,0.));
#3935 = DIRECTION('',(-0.707106781187,-0.707106781187,0.));
#3936 = ADVANCED_FACE('',(#3937),#3955,.F.);
#3937 = FACE_BOUND('',#3938,.T.);
#3938 = EDGE_LOOP('',(#3939,#3940,#3941,#3949));
#3939 = ORIENTED_EDGE('',*,*,#2901,.T.);
#3940 = ORIENTED_EDGE('',*,*,#3910,.F.);
#3941 = ORIENTED_EDGE('',*,*,#3942,.F.);
#3942 = EDGE_CURVE('',#3943,#3911,#3945,.T.);
#3943 = VERTEX_POINT('',#3944);
#3944 = CARTESIAN_POINT('',(0.349457937574,-0.45,3.E-02));
#3945 = LINE('',#3946,#3947);
#3946 = CARTESIAN_POINT('',(0.349457937574,-0.45,3.E-02));
#3947 = VECTOR('',#3948,1.);
#3948 = DIRECTION('',(0.,1.,0.));
#3949 = ORIENTED_EDGE('',*,*,#3950,.T.);
#3950 = EDGE_CURVE('',#3943,#2894,#3951,.T.);
#3951 = LINE('',#3952,#3953);
#3952 = CARTESIAN_POINT('',(0.349457937574,-0.45,3.E-02));
#3953 = VECTOR('',#3954,1.);
#3954 = DIRECTION('',(0.,0.,-1.));
#3955 = PLANE('',#3956);
#3956 = AXIS2_PLACEMENT_3D('',#3957,#3958,#3959);
#3957 = CARTESIAN_POINT('',(0.349457937574,-0.45,3.E-02));
#3958 = DIRECTION('',(-1.,0.,0.));
#3959 = DIRECTION('',(0.,0.,1.));
#3960 = ADVANCED_FACE('',(#3961),#3979,.F.);
#3961 = FACE_BOUND('',#3962,.F.);
#3962 = EDGE_LOOP('',(#3963,#3964,#3972,#3978));
#3963 = ORIENTED_EDGE('',*,*,#2893,.F.);
#3964 = ORIENTED_EDGE('',*,*,#3965,.T.);
#3965 = EDGE_CURVE('',#2886,#3966,#3968,.T.);
#3966 = VERTEX_POINT('',#3967);
#3967 = CARTESIAN_POINT('',(0.349489894355,-0.450031956781,3.E-02));
#3968 = LINE('',#3969,#3970);
#3969 = CARTESIAN_POINT('',(0.349489894355,-0.450031956781,3.E-02));
#3970 = VECTOR('',#3971,1.);
#3971 = DIRECTION('',(0.,0.,1.));
#3972 = ORIENTED_EDGE('',*,*,#3973,.T.);
#3973 = EDGE_CURVE('',#3966,#3943,#3974,.T.);
#3974 = LINE('',#3975,#3976);
#3975 = CARTESIAN_POINT('',(0.399457937574,-0.5,3.E-02));
#3976 = VECTOR('',#3977,1.);
#3977 = DIRECTION('',(-0.707106781187,0.707106781187,0.));
#3978 = ORIENTED_EDGE('',*,*,#3950,.T.);
#3979 = PLANE('',#3980);
#3980 = AXIS2_PLACEMENT_3D('',#3981,#3982,#3983);
#3981 = CARTESIAN_POINT('',(0.399457937574,-0.5,3.E-02));
#3982 = DIRECTION('',(-0.707106781187,-0.707106781187,0.));
#3983 = DIRECTION('',(0.707106781187,-0.707106781187,0.));
#3984 = ADVANCED_FACE('',(#3985),#3991,.T.);
#3985 = FACE_BOUND('',#3986,.T.);
#3986 = EDGE_LOOP('',(#3987,#3988,#3989,#3990));
#3987 = ORIENTED_EDGE('',*,*,#3238,.F.);
#3988 = ORIENTED_EDGE('',*,*,#2877,.T.);
#3989 = ORIENTED_EDGE('',*,*,#2885,.T.);
#3990 = ORIENTED_EDGE('',*,*,#3246,.F.);
#3991 = PLANE('',#3992);
#3992 = AXIS2_PLACEMENT_3D('',#3993,#3994,#3995);
#3993 = CARTESIAN_POINT('',(0.799999965582,-0.425000000005,0.));
#3994 = DIRECTION('',(0.,0.,-1.));
#3995 = DIRECTION('',(-1.,0.,0.));
#3996 = ADVANCED_FACE('',(#3997),#4008,.F.);
#3997 = FACE_BOUND('',#3998,.F.);
#3998 = EDGE_LOOP('',(#3999,#4000,#4001,#4002));
#3999 = ORIENTED_EDGE('',*,*,#2869,.F.);
#4000 = ORIENTED_EDGE('',*,*,#3161,.F.);
#4001 = ORIENTED_EDGE('',*,*,#3175,.T.);
#4002 = ORIENTED_EDGE('',*,*,#4003,.T.);
#4003 = EDGE_CURVE('',#3176,#2870,#4004,.T.);
#4004 = LINE('',#4005,#4006);
#4005 = CARTESIAN_POINT('',(0.399457937574,-0.500038507342,3.E-02));
#4006 = VECTOR('',#4007,1.);
#4007 = DIRECTION('',(0.,0.,-1.));
#4008 = PLANE('',#4009);
#4009 = AXIS2_PLACEMENT_3D('',#4010,#4011,#4012);
#4010 = CARTESIAN_POINT('',(0.399457937574,-0.8,3.E-02));
#4011 = DIRECTION('',(-1.,7.228014483237E-16,0.));
#4012 = DIRECTION('',(-7.228014483237E-16,-1.,0.));
#4013 = ADVANCED_FACE('',(#4014),#4020,.T.);
#4014 = FACE_BOUND('',#4015,.T.);
#4015 = EDGE_LOOP('',(#4016,#4017,#4018,#4019));
#4016 = ORIENTED_EDGE('',*,*,#3232,.F.);
#4017 = ORIENTED_EDGE('',*,*,#3216,.F.);
#4018 = ORIENTED_EDGE('',*,*,#3192,.T.);
#4019 = ORIENTED_EDGE('',*,*,#4003,.T.);
#4020 = PLANE('',#4021);
#4021 = AXIS2_PLACEMENT_3D('',#4022,#4023,#4024);
#4022 = CARTESIAN_POINT('',(0.399464377531,-0.500044947299,3.E-02));
#4023 = DIRECTION('',(-0.707106781187,-0.707106781187,0.));
#4024 = DIRECTION('',(0.707106781187,-0.707106781187,0.));
#4025 = ADVANCED_FACE('',(#4026),#4047,.T.);
#4026 = FACE_BOUND('',#4027,.T.);
#4027 = EDGE_LOOP('',(#4028,#4036,#4037,#4038,#4039,#4040));
#4028 = ORIENTED_EDGE('',*,*,#4029,.F.);
#4029 = EDGE_CURVE('',#3310,#4030,#4032,.T.);
#4030 = VERTEX_POINT('',#4031);
#4031 = CARTESIAN_POINT('',(0.8,-0.59,0.));
#4032 = LINE('',#4033,#4034);
#4033 = CARTESIAN_POINT('',(0.8,-0.75,0.));
#4034 = VECTOR('',#4035,1.);
#4035 = DIRECTION('',(6.098637220231E-15,1.,0.));
#4036 = ORIENTED_EDGE('',*,*,#3309,.F.);
#4037 = ORIENTED_EDGE('',*,*,#3301,.F.);
#4038 = ORIENTED_EDGE('',*,*,#3293,.F.);
#4039 = ORIENTED_EDGE('',*,*,#3798,.F.);
#4040 = ORIENTED_EDGE('',*,*,#4041,.F.);
#4041 = EDGE_CURVE('',#4030,#3791,#4042,.T.);
#4042 = CIRCLE('',#4043,0.165);
#4043 = AXIS2_PLACEMENT_3D('',#4044,#4045,#4046);
#4044 = CARTESIAN_POINT('',(0.8,-0.425,0.));
#4045 = DIRECTION('',(0.,0.,-1.));
#4046 = DIRECTION('',(1.,0.,0.));
#4047 = PLANE('',#4048);
#4048 = AXIS2_PLACEMENT_3D('',#4049,#4050,#4051);
#4049 = CARTESIAN_POINT('',(0.8,-0.425,0.));
#4050 = DIRECTION('',(0.,0.,-1.));
#4051 = DIRECTION('',(-1.,0.,0.));
#4052 = ADVANCED_FACE('',(#4053),#4071,.T.);
#4053 = FACE_BOUND('',#4054,.T.);
#4054 = EDGE_LOOP('',(#4055,#4056,#4064,#4070));
#4055 = ORIENTED_EDGE('',*,*,#3280,.F.);
#4056 = ORIENTED_EDGE('',*,*,#4057,.F.);
#4057 = EDGE_CURVE('',#4058,#3273,#4060,.T.);
#4058 = VERTEX_POINT('',#4059);
#4059 = CARTESIAN_POINT('',(0.399464377531,-0.293352547067,3.E-02));
#4060 = LINE('',#4061,#4062);
#4061 = CARTESIAN_POINT('',(0.399464377531,-0.293352547067,3.E-02));
#4062 = VECTOR('',#4063,1.);
#4063 = DIRECTION('',(0.,0.,-1.));
#4064 = ORIENTED_EDGE('',*,*,#4065,.T.);
#4065 = EDGE_CURVE('',#4058,#3852,#4066,.T.);
#4066 = LINE('',#4067,#4068);
#4067 = CARTESIAN_POINT('',(0.399464377531,-0.293352547067,3.E-02));
#4068 = VECTOR('',#4069,1.);
#4069 = DIRECTION('',(0.,1.,0.));
#4070 = ORIENTED_EDGE('',*,*,#3859,.T.);
#4071 = PLANE('',#4072);
#4072 = AXIS2_PLACEMENT_3D('',#4073,#4074,#4075);
#4073 = CARTESIAN_POINT('',(0.399464377531,-0.293352547067,3.E-02));
#4074 = DIRECTION('',(-1.,0.,0.));
#4075 = DIRECTION('',(0.,0.,1.));
#4076 = ADVANCED_FACE('',(#4077),#4088,.T.);
#4077 = FACE_BOUND('',#4078,.T.);
#4078 = EDGE_LOOP('',(#4079,#4080,#4081,#4087));
#4079 = ORIENTED_EDGE('',*,*,#3272,.F.);
#4080 = ORIENTED_EDGE('',*,*,#3874,.T.);
#4081 = ORIENTED_EDGE('',*,*,#4082,.T.);
#4082 = EDGE_CURVE('',#3875,#4058,#4083,.T.);
#4083 = LINE('',#4084,#4085);
#4084 = CARTESIAN_POINT('',(0.349489894355,-0.343327030243,3.E-02));
#4085 = VECTOR('',#4086,1.);
#4086 = DIRECTION('',(0.707106781187,0.707106781187,0.));
#4087 = ORIENTED_EDGE('',*,*,#4057,.T.);
#4088 = PLANE('',#4089);
#4089 = AXIS2_PLACEMENT_3D('',#4090,#4091,#4092);
#4090 = CARTESIAN_POINT('',(0.349489894355,-0.343327030243,3.E-02));
#4091 = DIRECTION('',(-0.707106781187,0.707106781187,0.));
#4092 = DIRECTION('',(-0.707106781187,-0.707106781187,0.));
#4093 = ADVANCED_FACE('',(#4094),#4105,.T.);
#4094 = FACE_BOUND('',#4095,.T.);
#4095 = EDGE_LOOP('',(#4096,#4097,#4098,#4104));
#4096 = ORIENTED_EDGE('',*,*,#3252,.F.);
#4097 = ORIENTED_EDGE('',*,*,#3965,.T.);
#4098 = ORIENTED_EDGE('',*,*,#4099,.T.);
#4099 = EDGE_CURVE('',#3966,#3919,#4100,.T.);
#4100 = LINE('',#4101,#4102);
#4101 = CARTESIAN_POINT('',(0.349489894355,-0.450070464123,3.E-02));
#4102 = VECTOR('',#4103,1.);
#4103 = DIRECTION('',(0.,1.,0.));
#4104 = ORIENTED_EDGE('',*,*,#3926,.T.);
#4105 = PLANE('',#4106);
#4106 = AXIS2_PLACEMENT_3D('',#4107,#4108,#4109);
#4107 = CARTESIAN_POINT('',(0.349489894355,-0.450070464123,3.E-02));
#4108 = DIRECTION('',(-1.,0.,0.));
#4109 = DIRECTION('',(0.,0.,1.));
#4110 = ADVANCED_FACE('',(#4111),#4123,.F.);
#4111 = FACE_BOUND('',#4112,.T.);
#4112 = EDGE_LOOP('',(#4113,#4114,#4115,#4116,#4117));
#4113 = ORIENTED_EDGE('',*,*,#3620,.T.);
#4114 = ORIENTED_EDGE('',*,*,#3340,.T.);
#4115 = ORIENTED_EDGE('',*,*,#3332,.T.);
#4116 = ORIENTED_EDGE('',*,*,#4029,.T.);
#4117 = ORIENTED_EDGE('',*,*,#4118,.F.);
#4118 = EDGE_CURVE('',#3612,#4030,#4119,.T.);
#4119 = LINE('',#4120,#4121);
#4120 = CARTESIAN_POINT('',(0.8,-0.59,3.E-02));
#4121 = VECTOR('',#4122,1.);
#4122 = DIRECTION('',(0.,0.,-1.));
#4123 = PLANE('',#4124);
#4124 = AXIS2_PLACEMENT_3D('',#4125,#4126,#4127);
#4125 = CARTESIAN_POINT('',(0.8,-0.75,3.E-02));
#4126 = DIRECTION('',(-1.,6.098637220231E-15,0.));
#4127 = DIRECTION('',(-6.098637220231E-15,-1.,0.));
#4128 = ADVANCED_FACE('',(#4129),#4136,.F.);
#4129 = FACE_BOUND('',#4130,.F.);
#4130 = EDGE_LOOP('',(#4131,#4132,#4133,#4134,#4135));
#4131 = ORIENTED_EDGE('',*,*,#3626,.F.);
#4132 = ORIENTED_EDGE('',*,*,#3382,.T.);
#4133 = ORIENTED_EDGE('',*,*,#3374,.T.);
#4134 = ORIENTED_EDGE('',*,*,#3643,.T.);
#4135 = ORIENTED_EDGE('',*,*,#3635,.F.);
#4136 = PLANE('',#4137);
#4137 = AXIS2_PLACEMENT_3D('',#4138,#4139,#4140);
#4138 = CARTESIAN_POINT('',(0.799999965582,-0.425000000005,0.16));
#4139 = DIRECTION('',(0.,0.,-1.));
#4140 = DIRECTION('',(-1.,0.,0.));
#4141 = ADVANCED_FACE('',(#4142),#4149,.F.);
#4142 = FACE_BOUND('',#4143,.F.);
#4143 = EDGE_LOOP('',(#4144,#4145,#4146,#4147,#4148));
#4144 = ORIENTED_EDGE('',*,*,#3579,.T.);
#4145 = ORIENTED_EDGE('',*,*,#3554,.T.);
#4146 = ORIENTED_EDGE('',*,*,#3546,.T.);
#4147 = ORIENTED_EDGE('',*,*,#3596,.F.);
#4148 = ORIENTED_EDGE('',*,*,#3588,.F.);
#4149 = PLANE('',#4150);
#4150 = AXIS2_PLACEMENT_3D('',#4151,#4152,#4153);
#4151 = CARTESIAN_POINT('',(0.799999965582,-0.425000000005,0.16));
#4152 = DIRECTION('',(0.,0.,-1.));
#4153 = DIRECTION('',(-1.,0.,0.));
#4154 = ADVANCED_FACE('',(#4155),#4166,.F.);
#4155 = FACE_BOUND('',#4156,.F.);
#4156 = EDGE_LOOP('',(#4157,#4158,#4159));
#4157 = ORIENTED_EDGE('',*,*,#3772,.F.);
#4158 = ORIENTED_EDGE('',*,*,#3538,.F.);
#4159 = ORIENTED_EDGE('',*,*,#4160,.F.);
#4160 = EDGE_CURVE('',#3748,#3530,#4161,.T.);
#4161 = CIRCLE('',#4162,0.3373257453);
#4162 = AXIS2_PLACEMENT_3D('',#4163,#4164,#4165);
#4163 = CARTESIAN_POINT('',(0.8,-0.424999999996,0.16));
#4164 = DIRECTION('',(0.,0.,1.));
#4165 = DIRECTION('',(1.,0.,0.));
#4166 = PLANE('',#4167);
#4167 = AXIS2_PLACEMENT_3D('',#4168,#4169,#4170);
#4168 = CARTESIAN_POINT('',(0.799999965582,-0.425000000005,0.16));
#4169 = DIRECTION('',(0.,0.,-1.));
#4170 = DIRECTION('',(-1.,0.,0.));
#4171 = ADVANCED_FACE('',(#4172),#4198,.T.);
#4172 = FACE_BOUND('',#4173,.T.);
#4173 = EDGE_LOOP('',(#4174,#4175,#4183,#4192));
#4174 = ORIENTED_EDGE('',*,*,#3529,.F.);
#4175 = ORIENTED_EDGE('',*,*,#4176,.T.);
#4176 = EDGE_CURVE('',#3530,#4177,#4179,.T.);
#4177 = VERTEX_POINT('',#4178);
#4178 = CARTESIAN_POINT('',(0.717615032234,-9.788935277011E-02,0.13));
#4179 = LINE('',#4180,#4181);
#4180 = CARTESIAN_POINT('',(0.717615032233,-9.788935277014E-02,0.13));
#4181 = VECTOR('',#4182,1.);
#4182 = DIRECTION('',(-0.,-0.,-1.));
#4183 = ORIENTED_EDGE('',*,*,#4184,.T.);
#4184 = EDGE_CURVE('',#4177,#4185,#4187,.T.);
#4185 = VERTEX_POINT('',#4186);
#4186 = CARTESIAN_POINT('',(0.69,-0.106113408224,0.13));
#4187 = CIRCLE('',#4188,0.3373257453);
#4188 = AXIS2_PLACEMENT_3D('',#4189,#4190,#4191);
#4189 = CARTESIAN_POINT('',(0.8,-0.424999999996,0.13));
#4190 = DIRECTION('',(0.,0.,1.));
#4191 = DIRECTION('',(1.,0.,0.));
#4192 = ORIENTED_EDGE('',*,*,#4193,.T.);
#4193 = EDGE_CURVE('',#4185,#3522,#4194,.T.);
#4194 = LINE('',#4195,#4196);
#4195 = CARTESIAN_POINT('',(0.69,-0.106113408224,0.13));
#4196 = VECTOR('',#4197,1.);
#4197 = DIRECTION('',(0.,0.,1.));
#4198 = CYLINDRICAL_SURFACE('',#4199,0.3373257453);
#4199 = AXIS2_PLACEMENT_3D('',#4200,#4201,#4202);
#4200 = CARTESIAN_POINT('',(0.8,-0.424999999996,0.13));
#4201 = DIRECTION('',(-0.,-0.,-1.));
#4202 = DIRECTION('',(1.,0.,0.));
#4203 = ADVANCED_FACE('',(#4204),#4222,.T.);
#4204 = FACE_BOUND('',#4205,.T.);
#4205 = EDGE_LOOP('',(#4206,#4207,#4208,#4216));
#4206 = ORIENTED_EDGE('',*,*,#3521,.F.);
#4207 = ORIENTED_EDGE('',*,*,#4193,.F.);
#4208 = ORIENTED_EDGE('',*,*,#4209,.T.);
#4209 = EDGE_CURVE('',#4185,#4210,#4212,.T.);
#4210 = VERTEX_POINT('',#4211);
#4211 = CARTESIAN_POINT('',(0.6,-0.106113408224,0.13));
#4212 = LINE('',#4213,#4214);
#4213 = CARTESIAN_POINT('',(0.69,-0.106113408224,0.13));
#4214 = VECTOR('',#4215,1.);
#4215 = DIRECTION('',(-1.,0.,0.));
#4216 = ORIENTED_EDGE('',*,*,#4217,.T.);
#4217 = EDGE_CURVE('',#4210,#3514,#4218,.T.);
#4218 = LINE('',#4219,#4220);
#4219 = CARTESIAN_POINT('',(0.6,-0.106113408224,0.13));
#4220 = VECTOR('',#4221,1.);
#4221 = DIRECTION('',(0.,0.,1.));
#4222 = PLANE('',#4223);
#4223 = AXIS2_PLACEMENT_3D('',#4224,#4225,#4226);
#4224 = CARTESIAN_POINT('',(0.69,-0.106113408224,0.13));
#4225 = DIRECTION('',(0.,1.,0.));
#4226 = DIRECTION('',(0.,0.,1.));
#4227 = ADVANCED_FACE('',(#4228),#4246,.T.);
#4228 = FACE_BOUND('',#4229,.T.);
#4229 = EDGE_LOOP('',(#4230,#4231,#4232,#4240));
#4230 = ORIENTED_EDGE('',*,*,#3513,.F.);
#4231 = ORIENTED_EDGE('',*,*,#4217,.F.);
#4232 = ORIENTED_EDGE('',*,*,#4233,.T.);
#4233 = EDGE_CURVE('',#4210,#4234,#4236,.T.);
#4234 = VERTEX_POINT('',#4235);
#4235 = CARTESIAN_POINT('',(0.6,-0.106042920579,0.13));
#4236 = LINE('',#4237,#4238);
#4237 = CARTESIAN_POINT('',(0.6,-0.106113408224,0.13));
#4238 = VECTOR('',#4239,1.);
#4239 = DIRECTION('',(0.,1.,0.));
#4240 = ORIENTED_EDGE('',*,*,#4241,.T.);
#4241 = EDGE_CURVE('',#4234,#3506,#4242,.T.);
#4242 = LINE('',#4243,#4244);
#4243 = CARTESIAN_POINT('',(0.6,-0.106042920579,0.13));
#4244 = VECTOR('',#4245,1.);
#4245 = DIRECTION('',(0.,0.,1.));
#4246 = PLANE('',#4247);
#4247 = AXIS2_PLACEMENT_3D('',#4248,#4249,#4250);
#4248 = CARTESIAN_POINT('',(0.6,-0.106113408224,0.13));
#4249 = DIRECTION('',(1.,0.,0.));
#4250 = DIRECTION('',(0.,0.,-1.));
#4251 = ADVANCED_FACE('',(#4252),#4278,.F.);
#4252 = FACE_BOUND('',#4253,.F.);
#4253 = EDGE_LOOP('',(#4254,#4260,#4261,#4262,#4271,#4277));
#4254 = ORIENTED_EDGE('',*,*,#4255,.T.);
#4255 = EDGE_CURVE('',#3498,#3724,#4256,.T.);
#4256 = LINE('',#4257,#4258);
#4257 = CARTESIAN_POINT('',(0.6,4.388659177585E-02,0.16));
#4258 = VECTOR('',#4259,1.);
#4259 = DIRECTION('',(1.,6.776263578034E-17,0.));
#4260 = ORIENTED_EDGE('',*,*,#3747,.F.);
#4261 = ORIENTED_EDGE('',*,*,#4160,.T.);
#4262 = ORIENTED_EDGE('',*,*,#4263,.F.);
#4263 = EDGE_CURVE('',#4264,#3530,#4266,.T.);
#4264 = VERTEX_POINT('',#4265);
#4265 = CARTESIAN_POINT('',(0.69,-0.106042920579,0.16));
#4266 = CIRCLE('',#4267,0.34);
#4267 = AXIS2_PLACEMENT_3D('',#4268,#4269,#4270);
#4268 = CARTESIAN_POINT('',(0.8,-0.427757079421,0.16));
#4269 = DIRECTION('',(0.,0.,-1.));
#4270 = DIRECTION('',(1.,0.,0.));
#4271 = ORIENTED_EDGE('',*,*,#4272,.F.);
#4272 = EDGE_CURVE('',#3506,#4264,#4273,.T.);
#4273 = LINE('',#4274,#4275);
#4274 = CARTESIAN_POINT('',(0.6,-0.106042920579,0.16));
#4275 = VECTOR('',#4276,1.);
#4276 = DIRECTION('',(1.,-1.204669080539E-15,0.));
#4277 = ORIENTED_EDGE('',*,*,#3505,.T.);
#4278 = PLANE('',#4279);
#4279 = AXIS2_PLACEMENT_3D('',#4280,#4281,#4282);
#4280 = CARTESIAN_POINT('',(0.8,-0.427757079421,0.16));
#4281 = DIRECTION('',(0.,0.,-1.));
#4282 = DIRECTION('',(-1.,0.,0.));
#4283 = ADVANCED_FACE('',(#4284),#4290,.F.);
#4284 = FACE_BOUND('',#4285,.F.);
#4285 = EDGE_LOOP('',(#4286,#4287,#4288,#4289));
#4286 = ORIENTED_EDGE('',*,*,#3489,.F.);
#4287 = ORIENTED_EDGE('',*,*,#3723,.F.);
#4288 = ORIENTED_EDGE('',*,*,#4255,.F.);
#4289 = ORIENTED_EDGE('',*,*,#3497,.F.);
#4290 = PLANE('',#4291);
#4291 = AXIS2_PLACEMENT_3D('',#4292,#4293,#4294);
#4292 = CARTESIAN_POINT('',(0.799999965582,-0.425000000005,0.16));
#4293 = DIRECTION('',(0.,0.,-1.));
#4294 = DIRECTION('',(-1.,0.,0.));
#4295 = ADVANCED_FACE('',(#4296),#4302,.F.);
#4296 = FACE_BOUND('',#4297,.F.);
#4297 = EDGE_LOOP('',(#4298,#4299,#4300,#4301));
#4298 = ORIENTED_EDGE('',*,*,#4118,.F.);
#4299 = ORIENTED_EDGE('',*,*,#3611,.F.);
#4300 = ORIENTED_EDGE('',*,*,#3790,.T.);
#4301 = ORIENTED_EDGE('',*,*,#4041,.F.);
#4302 = CYLINDRICAL_SURFACE('',#4303,0.165);
#4303 = AXIS2_PLACEMENT_3D('',#4304,#4305,#4306);
#4304 = CARTESIAN_POINT('',(0.8,-0.425,3.E-02));
#4305 = DIRECTION('',(0.,0.,1.));
#4306 = DIRECTION('',(-1.,0.,0.));
#4307 = ADVANCED_FACE('',(#4308),#4314,.F.);
#4308 = FACE_BOUND('',#4309,.F.);
#4309 = EDGE_LOOP('',(#4310,#4311,#4312,#4313));
#4310 = ORIENTED_EDGE('',*,*,#3882,.F.);
#4311 = ORIENTED_EDGE('',*,*,#4082,.T.);
#4312 = ORIENTED_EDGE('',*,*,#4065,.T.);
#4313 = ORIENTED_EDGE('',*,*,#3851,.F.);
#4314 = PLANE('',#4315);
#4315 = AXIS2_PLACEMENT_3D('',#4316,#4317,#4318);
#4316 = CARTESIAN_POINT('',(0.,0.,3.E-02));
#4317 = DIRECTION('',(0.,0.,1.));
#4318 = DIRECTION('',(1.,0.,0.));
#4319 = ADVANCED_FACE('',(#4320),#4326,.F.);
#4320 = FACE_BOUND('',#4321,.F.);
#4321 = EDGE_LOOP('',(#4322,#4323,#4324,#4325));
#4322 = ORIENTED_EDGE('',*,*,#3973,.F.);
#4323 = ORIENTED_EDGE('',*,*,#4099,.T.);
#4324 = ORIENTED_EDGE('',*,*,#3918,.F.);
#4325 = ORIENTED_EDGE('',*,*,#3942,.F.);
#4326 = PLANE('',#4327);
#4327 = AXIS2_PLACEMENT_3D('',#4328,#4329,#4330);
#4328 = CARTESIAN_POINT('',(0.,0.,3.E-02));
#4329 = DIRECTION('',(0.,0.,1.));
#4330 = DIRECTION('',(1.,0.,0.));
#4331 = ADVANCED_FACE('',(#4332),#4352,.T.);
#4332 = FACE_BOUND('',#4333,.T.);
#4333 = EDGE_LOOP('',(#4334,#4335,#4344,#4350,#4351));
#4334 = ORIENTED_EDGE('',*,*,#4184,.F.);
#4335 = ORIENTED_EDGE('',*,*,#4336,.F.);
#4336 = EDGE_CURVE('',#4337,#4177,#4339,.T.);
#4337 = VERTEX_POINT('',#4338);
#4338 = CARTESIAN_POINT('',(0.69,-0.106042920579,0.13));
#4339 = CIRCLE('',#4340,0.34);
#4340 = AXIS2_PLACEMENT_3D('',#4341,#4342,#4343);
#4341 = CARTESIAN_POINT('',(0.8,-0.427757079421,0.13));
#4342 = DIRECTION('',(0.,0.,-1.));
#4343 = DIRECTION('',(1.,0.,0.));
#4344 = ORIENTED_EDGE('',*,*,#4345,.F.);
#4345 = EDGE_CURVE('',#4234,#4337,#4346,.T.);
#4346 = LINE('',#4347,#4348);
#4347 = CARTESIAN_POINT('',(0.6,-0.106042920579,0.13));
#4348 = VECTOR('',#4349,1.);
#4349 = DIRECTION('',(1.,-1.204669080539E-15,0.));
#4350 = ORIENTED_EDGE('',*,*,#4233,.F.);
#4351 = ORIENTED_EDGE('',*,*,#4209,.F.);
#4352 = PLANE('',#4353);
#4353 = AXIS2_PLACEMENT_3D('',#4354,#4355,#4356);
#4354 = CARTESIAN_POINT('',(0.8,-0.424999999996,0.13));
#4355 = DIRECTION('',(0.,0.,1.));
#4356 = DIRECTION('',(1.,0.,0.));
#4357 = ADVANCED_FACE('',(#4358),#4369,.F.);
#4358 = FACE_BOUND('',#4359,.F.);
#4359 = EDGE_LOOP('',(#4360,#4361,#4362,#4368));
#4360 = ORIENTED_EDGE('',*,*,#4176,.T.);
#4361 = ORIENTED_EDGE('',*,*,#4336,.F.);
#4362 = ORIENTED_EDGE('',*,*,#4363,.T.);
#4363 = EDGE_CURVE('',#4337,#4264,#4364,.T.);
#4364 = LINE('',#4365,#4366);
#4365 = CARTESIAN_POINT('',(0.69,-0.106042920579,0.13));
#4366 = VECTOR('',#4367,1.);
#4367 = DIRECTION('',(0.,0.,1.));
#4368 = ORIENTED_EDGE('',*,*,#4263,.T.);
#4369 = CYLINDRICAL_SURFACE('',#4370,0.34);
#4370 = AXIS2_PLACEMENT_3D('',#4371,#4372,#4373);
#4371 = CARTESIAN_POINT('',(0.8,-0.427757079421,0.13));
#4372 = DIRECTION('',(-0.,-0.,-1.));
#4373 = DIRECTION('',(1.,0.,0.));
#4374 = ADVANCED_FACE('',(#4375),#4381,.T.);
#4375 = FACE_BOUND('',#4376,.T.);
#4376 = EDGE_LOOP('',(#4377,#4378,#4379,#4380));
#4377 = ORIENTED_EDGE('',*,*,#4272,.F.);
#4378 = ORIENTED_EDGE('',*,*,#4241,.F.);
#4379 = ORIENTED_EDGE('',*,*,#4345,.T.);
#4380 = ORIENTED_EDGE('',*,*,#4363,.T.);
#4381 = PLANE('',#4382);
#4382 = AXIS2_PLACEMENT_3D('',#4383,#4384,#4385);
#4383 = CARTESIAN_POINT('',(0.6,-0.106042920579,0.13));
#4384 = DIRECTION('',(-1.204669080539E-15,-1.,0.));
#4385 = DIRECTION('',(1.,-1.204669080539E-15,0.));
#4386 = ORIENTED_CLOSED_SHELL('',*,#4387,.F.);
#4387 = CLOSED_SHELL('',(#4388,#4428,#4519,#4543,#4627,#4644,#4661,#4678
    ,#4695,#4712,#4729,#4746,#4763));
#4388 = ADVANCED_FACE('',(#4389),#4423,.T.);
#4389 = FACE_BOUND('',#4390,.T.);
#4390 = EDGE_LOOP('',(#4391,#4401,#4409,#4417));
#4391 = ORIENTED_EDGE('',*,*,#4392,.F.);
#4392 = EDGE_CURVE('',#4393,#4395,#4397,.T.);
#4393 = VERTEX_POINT('',#4394);
#4394 = CARTESIAN_POINT('',(0.310149167648,-0.703013815392,0.16));
#4395 = VERTEX_POINT('',#4396);
#4396 = CARTESIAN_POINT('',(0.310149167648,-0.7,0.16));
#4397 = LINE('',#4398,#4399);
#4398 = CARTESIAN_POINT('',(0.310149167648,-0.472080819573,0.16));
#4399 = VECTOR('',#4400,1.);
#4400 = DIRECTION('',(-2.347438850483E-16,1.,0.));
#4401 = ORIENTED_EDGE('',*,*,#4402,.F.);
#4402 = EDGE_CURVE('',#4403,#4393,#4405,.T.);
#4403 = VERTEX_POINT('',#4404);
#4404 = CARTESIAN_POINT('',(0.310149167648,-0.703013815392,0.13));
#4405 = LINE('',#4406,#4407);
#4406 = CARTESIAN_POINT('',(0.310149167648,-0.703013815392,0.13));
#4407 = VECTOR('',#4408,1.);
#4408 = DIRECTION('',(0.,0.,1.));
#4409 = ORIENTED_EDGE('',*,*,#4410,.T.);
#4410 = EDGE_CURVE('',#4403,#4411,#4413,.T.);
#4411 = VERTEX_POINT('',#4412);
#4412 = CARTESIAN_POINT('',(0.310149167648,-0.7,0.13));
#4413 = LINE('',#4414,#4415);
#4414 = CARTESIAN_POINT('',(0.310149167648,-0.472080819573,0.13));
#4415 = VECTOR('',#4416,1.);
#4416 = DIRECTION('',(-2.347438850483E-16,1.,0.));
#4417 = ORIENTED_EDGE('',*,*,#4418,.T.);
#4418 = EDGE_CURVE('',#4411,#4395,#4419,.T.);
#4419 = LINE('',#4420,#4421);
#4420 = CARTESIAN_POINT('',(0.310149167648,-0.7,0.13));
#4421 = VECTOR('',#4422,1.);
#4422 = DIRECTION('',(0.,0.,1.));
#4423 = PLANE('',#4424);
#4424 = AXIS2_PLACEMENT_3D('',#4425,#4426,#4427);
#4425 = CARTESIAN_POINT('',(0.310149167648,-0.472080819573,0.13));
#4426 = DIRECTION('',(1.,2.347438850483E-16,0.));
#4427 = DIRECTION('',(-2.347438850483E-16,1.,0.));
#4428 = ADVANCED_FACE('',(#4429),#4514,.T.);
#4429 = FACE_BOUND('',#4430,.T.);
#4430 = EDGE_LOOP('',(#4431,#4432,#4440,#4448,#4457,#4465,#4474,#4483,
    #4491,#4500,#4508));
#4431 = ORIENTED_EDGE('',*,*,#4392,.T.);
#4432 = ORIENTED_EDGE('',*,*,#4433,.T.);
#4433 = EDGE_CURVE('',#4395,#4434,#4436,.T.);
#4434 = VERTEX_POINT('',#4435);
#4435 = CARTESIAN_POINT('',(0.223179861766,-0.7,0.16));
#4436 = LINE('',#4437,#4438);
#4437 = CARTESIAN_POINT('',(0.223179861766,-0.7,0.16));
#4438 = VECTOR('',#4439,1.);
#4439 = DIRECTION('',(-1.,0.,0.));
#4440 = ORIENTED_EDGE('',*,*,#4441,.T.);
#4441 = EDGE_CURVE('',#4434,#4442,#4444,.T.);
#4442 = VERTEX_POINT('',#4443);
#4443 = CARTESIAN_POINT('',(0.223179861766,-0.52,0.16));
#4444 = LINE('',#4445,#4446);
#4445 = CARTESIAN_POINT('',(0.223179861766,-0.47,0.16));
#4446 = VECTOR('',#4447,1.);
#4447 = DIRECTION('',(-1.178480622267E-16,1.,0.));
#4448 = ORIENTED_EDGE('',*,*,#4449,.F.);
#4449 = EDGE_CURVE('',#4450,#4442,#4452,.T.);
#4450 = VERTEX_POINT('',#4451);
#4451 = CARTESIAN_POINT('',(0.173179861766,-0.47,0.16));
#4452 = CIRCLE('',#4453,5.E-02);
#4453 = AXIS2_PLACEMENT_3D('',#4454,#4455,#4456);
#4454 = CARTESIAN_POINT('',(0.173179861766,-0.52,0.16));
#4455 = DIRECTION('',(0.,0.,-1.));
#4456 = DIRECTION('',(-1.,0.,0.));
#4457 = ORIENTED_EDGE('',*,*,#4458,.T.);
#4458 = EDGE_CURVE('',#4450,#4459,#4461,.T.);
#4459 = VERTEX_POINT('',#4460);
#4460 = CARTESIAN_POINT('',(7.804761226664E-02,-0.47,0.16));
#4461 = LINE('',#4462,#4463);
#4462 = CARTESIAN_POINT('',(7.804761226664E-02,-0.47,0.16));
#4463 = VECTOR('',#4464,1.);
#4464 = DIRECTION('',(-1.,0.,0.));
#4465 = ORIENTED_EDGE('',*,*,#4466,.T.);
#4466 = EDGE_CURVE('',#4459,#4467,#4469,.T.);
#4467 = VERTEX_POINT('',#4468);
#4468 = CARTESIAN_POINT('',(6.608272920111E-02,-0.468380197939,0.16));
#4469 = CIRCLE('',#4470,4.5E-02);
#4470 = AXIS2_PLACEMENT_3D('',#4471,#4472,#4473);
#4471 = CARTESIAN_POINT('',(7.804761226664E-02,-0.425,0.16));
#4472 = DIRECTION('',(0.,0.,-1.));
#4473 = DIRECTION('',(1.,0.,0.));
#4474 = ORIENTED_EDGE('',*,*,#4475,.T.);
#4475 = EDGE_CURVE('',#4467,#4476,#4478,.T.);
#4476 = VERTEX_POINT('',#4477);
#4477 = CARTESIAN_POINT('',(8.437923161563E-02,-0.472080819573,0.16));
#4478 = CIRCLE('',#4479,4.70808196E-02);
#4479 = AXIS2_PLACEMENT_3D('',#4480,#4481,#4482);
#4480 = CARTESIAN_POINT('',(8.437923161563E-02,-0.424999999996,0.16));
#4481 = DIRECTION('',(0.,0.,1.));
#4482 = DIRECTION('',(1.,0.,0.));
#4483 = ORIENTED_EDGE('',*,*,#4484,.T.);
#4484 = EDGE_CURVE('',#4476,#4485,#4487,.T.);
#4485 = VERTEX_POINT('',#4486);
#4486 = CARTESIAN_POINT('',(0.171741069737,-0.472080819573,0.16));
#4487 = LINE('',#4488,#4489);
#4488 = CARTESIAN_POINT('',(8.437923161563E-02,-0.472080819573,0.16));
#4489 = VECTOR('',#4490,1.);
#4490 = DIRECTION('',(1.,0.,0.));
#4491 = ORIENTED_EDGE('',*,*,#4492,.T.);
#4492 = EDGE_CURVE('',#4485,#4493,#4495,.T.);
#4493 = VERTEX_POINT('',#4494);
#4494 = CARTESIAN_POINT('',(0.221741069737,-0.522080819573,0.16));
#4495 = CIRCLE('',#4496,5.E-02);
#4496 = AXIS2_PLACEMENT_3D('',#4497,#4498,#4499);
#4497 = CARTESIAN_POINT('',(0.171741069737,-0.522080819573,0.16));
#4498 = DIRECTION('',(0.,0.,-1.));
#4499 = DIRECTION('',(-1.,0.,0.));
#4500 = ORIENTED_EDGE('',*,*,#4501,.T.);
#4501 = EDGE_CURVE('',#4493,#4502,#4504,.T.);
#4502 = VERTEX_POINT('',#4503);
#4503 = CARTESIAN_POINT('',(0.221741069737,-0.703013815392,0.16));
#4504 = LINE('',#4505,#4506);
#4505 = CARTESIAN_POINT('',(0.221741069737,-0.703013815392,0.16));
#4506 = VECTOR('',#4507,1.);
#4507 = DIRECTION('',(0.,-1.,0.));
#4508 = ORIENTED_EDGE('',*,*,#4509,.T.);
#4509 = EDGE_CURVE('',#4502,#4393,#4510,.T.);
#4510 = LINE('',#4511,#4512);
#4511 = CARTESIAN_POINT('',(0.310149167648,-0.703013815392,0.16));
#4512 = VECTOR('',#4513,1.);
#4513 = DIRECTION('',(1.,0.,0.));
#4514 = PLANE('',#4515);
#4515 = AXIS2_PLACEMENT_3D('',#4516,#4517,#4518);
#4516 = CARTESIAN_POINT('',(0.55,0.8,0.16));
#4517 = DIRECTION('',(0.,0.,1.));
#4518 = DIRECTION('',(1.,0.,0.));
#4519 = ADVANCED_FACE('',(#4520),#4538,.T.);
#4520 = FACE_BOUND('',#4521,.T.);
#4521 = EDGE_LOOP('',(#4522,#4523,#4524,#4532));
#4522 = ORIENTED_EDGE('',*,*,#4433,.F.);
#4523 = ORIENTED_EDGE('',*,*,#4418,.F.);
#4524 = ORIENTED_EDGE('',*,*,#4525,.T.);
#4525 = EDGE_CURVE('',#4411,#4526,#4528,.T.);
#4526 = VERTEX_POINT('',#4527);
#4527 = CARTESIAN_POINT('',(0.223179861766,-0.7,0.13));
#4528 = LINE('',#4529,#4530);
#4529 = CARTESIAN_POINT('',(0.223179861766,-0.7,0.13));
#4530 = VECTOR('',#4531,1.);
#4531 = DIRECTION('',(-1.,0.,0.));
#4532 = ORIENTED_EDGE('',*,*,#4533,.T.);
#4533 = EDGE_CURVE('',#4526,#4434,#4534,.T.);
#4534 = LINE('',#4535,#4536);
#4535 = CARTESIAN_POINT('',(0.223179861766,-0.7,0.13));
#4536 = VECTOR('',#4537,1.);
#4537 = DIRECTION('',(0.,0.,1.));
#4538 = PLANE('',#4539);
#4539 = AXIS2_PLACEMENT_3D('',#4540,#4541,#4542);
#4540 = CARTESIAN_POINT('',(0.223179861766,-0.7,0.13));
#4541 = DIRECTION('',(0.,1.,0.));
#4542 = DIRECTION('',(0.,0.,1.));
#4543 = ADVANCED_FACE('',(#4544),#4622,.F.);
#4544 = FACE_BOUND('',#4545,.F.);
#4545 = EDGE_LOOP('',(#4546,#4557,#4566,#4574,#4583,#4591,#4597,#4598,
    #4599,#4607,#4616));
#4546 = ORIENTED_EDGE('',*,*,#4547,.T.);
#4547 = EDGE_CURVE('',#4548,#4550,#4552,.T.);
#4548 = VERTEX_POINT('',#4549);
#4549 = CARTESIAN_POINT('',(7.804761226664E-02,-0.47,0.13));
#4550 = VERTEX_POINT('',#4551);
#4551 = CARTESIAN_POINT('',(6.608272920111E-02,-0.468380197939,0.13));
#4552 = CIRCLE('',#4553,4.5E-02);
#4553 = AXIS2_PLACEMENT_3D('',#4554,#4555,#4556);
#4554 = CARTESIAN_POINT('',(7.804761226664E-02,-0.425,0.13));
#4555 = DIRECTION('',(0.,0.,-1.));
#4556 = DIRECTION('',(1.,0.,0.));
#4557 = ORIENTED_EDGE('',*,*,#4558,.T.);
#4558 = EDGE_CURVE('',#4550,#4559,#4561,.T.);
#4559 = VERTEX_POINT('',#4560);
#4560 = CARTESIAN_POINT('',(8.437923161563E-02,-0.472080819573,0.13));
#4561 = CIRCLE('',#4562,4.70808196E-02);
#4562 = AXIS2_PLACEMENT_3D('',#4563,#4564,#4565);
#4563 = CARTESIAN_POINT('',(8.437923161563E-02,-0.424999999996,0.13));
#4564 = DIRECTION('',(0.,0.,1.));
#4565 = DIRECTION('',(1.,0.,0.));
#4566 = ORIENTED_EDGE('',*,*,#4567,.T.);
#4567 = EDGE_CURVE('',#4559,#4568,#4570,.T.);
#4568 = VERTEX_POINT('',#4569);
#4569 = CARTESIAN_POINT('',(0.171741069737,-0.472080819573,0.13));
#4570 = LINE('',#4571,#4572);
#4571 = CARTESIAN_POINT('',(8.437923161563E-02,-0.472080819573,0.13));
#4572 = VECTOR('',#4573,1.);
#4573 = DIRECTION('',(1.,0.,0.));
#4574 = ORIENTED_EDGE('',*,*,#4575,.F.);
#4575 = EDGE_CURVE('',#4576,#4568,#4578,.T.);
#4576 = VERTEX_POINT('',#4577);
#4577 = CARTESIAN_POINT('',(0.221741069737,-0.522080819573,0.13));
#4578 = CIRCLE('',#4579,5.E-02);
#4579 = AXIS2_PLACEMENT_3D('',#4580,#4581,#4582);
#4580 = CARTESIAN_POINT('',(0.171741069737,-0.522080819573,0.13));
#4581 = DIRECTION('',(0.,0.,1.));
#4582 = DIRECTION('',(1.,0.,0.));
#4583 = ORIENTED_EDGE('',*,*,#4584,.T.);
#4584 = EDGE_CURVE('',#4576,#4585,#4587,.T.);
#4585 = VERTEX_POINT('',#4586);
#4586 = CARTESIAN_POINT('',(0.221741069737,-0.703013815392,0.13));
#4587 = LINE('',#4588,#4589);
#4588 = CARTESIAN_POINT('',(0.221741069737,-0.703013815392,0.13));
#4589 = VECTOR('',#4590,1.);
#4590 = DIRECTION('',(0.,-1.,0.));
#4591 = ORIENTED_EDGE('',*,*,#4592,.T.);
#4592 = EDGE_CURVE('',#4585,#4403,#4593,.T.);
#4593 = LINE('',#4594,#4595);
#4594 = CARTESIAN_POINT('',(0.310149167648,-0.703013815392,0.13));
#4595 = VECTOR('',#4596,1.);
#4596 = DIRECTION('',(1.,0.,0.));
#4597 = ORIENTED_EDGE('',*,*,#4410,.T.);
#4598 = ORIENTED_EDGE('',*,*,#4525,.T.);
#4599 = ORIENTED_EDGE('',*,*,#4600,.T.);
#4600 = EDGE_CURVE('',#4526,#4601,#4603,.T.);
#4601 = VERTEX_POINT('',#4602);
#4602 = CARTESIAN_POINT('',(0.223179861766,-0.52,0.13));
#4603 = LINE('',#4604,#4605);
#4604 = CARTESIAN_POINT('',(0.223179861766,-0.47,0.13));
#4605 = VECTOR('',#4606,1.);
#4606 = DIRECTION('',(-1.178480622267E-16,1.,0.));
#4607 = ORIENTED_EDGE('',*,*,#4608,.F.);
#4608 = EDGE_CURVE('',#4609,#4601,#4611,.T.);
#4609 = VERTEX_POINT('',#4610);
#4610 = CARTESIAN_POINT('',(0.173179861766,-0.47,0.13));
#4611 = CIRCLE('',#4612,5.E-02);
#4612 = AXIS2_PLACEMENT_3D('',#4613,#4614,#4615);
#4613 = CARTESIAN_POINT('',(0.173179861766,-0.52,0.13));
#4614 = DIRECTION('',(0.,0.,-1.));
#4615 = DIRECTION('',(-1.,0.,0.));
#4616 = ORIENTED_EDGE('',*,*,#4617,.T.);
#4617 = EDGE_CURVE('',#4609,#4548,#4618,.T.);
#4618 = LINE('',#4619,#4620);
#4619 = CARTESIAN_POINT('',(7.804761226664E-02,-0.47,0.13));
#4620 = VECTOR('',#4621,1.);
#4621 = DIRECTION('',(-1.,0.,0.));
#4622 = PLANE('',#4623);
#4623 = AXIS2_PLACEMENT_3D('',#4624,#4625,#4626);
#4624 = CARTESIAN_POINT('',(0.8,-0.424999999996,0.13));
#4625 = DIRECTION('',(0.,0.,1.));
#4626 = DIRECTION('',(1.,0.,0.));
#4627 = ADVANCED_FACE('',(#4628),#4639,.T.);
#4628 = FACE_BOUND('',#4629,.F.);
#4629 = EDGE_LOOP('',(#4630,#4631,#4632,#4633));
#4630 = ORIENTED_EDGE('',*,*,#4509,.T.);
#4631 = ORIENTED_EDGE('',*,*,#4402,.F.);
#4632 = ORIENTED_EDGE('',*,*,#4592,.F.);
#4633 = ORIENTED_EDGE('',*,*,#4634,.T.);
#4634 = EDGE_CURVE('',#4585,#4502,#4635,.T.);
#4635 = LINE('',#4636,#4637);
#4636 = CARTESIAN_POINT('',(0.221741069737,-0.703013815392,0.13));
#4637 = VECTOR('',#4638,1.);
#4638 = DIRECTION('',(0.,0.,1.));
#4639 = PLANE('',#4640);
#4640 = AXIS2_PLACEMENT_3D('',#4641,#4642,#4643);
#4641 = CARTESIAN_POINT('',(0.310149167648,-0.703013815392,0.13));
#4642 = DIRECTION('',(0.,-1.,0.));
#4643 = DIRECTION('',(0.,0.,-1.));
#4644 = ADVANCED_FACE('',(#4645),#4656,.T.);
#4645 = FACE_BOUND('',#4646,.F.);
#4646 = EDGE_LOOP('',(#4647,#4648,#4654,#4655));
#4647 = ORIENTED_EDGE('',*,*,#4584,.F.);
#4648 = ORIENTED_EDGE('',*,*,#4649,.T.);
#4649 = EDGE_CURVE('',#4576,#4493,#4650,.T.);
#4650 = LINE('',#4651,#4652);
#4651 = CARTESIAN_POINT('',(0.221741069737,-0.522080819573,0.13));
#4652 = VECTOR('',#4653,1.);
#4653 = DIRECTION('',(0.,0.,1.));
#4654 = ORIENTED_EDGE('',*,*,#4501,.T.);
#4655 = ORIENTED_EDGE('',*,*,#4634,.F.);
#4656 = PLANE('',#4657);
#4657 = AXIS2_PLACEMENT_3D('',#4658,#4659,#4660);
#4658 = CARTESIAN_POINT('',(0.221741069737,-0.703013815392,0.13));
#4659 = DIRECTION('',(-1.,0.,0.));
#4660 = DIRECTION('',(0.,0.,1.));
#4661 = ADVANCED_FACE('',(#4662),#4673,.F.);
#4662 = FACE_BOUND('',#4663,.F.);
#4663 = EDGE_LOOP('',(#4664,#4665,#4671,#4672));
#4664 = ORIENTED_EDGE('',*,*,#4575,.T.);
#4665 = ORIENTED_EDGE('',*,*,#4666,.T.);
#4666 = EDGE_CURVE('',#4568,#4485,#4667,.T.);
#4667 = LINE('',#4668,#4669);
#4668 = CARTESIAN_POINT('',(0.171741069737,-0.472080819573,0.13));
#4669 = VECTOR('',#4670,1.);
#4670 = DIRECTION('',(0.,0.,1.));
#4671 = ORIENTED_EDGE('',*,*,#4492,.T.);
#4672 = ORIENTED_EDGE('',*,*,#4649,.F.);
#4673 = CYLINDRICAL_SURFACE('',#4674,5.E-02);
#4674 = AXIS2_PLACEMENT_3D('',#4675,#4676,#4677);
#4675 = CARTESIAN_POINT('',(0.171741069737,-0.522080819573,0.13));
#4676 = DIRECTION('',(-0.,-0.,-1.));
#4677 = DIRECTION('',(1.,0.,0.));
#4678 = ADVANCED_FACE('',(#4679),#4690,.T.);
#4679 = FACE_BOUND('',#4680,.F.);
#4680 = EDGE_LOOP('',(#4681,#4682,#4683,#4684));
#4681 = ORIENTED_EDGE('',*,*,#4484,.T.);
#4682 = ORIENTED_EDGE('',*,*,#4666,.F.);
#4683 = ORIENTED_EDGE('',*,*,#4567,.F.);
#4684 = ORIENTED_EDGE('',*,*,#4685,.T.);
#4685 = EDGE_CURVE('',#4559,#4476,#4686,.T.);
#4686 = LINE('',#4687,#4688);
#4687 = CARTESIAN_POINT('',(8.437923161563E-02,-0.472080819573,0.13));
#4688 = VECTOR('',#4689,1.);
#4689 = DIRECTION('',(0.,0.,1.));
#4690 = PLANE('',#4691);
#4691 = AXIS2_PLACEMENT_3D('',#4692,#4693,#4694);
#4692 = CARTESIAN_POINT('',(8.437923161563E-02,-0.472080819573,0.13));
#4693 = DIRECTION('',(0.,-1.,0.));
#4694 = DIRECTION('',(0.,0.,-1.));
#4695 = ADVANCED_FACE('',(#4696),#4707,.T.);
#4696 = FACE_BOUND('',#4697,.T.);
#4697 = EDGE_LOOP('',(#4698,#4704,#4705,#4706));
#4698 = ORIENTED_EDGE('',*,*,#4699,.T.);
#4699 = EDGE_CURVE('',#4467,#4550,#4700,.T.);
#4700 = LINE('',#4701,#4702);
#4701 = CARTESIAN_POINT('',(6.60827292011E-02,-0.468380197939,0.13));
#4702 = VECTOR('',#4703,1.);
#4703 = DIRECTION('',(-0.,-0.,-1.));
#4704 = ORIENTED_EDGE('',*,*,#4558,.T.);
#4705 = ORIENTED_EDGE('',*,*,#4685,.T.);
#4706 = ORIENTED_EDGE('',*,*,#4475,.F.);
#4707 = CYLINDRICAL_SURFACE('',#4708,4.70808196E-02);
#4708 = AXIS2_PLACEMENT_3D('',#4709,#4710,#4711);
#4709 = CARTESIAN_POINT('',(8.437923161563E-02,-0.424999999996,0.13));
#4710 = DIRECTION('',(-0.,-0.,-1.));
#4711 = DIRECTION('',(1.,0.,0.));
#4712 = ADVANCED_FACE('',(#4713),#4724,.F.);
#4713 = FACE_BOUND('',#4714,.F.);
#4714 = EDGE_LOOP('',(#4715,#4721,#4722,#4723));
#4715 = ORIENTED_EDGE('',*,*,#4716,.T.);
#4716 = EDGE_CURVE('',#4548,#4459,#4717,.T.);
#4717 = LINE('',#4718,#4719);
#4718 = CARTESIAN_POINT('',(7.804761226664E-02,-0.47,0.13));
#4719 = VECTOR('',#4720,1.);
#4720 = DIRECTION('',(0.,0.,1.));
#4721 = ORIENTED_EDGE('',*,*,#4466,.T.);
#4722 = ORIENTED_EDGE('',*,*,#4699,.T.);
#4723 = ORIENTED_EDGE('',*,*,#4547,.F.);
#4724 = CYLINDRICAL_SURFACE('',#4725,4.5E-02);
#4725 = AXIS2_PLACEMENT_3D('',#4726,#4727,#4728);
#4726 = CARTESIAN_POINT('',(7.804761226664E-02,-0.425,0.13));
#4727 = DIRECTION('',(-0.,-0.,-1.));
#4728 = DIRECTION('',(1.,0.,0.));
#4729 = ADVANCED_FACE('',(#4730),#4741,.T.);
#4730 = FACE_BOUND('',#4731,.F.);
#4731 = EDGE_LOOP('',(#4732,#4733,#4739,#4740));
#4732 = ORIENTED_EDGE('',*,*,#4617,.F.);
#4733 = ORIENTED_EDGE('',*,*,#4734,.T.);
#4734 = EDGE_CURVE('',#4609,#4450,#4735,.T.);
#4735 = LINE('',#4736,#4737);
#4736 = CARTESIAN_POINT('',(0.173179861766,-0.47,0.16));
#4737 = VECTOR('',#4738,1.);
#4738 = DIRECTION('',(0.,0.,1.));
#4739 = ORIENTED_EDGE('',*,*,#4458,.T.);
#4740 = ORIENTED_EDGE('',*,*,#4716,.F.);
#4741 = PLANE('',#4742);
#4742 = AXIS2_PLACEMENT_3D('',#4743,#4744,#4745);
#4743 = CARTESIAN_POINT('',(7.804761226664E-02,-0.47,0.13));
#4744 = DIRECTION('',(0.,1.,0.));
#4745 = DIRECTION('',(0.,0.,1.));
#4746 = ADVANCED_FACE('',(#4747),#4758,.T.);
#4747 = FACE_BOUND('',#4748,.T.);
#4748 = EDGE_LOOP('',(#4749,#4750,#4751,#4757));
#4749 = ORIENTED_EDGE('',*,*,#4734,.T.);
#4750 = ORIENTED_EDGE('',*,*,#4449,.T.);
#4751 = ORIENTED_EDGE('',*,*,#4752,.F.);
#4752 = EDGE_CURVE('',#4601,#4442,#4753,.T.);
#4753 = LINE('',#4754,#4755);
#4754 = CARTESIAN_POINT('',(0.223179861766,-0.52,0.13));
#4755 = VECTOR('',#4756,1.);
#4756 = DIRECTION('',(0.,0.,1.));
#4757 = ORIENTED_EDGE('',*,*,#4608,.F.);
#4758 = CYLINDRICAL_SURFACE('',#4759,5.E-02);
#4759 = AXIS2_PLACEMENT_3D('',#4760,#4761,#4762);
#4760 = CARTESIAN_POINT('',(0.173179861766,-0.52,0.13));
#4761 = DIRECTION('',(0.,0.,1.));
#4762 = DIRECTION('',(-1.,0.,0.));
#4763 = ADVANCED_FACE('',(#4764),#4770,.T.);
#4764 = FACE_BOUND('',#4765,.F.);
#4765 = EDGE_LOOP('',(#4766,#4767,#4768,#4769));
#4766 = ORIENTED_EDGE('',*,*,#4441,.T.);
#4767 = ORIENTED_EDGE('',*,*,#4752,.F.);
#4768 = ORIENTED_EDGE('',*,*,#4600,.F.);
#4769 = ORIENTED_EDGE('',*,*,#4533,.T.);
#4770 = PLANE('',#4771);
#4771 = AXIS2_PLACEMENT_3D('',#4772,#4773,#4774);
#4772 = CARTESIAN_POINT('',(0.223179861766,-0.47,0.13));
#4773 = DIRECTION('',(1.,1.178480622267E-16,0.));
#4774 = DIRECTION('',(-1.178480622267E-16,1.,0.));
#4775 = ORIENTED_CLOSED_SHELL('',*,#4776,.F.);
#4776 = CLOSED_SHELL('',(#4777,#4819,#4850,#4893,#4918,#4953,#4970,#4987
    ));
#4777 = ADVANCED_FACE('',(#4778),#4814,.T.);
#4778 = FACE_BOUND('',#4779,.T.);
#4779 = EDGE_LOOP('',(#4780,#4790,#4799,#4807));
#4780 = ORIENTED_EDGE('',*,*,#4781,.F.);
#4781 = EDGE_CURVE('',#4782,#4784,#4786,.T.);
#4782 = VERTEX_POINT('',#4783);
#4783 = CARTESIAN_POINT('',(8.437923161563E-02,-0.377919180418,0.13));
#4784 = VERTEX_POINT('',#4785);
#4785 = CARTESIAN_POINT('',(8.437923161563E-02,-0.377919180418,0.16));
#4786 = LINE('',#4787,#4788);
#4787 = CARTESIAN_POINT('',(8.437923161563E-02,-0.377919180418,0.13));
#4788 = VECTOR('',#4789,1.);
#4789 = DIRECTION('',(0.,0.,1.));
#4790 = ORIENTED_EDGE('',*,*,#4791,.T.);
#4791 = EDGE_CURVE('',#4782,#4792,#4794,.T.);
#4792 = VERTEX_POINT('',#4793);
#4793 = CARTESIAN_POINT('',(6.608272914186E-02,-0.381619802077,0.13));
#4794 = CIRCLE('',#4795,4.70808196E-02);
#4795 = AXIS2_PLACEMENT_3D('',#4796,#4797,#4798);
#4796 = CARTESIAN_POINT('',(8.437923161563E-02,-0.424999999996,0.13));
#4797 = DIRECTION('',(0.,0.,1.));
#4798 = DIRECTION('',(1.,0.,0.));
#4799 = ORIENTED_EDGE('',*,*,#4800,.F.);
#4800 = EDGE_CURVE('',#4801,#4792,#4803,.T.);
#4801 = VERTEX_POINT('',#4802);
#4802 = CARTESIAN_POINT('',(6.608272914186E-02,-0.381619802077,0.16));
#4803 = LINE('',#4804,#4805);
#4804 = CARTESIAN_POINT('',(6.608272914186E-02,-0.381619802077,0.13));
#4805 = VECTOR('',#4806,1.);
#4806 = DIRECTION('',(-0.,-0.,-1.));
#4807 = ORIENTED_EDGE('',*,*,#4808,.F.);
#4808 = EDGE_CURVE('',#4784,#4801,#4809,.T.);
#4809 = CIRCLE('',#4810,4.70808196E-02);
#4810 = AXIS2_PLACEMENT_3D('',#4811,#4812,#4813);
#4811 = CARTESIAN_POINT('',(8.437923161563E-02,-0.424999999996,0.16));
#4812 = DIRECTION('',(0.,0.,1.));
#4813 = DIRECTION('',(1.,0.,0.));
#4814 = CYLINDRICAL_SURFACE('',#4815,4.70808196E-02);
#4815 = AXIS2_PLACEMENT_3D('',#4816,#4817,#4818);
#4816 = CARTESIAN_POINT('',(8.437923161563E-02,-0.424999999996,0.13));
#4817 = DIRECTION('',(-0.,-0.,-1.));
#4818 = DIRECTION('',(1.,0.,0.));
#4819 = ADVANCED_FACE('',(#4820),#4845,.T.);
#4820 = FACE_BOUND('',#4821,.F.);
#4821 = EDGE_LOOP('',(#4822,#4830,#4838,#4844));
#4822 = ORIENTED_EDGE('',*,*,#4823,.F.);
#4823 = EDGE_CURVE('',#4824,#4782,#4826,.T.);
#4824 = VERTEX_POINT('',#4825);
#4825 = CARTESIAN_POINT('',(9.738436308483E-02,-0.377919180418,0.13));
#4826 = LINE('',#4827,#4828);
#4827 = CARTESIAN_POINT('',(0.147384363085,-0.377919180418,0.13));
#4828 = VECTOR('',#4829,1.);
#4829 = DIRECTION('',(-1.,1.72081566565E-15,0.));
#4830 = ORIENTED_EDGE('',*,*,#4831,.T.);
#4831 = EDGE_CURVE('',#4824,#4832,#4834,.T.);
#4832 = VERTEX_POINT('',#4833);
#4833 = CARTESIAN_POINT('',(9.738436308483E-02,-0.377919180418,0.16));
#4834 = LINE('',#4835,#4836);
#4835 = CARTESIAN_POINT('',(9.738436308483E-02,-0.377919180418,0.13));
#4836 = VECTOR('',#4837,1.);
#4837 = DIRECTION('',(0.,0.,1.));
#4838 = ORIENTED_EDGE('',*,*,#4839,.T.);
#4839 = EDGE_CURVE('',#4832,#4784,#4840,.T.);
#4840 = LINE('',#4841,#4842);
#4841 = CARTESIAN_POINT('',(0.147384363085,-0.377919180418,0.16));
#4842 = VECTOR('',#4843,1.);
#4843 = DIRECTION('',(-1.,1.72081566565E-15,0.));
#4844 = ORIENTED_EDGE('',*,*,#4781,.F.);
#4845 = PLANE('',#4846);
#4846 = AXIS2_PLACEMENT_3D('',#4847,#4848,#4849);
#4847 = CARTESIAN_POINT('',(0.147384363085,-0.377919180418,0.13));
#4848 = DIRECTION('',(1.72081566565E-15,1.,0.));
#4849 = DIRECTION('',(-1.,1.72081566565E-15,0.));
#4850 = ADVANCED_FACE('',(#4851),#4888,.T.);
#4851 = FACE_BOUND('',#4852,.T.);
#4852 = EDGE_LOOP('',(#4853,#4854,#4863,#4871,#4880,#4887));
#4853 = ORIENTED_EDGE('',*,*,#4808,.T.);
#4854 = ORIENTED_EDGE('',*,*,#4855,.T.);
#4855 = EDGE_CURVE('',#4801,#4856,#4858,.T.);
#4856 = VERTEX_POINT('',#4857);
#4857 = CARTESIAN_POINT('',(7.804761226664E-02,-0.38,0.16));
#4858 = CIRCLE('',#4859,4.5E-02);
#4859 = AXIS2_PLACEMENT_3D('',#4860,#4861,#4862);
#4860 = CARTESIAN_POINT('',(7.804761226664E-02,-0.425,0.16));
#4861 = DIRECTION('',(0.,0.,-1.));
#4862 = DIRECTION('',(1.,0.,0.));
#4863 = ORIENTED_EDGE('',*,*,#4864,.T.);
#4864 = EDGE_CURVE('',#4856,#4865,#4867,.T.);
#4865 = VERTEX_POINT('',#4866);
#4866 = CARTESIAN_POINT('',(9.304761226664E-02,-0.38,0.16));
#4867 = LINE('',#4868,#4869);
#4868 = CARTESIAN_POINT('',(0.143047612267,-0.38,0.16));
#4869 = VECTOR('',#4870,1.);
#4870 = DIRECTION('',(1.,-8.340016711427E-16,0.));
#4871 = ORIENTED_EDGE('',*,*,#4872,.F.);
#4872 = EDGE_CURVE('',#4873,#4865,#4875,.T.);
#4873 = VERTEX_POINT('',#4874);
#4874 = CARTESIAN_POINT('',(0.116820569412,-0.37398689019,0.16));
#4875 = CIRCLE('',#4876,5.E-02);
#4876 = AXIS2_PLACEMENT_3D('',#4877,#4878,#4879);
#4877 = CARTESIAN_POINT('',(9.304761226664E-02,-0.33,0.16));
#4878 = DIRECTION('',(0.,0.,-1.));
#4879 = DIRECTION('',(-1.,0.,0.));
#4880 = ORIENTED_EDGE('',*,*,#4881,.T.);
#4881 = EDGE_CURVE('',#4873,#4832,#4882,.T.);
#4882 = CIRCLE('',#4883,5.E-02);
#4883 = AXIS2_PLACEMENT_3D('',#4884,#4885,#4886);
#4884 = CARTESIAN_POINT('',(9.738436308483E-02,-0.327919180418,0.16));
#4885 = DIRECTION('',(0.,0.,-1.));
#4886 = DIRECTION('',(-1.,0.,0.));
#4887 = ORIENTED_EDGE('',*,*,#4839,.T.);
#4888 = PLANE('',#4889);
#4889 = AXIS2_PLACEMENT_3D('',#4890,#4891,#4892);
#4890 = CARTESIAN_POINT('',(0.55,0.8,0.16));
#4891 = DIRECTION('',(0.,0.,1.));
#4892 = DIRECTION('',(1.,0.,0.));
#4893 = ADVANCED_FACE('',(#4894),#4913,.F.);
#4894 = FACE_BOUND('',#4895,.F.);
#4895 = EDGE_LOOP('',(#4896,#4897,#4898,#4906));
#4896 = ORIENTED_EDGE('',*,*,#4800,.F.);
#4897 = ORIENTED_EDGE('',*,*,#4855,.T.);
#4898 = ORIENTED_EDGE('',*,*,#4899,.F.);
#4899 = EDGE_CURVE('',#4900,#4856,#4902,.T.);
#4900 = VERTEX_POINT('',#4901);
#4901 = CARTESIAN_POINT('',(7.804761226664E-02,-0.38,0.13));
#4902 = LINE('',#4903,#4904);
#4903 = CARTESIAN_POINT('',(7.804761226664E-02,-0.38,0.13));
#4904 = VECTOR('',#4905,1.);
#4905 = DIRECTION('',(0.,0.,1.));
#4906 = ORIENTED_EDGE('',*,*,#4907,.F.);
#4907 = EDGE_CURVE('',#4792,#4900,#4908,.T.);
#4908 = CIRCLE('',#4909,4.5E-02);
#4909 = AXIS2_PLACEMENT_3D('',#4910,#4911,#4912);
#4910 = CARTESIAN_POINT('',(7.804761226664E-02,-0.425,0.13));
#4911 = DIRECTION('',(0.,0.,-1.));
#4912 = DIRECTION('',(1.,0.,0.));
#4913 = CYLINDRICAL_SURFACE('',#4914,4.5E-02);
#4914 = AXIS2_PLACEMENT_3D('',#4915,#4916,#4917);
#4915 = CARTESIAN_POINT('',(7.804761226664E-02,-0.425,0.13));
#4916 = DIRECTION('',(-0.,-0.,-1.));
#4917 = DIRECTION('',(1.,0.,0.));
#4918 = ADVANCED_FACE('',(#4919),#4948,.F.);
#4919 = FACE_BOUND('',#4920,.F.);
#4920 = EDGE_LOOP('',(#4921,#4932,#4939,#4940,#4941,#4942));
#4921 = ORIENTED_EDGE('',*,*,#4922,.F.);
#4922 = EDGE_CURVE('',#4923,#4925,#4927,.T.);
#4923 = VERTEX_POINT('',#4924);
#4924 = CARTESIAN_POINT('',(0.116820569412,-0.37398689019,0.13));
#4925 = VERTEX_POINT('',#4926);
#4926 = CARTESIAN_POINT('',(9.304761226664E-02,-0.38,0.13));
#4927 = CIRCLE('',#4928,5.E-02);
#4928 = AXIS2_PLACEMENT_3D('',#4929,#4930,#4931);
#4929 = CARTESIAN_POINT('',(9.304761226664E-02,-0.33,0.13));
#4930 = DIRECTION('',(0.,0.,-1.));
#4931 = DIRECTION('',(-1.,0.,0.));
#4932 = ORIENTED_EDGE('',*,*,#4933,.F.);
#4933 = EDGE_CURVE('',#4824,#4923,#4934,.T.);
#4934 = CIRCLE('',#4935,5.E-02);
#4935 = AXIS2_PLACEMENT_3D('',#4936,#4937,#4938);
#4936 = CARTESIAN_POINT('',(9.738436308483E-02,-0.327919180418,0.13));
#4937 = DIRECTION('',(0.,0.,1.));
#4938 = DIRECTION('',(1.,0.,0.));
#4939 = ORIENTED_EDGE('',*,*,#4823,.T.);
#4940 = ORIENTED_EDGE('',*,*,#4791,.T.);
#4941 = ORIENTED_EDGE('',*,*,#4907,.T.);
#4942 = ORIENTED_EDGE('',*,*,#4943,.T.);
#4943 = EDGE_CURVE('',#4900,#4925,#4944,.T.);
#4944 = LINE('',#4945,#4946);
#4945 = CARTESIAN_POINT('',(0.143047612267,-0.38,0.13));
#4946 = VECTOR('',#4947,1.);
#4947 = DIRECTION('',(1.,-8.340016711427E-16,0.));
#4948 = PLANE('',#4949);
#4949 = AXIS2_PLACEMENT_3D('',#4950,#4951,#4952);
#4950 = CARTESIAN_POINT('',(0.8,-0.424999999996,0.13));
#4951 = DIRECTION('',(0.,0.,1.));
#4952 = DIRECTION('',(1.,0.,0.));
#4953 = ADVANCED_FACE('',(#4954),#4965,.F.);
#4954 = FACE_BOUND('',#4955,.F.);
#4955 = EDGE_LOOP('',(#4956,#4957,#4958,#4964));
#4956 = ORIENTED_EDGE('',*,*,#4831,.F.);
#4957 = ORIENTED_EDGE('',*,*,#4933,.T.);
#4958 = ORIENTED_EDGE('',*,*,#4959,.F.);
#4959 = EDGE_CURVE('',#4873,#4923,#4960,.T.);
#4960 = LINE('',#4961,#4962);
#4961 = CARTESIAN_POINT('',(0.116820569412,-0.37398689019,0.13));
#4962 = VECTOR('',#4963,1.);
#4963 = DIRECTION('',(-0.,-0.,-1.));
#4964 = ORIENTED_EDGE('',*,*,#4881,.T.);
#4965 = CYLINDRICAL_SURFACE('',#4966,5.E-02);
#4966 = AXIS2_PLACEMENT_3D('',#4967,#4968,#4969);
#4967 = CARTESIAN_POINT('',(9.738436308483E-02,-0.327919180418,0.13));
#4968 = DIRECTION('',(-0.,-0.,-1.));
#4969 = DIRECTION('',(1.,0.,0.));
#4970 = ADVANCED_FACE('',(#4971),#4982,.T.);
#4971 = FACE_BOUND('',#4972,.T.);
#4972 = EDGE_LOOP('',(#4973,#4974,#4975,#4976));
#4973 = ORIENTED_EDGE('',*,*,#4922,.F.);
#4974 = ORIENTED_EDGE('',*,*,#4959,.F.);
#4975 = ORIENTED_EDGE('',*,*,#4872,.T.);
#4976 = ORIENTED_EDGE('',*,*,#4977,.F.);
#4977 = EDGE_CURVE('',#4925,#4865,#4978,.T.);
#4978 = LINE('',#4979,#4980);
#4979 = CARTESIAN_POINT('',(9.304761226664E-02,-0.38,0.13));
#4980 = VECTOR('',#4981,1.);
#4981 = DIRECTION('',(0.,0.,1.));
#4982 = CYLINDRICAL_SURFACE('',#4983,5.E-02);
#4983 = AXIS2_PLACEMENT_3D('',#4984,#4985,#4986);
#4984 = CARTESIAN_POINT('',(9.304761226664E-02,-0.33,0.13));
#4985 = DIRECTION('',(0.,0.,1.));
#4986 = DIRECTION('',(-1.,0.,0.));
#4987 = ADVANCED_FACE('',(#4988),#4994,.T.);
#4988 = FACE_BOUND('',#4989,.F.);
#4989 = EDGE_LOOP('',(#4990,#4991,#4992,#4993));
#4990 = ORIENTED_EDGE('',*,*,#4864,.T.);
#4991 = ORIENTED_EDGE('',*,*,#4977,.F.);
#4992 = ORIENTED_EDGE('',*,*,#4943,.F.);
#4993 = ORIENTED_EDGE('',*,*,#4899,.T.);
#4994 = PLANE('',#4995);
#4995 = AXIS2_PLACEMENT_3D('',#4996,#4997,#4998);
#4996 = CARTESIAN_POINT('',(0.143047612267,-0.38,0.13));
#4997 = DIRECTION('',(-8.340016711427E-16,-1.,0.));
#4998 = DIRECTION('',(1.,-8.340016711427E-16,0.));
#4999 = ORIENTED_CLOSED_SHELL('',*,#5000,.F.);
#5000 = CLOSED_SHELL('',(#5001,#5043,#5076,#5102,#5127,#5145));
#5001 = ADVANCED_FACE('',(#5002),#5038,.F.);
#5002 = FACE_BOUND('',#5003,.F.);
#5003 = EDGE_LOOP('',(#5004,#5014,#5023,#5031));
#5004 = ORIENTED_EDGE('',*,*,#5005,.T.);
#5005 = EDGE_CURVE('',#5006,#5008,#5010,.T.);
#5006 = VERTEX_POINT('',#5007);
#5007 = CARTESIAN_POINT('',(0.125740885573,-0.236737781312,0.16));
#5008 = VERTEX_POINT('',#5009);
#5009 = CARTESIAN_POINT('',(0.125740885573,-0.236737781312,0.13));
#5010 = LINE('',#5011,#5012);
#5011 = CARTESIAN_POINT('',(0.125740885573,-0.236737781312,0.13));
#5012 = VECTOR('',#5013,1.);
#5013 = DIRECTION('',(-0.,-0.,-1.));
#5014 = ORIENTED_EDGE('',*,*,#5015,.T.);
#5015 = EDGE_CURVE('',#5008,#5016,#5018,.T.);
#5016 = VERTEX_POINT('',#5017);
#5017 = CARTESIAN_POINT('',(0.110689046069,-0.229721821458,0.13));
#5018 = CIRCLE('',#5019,5.E-02);
#5019 = AXIS2_PLACEMENT_3D('',#5020,#5021,#5022);
#5020 = CARTESIAN_POINT('',(9.738436308483E-02,-0.277919180418,0.13));
#5021 = DIRECTION('',(0.,0.,1.));
#5022 = DIRECTION('',(1.,0.,0.));
#5023 = ORIENTED_EDGE('',*,*,#5024,.T.);
#5024 = EDGE_CURVE('',#5016,#5025,#5027,.T.);
#5025 = VERTEX_POINT('',#5026);
#5026 = CARTESIAN_POINT('',(0.110689046069,-0.229721821458,0.16));
#5027 = LINE('',#5028,#5029);
#5028 = CARTESIAN_POINT('',(0.110689046069,-0.229721821458,0.13));
#5029 = VECTOR('',#5030,1.);
#5030 = DIRECTION('',(0.,0.,1.));
#5031 = ORIENTED_EDGE('',*,*,#5032,.T.);
#5032 = EDGE_CURVE('',#5025,#5006,#5033,.T.);
#5033 = CIRCLE('',#5034,5.E-02);
#5034 = AXIS2_PLACEMENT_3D('',#5035,#5036,#5037);
#5035 = CARTESIAN_POINT('',(9.738436308483E-02,-0.277919180418,0.16));
#5036 = DIRECTION('',(0.,0.,-1.));
#5037 = DIRECTION('',(-1.,0.,0.));
#5038 = CYLINDRICAL_SURFACE('',#5039,5.E-02);
#5039 = AXIS2_PLACEMENT_3D('',#5040,#5041,#5042);
#5040 = CARTESIAN_POINT('',(9.738436308483E-02,-0.277919180418,0.13));
#5041 = DIRECTION('',(-0.,-0.,-1.));
#5042 = DIRECTION('',(1.,0.,0.));
#5043 = ADVANCED_FACE('',(#5044),#5071,.T.);
#5044 = FACE_BOUND('',#5045,.T.);
#5045 = EDGE_LOOP('',(#5046,#5055,#5063,#5070));
#5046 = ORIENTED_EDGE('',*,*,#5047,.F.);
#5047 = EDGE_CURVE('',#5048,#5008,#5050,.T.);
#5048 = VERTEX_POINT('',#5049);
#5049 = CARTESIAN_POINT('',(0.1063809456,-0.226378881965,0.13));
#5050 = CIRCLE('',#5051,5.E-02);
#5051 = AXIS2_PLACEMENT_3D('',#5052,#5053,#5054);
#5052 = CARTESIAN_POINT('',(9.304761226664E-02,-0.274568322948,0.13));
#5053 = DIRECTION('',(0.,0.,-1.));
#5054 = DIRECTION('',(-1.,0.,0.));
#5055 = ORIENTED_EDGE('',*,*,#5056,.T.);
#5056 = EDGE_CURVE('',#5048,#5057,#5059,.T.);
#5057 = VERTEX_POINT('',#5058);
#5058 = CARTESIAN_POINT('',(0.1063809456,-0.226378881965,0.16));
#5059 = LINE('',#5060,#5061);
#5060 = CARTESIAN_POINT('',(0.1063809456,-0.226378881965,0.13));
#5061 = VECTOR('',#5062,1.);
#5062 = DIRECTION('',(0.,0.,1.));
#5063 = ORIENTED_EDGE('',*,*,#5064,.T.);
#5064 = EDGE_CURVE('',#5057,#5006,#5065,.T.);
#5065 = CIRCLE('',#5066,5.E-02);
#5066 = AXIS2_PLACEMENT_3D('',#5067,#5068,#5069);
#5067 = CARTESIAN_POINT('',(9.304761226664E-02,-0.274568322948,0.16));
#5068 = DIRECTION('',(0.,0.,-1.));
#5069 = DIRECTION('',(-1.,0.,0.));
#5070 = ORIENTED_EDGE('',*,*,#5005,.T.);
#5071 = CYLINDRICAL_SURFACE('',#5072,5.E-02);
#5072 = AXIS2_PLACEMENT_3D('',#5073,#5074,#5075);
#5073 = CARTESIAN_POINT('',(9.304761226664E-02,-0.274568322948,0.13));
#5074 = DIRECTION('',(-0.,-0.,-1.));
#5075 = DIRECTION('',(1.,0.,0.));
#5076 = ADVANCED_FACE('',(#5077),#5097,.T.);
#5077 = FACE_BOUND('',#5078,.T.);
#5078 = EDGE_LOOP('',(#5079,#5088,#5095,#5096));
#5079 = ORIENTED_EDGE('',*,*,#5080,.T.);
#5080 = EDGE_CURVE('',#5057,#5081,#5083,.T.);
#5081 = VERTEX_POINT('',#5082);
#5082 = CARTESIAN_POINT('',(7.356015167166E-02,-0.210381851384,0.16));
#5083 = CIRCLE('',#5084,0.1);
#5084 = AXIS2_PLACEMENT_3D('',#5085,#5086,#5087);
#5085 = CARTESIAN_POINT('',(0.133047612267,-0.13,0.16));
#5086 = DIRECTION('',(0.,0.,-1.));
#5087 = DIRECTION('',(-1.,0.,0.));
#5088 = ORIENTED_EDGE('',*,*,#5089,.F.);
#5089 = EDGE_CURVE('',#5025,#5081,#5090,.T.);
#5090 = CIRCLE('',#5091,0.1);
#5091 = AXIS2_PLACEMENT_3D('',#5092,#5093,#5094);
#5092 = CARTESIAN_POINT('',(0.137298412038,-0.133327103539,0.16));
#5093 = DIRECTION('',(0.,0.,-1.));
#5094 = DIRECTION('',(-1.,0.,0.));
#5095 = ORIENTED_EDGE('',*,*,#5032,.T.);
#5096 = ORIENTED_EDGE('',*,*,#5064,.F.);
#5097 = PLANE('',#5098);
#5098 = AXIS2_PLACEMENT_3D('',#5099,#5100,#5101);
#5099 = CARTESIAN_POINT('',(0.55,0.8,0.16));
#5100 = DIRECTION('',(0.,0.,1.));
#5101 = DIRECTION('',(1.,0.,0.));
#5102 = ADVANCED_FACE('',(#5103),#5122,.T.);
#5103 = FACE_BOUND('',#5104,.T.);
#5104 = EDGE_LOOP('',(#5105,#5114,#5115,#5116));
#5105 = ORIENTED_EDGE('',*,*,#5106,.T.);
#5106 = EDGE_CURVE('',#5107,#5016,#5109,.T.);
#5107 = VERTEX_POINT('',#5108);
#5108 = CARTESIAN_POINT('',(7.356015167166E-02,-0.210381851384,0.13));
#5109 = CIRCLE('',#5110,0.1);
#5110 = AXIS2_PLACEMENT_3D('',#5111,#5112,#5113);
#5111 = CARTESIAN_POINT('',(0.137298412038,-0.133327103539,0.13));
#5112 = DIRECTION('',(0.,0.,1.));
#5113 = DIRECTION('',(1.,0.,0.));
#5114 = ORIENTED_EDGE('',*,*,#5024,.T.);
#5115 = ORIENTED_EDGE('',*,*,#5089,.T.);
#5116 = ORIENTED_EDGE('',*,*,#5117,.T.);
#5117 = EDGE_CURVE('',#5081,#5107,#5118,.T.);
#5118 = LINE('',#5119,#5120);
#5119 = CARTESIAN_POINT('',(7.356015167165E-02,-0.210381851384,0.13));
#5120 = VECTOR('',#5121,1.);
#5121 = DIRECTION('',(-0.,-0.,-1.));
#5122 = CYLINDRICAL_SURFACE('',#5123,0.1);
#5123 = AXIS2_PLACEMENT_3D('',#5124,#5125,#5126);
#5124 = CARTESIAN_POINT('',(0.137298412038,-0.133327103539,0.13));
#5125 = DIRECTION('',(-0.,-0.,-1.));
#5126 = DIRECTION('',(1.,0.,0.));
#5127 = ADVANCED_FACE('',(#5128),#5140,.F.);
#5128 = FACE_BOUND('',#5129,.F.);
#5129 = EDGE_LOOP('',(#5130,#5137,#5138,#5139));
#5130 = ORIENTED_EDGE('',*,*,#5131,.T.);
#5131 = EDGE_CURVE('',#5048,#5107,#5132,.T.);
#5132 = CIRCLE('',#5133,0.1);
#5133 = AXIS2_PLACEMENT_3D('',#5134,#5135,#5136);
#5134 = CARTESIAN_POINT('',(0.133047612267,-0.13,0.13));
#5135 = DIRECTION('',(0.,0.,-1.));
#5136 = DIRECTION('',(-1.,0.,0.));
#5137 = ORIENTED_EDGE('',*,*,#5106,.T.);
#5138 = ORIENTED_EDGE('',*,*,#5015,.F.);
#5139 = ORIENTED_EDGE('',*,*,#5047,.F.);
#5140 = PLANE('',#5141);
#5141 = AXIS2_PLACEMENT_3D('',#5142,#5143,#5144);
#5142 = CARTESIAN_POINT('',(0.8,-0.424999999996,0.13));
#5143 = DIRECTION('',(0.,0.,1.));
#5144 = DIRECTION('',(1.,0.,0.));
#5145 = ADVANCED_FACE('',(#5146),#5152,.F.);
#5146 = FACE_BOUND('',#5147,.F.);
#5147 = EDGE_LOOP('',(#5148,#5149,#5150,#5151));
#5148 = ORIENTED_EDGE('',*,*,#5131,.F.);
#5149 = ORIENTED_EDGE('',*,*,#5056,.T.);
#5150 = ORIENTED_EDGE('',*,*,#5080,.T.);
#5151 = ORIENTED_EDGE('',*,*,#5117,.T.);
#5152 = CYLINDRICAL_SURFACE('',#5153,0.1);
#5153 = AXIS2_PLACEMENT_3D('',#5154,#5155,#5156);
#5154 = CARTESIAN_POINT('',(0.133047612267,-0.13,0.13));
#5155 = DIRECTION('',(-0.,-0.,-1.));
#5156 = DIRECTION('',(1.,0.,0.));
#5157 = ORIENTED_CLOSED_SHELL('',*,#5158,.F.);
#5158 = CLOSED_SHELL('',(#5159,#5201,#5328,#5352,#5472,#5489,#5511,#5528
    ,#5545,#5562,#5579,#5596,#5613,#5630,#5647,#5659,#5676));
#5159 = ADVANCED_FACE('',(#5160),#5196,.T.);
#5160 = FACE_BOUND('',#5161,.T.);
#5161 = EDGE_LOOP('',(#5162,#5173,#5181,#5190));
#5162 = ORIENTED_EDGE('',*,*,#5163,.T.);
#5163 = EDGE_CURVE('',#5164,#5166,#5168,.T.);
#5164 = VERTEX_POINT('',#5165);
#5165 = CARTESIAN_POINT('',(0.126805655765,-7.791918041812E-02,0.13));
#5166 = VERTEX_POINT('',#5167);
#5167 = CARTESIAN_POINT('',(9.532400642384E-02,-8.300392477E-02,0.13));
#5168 = CIRCLE('',#5169,0.1);
#5169 = AXIS2_PLACEMENT_3D('',#5170,#5171,#5172);
#5170 = CARTESIAN_POINT('',(0.126805655765,-0.177919180418,0.13));
#5171 = DIRECTION('',(0.,0.,1.));
#5172 = DIRECTION('',(1.,0.,0.));
#5173 = ORIENTED_EDGE('',*,*,#5174,.F.);
#5174 = EDGE_CURVE('',#5175,#5166,#5177,.T.);
#5175 = VERTEX_POINT('',#5176);
#5176 = CARTESIAN_POINT('',(9.532400642384E-02,-8.300392477E-02,0.16));
#5177 = LINE('',#5178,#5179);
#5178 = CARTESIAN_POINT('',(9.532400642384E-02,-8.300392477E-02,0.13));
#5179 = VECTOR('',#5180,1.);
#5180 = DIRECTION('',(-0.,-0.,-1.));
#5181 = ORIENTED_EDGE('',*,*,#5182,.T.);
#5182 = EDGE_CURVE('',#5175,#5183,#5185,.T.);
#5183 = VERTEX_POINT('',#5184);
#5184 = CARTESIAN_POINT('',(0.126805655765,-7.791918041812E-02,0.16));
#5185 = CIRCLE('',#5186,0.1);
#5186 = AXIS2_PLACEMENT_3D('',#5187,#5188,#5189);
#5187 = CARTESIAN_POINT('',(0.126805655765,-0.177919180418,0.16));
#5188 = DIRECTION('',(0.,0.,-1.));
#5189 = DIRECTION('',(-1.,0.,0.));
#5190 = ORIENTED_EDGE('',*,*,#5191,.F.);
#5191 = EDGE_CURVE('',#5164,#5183,#5192,.T.);
#5192 = LINE('',#5193,#5194);
#5193 = CARTESIAN_POINT('',(0.126805655765,-7.791918041812E-02,0.13));
#5194 = VECTOR('',#5195,1.);
#5195 = DIRECTION('',(0.,0.,1.));
#5196 = CYLINDRICAL_SURFACE('',#5197,0.1);
#5197 = AXIS2_PLACEMENT_3D('',#5198,#5199,#5200);
#5198 = CARTESIAN_POINT('',(0.126805655765,-0.177919180418,0.13));
#5199 = DIRECTION('',(-0.,-0.,-1.));
#5200 = DIRECTION('',(1.,0.,0.));
#5201 = ADVANCED_FACE('',(#5202),#5323,.F.);
#5202 = FACE_BOUND('',#5203,.F.);
#5203 = EDGE_LOOP('',(#5204,#5215,#5223,#5232,#5238,#5239,#5248,#5256,
    #5265,#5273,#5282,#5290,#5299,#5308,#5317));
#5204 = ORIENTED_EDGE('',*,*,#5205,.F.);
#5205 = EDGE_CURVE('',#5206,#5208,#5210,.T.);
#5206 = VERTEX_POINT('',#5207);
#5207 = CARTESIAN_POINT('',(0.237384363085,-0.277919180418,0.13));
#5208 = VERTEX_POINT('',#5209);
#5209 = CARTESIAN_POINT('',(0.337384363085,-0.377919180418,0.13));
#5210 = CIRCLE('',#5211,0.1);
#5211 = AXIS2_PLACEMENT_3D('',#5212,#5213,#5214);
#5212 = CARTESIAN_POINT('',(0.337384363085,-0.277919180418,0.13));
#5213 = DIRECTION('',(0.,0.,1.));
#5214 = DIRECTION('',(1.,0.,0.));
#5215 = ORIENTED_EDGE('',*,*,#5216,.T.);
#5216 = EDGE_CURVE('',#5206,#5217,#5219,.T.);
#5217 = VERTEX_POINT('',#5218);
#5218 = CARTESIAN_POINT('',(0.237384363085,-0.177919180418,0.13));
#5219 = LINE('',#5220,#5221);
#5220 = CARTESIAN_POINT('',(0.237384363085,-0.377919180418,0.13));
#5221 = VECTOR('',#5222,1.);
#5222 = DIRECTION('',(-9.035018104046E-17,1.,0.));
#5223 = ORIENTED_EDGE('',*,*,#5224,.T.);
#5224 = EDGE_CURVE('',#5217,#5225,#5227,.T.);
#5225 = VERTEX_POINT('',#5226);
#5226 = CARTESIAN_POINT('',(0.137384363085,-7.791918041812E-02,0.13));
#5227 = CIRCLE('',#5228,0.1);
#5228 = AXIS2_PLACEMENT_3D('',#5229,#5230,#5231);
#5229 = CARTESIAN_POINT('',(0.137384363085,-0.177919180418,0.13));
#5230 = DIRECTION('',(0.,0.,1.));
#5231 = DIRECTION('',(1.,0.,0.));
#5232 = ORIENTED_EDGE('',*,*,#5233,.T.);
#5233 = EDGE_CURVE('',#5225,#5164,#5234,.T.);
#5234 = LINE('',#5235,#5236);
#5235 = CARTESIAN_POINT('',(0.237384363085,-7.791918041812E-02,0.13));
#5236 = VECTOR('',#5237,1.);
#5237 = DIRECTION('',(-1.,0.,0.));
#5238 = ORIENTED_EDGE('',*,*,#5163,.T.);
#5239 = ORIENTED_EDGE('',*,*,#5240,.T.);
#5240 = EDGE_CURVE('',#5166,#5241,#5243,.T.);
#5241 = VERTEX_POINT('',#5242);
#5242 = CARTESIAN_POINT('',(0.119650152645,-7.999999999999E-02,0.13));
#5243 = CIRCLE('',#5244,0.1);
#5244 = AXIS2_PLACEMENT_3D('',#5245,#5246,#5247);
#5245 = CARTESIAN_POINT('',(0.119650152645,-0.18,0.13));
#5246 = DIRECTION('',(0.,0.,-1.));
#5247 = DIRECTION('',(-1.,0.,0.));
#5248 = ORIENTED_EDGE('',*,*,#5249,.T.);
#5249 = EDGE_CURVE('',#5241,#5250,#5252,.T.);
#5250 = VERTEX_POINT('',#5251);
#5251 = CARTESIAN_POINT('',(0.133047612267,-7.999999999999E-02,0.13));
#5252 = LINE('',#5253,#5254);
#5253 = CARTESIAN_POINT('',(0.233047612267,-7.999999999999E-02,0.13));
#5254 = VECTOR('',#5255,1.);
#5255 = DIRECTION('',(1.,1.355252715607E-16,0.));
#5256 = ORIENTED_EDGE('',*,*,#5257,.T.);
#5257 = EDGE_CURVE('',#5250,#5258,#5260,.T.);
#5258 = VERTEX_POINT('',#5259);
#5259 = CARTESIAN_POINT('',(0.233047612267,-0.18,0.13));
#5260 = CIRCLE('',#5261,0.1);
#5261 = AXIS2_PLACEMENT_3D('',#5262,#5263,#5264);
#5262 = CARTESIAN_POINT('',(0.133047612267,-0.18,0.13));
#5263 = DIRECTION('',(0.,0.,-1.));
#5264 = DIRECTION('',(-1.,0.,0.));
#5265 = ORIENTED_EDGE('',*,*,#5266,.T.);
#5266 = EDGE_CURVE('',#5258,#5267,#5269,.T.);
#5267 = VERTEX_POINT('',#5268);
#5268 = CARTESIAN_POINT('',(0.233047612267,-0.28,0.13));
#5269 = LINE('',#5270,#5271);
#5270 = CARTESIAN_POINT('',(0.233047612267,-0.38,0.13));
#5271 = VECTOR('',#5272,1.);
#5272 = DIRECTION('',(0.,-1.,0.));
#5273 = ORIENTED_EDGE('',*,*,#5274,.F.);
#5274 = EDGE_CURVE('',#5275,#5267,#5277,.T.);
#5275 = VERTEX_POINT('',#5276);
#5276 = CARTESIAN_POINT('',(0.333047612267,-0.38,0.13));
#5277 = CIRCLE('',#5278,0.1);
#5278 = AXIS2_PLACEMENT_3D('',#5279,#5280,#5281);
#5279 = CARTESIAN_POINT('',(0.333047612267,-0.28,0.13));
#5280 = DIRECTION('',(0.,0.,-1.));
#5281 = DIRECTION('',(-1.,0.,0.));
#5282 = ORIENTED_EDGE('',*,*,#5283,.T.);
#5283 = EDGE_CURVE('',#5275,#5284,#5286,.T.);
#5284 = VERTEX_POINT('',#5285);
#5285 = CARTESIAN_POINT('',(0.405823643546,-0.38,0.13));
#5286 = LINE('',#5287,#5288);
#5287 = CARTESIAN_POINT('',(0.483179861766,-0.38,0.13));
#5288 = VECTOR('',#5289,1.);
#5289 = DIRECTION('',(1.,-2.167257869894E-16,0.));
#5290 = ORIENTED_EDGE('',*,*,#5291,.F.);
#5291 = EDGE_CURVE('',#5292,#5284,#5294,.T.);
#5292 = VERTEX_POINT('',#5293);
#5293 = CARTESIAN_POINT('',(0.499675156991,-0.314523809525,0.13));
#5294 = CIRCLE('',#5295,0.1);
#5295 = AXIS2_PLACEMENT_3D('',#5296,#5297,#5298);
#5296 = CARTESIAN_POINT('',(0.405823643546,-0.28,0.13));
#5297 = DIRECTION('',(0.,0.,-1.));
#5298 = DIRECTION('',(-1.,0.,0.));
#5299 = ORIENTED_EDGE('',*,*,#5300,.T.);
#5300 = EDGE_CURVE('',#5292,#5301,#5303,.T.);
#5301 = VERTEX_POINT('',#5302);
#5302 = CARTESIAN_POINT('',(0.500263110378,-0.312938423175,0.13));
#5303 = CIRCLE('',#5304,0.32);
#5304 = AXIS2_PLACEMENT_3D('',#5305,#5306,#5307);
#5305 = CARTESIAN_POINT('',(0.8,-0.425,0.13));
#5306 = DIRECTION('',(0.,0.,-1.));
#5307 = DIRECTION('',(1.,0.,0.));
#5308 = ORIENTED_EDGE('',*,*,#5309,.F.);
#5309 = EDGE_CURVE('',#5310,#5301,#5312,.T.);
#5310 = VERTEX_POINT('',#5311);
#5311 = CARTESIAN_POINT('',(0.406595332371,-0.377919180418,0.13));
#5312 = CIRCLE('',#5313,0.1);
#5313 = AXIS2_PLACEMENT_3D('',#5314,#5315,#5316);
#5314 = CARTESIAN_POINT('',(0.406595332371,-0.277919180418,0.13));
#5315 = DIRECTION('',(0.,0.,1.));
#5316 = DIRECTION('',(1.,0.,0.));
#5317 = ORIENTED_EDGE('',*,*,#5318,.T.);
#5318 = EDGE_CURVE('',#5310,#5208,#5319,.T.);
#5319 = LINE('',#5320,#5321);
#5320 = CARTESIAN_POINT('',(0.483482391599,-0.377919180418,0.13));
#5321 = VECTOR('',#5322,1.);
#5322 = DIRECTION('',(-1.,0.,0.));
#5323 = PLANE('',#5324);
#5324 = AXIS2_PLACEMENT_3D('',#5325,#5326,#5327);
#5325 = CARTESIAN_POINT('',(0.8,-0.424999999996,0.13));
#5326 = DIRECTION('',(0.,0.,1.));
#5327 = DIRECTION('',(1.,0.,0.));
#5328 = ADVANCED_FACE('',(#5329),#5347,.T.);
#5329 = FACE_BOUND('',#5330,.F.);
#5330 = EDGE_LOOP('',(#5331,#5332,#5340,#5346));
#5331 = ORIENTED_EDGE('',*,*,#5233,.F.);
#5332 = ORIENTED_EDGE('',*,*,#5333,.T.);
#5333 = EDGE_CURVE('',#5225,#5334,#5336,.T.);
#5334 = VERTEX_POINT('',#5335);
#5335 = CARTESIAN_POINT('',(0.137384363085,-7.791918041812E-02,0.16));
#5336 = LINE('',#5337,#5338);
#5337 = CARTESIAN_POINT('',(0.137384363085,-7.791918041812E-02,0.16));
#5338 = VECTOR('',#5339,1.);
#5339 = DIRECTION('',(0.,0.,1.));
#5340 = ORIENTED_EDGE('',*,*,#5341,.T.);
#5341 = EDGE_CURVE('',#5334,#5183,#5342,.T.);
#5342 = LINE('',#5343,#5344);
#5343 = CARTESIAN_POINT('',(0.237384363085,-7.791918041812E-02,0.16));
#5344 = VECTOR('',#5345,1.);
#5345 = DIRECTION('',(-1.,0.,0.));
#5346 = ORIENTED_EDGE('',*,*,#5191,.F.);
#5347 = PLANE('',#5348);
#5348 = AXIS2_PLACEMENT_3D('',#5349,#5350,#5351);
#5349 = CARTESIAN_POINT('',(0.237384363085,-7.791918041812E-02,0.13));
#5350 = DIRECTION('',(0.,1.,0.));
#5351 = DIRECTION('',(0.,0.,1.));
#5352 = ADVANCED_FACE('',(#5353),#5467,.T.);
#5353 = FACE_BOUND('',#5354,.T.);
#5354 = EDGE_LOOP('',(#5355,#5366,#5375,#5383,#5392,#5400,#5407,#5408,
    #5409,#5418,#5426,#5435,#5443,#5452,#5460));
#5355 = ORIENTED_EDGE('',*,*,#5356,.T.);
#5356 = EDGE_CURVE('',#5357,#5359,#5361,.T.);
#5357 = VERTEX_POINT('',#5358);
#5358 = CARTESIAN_POINT('',(0.499675156991,-0.314523809525,0.16));
#5359 = VERTEX_POINT('',#5360);
#5360 = CARTESIAN_POINT('',(0.500263110378,-0.312938423175,0.16));
#5361 = CIRCLE('',#5362,0.32);
#5362 = AXIS2_PLACEMENT_3D('',#5363,#5364,#5365);
#5363 = CARTESIAN_POINT('',(0.8,-0.425,0.16));
#5364 = DIRECTION('',(0.,0.,-1.));
#5365 = DIRECTION('',(1.,0.,0.));
#5366 = ORIENTED_EDGE('',*,*,#5367,.T.);
#5367 = EDGE_CURVE('',#5359,#5368,#5370,.T.);
#5368 = VERTEX_POINT('',#5369);
#5369 = CARTESIAN_POINT('',(0.406595332371,-0.377919180418,0.16));
#5370 = CIRCLE('',#5371,0.1);
#5371 = AXIS2_PLACEMENT_3D('',#5372,#5373,#5374);
#5372 = CARTESIAN_POINT('',(0.406595332371,-0.277919180418,0.16));
#5373 = DIRECTION('',(0.,0.,-1.));
#5374 = DIRECTION('',(-1.,0.,0.));
#5375 = ORIENTED_EDGE('',*,*,#5376,.T.);
#5376 = EDGE_CURVE('',#5368,#5377,#5379,.T.);
#5377 = VERTEX_POINT('',#5378);
#5378 = CARTESIAN_POINT('',(0.337384363085,-0.377919180418,0.16));
#5379 = LINE('',#5380,#5381);
#5380 = CARTESIAN_POINT('',(0.483482391599,-0.377919180418,0.16));
#5381 = VECTOR('',#5382,1.);
#5382 = DIRECTION('',(-1.,0.,0.));
#5383 = ORIENTED_EDGE('',*,*,#5384,.T.);
#5384 = EDGE_CURVE('',#5377,#5385,#5387,.T.);
#5385 = VERTEX_POINT('',#5386);
#5386 = CARTESIAN_POINT('',(0.237384363085,-0.277919180418,0.16));
#5387 = CIRCLE('',#5388,0.1);
#5388 = AXIS2_PLACEMENT_3D('',#5389,#5390,#5391);
#5389 = CARTESIAN_POINT('',(0.337384363085,-0.277919180418,0.16));
#5390 = DIRECTION('',(0.,0.,-1.));
#5391 = DIRECTION('',(-1.,0.,0.));
#5392 = ORIENTED_EDGE('',*,*,#5393,.T.);
#5393 = EDGE_CURVE('',#5385,#5394,#5396,.T.);
#5394 = VERTEX_POINT('',#5395);
#5395 = CARTESIAN_POINT('',(0.237384363085,-0.177919180418,0.16));
#5396 = LINE('',#5397,#5398);
#5397 = CARTESIAN_POINT('',(0.237384363085,-0.377919180418,0.16));
#5398 = VECTOR('',#5399,1.);
#5399 = DIRECTION('',(-9.035018104046E-17,1.,0.));
#5400 = ORIENTED_EDGE('',*,*,#5401,.F.);
#5401 = EDGE_CURVE('',#5334,#5394,#5402,.T.);
#5402 = CIRCLE('',#5403,0.1);
#5403 = AXIS2_PLACEMENT_3D('',#5404,#5405,#5406);
#5404 = CARTESIAN_POINT('',(0.137384363085,-0.177919180418,0.16));
#5405 = DIRECTION('',(0.,0.,-1.));
#5406 = DIRECTION('',(-1.,0.,0.));
#5407 = ORIENTED_EDGE('',*,*,#5341,.T.);
#5408 = ORIENTED_EDGE('',*,*,#5182,.F.);
#5409 = ORIENTED_EDGE('',*,*,#5410,.T.);
#5410 = EDGE_CURVE('',#5175,#5411,#5413,.T.);
#5411 = VERTEX_POINT('',#5412);
#5412 = CARTESIAN_POINT('',(0.119650152645,-7.999999999999E-02,0.16));
#5413 = CIRCLE('',#5414,0.1);
#5414 = AXIS2_PLACEMENT_3D('',#5415,#5416,#5417);
#5415 = CARTESIAN_POINT('',(0.119650152645,-0.18,0.16));
#5416 = DIRECTION('',(0.,0.,-1.));
#5417 = DIRECTION('',(-1.,0.,0.));
#5418 = ORIENTED_EDGE('',*,*,#5419,.T.);
#5419 = EDGE_CURVE('',#5411,#5420,#5422,.T.);
#5420 = VERTEX_POINT('',#5421);
#5421 = CARTESIAN_POINT('',(0.133047612267,-7.999999999999E-02,0.16));
#5422 = LINE('',#5423,#5424);
#5423 = CARTESIAN_POINT('',(0.233047612267,-7.999999999999E-02,0.16));
#5424 = VECTOR('',#5425,1.);
#5425 = DIRECTION('',(1.,1.355252715607E-16,0.));
#5426 = ORIENTED_EDGE('',*,*,#5427,.T.);
#5427 = EDGE_CURVE('',#5420,#5428,#5430,.T.);
#5428 = VERTEX_POINT('',#5429);
#5429 = CARTESIAN_POINT('',(0.233047612267,-0.18,0.16));
#5430 = CIRCLE('',#5431,0.1);
#5431 = AXIS2_PLACEMENT_3D('',#5432,#5433,#5434);
#5432 = CARTESIAN_POINT('',(0.133047612267,-0.18,0.16));
#5433 = DIRECTION('',(0.,0.,-1.));
#5434 = DIRECTION('',(-1.,0.,0.));
#5435 = ORIENTED_EDGE('',*,*,#5436,.T.);
#5436 = EDGE_CURVE('',#5428,#5437,#5439,.T.);
#5437 = VERTEX_POINT('',#5438);
#5438 = CARTESIAN_POINT('',(0.233047612267,-0.28,0.16));
#5439 = LINE('',#5440,#5441);
#5440 = CARTESIAN_POINT('',(0.233047612267,-0.38,0.16));
#5441 = VECTOR('',#5442,1.);
#5442 = DIRECTION('',(0.,-1.,0.));
#5443 = ORIENTED_EDGE('',*,*,#5444,.F.);
#5444 = EDGE_CURVE('',#5445,#5437,#5447,.T.);
#5445 = VERTEX_POINT('',#5446);
#5446 = CARTESIAN_POINT('',(0.333047612267,-0.38,0.16));
#5447 = CIRCLE('',#5448,0.1);
#5448 = AXIS2_PLACEMENT_3D('',#5449,#5450,#5451);
#5449 = CARTESIAN_POINT('',(0.333047612267,-0.28,0.16));
#5450 = DIRECTION('',(0.,0.,-1.));
#5451 = DIRECTION('',(-1.,0.,0.));
#5452 = ORIENTED_EDGE('',*,*,#5453,.T.);
#5453 = EDGE_CURVE('',#5445,#5454,#5456,.T.);
#5454 = VERTEX_POINT('',#5455);
#5455 = CARTESIAN_POINT('',(0.405823643546,-0.38,0.16));
#5456 = LINE('',#5457,#5458);
#5457 = CARTESIAN_POINT('',(0.483179861766,-0.38,0.16));
#5458 = VECTOR('',#5459,1.);
#5459 = DIRECTION('',(1.,-2.167257869894E-16,0.));
#5460 = ORIENTED_EDGE('',*,*,#5461,.F.);
#5461 = EDGE_CURVE('',#5357,#5454,#5462,.T.);
#5462 = CIRCLE('',#5463,0.1);
#5463 = AXIS2_PLACEMENT_3D('',#5464,#5465,#5466);
#5464 = CARTESIAN_POINT('',(0.405823643546,-0.28,0.16));
#5465 = DIRECTION('',(0.,0.,-1.));
#5466 = DIRECTION('',(-1.,0.,0.));
#5467 = PLANE('',#5468);
#5468 = AXIS2_PLACEMENT_3D('',#5469,#5470,#5471);
#5469 = CARTESIAN_POINT('',(0.55,0.8,0.16));
#5470 = DIRECTION('',(0.,0.,1.));
#5471 = DIRECTION('',(1.,0.,0.));
#5472 = ADVANCED_FACE('',(#5473),#5484,.F.);
#5473 = FACE_BOUND('',#5474,.F.);
#5474 = EDGE_LOOP('',(#5475,#5476,#5477,#5478));
#5475 = ORIENTED_EDGE('',*,*,#5240,.F.);
#5476 = ORIENTED_EDGE('',*,*,#5174,.F.);
#5477 = ORIENTED_EDGE('',*,*,#5410,.T.);
#5478 = ORIENTED_EDGE('',*,*,#5479,.F.);
#5479 = EDGE_CURVE('',#5241,#5411,#5480,.T.);
#5480 = LINE('',#5481,#5482);
#5481 = CARTESIAN_POINT('',(0.119650152645,-7.999999999999E-02,0.13));
#5482 = VECTOR('',#5483,1.);
#5483 = DIRECTION('',(0.,0.,1.));
#5484 = CYLINDRICAL_SURFACE('',#5485,0.1);
#5485 = AXIS2_PLACEMENT_3D('',#5486,#5487,#5488);
#5486 = CARTESIAN_POINT('',(0.119650152645,-0.18,0.13));
#5487 = DIRECTION('',(-0.,-0.,-1.));
#5488 = DIRECTION('',(1.,0.,0.));
#5489 = ADVANCED_FACE('',(#5490),#5506,.F.);
#5490 = FACE_BOUND('',#5491,.F.);
#5491 = EDGE_LOOP('',(#5492,#5493,#5499,#5500));
#5492 = ORIENTED_EDGE('',*,*,#5205,.T.);
#5493 = ORIENTED_EDGE('',*,*,#5494,.T.);
#5494 = EDGE_CURVE('',#5208,#5377,#5495,.T.);
#5495 = LINE('',#5496,#5497);
#5496 = CARTESIAN_POINT('',(0.337384363085,-0.377919180418,0.13));
#5497 = VECTOR('',#5498,1.);
#5498 = DIRECTION('',(0.,0.,1.));
#5499 = ORIENTED_EDGE('',*,*,#5384,.T.);
#5500 = ORIENTED_EDGE('',*,*,#5501,.F.);
#5501 = EDGE_CURVE('',#5206,#5385,#5502,.T.);
#5502 = LINE('',#5503,#5504);
#5503 = CARTESIAN_POINT('',(0.237384363085,-0.277919180418,0.13));
#5504 = VECTOR('',#5505,1.);
#5505 = DIRECTION('',(0.,0.,1.));
#5506 = CYLINDRICAL_SURFACE('',#5507,0.1);
#5507 = AXIS2_PLACEMENT_3D('',#5508,#5509,#5510);
#5508 = CARTESIAN_POINT('',(0.337384363085,-0.277919180418,0.13));
#5509 = DIRECTION('',(-0.,-0.,-1.));
#5510 = DIRECTION('',(1.,0.,0.));
#5511 = ADVANCED_FACE('',(#5512),#5523,.T.);
#5512 = FACE_BOUND('',#5513,.F.);
#5513 = EDGE_LOOP('',(#5514,#5515,#5516,#5517));
#5514 = ORIENTED_EDGE('',*,*,#5376,.T.);
#5515 = ORIENTED_EDGE('',*,*,#5494,.F.);
#5516 = ORIENTED_EDGE('',*,*,#5318,.F.);
#5517 = ORIENTED_EDGE('',*,*,#5518,.T.);
#5518 = EDGE_CURVE('',#5310,#5368,#5519,.T.);
#5519 = LINE('',#5520,#5521);
#5520 = CARTESIAN_POINT('',(0.406595332371,-0.377919180418,0.13));
#5521 = VECTOR('',#5522,1.);
#5522 = DIRECTION('',(0.,0.,1.));
#5523 = PLANE('',#5524);
#5524 = AXIS2_PLACEMENT_3D('',#5525,#5526,#5527);
#5525 = CARTESIAN_POINT('',(0.483482391599,-0.377919180418,0.13));
#5526 = DIRECTION('',(0.,1.,0.));
#5527 = DIRECTION('',(0.,0.,1.));
#5528 = ADVANCED_FACE('',(#5529),#5540,.F.);
#5529 = FACE_BOUND('',#5530,.F.);
#5530 = EDGE_LOOP('',(#5531,#5532,#5538,#5539));
#5531 = ORIENTED_EDGE('',*,*,#5309,.T.);
#5532 = ORIENTED_EDGE('',*,*,#5533,.T.);
#5533 = EDGE_CURVE('',#5301,#5359,#5534,.T.);
#5534 = LINE('',#5535,#5536);
#5535 = CARTESIAN_POINT('',(0.500263110378,-0.312938423175,0.13));
#5536 = VECTOR('',#5537,1.);
#5537 = DIRECTION('',(0.,0.,1.));
#5538 = ORIENTED_EDGE('',*,*,#5367,.T.);
#5539 = ORIENTED_EDGE('',*,*,#5518,.F.);
#5540 = CYLINDRICAL_SURFACE('',#5541,0.1);
#5541 = AXIS2_PLACEMENT_3D('',#5542,#5543,#5544);
#5542 = CARTESIAN_POINT('',(0.406595332371,-0.277919180418,0.13));
#5543 = DIRECTION('',(-0.,-0.,-1.));
#5544 = DIRECTION('',(1.,0.,0.));
#5545 = ADVANCED_FACE('',(#5546),#5557,.F.);
#5546 = FACE_BOUND('',#5547,.F.);
#5547 = EDGE_LOOP('',(#5548,#5549,#5555,#5556));
#5548 = ORIENTED_EDGE('',*,*,#5300,.F.);
#5549 = ORIENTED_EDGE('',*,*,#5550,.T.);
#5550 = EDGE_CURVE('',#5292,#5357,#5551,.T.);
#5551 = LINE('',#5552,#5553);
#5552 = CARTESIAN_POINT('',(0.499675156991,-0.314523809525,0.13));
#5553 = VECTOR('',#5554,1.);
#5554 = DIRECTION('',(0.,0.,1.));
#5555 = ORIENTED_EDGE('',*,*,#5356,.T.);
#5556 = ORIENTED_EDGE('',*,*,#5533,.F.);
#5557 = CYLINDRICAL_SURFACE('',#5558,0.32);
#5558 = AXIS2_PLACEMENT_3D('',#5559,#5560,#5561);
#5559 = CARTESIAN_POINT('',(0.8,-0.425,0.13));
#5560 = DIRECTION('',(-0.,-0.,-1.));
#5561 = DIRECTION('',(1.,0.,0.));
#5562 = ADVANCED_FACE('',(#5563),#5574,.T.);
#5563 = FACE_BOUND('',#5564,.T.);
#5564 = EDGE_LOOP('',(#5565,#5566,#5567,#5573));
#5565 = ORIENTED_EDGE('',*,*,#5550,.T.);
#5566 = ORIENTED_EDGE('',*,*,#5461,.T.);
#5567 = ORIENTED_EDGE('',*,*,#5568,.T.);
#5568 = EDGE_CURVE('',#5454,#5284,#5569,.T.);
#5569 = LINE('',#5570,#5571);
#5570 = CARTESIAN_POINT('',(0.405823643546,-0.38,0.13));
#5571 = VECTOR('',#5572,1.);
#5572 = DIRECTION('',(0.,0.,-1.));
#5573 = ORIENTED_EDGE('',*,*,#5291,.F.);
#5574 = CYLINDRICAL_SURFACE('',#5575,0.1);
#5575 = AXIS2_PLACEMENT_3D('',#5576,#5577,#5578);
#5576 = CARTESIAN_POINT('',(0.405823643546,-0.28,0.13));
#5577 = DIRECTION('',(-0.,-0.,-1.));
#5578 = DIRECTION('',(1.,0.,0.));
#5579 = ADVANCED_FACE('',(#5580),#5591,.T.);
#5580 = FACE_BOUND('',#5581,.F.);
#5581 = EDGE_LOOP('',(#5582,#5583,#5589,#5590));
#5582 = ORIENTED_EDGE('',*,*,#5283,.F.);
#5583 = ORIENTED_EDGE('',*,*,#5584,.T.);
#5584 = EDGE_CURVE('',#5275,#5445,#5585,.T.);
#5585 = LINE('',#5586,#5587);
#5586 = CARTESIAN_POINT('',(0.333047612267,-0.38,0.16));
#5587 = VECTOR('',#5588,1.);
#5588 = DIRECTION('',(0.,0.,1.));
#5589 = ORIENTED_EDGE('',*,*,#5453,.T.);
#5590 = ORIENTED_EDGE('',*,*,#5568,.T.);
#5591 = PLANE('',#5592);
#5592 = AXIS2_PLACEMENT_3D('',#5593,#5594,#5595);
#5593 = CARTESIAN_POINT('',(0.483179861766,-0.38,0.13));
#5594 = DIRECTION('',(-2.167257869894E-16,-1.,0.));
#5595 = DIRECTION('',(1.,-2.167257869894E-16,0.));
#5596 = ADVANCED_FACE('',(#5597),#5608,.T.);
#5597 = FACE_BOUND('',#5598,.T.);
#5598 = EDGE_LOOP('',(#5599,#5600,#5601,#5607));
#5599 = ORIENTED_EDGE('',*,*,#5584,.T.);
#5600 = ORIENTED_EDGE('',*,*,#5444,.T.);
#5601 = ORIENTED_EDGE('',*,*,#5602,.F.);
#5602 = EDGE_CURVE('',#5267,#5437,#5603,.T.);
#5603 = LINE('',#5604,#5605);
#5604 = CARTESIAN_POINT('',(0.233047612267,-0.28,0.13));
#5605 = VECTOR('',#5606,1.);
#5606 = DIRECTION('',(0.,0.,1.));
#5607 = ORIENTED_EDGE('',*,*,#5274,.F.);
#5608 = CYLINDRICAL_SURFACE('',#5609,0.1);
#5609 = AXIS2_PLACEMENT_3D('',#5610,#5611,#5612);
#5610 = CARTESIAN_POINT('',(0.333047612267,-0.28,0.13));
#5611 = DIRECTION('',(0.,0.,1.));
#5612 = DIRECTION('',(-1.,0.,0.));
#5613 = ADVANCED_FACE('',(#5614),#5625,.T.);
#5614 = FACE_BOUND('',#5615,.F.);
#5615 = EDGE_LOOP('',(#5616,#5617,#5623,#5624));
#5616 = ORIENTED_EDGE('',*,*,#5266,.F.);
#5617 = ORIENTED_EDGE('',*,*,#5618,.T.);
#5618 = EDGE_CURVE('',#5258,#5428,#5619,.T.);
#5619 = LINE('',#5620,#5621);
#5620 = CARTESIAN_POINT('',(0.233047612267,-0.18,0.13));
#5621 = VECTOR('',#5622,1.);
#5622 = DIRECTION('',(0.,0.,1.));
#5623 = ORIENTED_EDGE('',*,*,#5436,.T.);
#5624 = ORIENTED_EDGE('',*,*,#5602,.F.);
#5625 = PLANE('',#5626);
#5626 = AXIS2_PLACEMENT_3D('',#5627,#5628,#5629);
#5627 = CARTESIAN_POINT('',(0.233047612267,-0.38,0.13));
#5628 = DIRECTION('',(-1.,0.,0.));
#5629 = DIRECTION('',(0.,0.,1.));
#5630 = ADVANCED_FACE('',(#5631),#5642,.F.);
#5631 = FACE_BOUND('',#5632,.F.);
#5632 = EDGE_LOOP('',(#5633,#5634,#5640,#5641));
#5633 = ORIENTED_EDGE('',*,*,#5257,.F.);
#5634 = ORIENTED_EDGE('',*,*,#5635,.T.);
#5635 = EDGE_CURVE('',#5250,#5420,#5636,.T.);
#5636 = LINE('',#5637,#5638);
#5637 = CARTESIAN_POINT('',(0.133047612267,-7.999999999999E-02,0.13));
#5638 = VECTOR('',#5639,1.);
#5639 = DIRECTION('',(0.,0.,1.));
#5640 = ORIENTED_EDGE('',*,*,#5427,.T.);
#5641 = ORIENTED_EDGE('',*,*,#5618,.F.);
#5642 = CYLINDRICAL_SURFACE('',#5643,0.1);
#5643 = AXIS2_PLACEMENT_3D('',#5644,#5645,#5646);
#5644 = CARTESIAN_POINT('',(0.133047612267,-0.18,0.13));
#5645 = DIRECTION('',(-0.,-0.,-1.));
#5646 = DIRECTION('',(1.,0.,0.));
#5647 = ADVANCED_FACE('',(#5648),#5654,.T.);
#5648 = FACE_BOUND('',#5649,.F.);
#5649 = EDGE_LOOP('',(#5650,#5651,#5652,#5653));
#5650 = ORIENTED_EDGE('',*,*,#5249,.F.);
#5651 = ORIENTED_EDGE('',*,*,#5479,.T.);
#5652 = ORIENTED_EDGE('',*,*,#5419,.T.);
#5653 = ORIENTED_EDGE('',*,*,#5635,.F.);
#5654 = PLANE('',#5655);
#5655 = AXIS2_PLACEMENT_3D('',#5656,#5657,#5658);
#5656 = CARTESIAN_POINT('',(0.233047612267,-7.999999999999E-02,0.13));
#5657 = DIRECTION('',(1.355252715607E-16,-1.,0.));
#5658 = DIRECTION('',(1.,1.355252715607E-16,0.));
#5659 = ADVANCED_FACE('',(#5660),#5671,.T.);
#5660 = FACE_BOUND('',#5661,.T.);
#5661 = EDGE_LOOP('',(#5662,#5663,#5664,#5670));
#5662 = ORIENTED_EDGE('',*,*,#5333,.T.);
#5663 = ORIENTED_EDGE('',*,*,#5401,.T.);
#5664 = ORIENTED_EDGE('',*,*,#5665,.F.);
#5665 = EDGE_CURVE('',#5217,#5394,#5666,.T.);
#5666 = LINE('',#5667,#5668);
#5667 = CARTESIAN_POINT('',(0.237384363085,-0.177919180418,0.13));
#5668 = VECTOR('',#5669,1.);
#5669 = DIRECTION('',(0.,0.,1.));
#5670 = ORIENTED_EDGE('',*,*,#5224,.T.);
#5671 = CYLINDRICAL_SURFACE('',#5672,0.1);
#5672 = AXIS2_PLACEMENT_3D('',#5673,#5674,#5675);
#5673 = CARTESIAN_POINT('',(0.137384363085,-0.177919180418,0.13));
#5674 = DIRECTION('',(0.,0.,1.));
#5675 = DIRECTION('',(-1.,0.,0.));
#5676 = ADVANCED_FACE('',(#5677),#5683,.T.);
#5677 = FACE_BOUND('',#5678,.F.);
#5678 = EDGE_LOOP('',(#5679,#5680,#5681,#5682));
#5679 = ORIENTED_EDGE('',*,*,#5393,.T.);
#5680 = ORIENTED_EDGE('',*,*,#5665,.F.);
#5681 = ORIENTED_EDGE('',*,*,#5216,.F.);
#5682 = ORIENTED_EDGE('',*,*,#5501,.T.);
#5683 = PLANE('',#5684);
#5684 = AXIS2_PLACEMENT_3D('',#5685,#5686,#5687);
#5685 = CARTESIAN_POINT('',(0.237384363085,-0.377919180418,0.13));
#5686 = DIRECTION('',(1.,9.035018104046E-17,0.));
#5687 = DIRECTION('',(-9.035018104046E-17,1.,0.));
#5688 = ORIENTED_CLOSED_SHELL('',*,#5689,.F.);
#5689 = CLOSED_SHELL('',(#5690,#5732,#5765,#5807,#5831,#5866,#5883,#5900
    ));
#5690 = ADVANCED_FACE('',(#5691),#5727,.F.);
#5691 = FACE_BOUND('',#5692,.F.);
#5692 = EDGE_LOOP('',(#5693,#5703,#5712,#5720));
#5693 = ORIENTED_EDGE('',*,*,#5694,.T.);
#5694 = EDGE_CURVE('',#5695,#5697,#5699,.T.);
#5695 = VERTEX_POINT('',#5696);
#5696 = CARTESIAN_POINT('',(-0.364712848755,-0.486593554691,0.16));
#5697 = VERTEX_POINT('',#5698);
#5698 = CARTESIAN_POINT('',(-0.364712848755,-0.486593554691,0.13));
#5699 = LINE('',#5700,#5701);
#5700 = CARTESIAN_POINT('',(-0.364712848755,-0.486593554691,0.13));
#5701 = VECTOR('',#5702,1.);
#5702 = DIRECTION('',(-0.,-0.,-1.));
#5703 = ORIENTED_EDGE('',*,*,#5704,.T.);
#5704 = EDGE_CURVE('',#5697,#5705,#5707,.T.);
#5705 = VERTEX_POINT('',#5706);
#5706 = CARTESIAN_POINT('',(-0.399935767873,-0.472080819573,0.13));
#5707 = CIRCLE('',#5708,5.E-02);
#5708 = AXIS2_PLACEMENT_3D('',#5709,#5710,#5711);
#5709 = CARTESIAN_POINT('',(-0.399935767873,-0.522080819573,0.13));
#5710 = DIRECTION('',(0.,0.,1.));
#5711 = DIRECTION('',(1.,0.,0.));
#5712 = ORIENTED_EDGE('',*,*,#5713,.T.);
#5713 = EDGE_CURVE('',#5705,#5714,#5716,.T.);
#5714 = VERTEX_POINT('',#5715);
#5715 = CARTESIAN_POINT('',(-0.399935767873,-0.472080819573,0.16));
#5716 = LINE('',#5717,#5718);
#5717 = CARTESIAN_POINT('',(-0.399935767873,-0.472080819573,0.13));
#5718 = VECTOR('',#5719,1.);
#5719 = DIRECTION('',(0.,0.,1.));
#5720 = ORIENTED_EDGE('',*,*,#5721,.T.);
#5721 = EDGE_CURVE('',#5714,#5695,#5722,.T.);
#5722 = CIRCLE('',#5723,5.E-02);
#5723 = AXIS2_PLACEMENT_3D('',#5724,#5725,#5726);
#5724 = CARTESIAN_POINT('',(-0.399935767873,-0.522080819573,0.16));
#5725 = DIRECTION('',(0.,0.,-1.));
#5726 = DIRECTION('',(-1.,0.,0.));
#5727 = CYLINDRICAL_SURFACE('',#5728,5.E-02);
#5728 = AXIS2_PLACEMENT_3D('',#5729,#5730,#5731);
#5729 = CARTESIAN_POINT('',(-0.399935767873,-0.522080819573,0.13));
#5730 = DIRECTION('',(-0.,-0.,-1.));
#5731 = DIRECTION('',(1.,0.,0.));
#5732 = ADVANCED_FACE('',(#5733),#5760,.T.);
#5733 = FACE_BOUND('',#5734,.T.);
#5734 = EDGE_LOOP('',(#5735,#5744,#5752,#5759));
#5735 = ORIENTED_EDGE('',*,*,#5736,.T.);
#5736 = EDGE_CURVE('',#5697,#5737,#5739,.T.);
#5737 = VERTEX_POINT('',#5738);
#5738 = CARTESIAN_POINT('',(-0.401915125726,-0.47,0.13));
#5739 = CIRCLE('',#5740,5.E-02);
#5740 = AXIS2_PLACEMENT_3D('',#5741,#5742,#5743);
#5741 = CARTESIAN_POINT('',(-0.401915125726,-0.52,0.13));
#5742 = DIRECTION('',(0.,0.,1.));
#5743 = DIRECTION('',(1.,0.,0.));
#5744 = ORIENTED_EDGE('',*,*,#5745,.T.);
#5745 = EDGE_CURVE('',#5737,#5746,#5748,.T.);
#5746 = VERTEX_POINT('',#5747);
#5747 = CARTESIAN_POINT('',(-0.401915125726,-0.47,0.16));
#5748 = LINE('',#5749,#5750);
#5749 = CARTESIAN_POINT('',(-0.401915125726,-0.47,0.16));
#5750 = VECTOR('',#5751,1.);
#5751 = DIRECTION('',(0.,0.,1.));
#5752 = ORIENTED_EDGE('',*,*,#5753,.F.);
#5753 = EDGE_CURVE('',#5695,#5746,#5754,.T.);
#5754 = CIRCLE('',#5755,5.E-02);
#5755 = AXIS2_PLACEMENT_3D('',#5756,#5757,#5758);
#5756 = CARTESIAN_POINT('',(-0.401915125726,-0.52,0.16));
#5757 = DIRECTION('',(0.,0.,1.));
#5758 = DIRECTION('',(1.,0.,0.));
#5759 = ORIENTED_EDGE('',*,*,#5694,.T.);
#5760 = CYLINDRICAL_SURFACE('',#5761,5.E-02);
#5761 = AXIS2_PLACEMENT_3D('',#5762,#5763,#5764);
#5762 = CARTESIAN_POINT('',(-0.401915125726,-0.52,0.13));
#5763 = DIRECTION('',(0.,0.,1.));
#5764 = DIRECTION('',(-1.,0.,0.));
#5765 = ADVANCED_FACE('',(#5766),#5802,.T.);
#5766 = FACE_BOUND('',#5767,.T.);
#5767 = EDGE_LOOP('',(#5768,#5779,#5788,#5794,#5795,#5796));
#5768 = ORIENTED_EDGE('',*,*,#5769,.T.);
#5769 = EDGE_CURVE('',#5770,#5772,#5774,.T.);
#5770 = VERTEX_POINT('',#5771);
#5771 = CARTESIAN_POINT('',(-0.405684132629,-0.47,0.16));
#5772 = VERTEX_POINT('',#5773);
#5773 = CARTESIAN_POINT('',(-0.497735954006,-0.530930034793,0.16));
#5774 = CIRCLE('',#5775,0.1);
#5775 = AXIS2_PLACEMENT_3D('',#5776,#5777,#5778);
#5776 = CARTESIAN_POINT('',(-0.405684132629,-0.57,0.16));
#5777 = DIRECTION('',(0.,0.,1.));
#5778 = DIRECTION('',(1.,0.,0.));
#5779 = ORIENTED_EDGE('',*,*,#5780,.T.);
#5780 = EDGE_CURVE('',#5772,#5781,#5783,.T.);
#5781 = VERTEX_POINT('',#5782);
#5782 = CARTESIAN_POINT('',(-0.406595332371,-0.472080819573,0.16));
#5783 = CIRCLE('',#5784,0.1);
#5784 = AXIS2_PLACEMENT_3D('',#5785,#5786,#5787);
#5785 = CARTESIAN_POINT('',(-0.406595332371,-0.572080819573,0.16));
#5786 = DIRECTION('',(0.,0.,-1.));
#5787 = DIRECTION('',(-1.,0.,0.));
#5788 = ORIENTED_EDGE('',*,*,#5789,.T.);
#5789 = EDGE_CURVE('',#5781,#5714,#5790,.T.);
#5790 = LINE('',#5791,#5792);
#5791 = CARTESIAN_POINT('',(-0.483482391599,-0.472080819573,0.16));
#5792 = VECTOR('',#5793,1.);
#5793 = DIRECTION('',(1.,0.,0.));
#5794 = ORIENTED_EDGE('',*,*,#5721,.T.);
#5795 = ORIENTED_EDGE('',*,*,#5753,.T.);
#5796 = ORIENTED_EDGE('',*,*,#5797,.F.);
#5797 = EDGE_CURVE('',#5770,#5746,#5798,.T.);
#5798 = LINE('',#5799,#5800);
#5799 = CARTESIAN_POINT('',(-0.483047612267,-0.47,0.16));
#5800 = VECTOR('',#5801,1.);
#5801 = DIRECTION('',(1.,0.,0.));
#5802 = PLANE('',#5803);
#5803 = AXIS2_PLACEMENT_3D('',#5804,#5805,#5806);
#5804 = CARTESIAN_POINT('',(0.55,0.8,0.16));
#5805 = DIRECTION('',(0.,0.,1.));
#5806 = DIRECTION('',(1.,0.,0.));
#5807 = ADVANCED_FACE('',(#5808),#5826,.T.);
#5808 = FACE_BOUND('',#5809,.F.);
#5809 = EDGE_LOOP('',(#5810,#5818,#5824,#5825));
#5810 = ORIENTED_EDGE('',*,*,#5811,.F.);
#5811 = EDGE_CURVE('',#5812,#5705,#5814,.T.);
#5812 = VERTEX_POINT('',#5813);
#5813 = CARTESIAN_POINT('',(-0.406595332371,-0.472080819573,0.13));
#5814 = LINE('',#5815,#5816);
#5815 = CARTESIAN_POINT('',(-0.483482391599,-0.472080819573,0.13));
#5816 = VECTOR('',#5817,1.);
#5817 = DIRECTION('',(1.,0.,0.));
#5818 = ORIENTED_EDGE('',*,*,#5819,.T.);
#5819 = EDGE_CURVE('',#5812,#5781,#5820,.T.);
#5820 = LINE('',#5821,#5822);
#5821 = CARTESIAN_POINT('',(-0.406595332371,-0.472080819573,0.13));
#5822 = VECTOR('',#5823,1.);
#5823 = DIRECTION('',(0.,0.,1.));
#5824 = ORIENTED_EDGE('',*,*,#5789,.T.);
#5825 = ORIENTED_EDGE('',*,*,#5713,.F.);
#5826 = PLANE('',#5827);
#5827 = AXIS2_PLACEMENT_3D('',#5828,#5829,#5830);
#5828 = CARTESIAN_POINT('',(-0.483482391599,-0.472080819573,0.13));
#5829 = DIRECTION('',(0.,-1.,0.));
#5830 = DIRECTION('',(0.,0.,-1.));
#5831 = ADVANCED_FACE('',(#5832),#5861,.F.);
#5832 = FACE_BOUND('',#5833,.F.);
#5833 = EDGE_LOOP('',(#5834,#5845,#5852,#5853,#5854,#5855));
#5834 = ORIENTED_EDGE('',*,*,#5835,.T.);
#5835 = EDGE_CURVE('',#5836,#5838,#5840,.T.);
#5836 = VERTEX_POINT('',#5837);
#5837 = CARTESIAN_POINT('',(-0.405684132629,-0.47,0.13));
#5838 = VERTEX_POINT('',#5839);
#5839 = CARTESIAN_POINT('',(-0.497735954006,-0.530930034793,0.13));
#5840 = CIRCLE('',#5841,0.1);
#5841 = AXIS2_PLACEMENT_3D('',#5842,#5843,#5844);
#5842 = CARTESIAN_POINT('',(-0.405684132629,-0.57,0.13));
#5843 = DIRECTION('',(0.,0.,1.));
#5844 = DIRECTION('',(1.,0.,0.));
#5845 = ORIENTED_EDGE('',*,*,#5846,.F.);
#5846 = EDGE_CURVE('',#5812,#5838,#5847,.T.);
#5847 = CIRCLE('',#5848,0.1);
#5848 = AXIS2_PLACEMENT_3D('',#5849,#5850,#5851);
#5849 = CARTESIAN_POINT('',(-0.406595332371,-0.572080819573,0.13));
#5850 = DIRECTION('',(0.,0.,1.));
#5851 = DIRECTION('',(1.,0.,0.));
#5852 = ORIENTED_EDGE('',*,*,#5811,.T.);
#5853 = ORIENTED_EDGE('',*,*,#5704,.F.);
#5854 = ORIENTED_EDGE('',*,*,#5736,.T.);
#5855 = ORIENTED_EDGE('',*,*,#5856,.F.);
#5856 = EDGE_CURVE('',#5836,#5737,#5857,.T.);
#5857 = LINE('',#5858,#5859);
#5858 = CARTESIAN_POINT('',(-0.483047612267,-0.47,0.13));
#5859 = VECTOR('',#5860,1.);
#5860 = DIRECTION('',(1.,0.,0.));
#5861 = PLANE('',#5862);
#5862 = AXIS2_PLACEMENT_3D('',#5863,#5864,#5865);
#5863 = CARTESIAN_POINT('',(-0.8,-0.424999999996,0.13));
#5864 = DIRECTION('',(0.,0.,1.));
#5865 = DIRECTION('',(1.,0.,0.));
#5866 = ADVANCED_FACE('',(#5867),#5878,.F.);
#5867 = FACE_BOUND('',#5868,.F.);
#5868 = EDGE_LOOP('',(#5869,#5870,#5871,#5872));
#5869 = ORIENTED_EDGE('',*,*,#5856,.T.);
#5870 = ORIENTED_EDGE('',*,*,#5745,.T.);
#5871 = ORIENTED_EDGE('',*,*,#5797,.F.);
#5872 = ORIENTED_EDGE('',*,*,#5873,.T.);
#5873 = EDGE_CURVE('',#5770,#5836,#5874,.T.);
#5874 = LINE('',#5875,#5876);
#5875 = CARTESIAN_POINT('',(-0.405684132629,-0.47,0.13));
#5876 = VECTOR('',#5877,1.);
#5877 = DIRECTION('',(0.,0.,-1.));
#5878 = PLANE('',#5879);
#5879 = AXIS2_PLACEMENT_3D('',#5880,#5881,#5882);
#5880 = CARTESIAN_POINT('',(-0.483047612267,-0.47,0.13));
#5881 = DIRECTION('',(0.,-1.,0.));
#5882 = DIRECTION('',(0.,0.,-1.));
#5883 = ADVANCED_FACE('',(#5884),#5895,.T.);
#5884 = FACE_BOUND('',#5885,.T.);
#5885 = EDGE_LOOP('',(#5886,#5887,#5893,#5894));
#5886 = ORIENTED_EDGE('',*,*,#5835,.T.);
#5887 = ORIENTED_EDGE('',*,*,#5888,.F.);
#5888 = EDGE_CURVE('',#5772,#5838,#5889,.T.);
#5889 = LINE('',#5890,#5891);
#5890 = CARTESIAN_POINT('',(-0.497735954006,-0.530930034793,0.13));
#5891 = VECTOR('',#5892,1.);
#5892 = DIRECTION('',(-0.,-0.,-1.));
#5893 = ORIENTED_EDGE('',*,*,#5769,.F.);
#5894 = ORIENTED_EDGE('',*,*,#5873,.T.);
#5895 = CYLINDRICAL_SURFACE('',#5896,0.1);
#5896 = AXIS2_PLACEMENT_3D('',#5897,#5898,#5899);
#5897 = CARTESIAN_POINT('',(-0.405684132629,-0.57,0.13));
#5898 = DIRECTION('',(-0.,-0.,-1.));
#5899 = DIRECTION('',(1.,0.,0.));
#5900 = ADVANCED_FACE('',(#5901),#5907,.F.);
#5901 = FACE_BOUND('',#5902,.F.);
#5902 = EDGE_LOOP('',(#5903,#5904,#5905,#5906));
#5903 = ORIENTED_EDGE('',*,*,#5819,.F.);
#5904 = ORIENTED_EDGE('',*,*,#5846,.T.);
#5905 = ORIENTED_EDGE('',*,*,#5888,.F.);
#5906 = ORIENTED_EDGE('',*,*,#5780,.T.);
#5907 = CYLINDRICAL_SURFACE('',#5908,0.1);
#5908 = AXIS2_PLACEMENT_3D('',#5909,#5910,#5911);
#5909 = CARTESIAN_POINT('',(-0.406595332371,-0.572080819573,0.13));
#5910 = DIRECTION('',(-0.,-0.,-1.));
#5911 = DIRECTION('',(1.,0.,0.));
#5912 = ORIENTED_CLOSED_SHELL('',*,#5913,.F.);
#5913 = CLOSED_SHELL('',(#5914,#5956,#5987,#6070,#6095,#6170,#6187,#6209
    ,#6226,#6243,#6255,#6272,#6289));
#5914 = ADVANCED_FACE('',(#5915),#5951,.T.);
#5915 = FACE_BOUND('',#5916,.T.);
#5916 = EDGE_LOOP('',(#5917,#5927,#5936,#5944));
#5917 = ORIENTED_EDGE('',*,*,#5918,.F.);
#5918 = EDGE_CURVE('',#5919,#5921,#5923,.T.);
#5919 = VERTEX_POINT('',#5920);
#5920 = CARTESIAN_POINT('',(-8.437923161563E-02,-0.472080819573,0.13));
#5921 = VERTEX_POINT('',#5922);
#5922 = CARTESIAN_POINT('',(-8.437923161563E-02,-0.472080819573,0.16));
#5923 = LINE('',#5924,#5925);
#5924 = CARTESIAN_POINT('',(-8.437923161563E-02,-0.472080819573,0.13));
#5925 = VECTOR('',#5926,1.);
#5926 = DIRECTION('',(0.,0.,1.));
#5927 = ORIENTED_EDGE('',*,*,#5928,.T.);
#5928 = EDGE_CURVE('',#5919,#5929,#5931,.T.);
#5929 = VERTEX_POINT('',#5930);
#5930 = CARTESIAN_POINT('',(-6.608272920113E-02,-0.468380197939,0.13));
#5931 = CIRCLE('',#5932,4.70808196E-02);
#5932 = AXIS2_PLACEMENT_3D('',#5933,#5934,#5935);
#5933 = CARTESIAN_POINT('',(-8.437923161563E-02,-0.424999999996,0.13));
#5934 = DIRECTION('',(0.,0.,1.));
#5935 = DIRECTION('',(-1.,0.,0.));
#5936 = ORIENTED_EDGE('',*,*,#5937,.F.);
#5937 = EDGE_CURVE('',#5938,#5929,#5940,.T.);
#5938 = VERTEX_POINT('',#5939);
#5939 = CARTESIAN_POINT('',(-6.608272920113E-02,-0.468380197939,0.16));
#5940 = LINE('',#5941,#5942);
#5941 = CARTESIAN_POINT('',(-6.608272920113E-02,-0.468380197939,0.13));
#5942 = VECTOR('',#5943,1.);
#5943 = DIRECTION('',(-0.,-0.,-1.));
#5944 = ORIENTED_EDGE('',*,*,#5945,.F.);
#5945 = EDGE_CURVE('',#5921,#5938,#5946,.T.);
#5946 = CIRCLE('',#5947,4.70808196E-02);
#5947 = AXIS2_PLACEMENT_3D('',#5948,#5949,#5950);
#5948 = CARTESIAN_POINT('',(-8.437923161563E-02,-0.424999999996,0.16));
#5949 = DIRECTION('',(0.,0.,1.));
#5950 = DIRECTION('',(-1.,0.,0.));
#5951 = CYLINDRICAL_SURFACE('',#5952,4.70808196E-02);
#5952 = AXIS2_PLACEMENT_3D('',#5953,#5954,#5955);
#5953 = CARTESIAN_POINT('',(-8.437923161563E-02,-0.424999999996,0.13));
#5954 = DIRECTION('',(-0.,-0.,-1.));
#5955 = DIRECTION('',(1.,0.,0.));
#5956 = ADVANCED_FACE('',(#5957),#5982,.T.);
#5957 = FACE_BOUND('',#5958,.F.);
#5958 = EDGE_LOOP('',(#5959,#5967,#5975,#5981));
#5959 = ORIENTED_EDGE('',*,*,#5960,.F.);
#5960 = EDGE_CURVE('',#5961,#5919,#5963,.T.);
#5961 = VERTEX_POINT('',#5962);
#5962 = CARTESIAN_POINT('',(-0.180542665581,-0.472080819573,0.13));
#5963 = LINE('',#5964,#5965);
#5964 = CARTESIAN_POINT('',(-0.267145205959,-0.472080819573,0.13));
#5965 = VECTOR('',#5966,1.);
#5966 = DIRECTION('',(1.,0.,0.));
#5967 = ORIENTED_EDGE('',*,*,#5968,.T.);
#5968 = EDGE_CURVE('',#5961,#5969,#5971,.T.);
#5969 = VERTEX_POINT('',#5970);
#5970 = CARTESIAN_POINT('',(-0.180542665581,-0.472080819573,0.16));
#5971 = LINE('',#5972,#5973);
#5972 = CARTESIAN_POINT('',(-0.180542665581,-0.472080819573,0.13));
#5973 = VECTOR('',#5974,1.);
#5974 = DIRECTION('',(0.,0.,1.));
#5975 = ORIENTED_EDGE('',*,*,#5976,.T.);
#5976 = EDGE_CURVE('',#5969,#5921,#5977,.T.);
#5977 = LINE('',#5978,#5979);
#5978 = CARTESIAN_POINT('',(-0.267145205959,-0.472080819573,0.16));
#5979 = VECTOR('',#5980,1.);
#5980 = DIRECTION('',(1.,0.,0.));
#5981 = ORIENTED_EDGE('',*,*,#5918,.F.);
#5982 = PLANE('',#5983);
#5983 = AXIS2_PLACEMENT_3D('',#5984,#5985,#5986);
#5984 = CARTESIAN_POINT('',(-0.267145205959,-0.472080819573,0.13));
#5985 = DIRECTION('',(0.,-1.,0.));
#5986 = DIRECTION('',(0.,0.,-1.));
#5987 = ADVANCED_FACE('',(#5988),#6065,.T.);
#5988 = FACE_BOUND('',#5989,.T.);
#5989 = EDGE_LOOP('',(#5990,#6000,#6008,#6016,#6024,#6031,#6032,#6033,
    #6042,#6050,#6059));
#5990 = ORIENTED_EDGE('',*,*,#5991,.F.);
#5991 = EDGE_CURVE('',#5992,#5994,#5996,.T.);
#5992 = VERTEX_POINT('',#5993);
#5993 = CARTESIAN_POINT('',(-0.239479054241,-0.7,0.16));
#5994 = VERTEX_POINT('',#5995);
#5995 = CARTESIAN_POINT('',(-0.136334001899,-0.7,0.16));
#5996 = LINE('',#5997,#5998);
#5997 = CARTESIAN_POINT('',(-0.240257050353,-0.7,0.16));
#5998 = VECTOR('',#5999,1.);
#5999 = DIRECTION('',(1.,-1.043274026901E-15,0.));
#6000 = ORIENTED_EDGE('',*,*,#6001,.T.);
#6001 = EDGE_CURVE('',#5992,#6002,#6004,.T.);
#6002 = VERTEX_POINT('',#6003);
#6003 = CARTESIAN_POINT('',(-0.237739027742,-0.703013814303,0.16));
#6004 = LINE('',#6005,#6006);
#6005 = CARTESIAN_POINT('',(-0.371068254414,-0.472080819573,0.16));
#6006 = VECTOR('',#6007,1.);
#6007 = DIRECTION('',(0.5,-0.866025403784,0.));
#6008 = ORIENTED_EDGE('',*,*,#6009,.T.);
#6009 = EDGE_CURVE('',#6002,#6010,#6012,.T.);
#6010 = VERTEX_POINT('',#6011);
#6011 = CARTESIAN_POINT('',(-0.133815979288,-0.703013814303,0.16));
#6012 = LINE('',#6013,#6014);
#6013 = CARTESIAN_POINT('',(-0.237739027742,-0.703013814303,0.16));
#6014 = VECTOR('',#6015,1.);
#6015 = DIRECTION('',(1.,0.,0.));
#6016 = ORIENTED_EDGE('',*,*,#6017,.T.);
#6017 = EDGE_CURVE('',#6010,#6018,#6020,.T.);
#6018 = VERTEX_POINT('',#6019);
#6019 = CARTESIAN_POINT('',(-0.22384393577,-0.547080819573,0.16));
#6020 = LINE('',#6021,#6022);
#6021 = CARTESIAN_POINT('',(-0.133815979288,-0.703013814303,0.16));
#6022 = VECTOR('',#6023,1.);
#6023 = DIRECTION('',(-0.5,0.866025403784,0.));
#6024 = ORIENTED_EDGE('',*,*,#6025,.T.);
#6025 = EDGE_CURVE('',#6018,#5969,#6026,.T.);
#6026 = CIRCLE('',#6027,5.E-02);
#6027 = AXIS2_PLACEMENT_3D('',#6028,#6029,#6030);
#6028 = CARTESIAN_POINT('',(-0.180542665581,-0.522080819573,0.16));
#6029 = DIRECTION('',(0.,0.,-1.));
#6030 = DIRECTION('',(-1.,0.,0.));
#6031 = ORIENTED_EDGE('',*,*,#5976,.T.);
#6032 = ORIENTED_EDGE('',*,*,#5945,.T.);
#6033 = ORIENTED_EDGE('',*,*,#6034,.F.);
#6034 = EDGE_CURVE('',#6035,#5938,#6037,.T.);
#6035 = VERTEX_POINT('',#6036);
#6036 = CARTESIAN_POINT('',(-7.804761226663E-02,-0.47,0.16));
#6037 = CIRCLE('',#6038,4.5E-02);
#6038 = AXIS2_PLACEMENT_3D('',#6039,#6040,#6041);
#6039 = CARTESIAN_POINT('',(-7.804761226663E-02,-0.425,0.16));
#6040 = DIRECTION('',(0.,0.,1.));
#6041 = DIRECTION('',(-1.,0.,0.));
#6042 = ORIENTED_EDGE('',*,*,#6043,.F.);
#6043 = EDGE_CURVE('',#6044,#6035,#6046,.T.);
#6044 = VERTEX_POINT('',#6045);
#6045 = CARTESIAN_POINT('',(-0.182522023434,-0.47,0.16));
#6046 = LINE('',#6047,#6048);
#6047 = CARTESIAN_POINT('',(-0.269124563813,-0.47,0.16));
#6048 = VECTOR('',#6049,1.);
#6049 = DIRECTION('',(1.,2.837082556829E-16,0.));
#6050 = ORIENTED_EDGE('',*,*,#6051,.T.);
#6051 = EDGE_CURVE('',#6044,#6052,#6054,.T.);
#6052 = VERTEX_POINT('',#6053);
#6053 = CARTESIAN_POINT('',(-0.225823293623,-0.545,0.16));
#6054 = CIRCLE('',#6055,5.E-02);
#6055 = AXIS2_PLACEMENT_3D('',#6056,#6057,#6058);
#6056 = CARTESIAN_POINT('',(-0.182522023434,-0.52,0.16));
#6057 = DIRECTION('',(0.,0.,1.));
#6058 = DIRECTION('',(1.,0.,0.));
#6059 = ORIENTED_EDGE('',*,*,#6060,.F.);
#6060 = EDGE_CURVE('',#5994,#6052,#6061,.T.);
#6061 = LINE('',#6062,#6063);
#6062 = CARTESIAN_POINT('',(-0.136334001899,-0.7,0.16));
#6063 = VECTOR('',#6064,1.);
#6064 = DIRECTION('',(-0.5,0.866025403784,0.));
#6065 = PLANE('',#6066);
#6066 = AXIS2_PLACEMENT_3D('',#6067,#6068,#6069);
#6067 = CARTESIAN_POINT('',(0.55,0.8,0.16));
#6068 = DIRECTION('',(0.,0.,1.));
#6069 = DIRECTION('',(1.,0.,0.));
#6070 = ADVANCED_FACE('',(#6071),#6090,.F.);
#6071 = FACE_BOUND('',#6072,.F.);
#6072 = EDGE_LOOP('',(#6073,#6074,#6082,#6089));
#6073 = ORIENTED_EDGE('',*,*,#6034,.F.);
#6074 = ORIENTED_EDGE('',*,*,#6075,.F.);
#6075 = EDGE_CURVE('',#6076,#6035,#6078,.T.);
#6076 = VERTEX_POINT('',#6077);
#6077 = CARTESIAN_POINT('',(-7.804761226663E-02,-0.47,0.13));
#6078 = LINE('',#6079,#6080);
#6079 = CARTESIAN_POINT('',(-7.804761226663E-02,-0.47,0.13));
#6080 = VECTOR('',#6081,1.);
#6081 = DIRECTION('',(0.,0.,1.));
#6082 = ORIENTED_EDGE('',*,*,#6083,.T.);
#6083 = EDGE_CURVE('',#6076,#5929,#6084,.T.);
#6084 = CIRCLE('',#6085,4.5E-02);
#6085 = AXIS2_PLACEMENT_3D('',#6086,#6087,#6088);
#6086 = CARTESIAN_POINT('',(-7.804761226663E-02,-0.425,0.13));
#6087 = DIRECTION('',(0.,0.,1.));
#6088 = DIRECTION('',(-1.,0.,0.));
#6089 = ORIENTED_EDGE('',*,*,#5937,.F.);
#6090 = CYLINDRICAL_SURFACE('',#6091,4.5E-02);
#6091 = AXIS2_PLACEMENT_3D('',#6092,#6093,#6094);
#6092 = CARTESIAN_POINT('',(-7.804761226663E-02,-0.425,0.13));
#6093 = DIRECTION('',(-0.,-0.,-1.));
#6094 = DIRECTION('',(1.,0.,0.));
#6095 = ADVANCED_FACE('',(#6096),#6165,.F.);
#6096 = FACE_BOUND('',#6097,.F.);
#6097 = EDGE_LOOP('',(#6098,#6099,#6100,#6108,#6117,#6125,#6133,#6141,
    #6149,#6157,#6164));
#6098 = ORIENTED_EDGE('',*,*,#5928,.T.);
#6099 = ORIENTED_EDGE('',*,*,#6083,.F.);
#6100 = ORIENTED_EDGE('',*,*,#6101,.F.);
#6101 = EDGE_CURVE('',#6102,#6076,#6104,.T.);
#6102 = VERTEX_POINT('',#6103);
#6103 = CARTESIAN_POINT('',(-0.182522023434,-0.47,0.13));
#6104 = LINE('',#6105,#6106);
#6105 = CARTESIAN_POINT('',(-0.269124563813,-0.47,0.13));
#6106 = VECTOR('',#6107,1.);
#6107 = DIRECTION('',(1.,2.837082556829E-16,0.));
#6108 = ORIENTED_EDGE('',*,*,#6109,.T.);
#6109 = EDGE_CURVE('',#6102,#6110,#6112,.T.);
#6110 = VERTEX_POINT('',#6111);
#6111 = CARTESIAN_POINT('',(-0.225823293623,-0.545,0.13));
#6112 = CIRCLE('',#6113,5.E-02);
#6113 = AXIS2_PLACEMENT_3D('',#6114,#6115,#6116);
#6114 = CARTESIAN_POINT('',(-0.182522023434,-0.52,0.13));
#6115 = DIRECTION('',(0.,0.,1.));
#6116 = DIRECTION('',(1.,0.,0.));
#6117 = ORIENTED_EDGE('',*,*,#6118,.F.);
#6118 = EDGE_CURVE('',#6119,#6110,#6121,.T.);
#6119 = VERTEX_POINT('',#6120);
#6120 = CARTESIAN_POINT('',(-0.136334001899,-0.7,0.13));
#6121 = LINE('',#6122,#6123);
#6122 = CARTESIAN_POINT('',(-0.136334001899,-0.7,0.13));
#6123 = VECTOR('',#6124,1.);
#6124 = DIRECTION('',(-0.5,0.866025403784,0.));
#6125 = ORIENTED_EDGE('',*,*,#6126,.F.);
#6126 = EDGE_CURVE('',#6127,#6119,#6129,.T.);
#6127 = VERTEX_POINT('',#6128);
#6128 = CARTESIAN_POINT('',(-0.239479054241,-0.7,0.13));
#6129 = LINE('',#6130,#6131);
#6130 = CARTESIAN_POINT('',(-0.240257050353,-0.7,0.13));
#6131 = VECTOR('',#6132,1.);
#6132 = DIRECTION('',(1.,-1.043274026901E-15,0.));
#6133 = ORIENTED_EDGE('',*,*,#6134,.T.);
#6134 = EDGE_CURVE('',#6127,#6135,#6137,.T.);
#6135 = VERTEX_POINT('',#6136);
#6136 = CARTESIAN_POINT('',(-0.237739027742,-0.703013814303,0.13));
#6137 = LINE('',#6138,#6139);
#6138 = CARTESIAN_POINT('',(-0.371068254414,-0.472080819573,0.13));
#6139 = VECTOR('',#6140,1.);
#6140 = DIRECTION('',(0.5,-0.866025403784,0.));
#6141 = ORIENTED_EDGE('',*,*,#6142,.T.);
#6142 = EDGE_CURVE('',#6135,#6143,#6145,.T.);
#6143 = VERTEX_POINT('',#6144);
#6144 = CARTESIAN_POINT('',(-0.133815979288,-0.703013814303,0.13));
#6145 = LINE('',#6146,#6147);
#6146 = CARTESIAN_POINT('',(-0.237739027742,-0.703013814303,0.13));
#6147 = VECTOR('',#6148,1.);
#6148 = DIRECTION('',(1.,0.,0.));
#6149 = ORIENTED_EDGE('',*,*,#6150,.T.);
#6150 = EDGE_CURVE('',#6143,#6151,#6153,.T.);
#6151 = VERTEX_POINT('',#6152);
#6152 = CARTESIAN_POINT('',(-0.22384393577,-0.547080819573,0.13));
#6153 = LINE('',#6154,#6155);
#6154 = CARTESIAN_POINT('',(-0.133815979288,-0.703013814303,0.13));
#6155 = VECTOR('',#6156,1.);
#6156 = DIRECTION('',(-0.5,0.866025403784,0.));
#6157 = ORIENTED_EDGE('',*,*,#6158,.F.);
#6158 = EDGE_CURVE('',#5961,#6151,#6159,.T.);
#6159 = CIRCLE('',#6160,5.E-02);
#6160 = AXIS2_PLACEMENT_3D('',#6161,#6162,#6163);
#6161 = CARTESIAN_POINT('',(-0.180542665581,-0.522080819573,0.13));
#6162 = DIRECTION('',(0.,0.,1.));
#6163 = DIRECTION('',(1.,0.,0.));
#6164 = ORIENTED_EDGE('',*,*,#5960,.T.);
#6165 = PLANE('',#6166);
#6166 = AXIS2_PLACEMENT_3D('',#6167,#6168,#6169);
#6167 = CARTESIAN_POINT('',(-0.8,-0.424999999996,0.13));
#6168 = DIRECTION('',(0.,0.,1.));
#6169 = DIRECTION('',(1.,0.,0.));
#6170 = ADVANCED_FACE('',(#6171),#6182,.F.);
#6171 = FACE_BOUND('',#6172,.F.);
#6172 = EDGE_LOOP('',(#6173,#6174,#6180,#6181));
#6173 = ORIENTED_EDGE('',*,*,#6158,.T.);
#6174 = ORIENTED_EDGE('',*,*,#6175,.T.);
#6175 = EDGE_CURVE('',#6151,#6018,#6176,.T.);
#6176 = LINE('',#6177,#6178);
#6177 = CARTESIAN_POINT('',(-0.22384393577,-0.547080819573,0.13));
#6178 = VECTOR('',#6179,1.);
#6179 = DIRECTION('',(0.,0.,1.));
#6180 = ORIENTED_EDGE('',*,*,#6025,.T.);
#6181 = ORIENTED_EDGE('',*,*,#5968,.F.);
#6182 = CYLINDRICAL_SURFACE('',#6183,5.E-02);
#6183 = AXIS2_PLACEMENT_3D('',#6184,#6185,#6186);
#6184 = CARTESIAN_POINT('',(-0.180542665581,-0.522080819573,0.13));
#6185 = DIRECTION('',(-0.,-0.,-1.));
#6186 = DIRECTION('',(1.,0.,0.));
#6187 = ADVANCED_FACE('',(#6188),#6204,.F.);
#6188 = FACE_BOUND('',#6189,.F.);
#6189 = EDGE_LOOP('',(#6190,#6191,#6197,#6198));
#6190 = ORIENTED_EDGE('',*,*,#5991,.F.);
#6191 = ORIENTED_EDGE('',*,*,#6192,.F.);
#6192 = EDGE_CURVE('',#6127,#5992,#6193,.T.);
#6193 = LINE('',#6194,#6195);
#6194 = CARTESIAN_POINT('',(-0.239479054241,-0.7,0.13));
#6195 = VECTOR('',#6196,1.);
#6196 = DIRECTION('',(0.,0.,1.));
#6197 = ORIENTED_EDGE('',*,*,#6126,.T.);
#6198 = ORIENTED_EDGE('',*,*,#6199,.T.);
#6199 = EDGE_CURVE('',#6119,#5994,#6200,.T.);
#6200 = LINE('',#6201,#6202);
#6201 = CARTESIAN_POINT('',(-0.136334001899,-0.7,0.13));
#6202 = VECTOR('',#6203,1.);
#6203 = DIRECTION('',(0.,0.,1.));
#6204 = PLANE('',#6205);
#6205 = AXIS2_PLACEMENT_3D('',#6206,#6207,#6208);
#6206 = CARTESIAN_POINT('',(-0.240257050353,-0.7,0.13));
#6207 = DIRECTION('',(-1.043274026901E-15,-1.,0.));
#6208 = DIRECTION('',(1.,-1.043274026901E-15,0.));
#6209 = ADVANCED_FACE('',(#6210),#6221,.F.);
#6210 = FACE_BOUND('',#6211,.F.);
#6211 = EDGE_LOOP('',(#6212,#6213,#6219,#6220));
#6212 = ORIENTED_EDGE('',*,*,#6118,.T.);
#6213 = ORIENTED_EDGE('',*,*,#6214,.T.);
#6214 = EDGE_CURVE('',#6110,#6052,#6215,.T.);
#6215 = LINE('',#6216,#6217);
#6216 = CARTESIAN_POINT('',(-0.225823293623,-0.545,0.16));
#6217 = VECTOR('',#6218,1.);
#6218 = DIRECTION('',(0.,0.,1.));
#6219 = ORIENTED_EDGE('',*,*,#6060,.F.);
#6220 = ORIENTED_EDGE('',*,*,#6199,.F.);
#6221 = PLANE('',#6222);
#6222 = AXIS2_PLACEMENT_3D('',#6223,#6224,#6225);
#6223 = CARTESIAN_POINT('',(-0.136334001899,-0.7,0.13));
#6224 = DIRECTION('',(0.866025403784,0.5,0.));
#6225 = DIRECTION('',(-0.5,0.866025403784,0.));
#6226 = ADVANCED_FACE('',(#6227),#6238,.T.);
#6227 = FACE_BOUND('',#6228,.T.);
#6228 = EDGE_LOOP('',(#6229,#6230,#6231,#6237));
#6229 = ORIENTED_EDGE('',*,*,#6214,.T.);
#6230 = ORIENTED_EDGE('',*,*,#6051,.F.);
#6231 = ORIENTED_EDGE('',*,*,#6232,.F.);
#6232 = EDGE_CURVE('',#6102,#6044,#6233,.T.);
#6233 = LINE('',#6234,#6235);
#6234 = CARTESIAN_POINT('',(-0.182522023434,-0.47,0.13));
#6235 = VECTOR('',#6236,1.);
#6236 = DIRECTION('',(0.,0.,1.));
#6237 = ORIENTED_EDGE('',*,*,#6109,.T.);
#6238 = CYLINDRICAL_SURFACE('',#6239,5.E-02);
#6239 = AXIS2_PLACEMENT_3D('',#6240,#6241,#6242);
#6240 = CARTESIAN_POINT('',(-0.182522023434,-0.52,0.13));
#6241 = DIRECTION('',(0.,0.,1.));
#6242 = DIRECTION('',(-1.,0.,0.));
#6243 = ADVANCED_FACE('',(#6244),#6250,.F.);
#6244 = FACE_BOUND('',#6245,.F.);
#6245 = EDGE_LOOP('',(#6246,#6247,#6248,#6249));
#6246 = ORIENTED_EDGE('',*,*,#6043,.F.);
#6247 = ORIENTED_EDGE('',*,*,#6232,.F.);
#6248 = ORIENTED_EDGE('',*,*,#6101,.T.);
#6249 = ORIENTED_EDGE('',*,*,#6075,.T.);
#6250 = PLANE('',#6251);
#6251 = AXIS2_PLACEMENT_3D('',#6252,#6253,#6254);
#6252 = CARTESIAN_POINT('',(-0.269124563813,-0.47,0.13));
#6253 = DIRECTION('',(2.837082556829E-16,-1.,0.));
#6254 = DIRECTION('',(1.,2.837082556829E-16,0.));
#6255 = ADVANCED_FACE('',(#6256),#6267,.T.);
#6256 = FACE_BOUND('',#6257,.F.);
#6257 = EDGE_LOOP('',(#6258,#6259,#6260,#6261));
#6258 = ORIENTED_EDGE('',*,*,#6017,.T.);
#6259 = ORIENTED_EDGE('',*,*,#6175,.F.);
#6260 = ORIENTED_EDGE('',*,*,#6150,.F.);
#6261 = ORIENTED_EDGE('',*,*,#6262,.T.);
#6262 = EDGE_CURVE('',#6143,#6010,#6263,.T.);
#6263 = LINE('',#6264,#6265);
#6264 = CARTESIAN_POINT('',(-0.133815979288,-0.703013814303,0.13));
#6265 = VECTOR('',#6266,1.);
#6266 = DIRECTION('',(0.,0.,1.));
#6267 = PLANE('',#6268);
#6268 = AXIS2_PLACEMENT_3D('',#6269,#6270,#6271);
#6269 = CARTESIAN_POINT('',(-0.133815979288,-0.703013814303,0.13));
#6270 = DIRECTION('',(0.866025403784,0.5,0.));
#6271 = DIRECTION('',(-0.5,0.866025403784,0.));
#6272 = ADVANCED_FACE('',(#6273),#6284,.T.);
#6273 = FACE_BOUND('',#6274,.F.);
#6274 = EDGE_LOOP('',(#6275,#6276,#6277,#6278));
#6275 = ORIENTED_EDGE('',*,*,#6009,.T.);
#6276 = ORIENTED_EDGE('',*,*,#6262,.F.);
#6277 = ORIENTED_EDGE('',*,*,#6142,.F.);
#6278 = ORIENTED_EDGE('',*,*,#6279,.T.);
#6279 = EDGE_CURVE('',#6135,#6002,#6280,.T.);
#6280 = LINE('',#6281,#6282);
#6281 = CARTESIAN_POINT('',(-0.237739027742,-0.703013814303,0.13));
#6282 = VECTOR('',#6283,1.);
#6283 = DIRECTION('',(0.,0.,1.));
#6284 = PLANE('',#6285);
#6285 = AXIS2_PLACEMENT_3D('',#6286,#6287,#6288);
#6286 = CARTESIAN_POINT('',(-0.237739027742,-0.703013814303,0.13));
#6287 = DIRECTION('',(0.,-1.,0.));
#6288 = DIRECTION('',(0.,0.,-1.));
#6289 = ADVANCED_FACE('',(#6290),#6296,.T.);
#6290 = FACE_BOUND('',#6291,.T.);
#6291 = EDGE_LOOP('',(#6292,#6293,#6294,#6295));
#6292 = ORIENTED_EDGE('',*,*,#6192,.F.);
#6293 = ORIENTED_EDGE('',*,*,#6134,.T.);
#6294 = ORIENTED_EDGE('',*,*,#6279,.T.);
#6295 = ORIENTED_EDGE('',*,*,#6001,.F.);
#6296 = PLANE('',#6297);
#6297 = AXIS2_PLACEMENT_3D('',#6298,#6299,#6300);
#6298 = CARTESIAN_POINT('',(-0.371068254414,-0.472080819573,0.13));
#6299 = DIRECTION('',(-0.866025403784,-0.5,0.));
#6300 = DIRECTION('',(0.5,-0.866025403784,0.));
#6301 = ORIENTED_CLOSED_SHELL('',*,#6302,.F.);
#6302 = CLOSED_SHELL('',(#6303,#6345,#6378,#6488,#6512,#6615,#6632,#6649
    ,#6666,#6683,#6700,#6717,#6734,#6751,#6768,#6785));
#6303 = ADVANCED_FACE('',(#6304),#6340,.F.);
#6304 = FACE_BOUND('',#6305,.F.);
#6305 = EDGE_LOOP('',(#6306,#6316,#6325,#6333));
#6306 = ORIENTED_EDGE('',*,*,#6307,.T.);
#6307 = EDGE_CURVE('',#6308,#6310,#6312,.T.);
#6308 = VERTEX_POINT('',#6309);
#6309 = CARTESIAN_POINT('',(-0.497735954067,-0.319069965062,0.16));
#6310 = VERTEX_POINT('',#6311);
#6311 = CARTESIAN_POINT('',(-0.497735954067,-0.319069965062,0.13));
#6312 = LINE('',#6313,#6314);
#6313 = CARTESIAN_POINT('',(-0.497735954067,-0.319069965062,0.13));
#6314 = VECTOR('',#6315,1.);
#6315 = DIRECTION('',(-0.,-0.,-1.));
#6316 = ORIENTED_EDGE('',*,*,#6317,.T.);
#6317 = EDGE_CURVE('',#6310,#6318,#6320,.T.);
#6318 = VERTEX_POINT('',#6319);
#6319 = CARTESIAN_POINT('',(-0.406595332371,-0.377919180418,0.13));
#6320 = CIRCLE('',#6321,0.1);
#6321 = AXIS2_PLACEMENT_3D('',#6322,#6323,#6324);
#6322 = CARTESIAN_POINT('',(-0.406595332371,-0.277919180418,0.13));
#6323 = DIRECTION('',(0.,0.,1.));
#6324 = DIRECTION('',(1.,0.,0.));
#6325 = ORIENTED_EDGE('',*,*,#6326,.T.);
#6326 = EDGE_CURVE('',#6318,#6327,#6329,.T.);
#6327 = VERTEX_POINT('',#6328);
#6328 = CARTESIAN_POINT('',(-0.406595332371,-0.377919180418,0.16));
#6329 = LINE('',#6330,#6331);
#6330 = CARTESIAN_POINT('',(-0.406595332371,-0.377919180418,0.13));
#6331 = VECTOR('',#6332,1.);
#6332 = DIRECTION('',(0.,0.,1.));
#6333 = ORIENTED_EDGE('',*,*,#6334,.T.);
#6334 = EDGE_CURVE('',#6327,#6308,#6335,.T.);
#6335 = CIRCLE('',#6336,0.1);
#6336 = AXIS2_PLACEMENT_3D('',#6337,#6338,#6339);
#6337 = CARTESIAN_POINT('',(-0.406595332371,-0.277919180418,0.16));
#6338 = DIRECTION('',(0.,0.,-1.));
#6339 = DIRECTION('',(-1.,0.,0.));
#6340 = CYLINDRICAL_SURFACE('',#6341,0.1);
#6341 = AXIS2_PLACEMENT_3D('',#6342,#6343,#6344);
#6342 = CARTESIAN_POINT('',(-0.406595332371,-0.277919180418,0.13));
#6343 = DIRECTION('',(-0.,-0.,-1.));
#6344 = DIRECTION('',(1.,0.,0.));
#6345 = ADVANCED_FACE('',(#6346),#6373,.T.);
#6346 = FACE_BOUND('',#6347,.T.);
#6347 = EDGE_LOOP('',(#6348,#6358,#6365,#6366));
#6348 = ORIENTED_EDGE('',*,*,#6349,.F.);
#6349 = EDGE_CURVE('',#6350,#6352,#6354,.T.);
#6350 = VERTEX_POINT('',#6351);
#6351 = CARTESIAN_POINT('',(-0.405684132629,-0.38,0.16));
#6352 = VERTEX_POINT('',#6353);
#6353 = CARTESIAN_POINT('',(-0.405684132629,-0.38,0.13));
#6354 = LINE('',#6355,#6356);
#6355 = CARTESIAN_POINT('',(-0.405684132629,-0.38,0.16));
#6356 = VECTOR('',#6357,1.);
#6357 = DIRECTION('',(0.,0.,-1.));
#6358 = ORIENTED_EDGE('',*,*,#6359,.F.);
#6359 = EDGE_CURVE('',#6308,#6350,#6360,.T.);
#6360 = CIRCLE('',#6361,0.1);
#6361 = AXIS2_PLACEMENT_3D('',#6362,#6363,#6364);
#6362 = CARTESIAN_POINT('',(-0.405684132629,-0.28,0.16));
#6363 = DIRECTION('',(0.,0.,1.));
#6364 = DIRECTION('',(1.,0.,0.));
#6365 = ORIENTED_EDGE('',*,*,#6307,.T.);
#6366 = ORIENTED_EDGE('',*,*,#6367,.T.);
#6367 = EDGE_CURVE('',#6310,#6352,#6368,.T.);
#6368 = CIRCLE('',#6369,0.1);
#6369 = AXIS2_PLACEMENT_3D('',#6370,#6371,#6372);
#6370 = CARTESIAN_POINT('',(-0.405684132629,-0.28,0.13));
#6371 = DIRECTION('',(0.,0.,1.));
#6372 = DIRECTION('',(1.,0.,0.));
#6373 = CYLINDRICAL_SURFACE('',#6374,0.1);
#6374 = AXIS2_PLACEMENT_3D('',#6375,#6376,#6377);
#6375 = CARTESIAN_POINT('',(-0.405684132629,-0.28,0.13));
#6376 = DIRECTION('',(-0.,-0.,-1.));
#6377 = DIRECTION('',(1.,0.,0.));
#6378 = ADVANCED_FACE('',(#6379),#6483,.T.);
#6379 = FACE_BOUND('',#6380,.T.);
#6380 = EDGE_LOOP('',(#6381,#6382,#6383,#6391,#6400,#6408,#6417,#6425,
    #6434,#6443,#6451,#6460,#6468,#6477));
#6381 = ORIENTED_EDGE('',*,*,#6334,.T.);
#6382 = ORIENTED_EDGE('',*,*,#6359,.T.);
#6383 = ORIENTED_EDGE('',*,*,#6384,.F.);
#6384 = EDGE_CURVE('',#6385,#6350,#6387,.T.);
#6385 = VERTEX_POINT('',#6386);
#6386 = CARTESIAN_POINT('',(-0.333047612267,-0.38,0.16));
#6387 = LINE('',#6388,#6389);
#6388 = CARTESIAN_POINT('',(-0.483047612267,-0.38,0.16));
#6389 = VECTOR('',#6390,1.);
#6390 = DIRECTION('',(-1.,-4.336808689942E-16,0.));
#6391 = ORIENTED_EDGE('',*,*,#6392,.T.);
#6392 = EDGE_CURVE('',#6385,#6393,#6395,.T.);
#6393 = VERTEX_POINT('',#6394);
#6394 = CARTESIAN_POINT('',(-0.233047612267,-0.28,0.16));
#6395 = CIRCLE('',#6396,0.1);
#6396 = AXIS2_PLACEMENT_3D('',#6397,#6398,#6399);
#6397 = CARTESIAN_POINT('',(-0.333047612267,-0.28,0.16));
#6398 = DIRECTION('',(0.,0.,1.));
#6399 = DIRECTION('',(1.,0.,0.));
#6400 = ORIENTED_EDGE('',*,*,#6401,.F.);
#6401 = EDGE_CURVE('',#6402,#6393,#6404,.T.);
#6402 = VERTEX_POINT('',#6403);
#6403 = CARTESIAN_POINT('',(-0.233047612267,-0.18,0.16));
#6404 = LINE('',#6405,#6406);
#6405 = CARTESIAN_POINT('',(-0.233047612267,-7.999999999999E-02,0.16));
#6406 = VECTOR('',#6407,1.);
#6407 = DIRECTION('',(9.035018104046E-17,-1.,0.));
#6408 = ORIENTED_EDGE('',*,*,#6409,.F.);
#6409 = EDGE_CURVE('',#6410,#6402,#6412,.T.);
#6410 = VERTEX_POINT('',#6411);
#6411 = CARTESIAN_POINT('',(-0.133047612267,-7.999999999999E-02,0.16));
#6412 = CIRCLE('',#6413,0.1);
#6413 = AXIS2_PLACEMENT_3D('',#6414,#6415,#6416);
#6414 = CARTESIAN_POINT('',(-0.133047612267,-0.18,0.16));
#6415 = DIRECTION('',(0.,0.,1.));
#6416 = DIRECTION('',(1.,0.,0.));
#6417 = ORIENTED_EDGE('',*,*,#6418,.F.);
#6418 = EDGE_CURVE('',#6419,#6410,#6421,.T.);
#6419 = VERTEX_POINT('',#6420);
#6420 = CARTESIAN_POINT('',(-0.119650152645,-7.999999999999E-02,0.16));
#6421 = LINE('',#6422,#6423);
#6422 = CARTESIAN_POINT('',(-3.304761226663E-02,-7.999999999999E-02,0.16
    ));
#6423 = VECTOR('',#6424,1.);
#6424 = DIRECTION('',(-1.,-1.355252715607E-16,0.));
#6425 = ORIENTED_EDGE('',*,*,#6426,.F.);
#6426 = EDGE_CURVE('',#6427,#6419,#6429,.T.);
#6427 = VERTEX_POINT('',#6428);
#6428 = CARTESIAN_POINT('',(-9.532400642388E-02,-8.300392476999E-02,0.16
    ));
#6429 = CIRCLE('',#6430,0.1);
#6430 = AXIS2_PLACEMENT_3D('',#6431,#6432,#6433);
#6431 = CARTESIAN_POINT('',(-0.119650152645,-0.18,0.16));
#6432 = DIRECTION('',(0.,0.,1.));
#6433 = DIRECTION('',(1.,0.,0.));
#6434 = ORIENTED_EDGE('',*,*,#6435,.F.);
#6435 = EDGE_CURVE('',#6436,#6427,#6438,.T.);
#6436 = VERTEX_POINT('',#6437);
#6437 = CARTESIAN_POINT('',(-0.126805655765,-7.791918041812E-02,0.16));
#6438 = CIRCLE('',#6439,0.1);
#6439 = AXIS2_PLACEMENT_3D('',#6440,#6441,#6442);
#6440 = CARTESIAN_POINT('',(-0.126805655765,-0.177919180418,0.16));
#6441 = DIRECTION('',(0.,0.,-1.));
#6442 = DIRECTION('',(-1.,0.,0.));
#6443 = ORIENTED_EDGE('',*,*,#6444,.T.);
#6444 = EDGE_CURVE('',#6436,#6445,#6447,.T.);
#6445 = VERTEX_POINT('',#6446);
#6446 = CARTESIAN_POINT('',(-0.137384363085,-7.791918041812E-02,0.16));
#6447 = LINE('',#6448,#6449);
#6448 = CARTESIAN_POINT('',(-0.237384363085,-7.791918041812E-02,0.16));
#6449 = VECTOR('',#6450,1.);
#6450 = DIRECTION('',(-1.,0.,0.));
#6451 = ORIENTED_EDGE('',*,*,#6452,.F.);
#6452 = EDGE_CURVE('',#6453,#6445,#6455,.T.);
#6453 = VERTEX_POINT('',#6454);
#6454 = CARTESIAN_POINT('',(-0.237384363085,-0.177919180418,0.16));
#6455 = CIRCLE('',#6456,0.1);
#6456 = AXIS2_PLACEMENT_3D('',#6457,#6458,#6459);
#6457 = CARTESIAN_POINT('',(-0.137384363085,-0.177919180418,0.16));
#6458 = DIRECTION('',(0.,0.,-1.));
#6459 = DIRECTION('',(-1.,0.,0.));
#6460 = ORIENTED_EDGE('',*,*,#6461,.T.);
#6461 = EDGE_CURVE('',#6453,#6462,#6464,.T.);
#6462 = VERTEX_POINT('',#6463);
#6463 = CARTESIAN_POINT('',(-0.237384363085,-0.277919180418,0.16));
#6464 = LINE('',#6465,#6466);
#6465 = CARTESIAN_POINT('',(-0.237384363085,-0.377919180418,0.16));
#6466 = VECTOR('',#6467,1.);
#6467 = DIRECTION('',(-9.035018104046E-17,-1.,0.));
#6468 = ORIENTED_EDGE('',*,*,#6469,.T.);
#6469 = EDGE_CURVE('',#6462,#6470,#6472,.T.);
#6470 = VERTEX_POINT('',#6471);
#6471 = CARTESIAN_POINT('',(-0.337384363085,-0.377919180418,0.16));
#6472 = CIRCLE('',#6473,0.1);
#6473 = AXIS2_PLACEMENT_3D('',#6474,#6475,#6476);
#6474 = CARTESIAN_POINT('',(-0.337384363085,-0.277919180418,0.16));
#6475 = DIRECTION('',(0.,0.,-1.));
#6476 = DIRECTION('',(-1.,0.,0.));
#6477 = ORIENTED_EDGE('',*,*,#6478,.T.);
#6478 = EDGE_CURVE('',#6470,#6327,#6479,.T.);
#6479 = LINE('',#6480,#6481);
#6480 = CARTESIAN_POINT('',(-0.237384363085,-0.377919180418,0.16));
#6481 = VECTOR('',#6482,1.);
#6482 = DIRECTION('',(-1.,0.,0.));
#6483 = PLANE('',#6484);
#6484 = AXIS2_PLACEMENT_3D('',#6485,#6486,#6487);
#6485 = CARTESIAN_POINT('',(0.55,0.8,0.16));
#6486 = DIRECTION('',(0.,0.,1.));
#6487 = DIRECTION('',(1.,0.,0.));
#6488 = ADVANCED_FACE('',(#6489),#6507,.T.);
#6489 = FACE_BOUND('',#6490,.F.);
#6490 = EDGE_LOOP('',(#6491,#6492,#6493,#6501));
#6491 = ORIENTED_EDGE('',*,*,#6478,.T.);
#6492 = ORIENTED_EDGE('',*,*,#6326,.F.);
#6493 = ORIENTED_EDGE('',*,*,#6494,.F.);
#6494 = EDGE_CURVE('',#6495,#6318,#6497,.T.);
#6495 = VERTEX_POINT('',#6496);
#6496 = CARTESIAN_POINT('',(-0.337384363085,-0.377919180418,0.13));
#6497 = LINE('',#6498,#6499);
#6498 = CARTESIAN_POINT('',(-0.237384363085,-0.377919180418,0.13));
#6499 = VECTOR('',#6500,1.);
#6500 = DIRECTION('',(-1.,0.,0.));
#6501 = ORIENTED_EDGE('',*,*,#6502,.T.);
#6502 = EDGE_CURVE('',#6495,#6470,#6503,.T.);
#6503 = LINE('',#6504,#6505);
#6504 = CARTESIAN_POINT('',(-0.337384363085,-0.377919180418,0.13));
#6505 = VECTOR('',#6506,1.);
#6506 = DIRECTION('',(0.,0.,1.));
#6507 = PLANE('',#6508);
#6508 = AXIS2_PLACEMENT_3D('',#6509,#6510,#6511);
#6509 = CARTESIAN_POINT('',(-0.237384363085,-0.377919180418,0.13));
#6510 = DIRECTION('',(0.,1.,0.));
#6511 = DIRECTION('',(0.,0.,1.));
#6512 = ADVANCED_FACE('',(#6513),#6610,.F.);
#6513 = FACE_BOUND('',#6514,.F.);
#6514 = EDGE_LOOP('',(#6515,#6526,#6534,#6543,#6551,#6558,#6559,#6560,
    #6561,#6569,#6578,#6586,#6595,#6603));
#6515 = ORIENTED_EDGE('',*,*,#6516,.T.);
#6516 = EDGE_CURVE('',#6517,#6519,#6521,.T.);
#6517 = VERTEX_POINT('',#6518);
#6518 = CARTESIAN_POINT('',(-9.532400642388E-02,-8.300392476999E-02,0.13
    ));
#6519 = VERTEX_POINT('',#6520);
#6520 = CARTESIAN_POINT('',(-0.126805655765,-7.791918041812E-02,0.13));
#6521 = CIRCLE('',#6522,0.1);
#6522 = AXIS2_PLACEMENT_3D('',#6523,#6524,#6525);
#6523 = CARTESIAN_POINT('',(-0.126805655765,-0.177919180418,0.13));
#6524 = DIRECTION('',(0.,0.,1.));
#6525 = DIRECTION('',(1.,0.,0.));
#6526 = ORIENTED_EDGE('',*,*,#6527,.T.);
#6527 = EDGE_CURVE('',#6519,#6528,#6530,.T.);
#6528 = VERTEX_POINT('',#6529);
#6529 = CARTESIAN_POINT('',(-0.137384363085,-7.791918041812E-02,0.13));
#6530 = LINE('',#6531,#6532);
#6531 = CARTESIAN_POINT('',(-0.237384363085,-7.791918041812E-02,0.13));
#6532 = VECTOR('',#6533,1.);
#6533 = DIRECTION('',(-1.,0.,0.));
#6534 = ORIENTED_EDGE('',*,*,#6535,.T.);
#6535 = EDGE_CURVE('',#6528,#6536,#6538,.T.);
#6536 = VERTEX_POINT('',#6537);
#6537 = CARTESIAN_POINT('',(-0.237384363085,-0.177919180418,0.13));
#6538 = CIRCLE('',#6539,0.1);
#6539 = AXIS2_PLACEMENT_3D('',#6540,#6541,#6542);
#6540 = CARTESIAN_POINT('',(-0.137384363085,-0.177919180418,0.13));
#6541 = DIRECTION('',(0.,0.,1.));
#6542 = DIRECTION('',(1.,0.,0.));
#6543 = ORIENTED_EDGE('',*,*,#6544,.T.);
#6544 = EDGE_CURVE('',#6536,#6545,#6547,.T.);
#6545 = VERTEX_POINT('',#6546);
#6546 = CARTESIAN_POINT('',(-0.237384363085,-0.277919180418,0.13));
#6547 = LINE('',#6548,#6549);
#6548 = CARTESIAN_POINT('',(-0.237384363085,-0.377919180418,0.13));
#6549 = VECTOR('',#6550,1.);
#6550 = DIRECTION('',(-9.035018104046E-17,-1.,0.));
#6551 = ORIENTED_EDGE('',*,*,#6552,.F.);
#6552 = EDGE_CURVE('',#6495,#6545,#6553,.T.);
#6553 = CIRCLE('',#6554,0.1);
#6554 = AXIS2_PLACEMENT_3D('',#6555,#6556,#6557);
#6555 = CARTESIAN_POINT('',(-0.337384363085,-0.277919180418,0.13));
#6556 = DIRECTION('',(0.,0.,1.));
#6557 = DIRECTION('',(1.,0.,0.));
#6558 = ORIENTED_EDGE('',*,*,#6494,.T.);
#6559 = ORIENTED_EDGE('',*,*,#6317,.F.);
#6560 = ORIENTED_EDGE('',*,*,#6367,.T.);
#6561 = ORIENTED_EDGE('',*,*,#6562,.F.);
#6562 = EDGE_CURVE('',#6563,#6352,#6565,.T.);
#6563 = VERTEX_POINT('',#6564);
#6564 = CARTESIAN_POINT('',(-0.333047612267,-0.38,0.13));
#6565 = LINE('',#6566,#6567);
#6566 = CARTESIAN_POINT('',(-0.483047612267,-0.38,0.13));
#6567 = VECTOR('',#6568,1.);
#6568 = DIRECTION('',(-1.,-4.336808689942E-16,0.));
#6569 = ORIENTED_EDGE('',*,*,#6570,.T.);
#6570 = EDGE_CURVE('',#6563,#6571,#6573,.T.);
#6571 = VERTEX_POINT('',#6572);
#6572 = CARTESIAN_POINT('',(-0.233047612267,-0.28,0.13));
#6573 = CIRCLE('',#6574,0.1);
#6574 = AXIS2_PLACEMENT_3D('',#6575,#6576,#6577);
#6575 = CARTESIAN_POINT('',(-0.333047612267,-0.28,0.13));
#6576 = DIRECTION('',(0.,0.,1.));
#6577 = DIRECTION('',(1.,0.,0.));
#6578 = ORIENTED_EDGE('',*,*,#6579,.F.);
#6579 = EDGE_CURVE('',#6580,#6571,#6582,.T.);
#6580 = VERTEX_POINT('',#6581);
#6581 = CARTESIAN_POINT('',(-0.233047612267,-0.18,0.13));
#6582 = LINE('',#6583,#6584);
#6583 = CARTESIAN_POINT('',(-0.233047612267,-7.999999999999E-02,0.13));
#6584 = VECTOR('',#6585,1.);
#6585 = DIRECTION('',(9.035018104046E-17,-1.,0.));
#6586 = ORIENTED_EDGE('',*,*,#6587,.F.);
#6587 = EDGE_CURVE('',#6588,#6580,#6590,.T.);
#6588 = VERTEX_POINT('',#6589);
#6589 = CARTESIAN_POINT('',(-0.133047612267,-7.999999999999E-02,0.13));
#6590 = CIRCLE('',#6591,0.1);
#6591 = AXIS2_PLACEMENT_3D('',#6592,#6593,#6594);
#6592 = CARTESIAN_POINT('',(-0.133047612267,-0.18,0.13));
#6593 = DIRECTION('',(0.,0.,1.));
#6594 = DIRECTION('',(1.,0.,0.));
#6595 = ORIENTED_EDGE('',*,*,#6596,.F.);
#6596 = EDGE_CURVE('',#6597,#6588,#6599,.T.);
#6597 = VERTEX_POINT('',#6598);
#6598 = CARTESIAN_POINT('',(-0.119650152645,-7.999999999999E-02,0.13));
#6599 = LINE('',#6600,#6601);
#6600 = CARTESIAN_POINT('',(-3.304761226663E-02,-7.999999999999E-02,0.13
    ));
#6601 = VECTOR('',#6602,1.);
#6602 = DIRECTION('',(-1.,-1.355252715607E-16,0.));
#6603 = ORIENTED_EDGE('',*,*,#6604,.F.);
#6604 = EDGE_CURVE('',#6517,#6597,#6605,.T.);
#6605 = CIRCLE('',#6606,0.1);
#6606 = AXIS2_PLACEMENT_3D('',#6607,#6608,#6609);
#6607 = CARTESIAN_POINT('',(-0.119650152645,-0.18,0.13));
#6608 = DIRECTION('',(0.,0.,1.));
#6609 = DIRECTION('',(1.,0.,0.));
#6610 = PLANE('',#6611);
#6611 = AXIS2_PLACEMENT_3D('',#6612,#6613,#6614);
#6612 = CARTESIAN_POINT('',(-0.8,-0.424999999996,0.13));
#6613 = DIRECTION('',(0.,0.,1.));
#6614 = DIRECTION('',(1.,0.,0.));
#6615 = ADVANCED_FACE('',(#6616),#6627,.F.);
#6616 = FACE_BOUND('',#6617,.F.);
#6617 = EDGE_LOOP('',(#6618,#6619,#6625,#6626));
#6618 = ORIENTED_EDGE('',*,*,#6384,.F.);
#6619 = ORIENTED_EDGE('',*,*,#6620,.F.);
#6620 = EDGE_CURVE('',#6563,#6385,#6621,.T.);
#6621 = LINE('',#6622,#6623);
#6622 = CARTESIAN_POINT('',(-0.333047612267,-0.38,0.13));
#6623 = VECTOR('',#6624,1.);
#6624 = DIRECTION('',(0.,0.,1.));
#6625 = ORIENTED_EDGE('',*,*,#6562,.T.);
#6626 = ORIENTED_EDGE('',*,*,#6349,.F.);
#6627 = PLANE('',#6628);
#6628 = AXIS2_PLACEMENT_3D('',#6629,#6630,#6631);
#6629 = CARTESIAN_POINT('',(-0.483047612267,-0.38,0.13));
#6630 = DIRECTION('',(-4.336808689942E-16,1.,0.));
#6631 = DIRECTION('',(-1.,-4.336808689942E-16,0.));
#6632 = ADVANCED_FACE('',(#6633),#6644,.F.);
#6633 = FACE_BOUND('',#6634,.F.);
#6634 = EDGE_LOOP('',(#6635,#6636,#6642,#6643));
#6635 = ORIENTED_EDGE('',*,*,#6552,.T.);
#6636 = ORIENTED_EDGE('',*,*,#6637,.T.);
#6637 = EDGE_CURVE('',#6545,#6462,#6638,.T.);
#6638 = LINE('',#6639,#6640);
#6639 = CARTESIAN_POINT('',(-0.237384363085,-0.277919180418,0.13));
#6640 = VECTOR('',#6641,1.);
#6641 = DIRECTION('',(0.,0.,1.));
#6642 = ORIENTED_EDGE('',*,*,#6469,.T.);
#6643 = ORIENTED_EDGE('',*,*,#6502,.F.);
#6644 = CYLINDRICAL_SURFACE('',#6645,0.1);
#6645 = AXIS2_PLACEMENT_3D('',#6646,#6647,#6648);
#6646 = CARTESIAN_POINT('',(-0.337384363085,-0.277919180418,0.13));
#6647 = DIRECTION('',(-0.,-0.,-1.));
#6648 = DIRECTION('',(1.,0.,0.));
#6649 = ADVANCED_FACE('',(#6650),#6661,.T.);
#6650 = FACE_BOUND('',#6651,.F.);
#6651 = EDGE_LOOP('',(#6652,#6653,#6654,#6655));
#6652 = ORIENTED_EDGE('',*,*,#6461,.T.);
#6653 = ORIENTED_EDGE('',*,*,#6637,.F.);
#6654 = ORIENTED_EDGE('',*,*,#6544,.F.);
#6655 = ORIENTED_EDGE('',*,*,#6656,.T.);
#6656 = EDGE_CURVE('',#6536,#6453,#6657,.T.);
#6657 = LINE('',#6658,#6659);
#6658 = CARTESIAN_POINT('',(-0.237384363085,-0.177919180418,0.16));
#6659 = VECTOR('',#6660,1.);
#6660 = DIRECTION('',(0.,0.,1.));
#6661 = PLANE('',#6662);
#6662 = AXIS2_PLACEMENT_3D('',#6663,#6664,#6665);
#6663 = CARTESIAN_POINT('',(-0.237384363085,-0.377919180418,0.13));
#6664 = DIRECTION('',(-1.,9.035018104046E-17,0.));
#6665 = DIRECTION('',(-9.035018104046E-17,-1.,0.));
#6666 = ADVANCED_FACE('',(#6667),#6678,.T.);
#6667 = FACE_BOUND('',#6668,.T.);
#6668 = EDGE_LOOP('',(#6669,#6670,#6671,#6677));
#6669 = ORIENTED_EDGE('',*,*,#6656,.T.);
#6670 = ORIENTED_EDGE('',*,*,#6452,.T.);
#6671 = ORIENTED_EDGE('',*,*,#6672,.F.);
#6672 = EDGE_CURVE('',#6528,#6445,#6673,.T.);
#6673 = LINE('',#6674,#6675);
#6674 = CARTESIAN_POINT('',(-0.137384363085,-7.791918041812E-02,0.13));
#6675 = VECTOR('',#6676,1.);
#6676 = DIRECTION('',(0.,0.,1.));
#6677 = ORIENTED_EDGE('',*,*,#6535,.T.);
#6678 = CYLINDRICAL_SURFACE('',#6679,0.1);
#6679 = AXIS2_PLACEMENT_3D('',#6680,#6681,#6682);
#6680 = CARTESIAN_POINT('',(-0.137384363085,-0.177919180418,0.13));
#6681 = DIRECTION('',(0.,0.,1.));
#6682 = DIRECTION('',(-1.,0.,0.));
#6683 = ADVANCED_FACE('',(#6684),#6695,.T.);
#6684 = FACE_BOUND('',#6685,.F.);
#6685 = EDGE_LOOP('',(#6686,#6687,#6688,#6689));
#6686 = ORIENTED_EDGE('',*,*,#6444,.T.);
#6687 = ORIENTED_EDGE('',*,*,#6672,.F.);
#6688 = ORIENTED_EDGE('',*,*,#6527,.F.);
#6689 = ORIENTED_EDGE('',*,*,#6690,.T.);
#6690 = EDGE_CURVE('',#6519,#6436,#6691,.T.);
#6691 = LINE('',#6692,#6693);
#6692 = CARTESIAN_POINT('',(-0.126805655765,-7.791918041812E-02,0.13));
#6693 = VECTOR('',#6694,1.);
#6694 = DIRECTION('',(0.,0.,1.));
#6695 = PLANE('',#6696);
#6696 = AXIS2_PLACEMENT_3D('',#6697,#6698,#6699);
#6697 = CARTESIAN_POINT('',(-0.237384363085,-7.791918041812E-02,0.13));
#6698 = DIRECTION('',(0.,1.,0.));
#6699 = DIRECTION('',(0.,0.,1.));
#6700 = ADVANCED_FACE('',(#6701),#6712,.T.);
#6701 = FACE_BOUND('',#6702,.T.);
#6702 = EDGE_LOOP('',(#6703,#6704,#6705,#6706));
#6703 = ORIENTED_EDGE('',*,*,#6516,.T.);
#6704 = ORIENTED_EDGE('',*,*,#6690,.T.);
#6705 = ORIENTED_EDGE('',*,*,#6435,.T.);
#6706 = ORIENTED_EDGE('',*,*,#6707,.T.);
#6707 = EDGE_CURVE('',#6427,#6517,#6708,.T.);
#6708 = LINE('',#6709,#6710);
#6709 = CARTESIAN_POINT('',(-9.532400642388E-02,-8.300392476999E-02,0.13
    ));
#6710 = VECTOR('',#6711,1.);
#6711 = DIRECTION('',(-0.,-0.,-1.));
#6712 = CYLINDRICAL_SURFACE('',#6713,0.1);
#6713 = AXIS2_PLACEMENT_3D('',#6714,#6715,#6716);
#6714 = CARTESIAN_POINT('',(-0.126805655765,-0.177919180418,0.13));
#6715 = DIRECTION('',(-0.,-0.,-1.));
#6716 = DIRECTION('',(1.,0.,0.));
#6717 = ADVANCED_FACE('',(#6718),#6729,.F.);
#6718 = FACE_BOUND('',#6719,.F.);
#6719 = EDGE_LOOP('',(#6720,#6721,#6722,#6728));
#6720 = ORIENTED_EDGE('',*,*,#6707,.T.);
#6721 = ORIENTED_EDGE('',*,*,#6604,.T.);
#6722 = ORIENTED_EDGE('',*,*,#6723,.F.);
#6723 = EDGE_CURVE('',#6419,#6597,#6724,.T.);
#6724 = LINE('',#6725,#6726);
#6725 = CARTESIAN_POINT('',(-0.119650152645,-7.999999999999E-02,0.13));
#6726 = VECTOR('',#6727,1.);
#6727 = DIRECTION('',(0.,0.,-1.));
#6728 = ORIENTED_EDGE('',*,*,#6426,.F.);
#6729 = CYLINDRICAL_SURFACE('',#6730,0.1);
#6730 = AXIS2_PLACEMENT_3D('',#6731,#6732,#6733);
#6731 = CARTESIAN_POINT('',(-0.119650152645,-0.18,0.13));
#6732 = DIRECTION('',(-0.,-0.,-1.));
#6733 = DIRECTION('',(1.,0.,0.));
#6734 = ADVANCED_FACE('',(#6735),#6746,.F.);
#6735 = FACE_BOUND('',#6736,.F.);
#6736 = EDGE_LOOP('',(#6737,#6738,#6744,#6745));
#6737 = ORIENTED_EDGE('',*,*,#6596,.T.);
#6738 = ORIENTED_EDGE('',*,*,#6739,.T.);
#6739 = EDGE_CURVE('',#6588,#6410,#6740,.T.);
#6740 = LINE('',#6741,#6742);
#6741 = CARTESIAN_POINT('',(-0.133047612267,-7.999999999999E-02,0.13));
#6742 = VECTOR('',#6743,1.);
#6743 = DIRECTION('',(0.,0.,1.));
#6744 = ORIENTED_EDGE('',*,*,#6418,.F.);
#6745 = ORIENTED_EDGE('',*,*,#6723,.T.);
#6746 = PLANE('',#6747);
#6747 = AXIS2_PLACEMENT_3D('',#6748,#6749,#6750);
#6748 = CARTESIAN_POINT('',(-3.304761226663E-02,-7.999999999999E-02,0.13
    ));
#6749 = DIRECTION('',(-1.355252715607E-16,1.,0.));
#6750 = DIRECTION('',(-1.,-1.355252715607E-16,0.));
#6751 = ADVANCED_FACE('',(#6752),#6763,.F.);
#6752 = FACE_BOUND('',#6753,.F.);
#6753 = EDGE_LOOP('',(#6754,#6755,#6761,#6762));
#6754 = ORIENTED_EDGE('',*,*,#6587,.T.);
#6755 = ORIENTED_EDGE('',*,*,#6756,.T.);
#6756 = EDGE_CURVE('',#6580,#6402,#6757,.T.);
#6757 = LINE('',#6758,#6759);
#6758 = CARTESIAN_POINT('',(-0.233047612267,-0.18,0.13));
#6759 = VECTOR('',#6760,1.);
#6760 = DIRECTION('',(0.,0.,1.));
#6761 = ORIENTED_EDGE('',*,*,#6409,.F.);
#6762 = ORIENTED_EDGE('',*,*,#6739,.F.);
#6763 = CYLINDRICAL_SURFACE('',#6764,0.1);
#6764 = AXIS2_PLACEMENT_3D('',#6765,#6766,#6767);
#6765 = CARTESIAN_POINT('',(-0.133047612267,-0.18,0.13));
#6766 = DIRECTION('',(-0.,-0.,-1.));
#6767 = DIRECTION('',(1.,0.,0.));
#6768 = ADVANCED_FACE('',(#6769),#6780,.F.);
#6769 = FACE_BOUND('',#6770,.F.);
#6770 = EDGE_LOOP('',(#6771,#6772,#6773,#6774));
#6771 = ORIENTED_EDGE('',*,*,#6401,.F.);
#6772 = ORIENTED_EDGE('',*,*,#6756,.F.);
#6773 = ORIENTED_EDGE('',*,*,#6579,.T.);
#6774 = ORIENTED_EDGE('',*,*,#6775,.T.);
#6775 = EDGE_CURVE('',#6571,#6393,#6776,.T.);
#6776 = LINE('',#6777,#6778);
#6777 = CARTESIAN_POINT('',(-0.233047612267,-0.28,0.16));
#6778 = VECTOR('',#6779,1.);
#6779 = DIRECTION('',(0.,0.,1.));
#6780 = PLANE('',#6781);
#6781 = AXIS2_PLACEMENT_3D('',#6782,#6783,#6784);
#6782 = CARTESIAN_POINT('',(-0.233047612267,-7.999999999999E-02,0.13));
#6783 = DIRECTION('',(-1.,-9.035018104046E-17,0.));
#6784 = DIRECTION('',(9.035018104046E-17,-1.,0.));
#6785 = ADVANCED_FACE('',(#6786),#6792,.T.);
#6786 = FACE_BOUND('',#6787,.T.);
#6787 = EDGE_LOOP('',(#6788,#6789,#6790,#6791));
#6788 = ORIENTED_EDGE('',*,*,#6775,.T.);
#6789 = ORIENTED_EDGE('',*,*,#6392,.F.);
#6790 = ORIENTED_EDGE('',*,*,#6620,.F.);
#6791 = ORIENTED_EDGE('',*,*,#6570,.T.);
#6792 = CYLINDRICAL_SURFACE('',#6793,0.1);
#6793 = AXIS2_PLACEMENT_3D('',#6794,#6795,#6796);
#6794 = CARTESIAN_POINT('',(-0.333047612267,-0.28,0.13));
#6795 = DIRECTION('',(0.,0.,1.));
#6796 = DIRECTION('',(-1.,0.,0.));
#6797 = ORIENTED_CLOSED_SHELL('',*,#6798,.F.);
#6798 = CLOSED_SHELL('',(#6799,#6841,#6875,#6900,#6926,#6943));
#6799 = ADVANCED_FACE('',(#6800),#6836,.T.);
#6800 = FACE_BOUND('',#6801,.T.);
#6801 = EDGE_LOOP('',(#6802,#6813,#6821,#6830));
#6802 = ORIENTED_EDGE('',*,*,#6803,.T.);
#6803 = EDGE_CURVE('',#6804,#6806,#6808,.T.);
#6804 = VERTEX_POINT('',#6805);
#6805 = CARTESIAN_POINT('',(-0.110689046069,-0.229721821458,0.13));
#6806 = VERTEX_POINT('',#6807);
#6807 = CARTESIAN_POINT('',(-7.356015167176E-02,-0.210381851384,0.13));
#6808 = CIRCLE('',#6809,0.1);
#6809 = AXIS2_PLACEMENT_3D('',#6810,#6811,#6812);
#6810 = CARTESIAN_POINT('',(-0.137298412038,-0.133327103539,0.13));
#6811 = DIRECTION('',(0.,0.,1.));
#6812 = DIRECTION('',(1.,0.,0.));
#6813 = ORIENTED_EDGE('',*,*,#6814,.F.);
#6814 = EDGE_CURVE('',#6815,#6806,#6817,.T.);
#6815 = VERTEX_POINT('',#6816);
#6816 = CARTESIAN_POINT('',(-7.356015167176E-02,-0.210381851384,0.16));
#6817 = LINE('',#6818,#6819);
#6818 = CARTESIAN_POINT('',(-7.356015167175E-02,-0.210381851384,0.13));
#6819 = VECTOR('',#6820,1.);
#6820 = DIRECTION('',(-0.,-0.,-1.));
#6821 = ORIENTED_EDGE('',*,*,#6822,.T.);
#6822 = EDGE_CURVE('',#6815,#6823,#6825,.T.);
#6823 = VERTEX_POINT('',#6824);
#6824 = CARTESIAN_POINT('',(-0.110689046069,-0.229721821458,0.16));
#6825 = CIRCLE('',#6826,0.1);
#6826 = AXIS2_PLACEMENT_3D('',#6827,#6828,#6829);
#6827 = CARTESIAN_POINT('',(-0.137298412038,-0.133327103539,0.16));
#6828 = DIRECTION('',(0.,0.,-1.));
#6829 = DIRECTION('',(-1.,0.,0.));
#6830 = ORIENTED_EDGE('',*,*,#6831,.F.);
#6831 = EDGE_CURVE('',#6804,#6823,#6832,.T.);
#6832 = LINE('',#6833,#6834);
#6833 = CARTESIAN_POINT('',(-0.110689046069,-0.229721821458,0.13));
#6834 = VECTOR('',#6835,1.);
#6835 = DIRECTION('',(0.,0.,1.));
#6836 = CYLINDRICAL_SURFACE('',#6837,0.1);
#6837 = AXIS2_PLACEMENT_3D('',#6838,#6839,#6840);
#6838 = CARTESIAN_POINT('',(-0.137298412038,-0.133327103539,0.13));
#6839 = DIRECTION('',(-0.,-0.,-1.));
#6840 = DIRECTION('',(1.,0.,0.));
#6841 = ADVANCED_FACE('',(#6842),#6870,.F.);
#6842 = FACE_BOUND('',#6843,.F.);
#6843 = EDGE_LOOP('',(#6844,#6845,#6854,#6863));
#6844 = ORIENTED_EDGE('',*,*,#6803,.T.);
#6845 = ORIENTED_EDGE('',*,*,#6846,.F.);
#6846 = EDGE_CURVE('',#6847,#6806,#6849,.T.);
#6847 = VERTEX_POINT('',#6848);
#6848 = CARTESIAN_POINT('',(-0.1063809456,-0.226378881965,0.13));
#6849 = CIRCLE('',#6850,0.1);
#6850 = AXIS2_PLACEMENT_3D('',#6851,#6852,#6853);
#6851 = CARTESIAN_POINT('',(-0.133047612267,-0.13,0.13));
#6852 = DIRECTION('',(0.,0.,1.));
#6853 = DIRECTION('',(1.,0.,0.));
#6854 = ORIENTED_EDGE('',*,*,#6855,.T.);
#6855 = EDGE_CURVE('',#6847,#6856,#6858,.T.);
#6856 = VERTEX_POINT('',#6857);
#6857 = CARTESIAN_POINT('',(-0.125740885573,-0.236737781312,0.13));
#6858 = CIRCLE('',#6859,5.E-02);
#6859 = AXIS2_PLACEMENT_3D('',#6860,#6861,#6862);
#6860 = CARTESIAN_POINT('',(-9.304761226663E-02,-0.274568322948,0.13));
#6861 = DIRECTION('',(0.,0.,1.));
#6862 = DIRECTION('',(1.,0.,0.));
#6863 = ORIENTED_EDGE('',*,*,#6864,.F.);
#6864 = EDGE_CURVE('',#6804,#6856,#6865,.T.);
#6865 = CIRCLE('',#6866,5.E-02);
#6866 = AXIS2_PLACEMENT_3D('',#6867,#6868,#6869);
#6867 = CARTESIAN_POINT('',(-9.738436308483E-02,-0.277919180418,0.13));
#6868 = DIRECTION('',(0.,0.,1.));
#6869 = DIRECTION('',(1.,0.,0.));
#6870 = PLANE('',#6871);
#6871 = AXIS2_PLACEMENT_3D('',#6872,#6873,#6874);
#6872 = CARTESIAN_POINT('',(-0.8,-0.424999999996,0.13));
#6873 = DIRECTION('',(0.,0.,1.));
#6874 = DIRECTION('',(1.,0.,0.));
#6875 = ADVANCED_FACE('',(#6876),#6895,.F.);
#6876 = FACE_BOUND('',#6877,.F.);
#6877 = EDGE_LOOP('',(#6878,#6886,#6893,#6894));
#6878 = ORIENTED_EDGE('',*,*,#6879,.F.);
#6879 = EDGE_CURVE('',#6880,#6856,#6882,.T.);
#6880 = VERTEX_POINT('',#6881);
#6881 = CARTESIAN_POINT('',(-0.125740885573,-0.236737781312,0.16));
#6882 = LINE('',#6883,#6884);
#6883 = CARTESIAN_POINT('',(-0.125740885573,-0.236737781312,0.13));
#6884 = VECTOR('',#6885,1.);
#6885 = DIRECTION('',(-0.,-0.,-1.));
#6886 = ORIENTED_EDGE('',*,*,#6887,.T.);
#6887 = EDGE_CURVE('',#6880,#6823,#6888,.T.);
#6888 = CIRCLE('',#6889,5.E-02);
#6889 = AXIS2_PLACEMENT_3D('',#6890,#6891,#6892);
#6890 = CARTESIAN_POINT('',(-9.738436308483E-02,-0.277919180418,0.16));
#6891 = DIRECTION('',(0.,0.,-1.));
#6892 = DIRECTION('',(-1.,0.,0.));
#6893 = ORIENTED_EDGE('',*,*,#6831,.F.);
#6894 = ORIENTED_EDGE('',*,*,#6864,.T.);
#6895 = CYLINDRICAL_SURFACE('',#6896,5.E-02);
#6896 = AXIS2_PLACEMENT_3D('',#6897,#6898,#6899);
#6897 = CARTESIAN_POINT('',(-9.738436308483E-02,-0.277919180418,0.13));
#6898 = DIRECTION('',(-0.,-0.,-1.));
#6899 = DIRECTION('',(1.,0.,0.));
#6900 = ADVANCED_FACE('',(#6901),#6921,.T.);
#6901 = FACE_BOUND('',#6902,.T.);
#6902 = EDGE_LOOP('',(#6903,#6904,#6913,#6920));
#6903 = ORIENTED_EDGE('',*,*,#6822,.F.);
#6904 = ORIENTED_EDGE('',*,*,#6905,.F.);
#6905 = EDGE_CURVE('',#6906,#6815,#6908,.T.);
#6906 = VERTEX_POINT('',#6907);
#6907 = CARTESIAN_POINT('',(-0.1063809456,-0.226378881965,0.16));
#6908 = CIRCLE('',#6909,0.1);
#6909 = AXIS2_PLACEMENT_3D('',#6910,#6911,#6912);
#6910 = CARTESIAN_POINT('',(-0.133047612267,-0.13,0.16));
#6911 = DIRECTION('',(0.,0.,1.));
#6912 = DIRECTION('',(1.,0.,0.));
#6913 = ORIENTED_EDGE('',*,*,#6914,.T.);
#6914 = EDGE_CURVE('',#6906,#6880,#6915,.T.);
#6915 = CIRCLE('',#6916,5.E-02);
#6916 = AXIS2_PLACEMENT_3D('',#6917,#6918,#6919);
#6917 = CARTESIAN_POINT('',(-9.304761226663E-02,-0.274568322948,0.16));
#6918 = DIRECTION('',(0.,0.,1.));
#6919 = DIRECTION('',(1.,0.,0.));
#6920 = ORIENTED_EDGE('',*,*,#6887,.T.);
#6921 = PLANE('',#6922);
#6922 = AXIS2_PLACEMENT_3D('',#6923,#6924,#6925);
#6923 = CARTESIAN_POINT('',(0.55,0.8,0.16));
#6924 = DIRECTION('',(0.,0.,1.));
#6925 = DIRECTION('',(1.,0.,0.));
#6926 = ADVANCED_FACE('',(#6927),#6938,.F.);
#6927 = FACE_BOUND('',#6928,.F.);
#6928 = EDGE_LOOP('',(#6929,#6930,#6936,#6937));
#6929 = ORIENTED_EDGE('',*,*,#6905,.F.);
#6930 = ORIENTED_EDGE('',*,*,#6931,.F.);
#6931 = EDGE_CURVE('',#6847,#6906,#6932,.T.);
#6932 = LINE('',#6933,#6934);
#6933 = CARTESIAN_POINT('',(-0.1063809456,-0.226378881965,0.13));
#6934 = VECTOR('',#6935,1.);
#6935 = DIRECTION('',(0.,0.,1.));
#6936 = ORIENTED_EDGE('',*,*,#6846,.T.);
#6937 = ORIENTED_EDGE('',*,*,#6814,.F.);
#6938 = CYLINDRICAL_SURFACE('',#6939,0.1);
#6939 = AXIS2_PLACEMENT_3D('',#6940,#6941,#6942);
#6940 = CARTESIAN_POINT('',(-0.133047612267,-0.13,0.13));
#6941 = DIRECTION('',(-0.,-0.,-1.));
#6942 = DIRECTION('',(1.,0.,0.));
#6943 = ADVANCED_FACE('',(#6944),#6950,.T.);
#6944 = FACE_BOUND('',#6945,.T.);
#6945 = EDGE_LOOP('',(#6946,#6947,#6948,#6949));
#6946 = ORIENTED_EDGE('',*,*,#6879,.F.);
#6947 = ORIENTED_EDGE('',*,*,#6914,.F.);
#6948 = ORIENTED_EDGE('',*,*,#6931,.F.);
#6949 = ORIENTED_EDGE('',*,*,#6855,.T.);
#6950 = CYLINDRICAL_SURFACE('',#6951,5.E-02);
#6951 = AXIS2_PLACEMENT_3D('',#6952,#6953,#6954);
#6952 = CARTESIAN_POINT('',(-9.304761226663E-02,-0.274568322948,0.13));
#6953 = DIRECTION('',(-0.,-0.,-1.));
#6954 = DIRECTION('',(1.,0.,0.));
#6955 = ORIENTED_CLOSED_SHELL('',*,#6956,.F.);
#6956 = CLOSED_SHELL('',(#6957,#6999,#7032,#7074,#7098,#7133,#7150,#7167
    ));
#6957 = ADVANCED_FACE('',(#6958),#6994,.F.);
#6958 = FACE_BOUND('',#6959,.F.);
#6959 = EDGE_LOOP('',(#6960,#6970,#6979,#6987));
#6960 = ORIENTED_EDGE('',*,*,#6961,.T.);
#6961 = EDGE_CURVE('',#6962,#6964,#6966,.T.);
#6962 = VERTEX_POINT('',#6963);
#6963 = CARTESIAN_POINT('',(-0.116820569411,-0.37398689019,0.16));
#6964 = VERTEX_POINT('',#6965);
#6965 = CARTESIAN_POINT('',(-0.116820569411,-0.37398689019,0.13));
#6966 = LINE('',#6967,#6968);
#6967 = CARTESIAN_POINT('',(-0.116820569411,-0.37398689019,0.13));
#6968 = VECTOR('',#6969,1.);
#6969 = DIRECTION('',(-0.,-0.,-1.));
#6970 = ORIENTED_EDGE('',*,*,#6971,.T.);
#6971 = EDGE_CURVE('',#6964,#6972,#6974,.T.);
#6972 = VERTEX_POINT('',#6973);
#6973 = CARTESIAN_POINT('',(-9.738436308483E-02,-0.377919180418,0.13));
#6974 = CIRCLE('',#6975,5.E-02);
#6975 = AXIS2_PLACEMENT_3D('',#6976,#6977,#6978);
#6976 = CARTESIAN_POINT('',(-9.738436308483E-02,-0.327919180418,0.13));
#6977 = DIRECTION('',(0.,0.,1.));
#6978 = DIRECTION('',(1.,0.,0.));
#6979 = ORIENTED_EDGE('',*,*,#6980,.T.);
#6980 = EDGE_CURVE('',#6972,#6981,#6983,.T.);
#6981 = VERTEX_POINT('',#6982);
#6982 = CARTESIAN_POINT('',(-9.738436308483E-02,-0.377919180418,0.16));
#6983 = LINE('',#6984,#6985);
#6984 = CARTESIAN_POINT('',(-9.738436308483E-02,-0.377919180418,0.13));
#6985 = VECTOR('',#6986,1.);
#6986 = DIRECTION('',(0.,0.,1.));
#6987 = ORIENTED_EDGE('',*,*,#6988,.T.);
#6988 = EDGE_CURVE('',#6981,#6962,#6989,.T.);
#6989 = CIRCLE('',#6990,5.E-02);
#6990 = AXIS2_PLACEMENT_3D('',#6991,#6992,#6993);
#6991 = CARTESIAN_POINT('',(-9.738436308483E-02,-0.327919180418,0.16));
#6992 = DIRECTION('',(0.,0.,-1.));
#6993 = DIRECTION('',(-1.,0.,0.));
#6994 = CYLINDRICAL_SURFACE('',#6995,5.E-02);
#6995 = AXIS2_PLACEMENT_3D('',#6996,#6997,#6998);
#6996 = CARTESIAN_POINT('',(-9.738436308483E-02,-0.327919180418,0.13));
#6997 = DIRECTION('',(-0.,-0.,-1.));
#6998 = DIRECTION('',(1.,0.,0.));
#6999 = ADVANCED_FACE('',(#7000),#7027,.T.);
#7000 = FACE_BOUND('',#7001,.T.);
#7001 = EDGE_LOOP('',(#7002,#7011,#7019,#7026));
#7002 = ORIENTED_EDGE('',*,*,#7003,.T.);
#7003 = EDGE_CURVE('',#6964,#7004,#7006,.T.);
#7004 = VERTEX_POINT('',#7005);
#7005 = CARTESIAN_POINT('',(-9.304761226663E-02,-0.38,0.13));
#7006 = CIRCLE('',#7007,5.E-02);
#7007 = AXIS2_PLACEMENT_3D('',#7008,#7009,#7010);
#7008 = CARTESIAN_POINT('',(-9.304761226663E-02,-0.33,0.13));
#7009 = DIRECTION('',(0.,0.,1.));
#7010 = DIRECTION('',(1.,0.,0.));
#7011 = ORIENTED_EDGE('',*,*,#7012,.T.);
#7012 = EDGE_CURVE('',#7004,#7013,#7015,.T.);
#7013 = VERTEX_POINT('',#7014);
#7014 = CARTESIAN_POINT('',(-9.304761226663E-02,-0.38,0.16));
#7015 = LINE('',#7016,#7017);
#7016 = CARTESIAN_POINT('',(-9.304761226663E-02,-0.38,0.16));
#7017 = VECTOR('',#7018,1.);
#7018 = DIRECTION('',(0.,0.,1.));
#7019 = ORIENTED_EDGE('',*,*,#7020,.F.);
#7020 = EDGE_CURVE('',#6962,#7013,#7021,.T.);
#7021 = CIRCLE('',#7022,5.E-02);
#7022 = AXIS2_PLACEMENT_3D('',#7023,#7024,#7025);
#7023 = CARTESIAN_POINT('',(-9.304761226663E-02,-0.33,0.16));
#7024 = DIRECTION('',(0.,0.,1.));
#7025 = DIRECTION('',(1.,0.,0.));
#7026 = ORIENTED_EDGE('',*,*,#6961,.T.);
#7027 = CYLINDRICAL_SURFACE('',#7028,5.E-02);
#7028 = AXIS2_PLACEMENT_3D('',#7029,#7030,#7031);
#7029 = CARTESIAN_POINT('',(-9.304761226663E-02,-0.33,0.13));
#7030 = DIRECTION('',(0.,0.,1.));
#7031 = DIRECTION('',(-1.,0.,0.));
#7032 = ADVANCED_FACE('',(#7033),#7069,.T.);
#7033 = FACE_BOUND('',#7034,.T.);
#7034 = EDGE_LOOP('',(#7035,#7046,#7055,#7061,#7062,#7063));
#7035 = ORIENTED_EDGE('',*,*,#7036,.F.);
#7036 = EDGE_CURVE('',#7037,#7039,#7041,.T.);
#7037 = VERTEX_POINT('',#7038);
#7038 = CARTESIAN_POINT('',(-6.608272914189E-02,-0.381619802077,0.16));
#7039 = VERTEX_POINT('',#7040);
#7040 = CARTESIAN_POINT('',(-7.804761226663E-02,-0.38,0.16));
#7041 = CIRCLE('',#7042,4.5E-02);
#7042 = AXIS2_PLACEMENT_3D('',#7043,#7044,#7045);
#7043 = CARTESIAN_POINT('',(-7.804761226663E-02,-0.425,0.16));
#7044 = DIRECTION('',(0.,0.,1.));
#7045 = DIRECTION('',(-1.,0.,0.));
#7046 = ORIENTED_EDGE('',*,*,#7047,.T.);
#7047 = EDGE_CURVE('',#7037,#7048,#7050,.T.);
#7048 = VERTEX_POINT('',#7049);
#7049 = CARTESIAN_POINT('',(-8.437923161563E-02,-0.377919180418,0.16));
#7050 = CIRCLE('',#7051,4.70808196E-02);
#7051 = AXIS2_PLACEMENT_3D('',#7052,#7053,#7054);
#7052 = CARTESIAN_POINT('',(-8.437923161563E-02,-0.424999999996,0.16));
#7053 = DIRECTION('',(0.,0.,1.));
#7054 = DIRECTION('',(-1.,0.,0.));
#7055 = ORIENTED_EDGE('',*,*,#7056,.T.);
#7056 = EDGE_CURVE('',#7048,#6981,#7057,.T.);
#7057 = LINE('',#7058,#7059);
#7058 = CARTESIAN_POINT('',(-8.437923161563E-02,-0.377919180418,0.16));
#7059 = VECTOR('',#7060,1.);
#7060 = DIRECTION('',(-1.,-1.72081566565E-15,0.));
#7061 = ORIENTED_EDGE('',*,*,#6988,.T.);
#7062 = ORIENTED_EDGE('',*,*,#7020,.T.);
#7063 = ORIENTED_EDGE('',*,*,#7064,.F.);
#7064 = EDGE_CURVE('',#7039,#7013,#7065,.T.);
#7065 = LINE('',#7066,#7067);
#7066 = CARTESIAN_POINT('',(-7.804761226663E-02,-0.38,0.16));
#7067 = VECTOR('',#7068,1.);
#7068 = DIRECTION('',(-1.,1.668003342285E-15,0.));
#7069 = PLANE('',#7070);
#7070 = AXIS2_PLACEMENT_3D('',#7071,#7072,#7073);
#7071 = CARTESIAN_POINT('',(0.55,0.8,0.16));
#7072 = DIRECTION('',(0.,0.,1.));
#7073 = DIRECTION('',(1.,0.,0.));
#7074 = ADVANCED_FACE('',(#7075),#7093,.T.);
#7075 = FACE_BOUND('',#7076,.F.);
#7076 = EDGE_LOOP('',(#7077,#7078,#7079,#7087));
#7077 = ORIENTED_EDGE('',*,*,#7056,.T.);
#7078 = ORIENTED_EDGE('',*,*,#6980,.F.);
#7079 = ORIENTED_EDGE('',*,*,#7080,.F.);
#7080 = EDGE_CURVE('',#7081,#6972,#7083,.T.);
#7081 = VERTEX_POINT('',#7082);
#7082 = CARTESIAN_POINT('',(-8.437923161563E-02,-0.377919180418,0.13));
#7083 = LINE('',#7084,#7085);
#7084 = CARTESIAN_POINT('',(-8.437923161563E-02,-0.377919180418,0.13));
#7085 = VECTOR('',#7086,1.);
#7086 = DIRECTION('',(-1.,-1.72081566565E-15,0.));
#7087 = ORIENTED_EDGE('',*,*,#7088,.T.);
#7088 = EDGE_CURVE('',#7081,#7048,#7089,.T.);
#7089 = LINE('',#7090,#7091);
#7090 = CARTESIAN_POINT('',(-8.437923161563E-02,-0.377919180418,0.13));
#7091 = VECTOR('',#7092,1.);
#7092 = DIRECTION('',(0.,0.,1.));
#7093 = PLANE('',#7094);
#7094 = AXIS2_PLACEMENT_3D('',#7095,#7096,#7097);
#7095 = CARTESIAN_POINT('',(-8.437923161563E-02,-0.377919180418,0.13));
#7096 = DIRECTION('',(-1.72081566565E-15,1.,0.));
#7097 = DIRECTION('',(-1.,-1.72081566565E-15,0.));
#7098 = ADVANCED_FACE('',(#7099),#7128,.F.);
#7099 = FACE_BOUND('',#7100,.F.);
#7100 = EDGE_LOOP('',(#7101,#7102,#7103,#7111,#7120,#7127));
#7101 = ORIENTED_EDGE('',*,*,#6971,.F.);
#7102 = ORIENTED_EDGE('',*,*,#7003,.T.);
#7103 = ORIENTED_EDGE('',*,*,#7104,.F.);
#7104 = EDGE_CURVE('',#7105,#7004,#7107,.T.);
#7105 = VERTEX_POINT('',#7106);
#7106 = CARTESIAN_POINT('',(-7.804761226663E-02,-0.38,0.13));
#7107 = LINE('',#7108,#7109);
#7108 = CARTESIAN_POINT('',(-7.804761226663E-02,-0.38,0.13));
#7109 = VECTOR('',#7110,1.);
#7110 = DIRECTION('',(-1.,1.668003342285E-15,0.));
#7111 = ORIENTED_EDGE('',*,*,#7112,.F.);
#7112 = EDGE_CURVE('',#7113,#7105,#7115,.T.);
#7113 = VERTEX_POINT('',#7114);
#7114 = CARTESIAN_POINT('',(-6.608272914189E-02,-0.381619802077,0.13));
#7115 = CIRCLE('',#7116,4.5E-02);
#7116 = AXIS2_PLACEMENT_3D('',#7117,#7118,#7119);
#7117 = CARTESIAN_POINT('',(-7.804761226663E-02,-0.425,0.13));
#7118 = DIRECTION('',(0.,0.,1.));
#7119 = DIRECTION('',(-1.,0.,0.));
#7120 = ORIENTED_EDGE('',*,*,#7121,.T.);
#7121 = EDGE_CURVE('',#7113,#7081,#7122,.T.);
#7122 = CIRCLE('',#7123,4.70808196E-02);
#7123 = AXIS2_PLACEMENT_3D('',#7124,#7125,#7126);
#7124 = CARTESIAN_POINT('',(-8.437923161563E-02,-0.424999999996,0.13));
#7125 = DIRECTION('',(0.,0.,1.));
#7126 = DIRECTION('',(-1.,0.,0.));
#7127 = ORIENTED_EDGE('',*,*,#7080,.T.);
#7128 = PLANE('',#7129);
#7129 = AXIS2_PLACEMENT_3D('',#7130,#7131,#7132);
#7130 = CARTESIAN_POINT('',(-0.8,-0.424999999996,0.13));
#7131 = DIRECTION('',(0.,0.,1.));
#7132 = DIRECTION('',(1.,0.,0.));
#7133 = ADVANCED_FACE('',(#7134),#7145,.F.);
#7134 = FACE_BOUND('',#7135,.F.);
#7135 = EDGE_LOOP('',(#7136,#7137,#7138,#7139));
#7136 = ORIENTED_EDGE('',*,*,#7104,.T.);
#7137 = ORIENTED_EDGE('',*,*,#7012,.T.);
#7138 = ORIENTED_EDGE('',*,*,#7064,.F.);
#7139 = ORIENTED_EDGE('',*,*,#7140,.F.);
#7140 = EDGE_CURVE('',#7105,#7039,#7141,.T.);
#7141 = LINE('',#7142,#7143);
#7142 = CARTESIAN_POINT('',(-7.804761226663E-02,-0.38,0.13));
#7143 = VECTOR('',#7144,1.);
#7144 = DIRECTION('',(0.,0.,1.));
#7145 = PLANE('',#7146);
#7146 = AXIS2_PLACEMENT_3D('',#7147,#7148,#7149);
#7147 = CARTESIAN_POINT('',(-7.804761226663E-02,-0.38,0.13));
#7148 = DIRECTION('',(1.668003342285E-15,1.,0.));
#7149 = DIRECTION('',(-1.,1.668003342285E-15,0.));
#7150 = ADVANCED_FACE('',(#7151),#7162,.F.);
#7151 = FACE_BOUND('',#7152,.F.);
#7152 = EDGE_LOOP('',(#7153,#7154,#7160,#7161));
#7153 = ORIENTED_EDGE('',*,*,#7036,.F.);
#7154 = ORIENTED_EDGE('',*,*,#7155,.T.);
#7155 = EDGE_CURVE('',#7037,#7113,#7156,.T.);
#7156 = LINE('',#7157,#7158);
#7157 = CARTESIAN_POINT('',(-6.608272914188E-02,-0.381619802077,0.13));
#7158 = VECTOR('',#7159,1.);
#7159 = DIRECTION('',(-0.,-0.,-1.));
#7160 = ORIENTED_EDGE('',*,*,#7112,.T.);
#7161 = ORIENTED_EDGE('',*,*,#7140,.T.);
#7162 = CYLINDRICAL_SURFACE('',#7163,4.5E-02);
#7163 = AXIS2_PLACEMENT_3D('',#7164,#7165,#7166);
#7164 = CARTESIAN_POINT('',(-7.804761226663E-02,-0.425,0.13));
#7165 = DIRECTION('',(-0.,-0.,-1.));
#7166 = DIRECTION('',(1.,0.,0.));
#7167 = ADVANCED_FACE('',(#7168),#7174,.T.);
#7168 = FACE_BOUND('',#7169,.T.);
#7169 = EDGE_LOOP('',(#7170,#7171,#7172,#7173));
#7170 = ORIENTED_EDGE('',*,*,#7155,.T.);
#7171 = ORIENTED_EDGE('',*,*,#7121,.T.);
#7172 = ORIENTED_EDGE('',*,*,#7088,.T.);
#7173 = ORIENTED_EDGE('',*,*,#7047,.F.);
#7174 = CYLINDRICAL_SURFACE('',#7175,4.70808196E-02);
#7175 = AXIS2_PLACEMENT_3D('',#7176,#7177,#7178);
#7176 = CARTESIAN_POINT('',(-8.437923161563E-02,-0.424999999996,0.13));
#7177 = DIRECTION('',(-0.,-0.,-1.));
#7178 = DIRECTION('',(1.,0.,0.));
#7179 = ORIENTED_CLOSED_SHELL('',*,#7180,.F.);
#7180 = CLOSED_SHELL('',(#7181,#7223,#7282,#7306,#7358,#7375,#7392,#7409
    ,#7426));
#7181 = ADVANCED_FACE('',(#7182),#7218,.F.);
#7182 = FACE_BOUND('',#7183,.F.);
#7183 = EDGE_LOOP('',(#7184,#7195,#7203,#7212));
#7184 = ORIENTED_EDGE('',*,*,#7185,.T.);
#7185 = EDGE_CURVE('',#7186,#7188,#7190,.T.);
#7186 = VERTEX_POINT('',#7187);
#7187 = CARTESIAN_POINT('',(0.500263110378,-0.537061576817,0.13));
#7188 = VERTEX_POINT('',#7189);
#7189 = CARTESIAN_POINT('',(0.406595332371,-0.472080819573,0.13));
#7190 = CIRCLE('',#7191,0.1);
#7191 = AXIS2_PLACEMENT_3D('',#7192,#7193,#7194);
#7192 = CARTESIAN_POINT('',(0.406595332371,-0.572080819573,0.13));
#7193 = DIRECTION('',(0.,0.,1.));
#7194 = DIRECTION('',(1.,0.,0.));
#7195 = ORIENTED_EDGE('',*,*,#7196,.T.);
#7196 = EDGE_CURVE('',#7188,#7197,#7199,.T.);
#7197 = VERTEX_POINT('',#7198);
#7198 = CARTESIAN_POINT('',(0.406595332371,-0.472080819573,0.16));
#7199 = LINE('',#7200,#7201);
#7200 = CARTESIAN_POINT('',(0.406595332371,-0.472080819573,0.13));
#7201 = VECTOR('',#7202,1.);
#7202 = DIRECTION('',(0.,0.,1.));
#7203 = ORIENTED_EDGE('',*,*,#7204,.T.);
#7204 = EDGE_CURVE('',#7197,#7205,#7207,.T.);
#7205 = VERTEX_POINT('',#7206);
#7206 = CARTESIAN_POINT('',(0.500263110378,-0.537061576817,0.16));
#7207 = CIRCLE('',#7208,0.1);
#7208 = AXIS2_PLACEMENT_3D('',#7209,#7210,#7211);
#7209 = CARTESIAN_POINT('',(0.406595332371,-0.572080819573,0.16));
#7210 = DIRECTION('',(0.,0.,-1.));
#7211 = DIRECTION('',(-1.,0.,0.));
#7212 = ORIENTED_EDGE('',*,*,#7213,.F.);
#7213 = EDGE_CURVE('',#7186,#7205,#7214,.T.);
#7214 = LINE('',#7215,#7216);
#7215 = CARTESIAN_POINT('',(0.500263110378,-0.537061576817,0.13));
#7216 = VECTOR('',#7217,1.);
#7217 = DIRECTION('',(0.,0.,1.));
#7218 = CYLINDRICAL_SURFACE('',#7219,0.1);
#7219 = AXIS2_PLACEMENT_3D('',#7220,#7221,#7222);
#7220 = CARTESIAN_POINT('',(0.406595332371,-0.572080819573,0.13));
#7221 = DIRECTION('',(-0.,-0.,-1.));
#7222 = DIRECTION('',(1.,0.,0.));
#7223 = ADVANCED_FACE('',(#7224),#7277,.F.);
#7224 = FACE_BOUND('',#7225,.F.);
#7225 = EDGE_LOOP('',(#7226,#7227,#7236,#7245,#7253,#7262,#7271));
#7226 = ORIENTED_EDGE('',*,*,#7185,.F.);
#7227 = ORIENTED_EDGE('',*,*,#7228,.T.);
#7228 = EDGE_CURVE('',#7186,#7229,#7231,.T.);
#7229 = VERTEX_POINT('',#7230);
#7230 = CARTESIAN_POINT('',(0.499675156991,-0.535476190475,0.13));
#7231 = CIRCLE('',#7232,0.32);
#7232 = AXIS2_PLACEMENT_3D('',#7233,#7234,#7235);
#7233 = CARTESIAN_POINT('',(0.8,-0.425,0.13));
#7234 = DIRECTION('',(0.,0.,-1.));
#7235 = DIRECTION('',(1.,0.,0.));
#7236 = ORIENTED_EDGE('',*,*,#7237,.F.);
#7237 = EDGE_CURVE('',#7238,#7229,#7240,.T.);
#7238 = VERTEX_POINT('',#7239);
#7239 = CARTESIAN_POINT('',(0.405823643546,-0.47,0.13));
#7240 = CIRCLE('',#7241,0.1);
#7241 = AXIS2_PLACEMENT_3D('',#7242,#7243,#7244);
#7242 = CARTESIAN_POINT('',(0.405823643546,-0.57,0.13));
#7243 = DIRECTION('',(0.,0.,-1.));
#7244 = DIRECTION('',(-1.,0.,0.));
#7245 = ORIENTED_EDGE('',*,*,#7246,.T.);
#7246 = EDGE_CURVE('',#7238,#7247,#7249,.T.);
#7247 = VERTEX_POINT('',#7248);
#7248 = CARTESIAN_POINT('',(0.363179861766,-0.47,0.13));
#7249 = LINE('',#7250,#7251);
#7250 = CARTESIAN_POINT('',(0.313179861766,-0.47,0.13));
#7251 = VECTOR('',#7252,1.);
#7252 = DIRECTION('',(-1.,0.,0.));
#7253 = ORIENTED_EDGE('',*,*,#7254,.F.);
#7254 = EDGE_CURVE('',#7255,#7247,#7257,.T.);
#7255 = VERTEX_POINT('',#7256);
#7256 = CARTESIAN_POINT('',(0.333382908742,-0.479848516958,0.13));
#7257 = CIRCLE('',#7258,5.E-02);
#7258 = AXIS2_PLACEMENT_3D('',#7259,#7260,#7261);
#7259 = CARTESIAN_POINT('',(0.363179861766,-0.52,0.13));
#7260 = DIRECTION('',(0.,0.,-1.));
#7261 = DIRECTION('',(-1.,0.,0.));
#7262 = ORIENTED_EDGE('',*,*,#7263,.F.);
#7263 = EDGE_CURVE('',#7264,#7255,#7266,.T.);
#7264 = VERTEX_POINT('',#7265);
#7265 = CARTESIAN_POINT('',(0.360149167648,-0.472080819573,0.13));
#7266 = CIRCLE('',#7267,5.E-02);
#7267 = AXIS2_PLACEMENT_3D('',#7268,#7269,#7270);
#7268 = CARTESIAN_POINT('',(0.360149167648,-0.522080819573,0.13));
#7269 = DIRECTION('',(0.,0.,1.));
#7270 = DIRECTION('',(1.,0.,0.));
#7271 = ORIENTED_EDGE('',*,*,#7272,.T.);
#7272 = EDGE_CURVE('',#7264,#7188,#7273,.T.);
#7273 = LINE('',#7274,#7275);
#7274 = CARTESIAN_POINT('',(0.310149167648,-0.472080819573,0.13));
#7275 = VECTOR('',#7276,1.);
#7276 = DIRECTION('',(1.,0.,0.));
#7277 = PLANE('',#7278);
#7278 = AXIS2_PLACEMENT_3D('',#7279,#7280,#7281);
#7279 = CARTESIAN_POINT('',(0.8,-0.424999999996,0.13));
#7280 = DIRECTION('',(0.,0.,1.));
#7281 = DIRECTION('',(1.,0.,0.));
#7282 = ADVANCED_FACE('',(#7283),#7301,.T.);
#7283 = FACE_BOUND('',#7284,.F.);
#7284 = EDGE_LOOP('',(#7285,#7293,#7294,#7295));
#7285 = ORIENTED_EDGE('',*,*,#7286,.T.);
#7286 = EDGE_CURVE('',#7287,#7197,#7289,.T.);
#7287 = VERTEX_POINT('',#7288);
#7288 = CARTESIAN_POINT('',(0.360149167648,-0.472080819573,0.16));
#7289 = LINE('',#7290,#7291);
#7290 = CARTESIAN_POINT('',(0.310149167648,-0.472080819573,0.16));
#7291 = VECTOR('',#7292,1.);
#7292 = DIRECTION('',(1.,0.,0.));
#7293 = ORIENTED_EDGE('',*,*,#7196,.F.);
#7294 = ORIENTED_EDGE('',*,*,#7272,.F.);
#7295 = ORIENTED_EDGE('',*,*,#7296,.T.);
#7296 = EDGE_CURVE('',#7264,#7287,#7297,.T.);
#7297 = LINE('',#7298,#7299);
#7298 = CARTESIAN_POINT('',(0.360149167648,-0.472080819573,0.13));
#7299 = VECTOR('',#7300,1.);
#7300 = DIRECTION('',(0.,0.,1.));
#7301 = PLANE('',#7302);
#7302 = AXIS2_PLACEMENT_3D('',#7303,#7304,#7305);
#7303 = CARTESIAN_POINT('',(0.310149167648,-0.472080819573,0.13));
#7304 = DIRECTION('',(0.,-1.,0.));
#7305 = DIRECTION('',(0.,0.,-1.));
#7306 = ADVANCED_FACE('',(#7307),#7353,.T.);
#7307 = FACE_BOUND('',#7308,.T.);
#7308 = EDGE_LOOP('',(#7309,#7310,#7319,#7328,#7336,#7345,#7352));
#7309 = ORIENTED_EDGE('',*,*,#7204,.T.);
#7310 = ORIENTED_EDGE('',*,*,#7311,.T.);
#7311 = EDGE_CURVE('',#7205,#7312,#7314,.T.);
#7312 = VERTEX_POINT('',#7313);
#7313 = CARTESIAN_POINT('',(0.499675156991,-0.535476190475,0.16));
#7314 = CIRCLE('',#7315,0.32);
#7315 = AXIS2_PLACEMENT_3D('',#7316,#7317,#7318);
#7316 = CARTESIAN_POINT('',(0.8,-0.425,0.16));
#7317 = DIRECTION('',(0.,0.,-1.));
#7318 = DIRECTION('',(1.,0.,0.));
#7319 = ORIENTED_EDGE('',*,*,#7320,.F.);
#7320 = EDGE_CURVE('',#7321,#7312,#7323,.T.);
#7321 = VERTEX_POINT('',#7322);
#7322 = CARTESIAN_POINT('',(0.405823643546,-0.47,0.16));
#7323 = CIRCLE('',#7324,0.1);
#7324 = AXIS2_PLACEMENT_3D('',#7325,#7326,#7327);
#7325 = CARTESIAN_POINT('',(0.405823643546,-0.57,0.16));
#7326 = DIRECTION('',(0.,0.,-1.));
#7327 = DIRECTION('',(-1.,0.,0.));
#7328 = ORIENTED_EDGE('',*,*,#7329,.T.);
#7329 = EDGE_CURVE('',#7321,#7330,#7332,.T.);
#7330 = VERTEX_POINT('',#7331);
#7331 = CARTESIAN_POINT('',(0.363179861766,-0.47,0.16));
#7332 = LINE('',#7333,#7334);
#7333 = CARTESIAN_POINT('',(0.313179861766,-0.47,0.16));
#7334 = VECTOR('',#7335,1.);
#7335 = DIRECTION('',(-1.,0.,0.));
#7336 = ORIENTED_EDGE('',*,*,#7337,.F.);
#7337 = EDGE_CURVE('',#7338,#7330,#7340,.T.);
#7338 = VERTEX_POINT('',#7339);
#7339 = CARTESIAN_POINT('',(0.333382908742,-0.479848516958,0.16));
#7340 = CIRCLE('',#7341,5.E-02);
#7341 = AXIS2_PLACEMENT_3D('',#7342,#7343,#7344);
#7342 = CARTESIAN_POINT('',(0.363179861766,-0.52,0.16));
#7343 = DIRECTION('',(0.,0.,-1.));
#7344 = DIRECTION('',(-1.,0.,0.));
#7345 = ORIENTED_EDGE('',*,*,#7346,.T.);
#7346 = EDGE_CURVE('',#7338,#7287,#7347,.T.);
#7347 = CIRCLE('',#7348,5.E-02);
#7348 = AXIS2_PLACEMENT_3D('',#7349,#7350,#7351);
#7349 = CARTESIAN_POINT('',(0.360149167648,-0.522080819573,0.16));
#7350 = DIRECTION('',(0.,0.,-1.));
#7351 = DIRECTION('',(-1.,0.,0.));
#7352 = ORIENTED_EDGE('',*,*,#7286,.T.);
#7353 = PLANE('',#7354);
#7354 = AXIS2_PLACEMENT_3D('',#7355,#7356,#7357);
#7355 = CARTESIAN_POINT('',(0.55,0.8,0.16));
#7356 = DIRECTION('',(0.,0.,1.));
#7357 = DIRECTION('',(1.,0.,0.));
#7358 = ADVANCED_FACE('',(#7359),#7370,.F.);
#7359 = FACE_BOUND('',#7360,.F.);
#7360 = EDGE_LOOP('',(#7361,#7362,#7363,#7369));
#7361 = ORIENTED_EDGE('',*,*,#7213,.T.);
#7362 = ORIENTED_EDGE('',*,*,#7311,.T.);
#7363 = ORIENTED_EDGE('',*,*,#7364,.F.);
#7364 = EDGE_CURVE('',#7229,#7312,#7365,.T.);
#7365 = LINE('',#7366,#7367);
#7366 = CARTESIAN_POINT('',(0.499675156991,-0.535476190475,0.13));
#7367 = VECTOR('',#7368,1.);
#7368 = DIRECTION('',(0.,0.,1.));
#7369 = ORIENTED_EDGE('',*,*,#7228,.F.);
#7370 = CYLINDRICAL_SURFACE('',#7371,0.32);
#7371 = AXIS2_PLACEMENT_3D('',#7372,#7373,#7374);
#7372 = CARTESIAN_POINT('',(0.8,-0.425,0.13));
#7373 = DIRECTION('',(-0.,-0.,-1.));
#7374 = DIRECTION('',(1.,0.,0.));
#7375 = ADVANCED_FACE('',(#7376),#7387,.F.);
#7376 = FACE_BOUND('',#7377,.F.);
#7377 = EDGE_LOOP('',(#7378,#7379,#7380,#7386));
#7378 = ORIENTED_EDGE('',*,*,#7296,.F.);
#7379 = ORIENTED_EDGE('',*,*,#7263,.T.);
#7380 = ORIENTED_EDGE('',*,*,#7381,.F.);
#7381 = EDGE_CURVE('',#7338,#7255,#7382,.T.);
#7382 = LINE('',#7383,#7384);
#7383 = CARTESIAN_POINT('',(0.333382908742,-0.479848516958,0.13));
#7384 = VECTOR('',#7385,1.);
#7385 = DIRECTION('',(-0.,-0.,-1.));
#7386 = ORIENTED_EDGE('',*,*,#7346,.T.);
#7387 = CYLINDRICAL_SURFACE('',#7388,5.E-02);
#7388 = AXIS2_PLACEMENT_3D('',#7389,#7390,#7391);
#7389 = CARTESIAN_POINT('',(0.360149167648,-0.522080819573,0.13));
#7390 = DIRECTION('',(-0.,-0.,-1.));
#7391 = DIRECTION('',(1.,0.,0.));
#7392 = ADVANCED_FACE('',(#7393),#7404,.T.);
#7393 = FACE_BOUND('',#7394,.T.);
#7394 = EDGE_LOOP('',(#7395,#7396,#7397,#7398));
#7395 = ORIENTED_EDGE('',*,*,#7254,.F.);
#7396 = ORIENTED_EDGE('',*,*,#7381,.F.);
#7397 = ORIENTED_EDGE('',*,*,#7337,.T.);
#7398 = ORIENTED_EDGE('',*,*,#7399,.F.);
#7399 = EDGE_CURVE('',#7247,#7330,#7400,.T.);
#7400 = LINE('',#7401,#7402);
#7401 = CARTESIAN_POINT('',(0.363179861766,-0.47,0.13));
#7402 = VECTOR('',#7403,1.);
#7403 = DIRECTION('',(0.,0.,1.));
#7404 = CYLINDRICAL_SURFACE('',#7405,5.E-02);
#7405 = AXIS2_PLACEMENT_3D('',#7406,#7407,#7408);
#7406 = CARTESIAN_POINT('',(0.363179861766,-0.52,0.13));
#7407 = DIRECTION('',(0.,0.,1.));
#7408 = DIRECTION('',(-1.,0.,0.));
#7409 = ADVANCED_FACE('',(#7410),#7421,.T.);
#7410 = FACE_BOUND('',#7411,.F.);
#7411 = EDGE_LOOP('',(#7412,#7413,#7414,#7415));
#7412 = ORIENTED_EDGE('',*,*,#7329,.T.);
#7413 = ORIENTED_EDGE('',*,*,#7399,.F.);
#7414 = ORIENTED_EDGE('',*,*,#7246,.F.);
#7415 = ORIENTED_EDGE('',*,*,#7416,.F.);
#7416 = EDGE_CURVE('',#7321,#7238,#7417,.T.);
#7417 = LINE('',#7418,#7419);
#7418 = CARTESIAN_POINT('',(0.405823643546,-0.47,0.16));
#7419 = VECTOR('',#7420,1.);
#7420 = DIRECTION('',(0.,0.,-1.));
#7421 = PLANE('',#7422);
#7422 = AXIS2_PLACEMENT_3D('',#7423,#7424,#7425);
#7423 = CARTESIAN_POINT('',(0.313179861766,-0.47,0.13));
#7424 = DIRECTION('',(0.,1.,0.));
#7425 = DIRECTION('',(0.,0.,1.));
#7426 = ADVANCED_FACE('',(#7427),#7433,.T.);
#7427 = FACE_BOUND('',#7428,.T.);
#7428 = EDGE_LOOP('',(#7429,#7430,#7431,#7432));
#7429 = ORIENTED_EDGE('',*,*,#7416,.F.);
#7430 = ORIENTED_EDGE('',*,*,#7320,.T.);
#7431 = ORIENTED_EDGE('',*,*,#7364,.F.);
#7432 = ORIENTED_EDGE('',*,*,#7237,.F.);
#7433 = CYLINDRICAL_SURFACE('',#7434,0.1);
#7434 = AXIS2_PLACEMENT_3D('',#7435,#7436,#7437);
#7435 = CARTESIAN_POINT('',(0.405823643546,-0.57,0.13));
#7436 = DIRECTION('',(-0.,-0.,-1.));
#7437 = DIRECTION('',(1.,0.,0.));
#7438 = ORIENTED_CLOSED_SHELL('',*,#7439,.F.);
#7439 = CLOSED_SHELL('',(#7440,#7482,#7532,#7557,#7599,#7616,#7633,#7650
    ));
#7440 = ADVANCED_FACE('',(#7441),#7477,.F.);
#7441 = FACE_BOUND('',#7442,.F.);
#7442 = EDGE_LOOP('',(#7443,#7454,#7462,#7471));
#7443 = ORIENTED_EDGE('',*,*,#7444,.F.);
#7444 = EDGE_CURVE('',#7445,#7447,#7449,.T.);
#7445 = VERTEX_POINT('',#7446);
#7446 = CARTESIAN_POINT('',(-0.406595332371,0.472080819573,0.13));
#7447 = VERTEX_POINT('',#7448);
#7448 = CARTESIAN_POINT('',(-0.497735954006,0.530930034793,0.13));
#7449 = CIRCLE('',#7450,0.1);
#7450 = AXIS2_PLACEMENT_3D('',#7451,#7452,#7453);
#7451 = CARTESIAN_POINT('',(-0.406595332371,0.572080819573,0.13));
#7452 = DIRECTION('',(0.,0.,-1.));
#7453 = DIRECTION('',(-1.,0.,0.));
#7454 = ORIENTED_EDGE('',*,*,#7455,.T.);
#7455 = EDGE_CURVE('',#7445,#7456,#7458,.T.);
#7456 = VERTEX_POINT('',#7457);
#7457 = CARTESIAN_POINT('',(-0.406595332371,0.472080819573,0.16));
#7458 = LINE('',#7459,#7460);
#7459 = CARTESIAN_POINT('',(-0.406595332371,0.472080819573,0.13));
#7460 = VECTOR('',#7461,1.);
#7461 = DIRECTION('',(0.,0.,1.));
#7462 = ORIENTED_EDGE('',*,*,#7463,.T.);
#7463 = EDGE_CURVE('',#7456,#7464,#7466,.T.);
#7464 = VERTEX_POINT('',#7465);
#7465 = CARTESIAN_POINT('',(-0.497735954006,0.530930034793,0.16));
#7466 = CIRCLE('',#7467,0.1);
#7467 = AXIS2_PLACEMENT_3D('',#7468,#7469,#7470);
#7468 = CARTESIAN_POINT('',(-0.406595332371,0.572080819573,0.16));
#7469 = DIRECTION('',(0.,0.,-1.));
#7470 = DIRECTION('',(-1.,0.,0.));
#7471 = ORIENTED_EDGE('',*,*,#7472,.T.);
#7472 = EDGE_CURVE('',#7464,#7447,#7473,.T.);
#7473 = LINE('',#7474,#7475);
#7474 = CARTESIAN_POINT('',(-0.497735954006,0.530930034793,0.13));
#7475 = VECTOR('',#7476,1.);
#7476 = DIRECTION('',(-0.,-0.,-1.));
#7477 = CYLINDRICAL_SURFACE('',#7478,0.1);
#7478 = AXIS2_PLACEMENT_3D('',#7479,#7480,#7481);
#7479 = CARTESIAN_POINT('',(-0.406595332371,0.572080819573,0.13));
#7480 = DIRECTION('',(-0.,-0.,-1.));
#7481 = DIRECTION('',(1.,0.,0.));
#7482 = ADVANCED_FACE('',(#7483),#7527,.T.);
#7483 = FACE_BOUND('',#7484,.T.);
#7484 = EDGE_LOOP('',(#7485,#7496,#7505,#7513,#7520,#7521));
#7485 = ORIENTED_EDGE('',*,*,#7486,.T.);
#7486 = EDGE_CURVE('',#7487,#7489,#7491,.T.);
#7487 = VERTEX_POINT('',#7488);
#7488 = CARTESIAN_POINT('',(-8.437923161563E-02,0.472080819573,0.13));
#7489 = VERTEX_POINT('',#7490);
#7490 = CARTESIAN_POINT('',(-6.608272920119E-02,0.468380197939,0.13));
#7491 = CIRCLE('',#7492,4.70808196E-02);
#7492 = AXIS2_PLACEMENT_3D('',#7493,#7494,#7495);
#7493 = CARTESIAN_POINT('',(-8.437923161563E-02,0.424999999996,0.13));
#7494 = DIRECTION('',(0.,0.,-1.));
#7495 = DIRECTION('',(-1.,0.,0.));
#7496 = ORIENTED_EDGE('',*,*,#7497,.T.);
#7497 = EDGE_CURVE('',#7489,#7498,#7500,.T.);
#7498 = VERTEX_POINT('',#7499);
#7499 = CARTESIAN_POINT('',(-7.804761226663E-02,0.47,0.13));
#7500 = CIRCLE('',#7501,4.5E-02);
#7501 = AXIS2_PLACEMENT_3D('',#7502,#7503,#7504);
#7502 = CARTESIAN_POINT('',(-7.804761226663E-02,0.425,0.13));
#7503 = DIRECTION('',(0.,0.,1.));
#7504 = DIRECTION('',(-1.,0.,0.));
#7505 = ORIENTED_EDGE('',*,*,#7506,.T.);
#7506 = EDGE_CURVE('',#7498,#7507,#7509,.T.);
#7507 = VERTEX_POINT('',#7508);
#7508 = CARTESIAN_POINT('',(-0.405684132629,0.47,0.13));
#7509 = LINE('',#7510,#7511);
#7510 = CARTESIAN_POINT('',(-0.483047612267,0.47,0.13));
#7511 = VECTOR('',#7512,1.);
#7512 = DIRECTION('',(-1.,-1.338521200599E-16,0.));
#7513 = ORIENTED_EDGE('',*,*,#7514,.F.);
#7514 = EDGE_CURVE('',#7447,#7507,#7515,.T.);
#7515 = CIRCLE('',#7516,0.1);
#7516 = AXIS2_PLACEMENT_3D('',#7517,#7518,#7519);
#7517 = CARTESIAN_POINT('',(-0.405684132629,0.57,0.13));
#7518 = DIRECTION('',(0.,0.,1.));
#7519 = DIRECTION('',(1.,0.,0.));
#7520 = ORIENTED_EDGE('',*,*,#7444,.F.);
#7521 = ORIENTED_EDGE('',*,*,#7522,.T.);
#7522 = EDGE_CURVE('',#7445,#7487,#7523,.T.);
#7523 = LINE('',#7524,#7525);
#7524 = CARTESIAN_POINT('',(-0.483482391599,0.472080819573,0.13));
#7525 = VECTOR('',#7526,1.);
#7526 = DIRECTION('',(1.,0.,0.));
#7527 = PLANE('',#7528);
#7528 = AXIS2_PLACEMENT_3D('',#7529,#7530,#7531);
#7529 = CARTESIAN_POINT('',(-0.8,0.424999999996,0.13));
#7530 = DIRECTION('',(0.,0.,-1.));
#7531 = DIRECTION('',(-1.,0.,0.));
#7532 = ADVANCED_FACE('',(#7533),#7552,.T.);
#7533 = FACE_BOUND('',#7534,.T.);
#7534 = EDGE_LOOP('',(#7535,#7543,#7550,#7551));
#7535 = ORIENTED_EDGE('',*,*,#7536,.F.);
#7536 = EDGE_CURVE('',#7537,#7507,#7539,.T.);
#7537 = VERTEX_POINT('',#7538);
#7538 = CARTESIAN_POINT('',(-0.405684132629,0.47,0.16));
#7539 = LINE('',#7540,#7541);
#7540 = CARTESIAN_POINT('',(-0.405684132629,0.47,0.16));
#7541 = VECTOR('',#7542,1.);
#7542 = DIRECTION('',(0.,0.,-1.));
#7543 = ORIENTED_EDGE('',*,*,#7544,.F.);
#7544 = EDGE_CURVE('',#7464,#7537,#7545,.T.);
#7545 = CIRCLE('',#7546,0.1);
#7546 = AXIS2_PLACEMENT_3D('',#7547,#7548,#7549);
#7547 = CARTESIAN_POINT('',(-0.405684132629,0.57,0.16));
#7548 = DIRECTION('',(0.,0.,1.));
#7549 = DIRECTION('',(1.,0.,0.));
#7550 = ORIENTED_EDGE('',*,*,#7472,.T.);
#7551 = ORIENTED_EDGE('',*,*,#7514,.T.);
#7552 = CYLINDRICAL_SURFACE('',#7553,0.1);
#7553 = AXIS2_PLACEMENT_3D('',#7554,#7555,#7556);
#7554 = CARTESIAN_POINT('',(-0.405684132629,0.57,0.13));
#7555 = DIRECTION('',(-0.,-0.,-1.));
#7556 = DIRECTION('',(1.,0.,0.));
#7557 = ADVANCED_FACE('',(#7558),#7594,.T.);
#7558 = FACE_BOUND('',#7559,.T.);
#7559 = EDGE_LOOP('',(#7560,#7561,#7562,#7570,#7579,#7588));
#7560 = ORIENTED_EDGE('',*,*,#7463,.T.);
#7561 = ORIENTED_EDGE('',*,*,#7544,.T.);
#7562 = ORIENTED_EDGE('',*,*,#7563,.F.);
#7563 = EDGE_CURVE('',#7564,#7537,#7566,.T.);
#7564 = VERTEX_POINT('',#7565);
#7565 = CARTESIAN_POINT('',(-7.804761226663E-02,0.47,0.16));
#7566 = LINE('',#7567,#7568);
#7567 = CARTESIAN_POINT('',(-0.483047612267,0.47,0.16));
#7568 = VECTOR('',#7569,1.);
#7569 = DIRECTION('',(-1.,-1.338521200599E-16,0.));
#7570 = ORIENTED_EDGE('',*,*,#7571,.F.);
#7571 = EDGE_CURVE('',#7572,#7564,#7574,.T.);
#7572 = VERTEX_POINT('',#7573);
#7573 = CARTESIAN_POINT('',(-6.608272920119E-02,0.468380197939,0.16));
#7574 = CIRCLE('',#7575,4.5E-02);
#7575 = AXIS2_PLACEMENT_3D('',#7576,#7577,#7578);
#7576 = CARTESIAN_POINT('',(-7.804761226663E-02,0.425,0.16));
#7577 = DIRECTION('',(0.,0.,1.));
#7578 = DIRECTION('',(-1.,0.,0.));
#7579 = ORIENTED_EDGE('',*,*,#7580,.F.);
#7580 = EDGE_CURVE('',#7581,#7572,#7583,.T.);
#7581 = VERTEX_POINT('',#7582);
#7582 = CARTESIAN_POINT('',(-8.437923161563E-02,0.472080819573,0.16));
#7583 = CIRCLE('',#7584,4.70808196E-02);
#7584 = AXIS2_PLACEMENT_3D('',#7585,#7586,#7587);
#7585 = CARTESIAN_POINT('',(-8.437923161563E-02,0.424999999996,0.16));
#7586 = DIRECTION('',(0.,0.,-1.));
#7587 = DIRECTION('',(-1.,0.,0.));
#7588 = ORIENTED_EDGE('',*,*,#7589,.F.);
#7589 = EDGE_CURVE('',#7456,#7581,#7590,.T.);
#7590 = LINE('',#7591,#7592);
#7591 = CARTESIAN_POINT('',(-0.483482391599,0.472080819573,0.16));
#7592 = VECTOR('',#7593,1.);
#7593 = DIRECTION('',(1.,0.,0.));
#7594 = PLANE('',#7595);
#7595 = AXIS2_PLACEMENT_3D('',#7596,#7597,#7598);
#7596 = CARTESIAN_POINT('',(0.55,0.8,0.16));
#7597 = DIRECTION('',(0.,0.,1.));
#7598 = DIRECTION('',(1.,0.,0.));
#7599 = ADVANCED_FACE('',(#7600),#7611,.F.);
#7600 = FACE_BOUND('',#7601,.F.);
#7601 = EDGE_LOOP('',(#7602,#7603,#7604,#7605));
#7602 = ORIENTED_EDGE('',*,*,#7589,.F.);
#7603 = ORIENTED_EDGE('',*,*,#7455,.F.);
#7604 = ORIENTED_EDGE('',*,*,#7522,.T.);
#7605 = ORIENTED_EDGE('',*,*,#7606,.T.);
#7606 = EDGE_CURVE('',#7487,#7581,#7607,.T.);
#7607 = LINE('',#7608,#7609);
#7608 = CARTESIAN_POINT('',(-8.437923161563E-02,0.472080819573,0.13));
#7609 = VECTOR('',#7610,1.);
#7610 = DIRECTION('',(0.,0.,1.));
#7611 = PLANE('',#7612);
#7612 = AXIS2_PLACEMENT_3D('',#7613,#7614,#7615);
#7613 = CARTESIAN_POINT('',(-0.483482391599,0.472080819573,0.13));
#7614 = DIRECTION('',(0.,-1.,0.));
#7615 = DIRECTION('',(0.,0.,-1.));
#7616 = ADVANCED_FACE('',(#7617),#7628,.T.);
#7617 = FACE_BOUND('',#7618,.T.);
#7618 = EDGE_LOOP('',(#7619,#7625,#7626,#7627));
#7619 = ORIENTED_EDGE('',*,*,#7620,.T.);
#7620 = EDGE_CURVE('',#7572,#7489,#7621,.T.);
#7621 = LINE('',#7622,#7623);
#7622 = CARTESIAN_POINT('',(-6.60827292012E-02,0.468380197939,0.13));
#7623 = VECTOR('',#7624,1.);
#7624 = DIRECTION('',(-0.,-0.,-1.));
#7625 = ORIENTED_EDGE('',*,*,#7486,.F.);
#7626 = ORIENTED_EDGE('',*,*,#7606,.T.);
#7627 = ORIENTED_EDGE('',*,*,#7580,.T.);
#7628 = CYLINDRICAL_SURFACE('',#7629,4.70808196E-02);
#7629 = AXIS2_PLACEMENT_3D('',#7630,#7631,#7632);
#7630 = CARTESIAN_POINT('',(-8.437923161563E-02,0.424999999996,0.13));
#7631 = DIRECTION('',(-0.,-0.,-1.));
#7632 = DIRECTION('',(1.,0.,0.));
#7633 = ADVANCED_FACE('',(#7634),#7645,.F.);
#7634 = FACE_BOUND('',#7635,.F.);
#7635 = EDGE_LOOP('',(#7636,#7637,#7638,#7639));
#7636 = ORIENTED_EDGE('',*,*,#7506,.T.);
#7637 = ORIENTED_EDGE('',*,*,#7536,.F.);
#7638 = ORIENTED_EDGE('',*,*,#7563,.F.);
#7639 = ORIENTED_EDGE('',*,*,#7640,.F.);
#7640 = EDGE_CURVE('',#7498,#7564,#7641,.T.);
#7641 = LINE('',#7642,#7643);
#7642 = CARTESIAN_POINT('',(-7.804761226663E-02,0.47,0.13));
#7643 = VECTOR('',#7644,1.);
#7644 = DIRECTION('',(0.,0.,1.));
#7645 = PLANE('',#7646);
#7646 = AXIS2_PLACEMENT_3D('',#7647,#7648,#7649);
#7647 = CARTESIAN_POINT('',(-0.483047612267,0.47,0.13));
#7648 = DIRECTION('',(-1.338521200599E-16,1.,0.));
#7649 = DIRECTION('',(-1.,-1.338521200599E-16,0.));
#7650 = ADVANCED_FACE('',(#7651),#7657,.F.);
#7651 = FACE_BOUND('',#7652,.F.);
#7652 = EDGE_LOOP('',(#7653,#7654,#7655,#7656));
#7653 = ORIENTED_EDGE('',*,*,#7571,.F.);
#7654 = ORIENTED_EDGE('',*,*,#7620,.T.);
#7655 = ORIENTED_EDGE('',*,*,#7497,.T.);
#7656 = ORIENTED_EDGE('',*,*,#7640,.T.);
#7657 = CYLINDRICAL_SURFACE('',#7658,4.5E-02);
#7658 = AXIS2_PLACEMENT_3D('',#7659,#7660,#7661);
#7659 = CARTESIAN_POINT('',(-7.804761226663E-02,0.425,0.13));
#7660 = DIRECTION('',(-0.,-0.,-1.));
#7661 = DIRECTION('',(1.,0.,0.));
#7662 = ORIENTED_CLOSED_SHELL('',*,#7663,.F.);
#7663 = CLOSED_SHELL('',(#7664,#7704,#7806,#7831,#7925,#7942,#7964,#7981
    ,#7998,#8015,#8027,#8044,#8061,#8078));
#7664 = ADVANCED_FACE('',(#7665),#7699,.F.);
#7665 = FACE_BOUND('',#7666,.F.);
#7666 = EDGE_LOOP('',(#7667,#7677,#7685,#7693));
#7667 = ORIENTED_EDGE('',*,*,#7668,.T.);
#7668 = EDGE_CURVE('',#7669,#7671,#7673,.T.);
#7669 = VERTEX_POINT('',#7670);
#7670 = CARTESIAN_POINT('',(-0.337384363085,0.377919180418,0.13));
#7671 = VERTEX_POINT('',#7672);
#7672 = CARTESIAN_POINT('',(-0.406595332371,0.377919180418,0.13));
#7673 = LINE('',#7674,#7675);
#7674 = CARTESIAN_POINT('',(-0.237384363085,0.377919180418,0.13));
#7675 = VECTOR('',#7676,1.);
#7676 = DIRECTION('',(-1.,2.202785164578E-16,0.));
#7677 = ORIENTED_EDGE('',*,*,#7678,.T.);
#7678 = EDGE_CURVE('',#7671,#7679,#7681,.T.);
#7679 = VERTEX_POINT('',#7680);
#7680 = CARTESIAN_POINT('',(-0.406595332371,0.377919180418,0.16));
#7681 = LINE('',#7682,#7683);
#7682 = CARTESIAN_POINT('',(-0.406595332371,0.377919180418,0.13));
#7683 = VECTOR('',#7684,1.);
#7684 = DIRECTION('',(0.,0.,1.));
#7685 = ORIENTED_EDGE('',*,*,#7686,.F.);
#7686 = EDGE_CURVE('',#7687,#7679,#7689,.T.);
#7687 = VERTEX_POINT('',#7688);
#7688 = CARTESIAN_POINT('',(-0.337384363085,0.377919180418,0.16));
#7689 = LINE('',#7690,#7691);
#7690 = CARTESIAN_POINT('',(-0.237384363085,0.377919180418,0.16));
#7691 = VECTOR('',#7692,1.);
#7692 = DIRECTION('',(-1.,2.202785164578E-16,0.));
#7693 = ORIENTED_EDGE('',*,*,#7694,.F.);
#7694 = EDGE_CURVE('',#7669,#7687,#7695,.T.);
#7695 = LINE('',#7696,#7697);
#7696 = CARTESIAN_POINT('',(-0.337384363085,0.377919180418,0.13));
#7697 = VECTOR('',#7698,1.);
#7698 = DIRECTION('',(0.,0.,1.));
#7699 = PLANE('',#7700);
#7700 = AXIS2_PLACEMENT_3D('',#7701,#7702,#7703);
#7701 = CARTESIAN_POINT('',(-0.237384363085,0.377919180418,0.13));
#7702 = DIRECTION('',(2.202785164578E-16,1.,0.));
#7703 = DIRECTION('',(-1.,2.202785164578E-16,0.));
#7704 = ADVANCED_FACE('',(#7705),#7801,.T.);
#7705 = FACE_BOUND('',#7706,.T.);
#7706 = EDGE_LOOP('',(#7707,#7718,#7727,#7735,#7744,#7752,#7759,#7760,
    #7769,#7778,#7786,#7795));
#7707 = ORIENTED_EDGE('',*,*,#7708,.T.);
#7708 = EDGE_CURVE('',#7709,#7711,#7713,.T.);
#7709 = VERTEX_POINT('',#7710);
#7710 = CARTESIAN_POINT('',(-0.233047612267,0.18,0.13));
#7711 = VERTEX_POINT('',#7712);
#7712 = CARTESIAN_POINT('',(-9.121911125862E-02,8.91684168176E-02,0.13)
  );
#7713 = CIRCLE('',#7714,0.1);
#7714 = AXIS2_PLACEMENT_3D('',#7715,#7716,#7717);
#7715 = CARTESIAN_POINT('',(-0.133047612267,0.18,0.13));
#7716 = DIRECTION('',(0.,0.,1.));
#7717 = DIRECTION('',(1.,0.,0.));
#7718 = ORIENTED_EDGE('',*,*,#7719,.T.);
#7719 = EDGE_CURVE('',#7711,#7720,#7722,.T.);
#7720 = VERTEX_POINT('',#7721);
#7721 = CARTESIAN_POINT('',(-0.137298412038,7.791918041812E-02,0.13));
#7722 = CIRCLE('',#7723,0.1);
#7723 = AXIS2_PLACEMENT_3D('',#7724,#7725,#7726);
#7724 = CARTESIAN_POINT('',(-0.137298412038,0.177919180418,0.13));
#7725 = DIRECTION('',(0.,0.,-1.));
#7726 = DIRECTION('',(-1.,0.,0.));
#7727 = ORIENTED_EDGE('',*,*,#7728,.T.);
#7728 = EDGE_CURVE('',#7720,#7729,#7731,.T.);
#7729 = VERTEX_POINT('',#7730);
#7730 = CARTESIAN_POINT('',(-0.137384363085,7.791918041812E-02,0.13));
#7731 = LINE('',#7732,#7733);
#7732 = CARTESIAN_POINT('',(-0.237384363085,7.791918041812E-02,0.13));
#7733 = VECTOR('',#7734,1.);
#7734 = DIRECTION('',(-1.,6.773352694264E-17,0.));
#7735 = ORIENTED_EDGE('',*,*,#7736,.T.);
#7736 = EDGE_CURVE('',#7729,#7737,#7739,.T.);
#7737 = VERTEX_POINT('',#7738);
#7738 = CARTESIAN_POINT('',(-0.237384363085,0.177919180418,0.13));
#7739 = CIRCLE('',#7740,0.1);
#7740 = AXIS2_PLACEMENT_3D('',#7741,#7742,#7743);
#7741 = CARTESIAN_POINT('',(-0.137384363085,0.177919180418,0.13));
#7742 = DIRECTION('',(0.,0.,-1.));
#7743 = DIRECTION('',(-1.,0.,0.));
#7744 = ORIENTED_EDGE('',*,*,#7745,.T.);
#7745 = EDGE_CURVE('',#7737,#7746,#7748,.T.);
#7746 = VERTEX_POINT('',#7747);
#7747 = CARTESIAN_POINT('',(-0.237384363085,0.277919180418,0.13));
#7748 = LINE('',#7749,#7750);
#7749 = CARTESIAN_POINT('',(-0.237384363085,0.377919180418,0.13));
#7750 = VECTOR('',#7751,1.);
#7751 = DIRECTION('',(-9.035018104046E-17,1.,0.));
#7752 = ORIENTED_EDGE('',*,*,#7753,.F.);
#7753 = EDGE_CURVE('',#7669,#7746,#7754,.T.);
#7754 = CIRCLE('',#7755,0.1);
#7755 = AXIS2_PLACEMENT_3D('',#7756,#7757,#7758);
#7756 = CARTESIAN_POINT('',(-0.337384363085,0.277919180418,0.13));
#7757 = DIRECTION('',(0.,0.,-1.));
#7758 = DIRECTION('',(-1.,0.,0.));
#7759 = ORIENTED_EDGE('',*,*,#7668,.T.);
#7760 = ORIENTED_EDGE('',*,*,#7761,.F.);
#7761 = EDGE_CURVE('',#7762,#7671,#7764,.T.);
#7762 = VERTEX_POINT('',#7763);
#7763 = CARTESIAN_POINT('',(-0.497735954067,0.319069965062,0.13));
#7764 = CIRCLE('',#7765,0.1);
#7765 = AXIS2_PLACEMENT_3D('',#7766,#7767,#7768);
#7766 = CARTESIAN_POINT('',(-0.406595332371,0.277919180418,0.13));
#7767 = DIRECTION('',(0.,0.,-1.));
#7768 = DIRECTION('',(-1.,0.,0.));
#7769 = ORIENTED_EDGE('',*,*,#7770,.F.);
#7770 = EDGE_CURVE('',#7771,#7762,#7773,.T.);
#7771 = VERTEX_POINT('',#7772);
#7772 = CARTESIAN_POINT('',(-0.405684132629,0.38,0.13));
#7773 = CIRCLE('',#7774,0.1);
#7774 = AXIS2_PLACEMENT_3D('',#7775,#7776,#7777);
#7775 = CARTESIAN_POINT('',(-0.405684132629,0.28,0.13));
#7776 = DIRECTION('',(0.,0.,1.));
#7777 = DIRECTION('',(1.,0.,0.));
#7778 = ORIENTED_EDGE('',*,*,#7779,.T.);
#7779 = EDGE_CURVE('',#7771,#7780,#7782,.T.);
#7780 = VERTEX_POINT('',#7781);
#7781 = CARTESIAN_POINT('',(-0.333047612267,0.38,0.13));
#7782 = LINE('',#7783,#7784);
#7783 = CARTESIAN_POINT('',(-0.233047612267,0.38,0.13));
#7784 = VECTOR('',#7785,1.);
#7785 = DIRECTION('',(1.,2.168404344971E-16,0.));
#7786 = ORIENTED_EDGE('',*,*,#7787,.F.);
#7787 = EDGE_CURVE('',#7788,#7780,#7790,.T.);
#7788 = VERTEX_POINT('',#7789);
#7789 = CARTESIAN_POINT('',(-0.233047612267,0.28,0.13));
#7790 = CIRCLE('',#7791,0.1);
#7791 = AXIS2_PLACEMENT_3D('',#7792,#7793,#7794);
#7792 = CARTESIAN_POINT('',(-0.333047612267,0.28,0.13));
#7793 = DIRECTION('',(0.,0.,1.));
#7794 = DIRECTION('',(1.,0.,0.));
#7795 = ORIENTED_EDGE('',*,*,#7796,.T.);
#7796 = EDGE_CURVE('',#7788,#7709,#7797,.T.);
#7797 = LINE('',#7798,#7799);
#7798 = CARTESIAN_POINT('',(-0.233047612267,8.000000000001E-02,0.13));
#7799 = VECTOR('',#7800,1.);
#7800 = DIRECTION('',(1.807003620809E-16,-1.,0.));
#7801 = PLANE('',#7802);
#7802 = AXIS2_PLACEMENT_3D('',#7803,#7804,#7805);
#7803 = CARTESIAN_POINT('',(-0.8,0.424999999996,0.13));
#7804 = DIRECTION('',(0.,0.,-1.));
#7805 = DIRECTION('',(-1.,0.,0.));
#7806 = ADVANCED_FACE('',(#7807),#7826,.F.);
#7807 = FACE_BOUND('',#7808,.F.);
#7808 = EDGE_LOOP('',(#7809,#7810,#7818,#7825));
#7809 = ORIENTED_EDGE('',*,*,#7761,.F.);
#7810 = ORIENTED_EDGE('',*,*,#7811,.F.);
#7811 = EDGE_CURVE('',#7812,#7762,#7814,.T.);
#7812 = VERTEX_POINT('',#7813);
#7813 = CARTESIAN_POINT('',(-0.497735954067,0.319069965062,0.16));
#7814 = LINE('',#7815,#7816);
#7815 = CARTESIAN_POINT('',(-0.497735954067,0.319069965062,0.13));
#7816 = VECTOR('',#7817,1.);
#7817 = DIRECTION('',(-0.,-0.,-1.));
#7818 = ORIENTED_EDGE('',*,*,#7819,.T.);
#7819 = EDGE_CURVE('',#7812,#7679,#7820,.T.);
#7820 = CIRCLE('',#7821,0.1);
#7821 = AXIS2_PLACEMENT_3D('',#7822,#7823,#7824);
#7822 = CARTESIAN_POINT('',(-0.406595332371,0.277919180418,0.16));
#7823 = DIRECTION('',(0.,0.,-1.));
#7824 = DIRECTION('',(-1.,0.,0.));
#7825 = ORIENTED_EDGE('',*,*,#7678,.F.);
#7826 = CYLINDRICAL_SURFACE('',#7827,0.1);
#7827 = AXIS2_PLACEMENT_3D('',#7828,#7829,#7830);
#7828 = CARTESIAN_POINT('',(-0.406595332371,0.277919180418,0.13));
#7829 = DIRECTION('',(-0.,-0.,-1.));
#7830 = DIRECTION('',(1.,0.,0.));
#7831 = ADVANCED_FACE('',(#7832),#7920,.T.);
#7832 = FACE_BOUND('',#7833,.T.);
#7833 = EDGE_LOOP('',(#7834,#7843,#7844,#7845,#7854,#7862,#7871,#7879,
    #7888,#7897,#7905,#7914));
#7834 = ORIENTED_EDGE('',*,*,#7835,.T.);
#7835 = EDGE_CURVE('',#7836,#7812,#7838,.T.);
#7836 = VERTEX_POINT('',#7837);
#7837 = CARTESIAN_POINT('',(-0.405684132629,0.38,0.16));
#7838 = CIRCLE('',#7839,0.1);
#7839 = AXIS2_PLACEMENT_3D('',#7840,#7841,#7842);
#7840 = CARTESIAN_POINT('',(-0.405684132629,0.28,0.16));
#7841 = DIRECTION('',(0.,0.,1.));
#7842 = DIRECTION('',(1.,0.,0.));
#7843 = ORIENTED_EDGE('',*,*,#7819,.T.);
#7844 = ORIENTED_EDGE('',*,*,#7686,.F.);
#7845 = ORIENTED_EDGE('',*,*,#7846,.T.);
#7846 = EDGE_CURVE('',#7687,#7847,#7849,.T.);
#7847 = VERTEX_POINT('',#7848);
#7848 = CARTESIAN_POINT('',(-0.237384363085,0.277919180418,0.16));
#7849 = CIRCLE('',#7850,0.1);
#7850 = AXIS2_PLACEMENT_3D('',#7851,#7852,#7853);
#7851 = CARTESIAN_POINT('',(-0.337384363085,0.277919180418,0.16));
#7852 = DIRECTION('',(0.,0.,-1.));
#7853 = DIRECTION('',(-1.,0.,0.));
#7854 = ORIENTED_EDGE('',*,*,#7855,.F.);
#7855 = EDGE_CURVE('',#7856,#7847,#7858,.T.);
#7856 = VERTEX_POINT('',#7857);
#7857 = CARTESIAN_POINT('',(-0.237384363085,0.177919180418,0.16));
#7858 = LINE('',#7859,#7860);
#7859 = CARTESIAN_POINT('',(-0.237384363085,0.377919180418,0.16));
#7860 = VECTOR('',#7861,1.);
#7861 = DIRECTION('',(-9.035018104046E-17,1.,0.));
#7862 = ORIENTED_EDGE('',*,*,#7863,.F.);
#7863 = EDGE_CURVE('',#7864,#7856,#7866,.T.);
#7864 = VERTEX_POINT('',#7865);
#7865 = CARTESIAN_POINT('',(-0.137384363085,7.791918041812E-02,0.16));
#7866 = CIRCLE('',#7867,0.1);
#7867 = AXIS2_PLACEMENT_3D('',#7868,#7869,#7870);
#7868 = CARTESIAN_POINT('',(-0.137384363085,0.177919180418,0.16));
#7869 = DIRECTION('',(0.,0.,-1.));
#7870 = DIRECTION('',(-1.,0.,0.));
#7871 = ORIENTED_EDGE('',*,*,#7872,.F.);
#7872 = EDGE_CURVE('',#7873,#7864,#7875,.T.);
#7873 = VERTEX_POINT('',#7874);
#7874 = CARTESIAN_POINT('',(-0.137298412038,7.791918041812E-02,0.16));
#7875 = LINE('',#7876,#7877);
#7876 = CARTESIAN_POINT('',(-0.237384363085,7.791918041812E-02,0.16));
#7877 = VECTOR('',#7878,1.);
#7878 = DIRECTION('',(-1.,6.773352694264E-17,0.));
#7879 = ORIENTED_EDGE('',*,*,#7880,.F.);
#7880 = EDGE_CURVE('',#7881,#7873,#7883,.T.);
#7881 = VERTEX_POINT('',#7882);
#7882 = CARTESIAN_POINT('',(-9.121911125862E-02,8.91684168176E-02,0.16)
  );
#7883 = CIRCLE('',#7884,0.1);
#7884 = AXIS2_PLACEMENT_3D('',#7885,#7886,#7887);
#7885 = CARTESIAN_POINT('',(-0.137298412038,0.177919180418,0.16));
#7886 = DIRECTION('',(0.,0.,-1.));
#7887 = DIRECTION('',(-1.,0.,0.));
#7888 = ORIENTED_EDGE('',*,*,#7889,.F.);
#7889 = EDGE_CURVE('',#7890,#7881,#7892,.T.);
#7890 = VERTEX_POINT('',#7891);
#7891 = CARTESIAN_POINT('',(-0.233047612267,0.18,0.16));
#7892 = CIRCLE('',#7893,0.1);
#7893 = AXIS2_PLACEMENT_3D('',#7894,#7895,#7896);
#7894 = CARTESIAN_POINT('',(-0.133047612267,0.18,0.16));
#7895 = DIRECTION('',(0.,0.,1.));
#7896 = DIRECTION('',(1.,0.,0.));
#7897 = ORIENTED_EDGE('',*,*,#7898,.F.);
#7898 = EDGE_CURVE('',#7899,#7890,#7901,.T.);
#7899 = VERTEX_POINT('',#7900);
#7900 = CARTESIAN_POINT('',(-0.233047612267,0.28,0.16));
#7901 = LINE('',#7902,#7903);
#7902 = CARTESIAN_POINT('',(-0.233047612267,8.000000000001E-02,0.16));
#7903 = VECTOR('',#7904,1.);
#7904 = DIRECTION('',(1.807003620809E-16,-1.,0.));
#7905 = ORIENTED_EDGE('',*,*,#7906,.T.);
#7906 = EDGE_CURVE('',#7899,#7907,#7909,.T.);
#7907 = VERTEX_POINT('',#7908);
#7908 = CARTESIAN_POINT('',(-0.333047612267,0.38,0.16));
#7909 = CIRCLE('',#7910,0.1);
#7910 = AXIS2_PLACEMENT_3D('',#7911,#7912,#7913);
#7911 = CARTESIAN_POINT('',(-0.333047612267,0.28,0.16));
#7912 = DIRECTION('',(0.,0.,1.));
#7913 = DIRECTION('',(1.,0.,0.));
#7914 = ORIENTED_EDGE('',*,*,#7915,.F.);
#7915 = EDGE_CURVE('',#7836,#7907,#7916,.T.);
#7916 = LINE('',#7917,#7918);
#7917 = CARTESIAN_POINT('',(-0.233047612267,0.38,0.16));
#7918 = VECTOR('',#7919,1.);
#7919 = DIRECTION('',(1.,2.168404344971E-16,0.));
#7920 = PLANE('',#7921);
#7921 = AXIS2_PLACEMENT_3D('',#7922,#7923,#7924);
#7922 = CARTESIAN_POINT('',(0.55,0.8,0.16));
#7923 = DIRECTION('',(0.,0.,1.));
#7924 = DIRECTION('',(1.,0.,0.));
#7925 = ADVANCED_FACE('',(#7926),#7937,.F.);
#7926 = FACE_BOUND('',#7927,.F.);
#7927 = EDGE_LOOP('',(#7928,#7929,#7930,#7931));
#7928 = ORIENTED_EDGE('',*,*,#7753,.F.);
#7929 = ORIENTED_EDGE('',*,*,#7694,.T.);
#7930 = ORIENTED_EDGE('',*,*,#7846,.T.);
#7931 = ORIENTED_EDGE('',*,*,#7932,.F.);
#7932 = EDGE_CURVE('',#7746,#7847,#7933,.T.);
#7933 = LINE('',#7934,#7935);
#7934 = CARTESIAN_POINT('',(-0.237384363085,0.277919180418,0.13));
#7935 = VECTOR('',#7936,1.);
#7936 = DIRECTION('',(0.,0.,1.));
#7937 = CYLINDRICAL_SURFACE('',#7938,0.1);
#7938 = AXIS2_PLACEMENT_3D('',#7939,#7940,#7941);
#7939 = CARTESIAN_POINT('',(-0.337384363085,0.277919180418,0.13));
#7940 = DIRECTION('',(-0.,-0.,-1.));
#7941 = DIRECTION('',(1.,0.,0.));
#7942 = ADVANCED_FACE('',(#7943),#7959,.F.);
#7943 = FACE_BOUND('',#7944,.F.);
#7944 = EDGE_LOOP('',(#7945,#7951,#7952,#7958));
#7945 = ORIENTED_EDGE('',*,*,#7946,.F.);
#7946 = EDGE_CURVE('',#7709,#7890,#7947,.T.);
#7947 = LINE('',#7948,#7949);
#7948 = CARTESIAN_POINT('',(-0.233047612267,0.18,0.13));
#7949 = VECTOR('',#7950,1.);
#7950 = DIRECTION('',(0.,0.,1.));
#7951 = ORIENTED_EDGE('',*,*,#7708,.T.);
#7952 = ORIENTED_EDGE('',*,*,#7953,.T.);
#7953 = EDGE_CURVE('',#7711,#7881,#7954,.T.);
#7954 = LINE('',#7955,#7956);
#7955 = CARTESIAN_POINT('',(-9.121911125862E-02,8.91684168176E-02,0.13)
  );
#7956 = VECTOR('',#7957,1.);
#7957 = DIRECTION('',(0.,0.,1.));
#7958 = ORIENTED_EDGE('',*,*,#7889,.F.);
#7959 = CYLINDRICAL_SURFACE('',#7960,0.1);
#7960 = AXIS2_PLACEMENT_3D('',#7961,#7962,#7963);
#7961 = CARTESIAN_POINT('',(-0.133047612267,0.18,0.13));
#7962 = DIRECTION('',(-0.,-0.,-1.));
#7963 = DIRECTION('',(1.,0.,0.));
#7964 = ADVANCED_FACE('',(#7965),#7976,.F.);
#7965 = FACE_BOUND('',#7966,.F.);
#7966 = EDGE_LOOP('',(#7967,#7968,#7974,#7975));
#7967 = ORIENTED_EDGE('',*,*,#7898,.F.);
#7968 = ORIENTED_EDGE('',*,*,#7969,.F.);
#7969 = EDGE_CURVE('',#7788,#7899,#7970,.T.);
#7970 = LINE('',#7971,#7972);
#7971 = CARTESIAN_POINT('',(-0.233047612267,0.28,0.13));
#7972 = VECTOR('',#7973,1.);
#7973 = DIRECTION('',(0.,0.,1.));
#7974 = ORIENTED_EDGE('',*,*,#7796,.T.);
#7975 = ORIENTED_EDGE('',*,*,#7946,.T.);
#7976 = PLANE('',#7977);
#7977 = AXIS2_PLACEMENT_3D('',#7978,#7979,#7980);
#7978 = CARTESIAN_POINT('',(-0.233047612267,8.000000000001E-02,0.13));
#7979 = DIRECTION('',(-1.,-1.807003620809E-16,0.));
#7980 = DIRECTION('',(1.807003620809E-16,-1.,0.));
#7981 = ADVANCED_FACE('',(#7982),#7993,.T.);
#7982 = FACE_BOUND('',#7983,.T.);
#7983 = EDGE_LOOP('',(#7984,#7990,#7991,#7992));
#7984 = ORIENTED_EDGE('',*,*,#7985,.T.);
#7985 = EDGE_CURVE('',#7780,#7907,#7986,.T.);
#7986 = LINE('',#7987,#7988);
#7987 = CARTESIAN_POINT('',(-0.333047612267,0.38,0.16));
#7988 = VECTOR('',#7989,1.);
#7989 = DIRECTION('',(0.,0.,1.));
#7990 = ORIENTED_EDGE('',*,*,#7906,.F.);
#7991 = ORIENTED_EDGE('',*,*,#7969,.F.);
#7992 = ORIENTED_EDGE('',*,*,#7787,.T.);
#7993 = CYLINDRICAL_SURFACE('',#7994,0.1);
#7994 = AXIS2_PLACEMENT_3D('',#7995,#7996,#7997);
#7995 = CARTESIAN_POINT('',(-0.333047612267,0.28,0.13));
#7996 = DIRECTION('',(0.,0.,1.));
#7997 = DIRECTION('',(-1.,0.,0.));
#7998 = ADVANCED_FACE('',(#7999),#8010,.F.);
#7999 = FACE_BOUND('',#8000,.F.);
#8000 = EDGE_LOOP('',(#8001,#8002,#8003,#8004));
#8001 = ORIENTED_EDGE('',*,*,#7779,.T.);
#8002 = ORIENTED_EDGE('',*,*,#7985,.T.);
#8003 = ORIENTED_EDGE('',*,*,#7915,.F.);
#8004 = ORIENTED_EDGE('',*,*,#8005,.T.);
#8005 = EDGE_CURVE('',#7836,#7771,#8006,.T.);
#8006 = LINE('',#8007,#8008);
#8007 = CARTESIAN_POINT('',(-0.405684132629,0.38,0.13));
#8008 = VECTOR('',#8009,1.);
#8009 = DIRECTION('',(0.,0.,-1.));
#8010 = PLANE('',#8011);
#8011 = AXIS2_PLACEMENT_3D('',#8012,#8013,#8014);
#8012 = CARTESIAN_POINT('',(-0.233047612267,0.38,0.13));
#8013 = DIRECTION('',(2.168404344971E-16,-1.,0.));
#8014 = DIRECTION('',(1.,2.168404344971E-16,0.));
#8015 = ADVANCED_FACE('',(#8016),#8022,.T.);
#8016 = FACE_BOUND('',#8017,.T.);
#8017 = EDGE_LOOP('',(#8018,#8019,#8020,#8021));
#8018 = ORIENTED_EDGE('',*,*,#7770,.T.);
#8019 = ORIENTED_EDGE('',*,*,#7811,.F.);
#8020 = ORIENTED_EDGE('',*,*,#7835,.F.);
#8021 = ORIENTED_EDGE('',*,*,#8005,.T.);
#8022 = CYLINDRICAL_SURFACE('',#8023,0.1);
#8023 = AXIS2_PLACEMENT_3D('',#8024,#8025,#8026);
#8024 = CARTESIAN_POINT('',(-0.405684132629,0.28,0.13));
#8025 = DIRECTION('',(-0.,-0.,-1.));
#8026 = DIRECTION('',(1.,0.,0.));
#8027 = ADVANCED_FACE('',(#8028),#8039,.F.);
#8028 = FACE_BOUND('',#8029,.F.);
#8029 = EDGE_LOOP('',(#8030,#8031,#8032,#8033));
#8030 = ORIENTED_EDGE('',*,*,#7745,.T.);
#8031 = ORIENTED_EDGE('',*,*,#7932,.T.);
#8032 = ORIENTED_EDGE('',*,*,#7855,.F.);
#8033 = ORIENTED_EDGE('',*,*,#8034,.F.);
#8034 = EDGE_CURVE('',#7737,#7856,#8035,.T.);
#8035 = LINE('',#8036,#8037);
#8036 = CARTESIAN_POINT('',(-0.237384363085,0.177919180418,0.13));
#8037 = VECTOR('',#8038,1.);
#8038 = DIRECTION('',(0.,0.,1.));
#8039 = PLANE('',#8040);
#8040 = AXIS2_PLACEMENT_3D('',#8041,#8042,#8043);
#8041 = CARTESIAN_POINT('',(-0.237384363085,0.377919180418,0.13));
#8042 = DIRECTION('',(1.,9.035018104046E-17,0.));
#8043 = DIRECTION('',(-9.035018104046E-17,1.,0.));
#8044 = ADVANCED_FACE('',(#8045),#8056,.T.);
#8045 = FACE_BOUND('',#8046,.T.);
#8046 = EDGE_LOOP('',(#8047,#8053,#8054,#8055));
#8047 = ORIENTED_EDGE('',*,*,#8048,.T.);
#8048 = EDGE_CURVE('',#7729,#7864,#8049,.T.);
#8049 = LINE('',#8050,#8051);
#8050 = CARTESIAN_POINT('',(-0.137384363085,7.791918041812E-02,0.16));
#8051 = VECTOR('',#8052,1.);
#8052 = DIRECTION('',(0.,0.,1.));
#8053 = ORIENTED_EDGE('',*,*,#7863,.T.);
#8054 = ORIENTED_EDGE('',*,*,#8034,.F.);
#8055 = ORIENTED_EDGE('',*,*,#7736,.F.);
#8056 = CYLINDRICAL_SURFACE('',#8057,0.1);
#8057 = AXIS2_PLACEMENT_3D('',#8058,#8059,#8060);
#8058 = CARTESIAN_POINT('',(-0.137384363085,0.177919180418,0.13));
#8059 = DIRECTION('',(0.,0.,1.));
#8060 = DIRECTION('',(-1.,0.,0.));
#8061 = ADVANCED_FACE('',(#8062),#8073,.F.);
#8062 = FACE_BOUND('',#8063,.F.);
#8063 = EDGE_LOOP('',(#8064,#8065,#8071,#8072));
#8064 = ORIENTED_EDGE('',*,*,#7872,.F.);
#8065 = ORIENTED_EDGE('',*,*,#8066,.F.);
#8066 = EDGE_CURVE('',#7720,#7873,#8067,.T.);
#8067 = LINE('',#8068,#8069);
#8068 = CARTESIAN_POINT('',(-0.137298412038,7.791918041812E-02,0.13));
#8069 = VECTOR('',#8070,1.);
#8070 = DIRECTION('',(0.,0.,1.));
#8071 = ORIENTED_EDGE('',*,*,#7728,.T.);
#8072 = ORIENTED_EDGE('',*,*,#8048,.T.);
#8073 = PLANE('',#8074);
#8074 = AXIS2_PLACEMENT_3D('',#8075,#8076,#8077);
#8075 = CARTESIAN_POINT('',(-0.237384363085,7.791918041812E-02,0.13));
#8076 = DIRECTION('',(6.773352694264E-17,1.,0.));
#8077 = DIRECTION('',(-1.,6.773352694264E-17,0.));
#8078 = ADVANCED_FACE('',(#8079),#8085,.T.);
#8079 = FACE_BOUND('',#8080,.T.);
#8080 = EDGE_LOOP('',(#8081,#8082,#8083,#8084));
#8081 = ORIENTED_EDGE('',*,*,#7719,.F.);
#8082 = ORIENTED_EDGE('',*,*,#7953,.T.);
#8083 = ORIENTED_EDGE('',*,*,#7880,.T.);
#8084 = ORIENTED_EDGE('',*,*,#8066,.F.);
#8085 = CYLINDRICAL_SURFACE('',#8086,0.1);
#8086 = AXIS2_PLACEMENT_3D('',#8087,#8088,#8089);
#8087 = CARTESIAN_POINT('',(-0.137298412038,0.177919180418,0.13));
#8088 = DIRECTION('',(0.,0.,1.));
#8089 = DIRECTION('',(-1.,0.,0.));
#8090 = ORIENTED_CLOSED_SHELL('',*,#8091,.F.);
#8091 = CLOSED_SHELL('',(#8092,#8134,#8165,#8208,#8233,#8268,#8285,#8302
    ));
#8092 = ADVANCED_FACE('',(#8093),#8129,.T.);
#8093 = FACE_BOUND('',#8094,.T.);
#8094 = EDGE_LOOP('',(#8095,#8105,#8114,#8122));
#8095 = ORIENTED_EDGE('',*,*,#8096,.F.);
#8096 = EDGE_CURVE('',#8097,#8099,#8101,.T.);
#8097 = VERTEX_POINT('',#8098);
#8098 = CARTESIAN_POINT('',(-8.437923161563E-02,0.377919180418,0.13));
#8099 = VERTEX_POINT('',#8100);
#8100 = CARTESIAN_POINT('',(-8.437923161563E-02,0.377919180418,0.16));
#8101 = LINE('',#8102,#8103);
#8102 = CARTESIAN_POINT('',(-8.437923161563E-02,0.377919180418,0.13));
#8103 = VECTOR('',#8104,1.);
#8104 = DIRECTION('',(0.,0.,1.));
#8105 = ORIENTED_EDGE('',*,*,#8106,.F.);
#8106 = EDGE_CURVE('',#8107,#8097,#8109,.T.);
#8107 = VERTEX_POINT('',#8108);
#8108 = CARTESIAN_POINT('',(-6.608272914181E-02,0.381619802077,0.13));
#8109 = CIRCLE('',#8110,4.70808196E-02);
#8110 = AXIS2_PLACEMENT_3D('',#8111,#8112,#8113);
#8111 = CARTESIAN_POINT('',(-8.437923161563E-02,0.424999999996,0.13));
#8112 = DIRECTION('',(0.,0.,-1.));
#8113 = DIRECTION('',(-1.,0.,0.));
#8114 = ORIENTED_EDGE('',*,*,#8115,.F.);
#8115 = EDGE_CURVE('',#8116,#8107,#8118,.T.);
#8116 = VERTEX_POINT('',#8117);
#8117 = CARTESIAN_POINT('',(-6.608272914181E-02,0.381619802077,0.16));
#8118 = LINE('',#8119,#8120);
#8119 = CARTESIAN_POINT('',(-6.608272914181E-02,0.381619802077,0.13));
#8120 = VECTOR('',#8121,1.);
#8121 = DIRECTION('',(-0.,-0.,-1.));
#8122 = ORIENTED_EDGE('',*,*,#8123,.T.);
#8123 = EDGE_CURVE('',#8116,#8099,#8124,.T.);
#8124 = CIRCLE('',#8125,4.70808196E-02);
#8125 = AXIS2_PLACEMENT_3D('',#8126,#8127,#8128);
#8126 = CARTESIAN_POINT('',(-8.437923161563E-02,0.424999999996,0.16));
#8127 = DIRECTION('',(0.,0.,-1.));
#8128 = DIRECTION('',(-1.,0.,0.));
#8129 = CYLINDRICAL_SURFACE('',#8130,4.70808196E-02);
#8130 = AXIS2_PLACEMENT_3D('',#8131,#8132,#8133);
#8131 = CARTESIAN_POINT('',(-8.437923161563E-02,0.424999999996,0.13));
#8132 = DIRECTION('',(-0.,-0.,-1.));
#8133 = DIRECTION('',(1.,0.,0.));
#8134 = ADVANCED_FACE('',(#8135),#8160,.F.);
#8135 = FACE_BOUND('',#8136,.F.);
#8136 = EDGE_LOOP('',(#8137,#8145,#8153,#8159));
#8137 = ORIENTED_EDGE('',*,*,#8138,.T.);
#8138 = EDGE_CURVE('',#8097,#8139,#8141,.T.);
#8139 = VERTEX_POINT('',#8140);
#8140 = CARTESIAN_POINT('',(-9.738436308483E-02,0.377919180418,0.13));
#8141 = LINE('',#8142,#8143);
#8142 = CARTESIAN_POINT('',(-8.437923161563E-02,0.377919180418,0.13));
#8143 = VECTOR('',#8144,1.);
#8144 = DIRECTION('',(-1.,1.72081566565E-15,0.));
#8145 = ORIENTED_EDGE('',*,*,#8146,.T.);
#8146 = EDGE_CURVE('',#8139,#8147,#8149,.T.);
#8147 = VERTEX_POINT('',#8148);
#8148 = CARTESIAN_POINT('',(-9.738436308483E-02,0.377919180418,0.16));
#8149 = LINE('',#8150,#8151);
#8150 = CARTESIAN_POINT('',(-9.738436308483E-02,0.377919180418,0.13));
#8151 = VECTOR('',#8152,1.);
#8152 = DIRECTION('',(0.,0.,1.));
#8153 = ORIENTED_EDGE('',*,*,#8154,.F.);
#8154 = EDGE_CURVE('',#8099,#8147,#8155,.T.);
#8155 = LINE('',#8156,#8157);
#8156 = CARTESIAN_POINT('',(-8.437923161563E-02,0.377919180418,0.16));
#8157 = VECTOR('',#8158,1.);
#8158 = DIRECTION('',(-1.,1.72081566565E-15,0.));
#8159 = ORIENTED_EDGE('',*,*,#8096,.F.);
#8160 = PLANE('',#8161);
#8161 = AXIS2_PLACEMENT_3D('',#8162,#8163,#8164);
#8162 = CARTESIAN_POINT('',(-8.437923161563E-02,0.377919180418,0.13));
#8163 = DIRECTION('',(1.72081566565E-15,1.,0.));
#8164 = DIRECTION('',(-1.,1.72081566565E-15,0.));
#8165 = ADVANCED_FACE('',(#8166),#8203,.T.);
#8166 = FACE_BOUND('',#8167,.T.);
#8167 = EDGE_LOOP('',(#8168,#8169,#8178,#8186,#8195,#8202));
#8168 = ORIENTED_EDGE('',*,*,#8123,.F.);
#8169 = ORIENTED_EDGE('',*,*,#8170,.F.);
#8170 = EDGE_CURVE('',#8171,#8116,#8173,.T.);
#8171 = VERTEX_POINT('',#8172);
#8172 = CARTESIAN_POINT('',(-7.804761226663E-02,0.38,0.16));
#8173 = CIRCLE('',#8174,4.5E-02);
#8174 = AXIS2_PLACEMENT_3D('',#8175,#8176,#8177);
#8175 = CARTESIAN_POINT('',(-7.804761226663E-02,0.425,0.16));
#8176 = DIRECTION('',(0.,0.,1.));
#8177 = DIRECTION('',(-1.,0.,0.));
#8178 = ORIENTED_EDGE('',*,*,#8179,.F.);
#8179 = EDGE_CURVE('',#8180,#8171,#8182,.T.);
#8180 = VERTEX_POINT('',#8181);
#8181 = CARTESIAN_POINT('',(-9.304761226663E-02,0.38,0.16));
#8182 = LINE('',#8183,#8184);
#8183 = CARTESIAN_POINT('',(-7.804761226663E-02,0.38,0.16));
#8184 = VECTOR('',#8185,1.);
#8185 = DIRECTION('',(1.,-8.340016711427E-16,0.));
#8186 = ORIENTED_EDGE('',*,*,#8187,.T.);
#8187 = EDGE_CURVE('',#8180,#8188,#8190,.T.);
#8188 = VERTEX_POINT('',#8189);
#8189 = CARTESIAN_POINT('',(-0.116820569412,0.37398689019,0.16));
#8190 = CIRCLE('',#8191,5.E-02);
#8191 = AXIS2_PLACEMENT_3D('',#8192,#8193,#8194);
#8192 = CARTESIAN_POINT('',(-9.304761226663E-02,0.33,0.16));
#8193 = DIRECTION('',(0.,0.,1.));
#8194 = DIRECTION('',(1.,0.,0.));
#8195 = ORIENTED_EDGE('',*,*,#8196,.T.);
#8196 = EDGE_CURVE('',#8188,#8147,#8197,.T.);
#8197 = CIRCLE('',#8198,5.E-02);
#8198 = AXIS2_PLACEMENT_3D('',#8199,#8200,#8201);
#8199 = CARTESIAN_POINT('',(-9.738436308483E-02,0.327919180418,0.16));
#8200 = DIRECTION('',(0.,0.,-1.));
#8201 = DIRECTION('',(-1.,0.,0.));
#8202 = ORIENTED_EDGE('',*,*,#8154,.F.);
#8203 = PLANE('',#8204);
#8204 = AXIS2_PLACEMENT_3D('',#8205,#8206,#8207);
#8205 = CARTESIAN_POINT('',(0.55,0.8,0.16));
#8206 = DIRECTION('',(0.,0.,1.));
#8207 = DIRECTION('',(1.,0.,0.));
#8208 = ADVANCED_FACE('',(#8209),#8228,.F.);
#8209 = FACE_BOUND('',#8210,.F.);
#8210 = EDGE_LOOP('',(#8211,#8212,#8220,#8227));
#8211 = ORIENTED_EDGE('',*,*,#8170,.F.);
#8212 = ORIENTED_EDGE('',*,*,#8213,.F.);
#8213 = EDGE_CURVE('',#8214,#8171,#8216,.T.);
#8214 = VERTEX_POINT('',#8215);
#8215 = CARTESIAN_POINT('',(-7.804761226663E-02,0.38,0.13));
#8216 = LINE('',#8217,#8218);
#8217 = CARTESIAN_POINT('',(-7.804761226663E-02,0.38,0.13));
#8218 = VECTOR('',#8219,1.);
#8219 = DIRECTION('',(0.,0.,1.));
#8220 = ORIENTED_EDGE('',*,*,#8221,.T.);
#8221 = EDGE_CURVE('',#8214,#8107,#8222,.T.);
#8222 = CIRCLE('',#8223,4.5E-02);
#8223 = AXIS2_PLACEMENT_3D('',#8224,#8225,#8226);
#8224 = CARTESIAN_POINT('',(-7.804761226663E-02,0.425,0.13));
#8225 = DIRECTION('',(0.,0.,1.));
#8226 = DIRECTION('',(-1.,0.,0.));
#8227 = ORIENTED_EDGE('',*,*,#8115,.F.);
#8228 = CYLINDRICAL_SURFACE('',#8229,4.5E-02);
#8229 = AXIS2_PLACEMENT_3D('',#8230,#8231,#8232);
#8230 = CARTESIAN_POINT('',(-7.804761226663E-02,0.425,0.13));
#8231 = DIRECTION('',(-0.,-0.,-1.));
#8232 = DIRECTION('',(1.,0.,0.));
#8233 = ADVANCED_FACE('',(#8234),#8263,.T.);
#8234 = FACE_BOUND('',#8235,.T.);
#8235 = EDGE_LOOP('',(#8236,#8245,#8254,#8260,#8261,#8262));
#8236 = ORIENTED_EDGE('',*,*,#8237,.F.);
#8237 = EDGE_CURVE('',#8238,#8139,#8240,.T.);
#8238 = VERTEX_POINT('',#8239);
#8239 = CARTESIAN_POINT('',(-0.116820569412,0.37398689019,0.13));
#8240 = CIRCLE('',#8241,5.E-02);
#8241 = AXIS2_PLACEMENT_3D('',#8242,#8243,#8244);
#8242 = CARTESIAN_POINT('',(-9.738436308483E-02,0.327919180418,0.13));
#8243 = DIRECTION('',(0.,0.,-1.));
#8244 = DIRECTION('',(-1.,0.,0.));
#8245 = ORIENTED_EDGE('',*,*,#8246,.F.);
#8246 = EDGE_CURVE('',#8247,#8238,#8249,.T.);
#8247 = VERTEX_POINT('',#8248);
#8248 = CARTESIAN_POINT('',(-9.304761226663E-02,0.38,0.13));
#8249 = CIRCLE('',#8250,5.E-02);
#8250 = AXIS2_PLACEMENT_3D('',#8251,#8252,#8253);
#8251 = CARTESIAN_POINT('',(-9.304761226663E-02,0.33,0.13));
#8252 = DIRECTION('',(0.,0.,1.));
#8253 = DIRECTION('',(1.,0.,0.));
#8254 = ORIENTED_EDGE('',*,*,#8255,.T.);
#8255 = EDGE_CURVE('',#8247,#8214,#8256,.T.);
#8256 = LINE('',#8257,#8258);
#8257 = CARTESIAN_POINT('',(-7.804761226663E-02,0.38,0.13));
#8258 = VECTOR('',#8259,1.);
#8259 = DIRECTION('',(1.,-8.340016711427E-16,0.));
#8260 = ORIENTED_EDGE('',*,*,#8221,.T.);
#8261 = ORIENTED_EDGE('',*,*,#8106,.T.);
#8262 = ORIENTED_EDGE('',*,*,#8138,.T.);
#8263 = PLANE('',#8264);
#8264 = AXIS2_PLACEMENT_3D('',#8265,#8266,#8267);
#8265 = CARTESIAN_POINT('',(-0.8,0.424999999996,0.13));
#8266 = DIRECTION('',(0.,0.,-1.));
#8267 = DIRECTION('',(-1.,0.,0.));
#8268 = ADVANCED_FACE('',(#8269),#8280,.F.);
#8269 = FACE_BOUND('',#8270,.F.);
#8270 = EDGE_LOOP('',(#8271,#8272,#8278,#8279));
#8271 = ORIENTED_EDGE('',*,*,#8237,.F.);
#8272 = ORIENTED_EDGE('',*,*,#8273,.F.);
#8273 = EDGE_CURVE('',#8188,#8238,#8274,.T.);
#8274 = LINE('',#8275,#8276);
#8275 = CARTESIAN_POINT('',(-0.116820569412,0.37398689019,0.13));
#8276 = VECTOR('',#8277,1.);
#8277 = DIRECTION('',(-0.,-0.,-1.));
#8278 = ORIENTED_EDGE('',*,*,#8196,.T.);
#8279 = ORIENTED_EDGE('',*,*,#8146,.F.);
#8280 = CYLINDRICAL_SURFACE('',#8281,5.E-02);
#8281 = AXIS2_PLACEMENT_3D('',#8282,#8283,#8284);
#8282 = CARTESIAN_POINT('',(-9.738436308483E-02,0.327919180418,0.13));
#8283 = DIRECTION('',(-0.,-0.,-1.));
#8284 = DIRECTION('',(1.,0.,0.));
#8285 = ADVANCED_FACE('',(#8286),#8297,.T.);
#8286 = FACE_BOUND('',#8287,.T.);
#8287 = EDGE_LOOP('',(#8288,#8289,#8290,#8291));
#8288 = ORIENTED_EDGE('',*,*,#8246,.T.);
#8289 = ORIENTED_EDGE('',*,*,#8273,.F.);
#8290 = ORIENTED_EDGE('',*,*,#8187,.F.);
#8291 = ORIENTED_EDGE('',*,*,#8292,.F.);
#8292 = EDGE_CURVE('',#8247,#8180,#8293,.T.);
#8293 = LINE('',#8294,#8295);
#8294 = CARTESIAN_POINT('',(-9.304761226663E-02,0.38,0.13));
#8295 = VECTOR('',#8296,1.);
#8296 = DIRECTION('',(0.,0.,1.));
#8297 = CYLINDRICAL_SURFACE('',#8298,5.E-02);
#8298 = AXIS2_PLACEMENT_3D('',#8299,#8300,#8301);
#8299 = CARTESIAN_POINT('',(-9.304761226663E-02,0.33,0.13));
#8300 = DIRECTION('',(0.,0.,1.));
#8301 = DIRECTION('',(-1.,0.,0.));
#8302 = ADVANCED_FACE('',(#8303),#8309,.F.);
#8303 = FACE_BOUND('',#8304,.F.);
#8304 = EDGE_LOOP('',(#8305,#8306,#8307,#8308));
#8305 = ORIENTED_EDGE('',*,*,#8179,.F.);
#8306 = ORIENTED_EDGE('',*,*,#8292,.F.);
#8307 = ORIENTED_EDGE('',*,*,#8255,.T.);
#8308 = ORIENTED_EDGE('',*,*,#8213,.T.);
#8309 = PLANE('',#8310);
#8310 = AXIS2_PLACEMENT_3D('',#8311,#8312,#8313);
#8311 = CARTESIAN_POINT('',(-7.804761226663E-02,0.38,0.13));
#8312 = DIRECTION('',(-8.340016711427E-16,-1.,0.));
#8313 = DIRECTION('',(1.,-8.340016711427E-16,0.));
#8314 = ORIENTED_CLOSED_SHELL('',*,#8315,.F.);
#8315 = CLOSED_SHELL('',(#8316,#8358,#8391,#8484,#8508,#8594,#8611,#8628
    ,#8645,#8662,#8679,#8696,#8713,#8730));
#8316 = ADVANCED_FACE('',(#8317),#8353,.F.);
#8317 = FACE_BOUND('',#8318,.F.);
#8318 = EDGE_LOOP('',(#8319,#8329,#8338,#8346));
#8319 = ORIENTED_EDGE('',*,*,#8320,.T.);
#8320 = EDGE_CURVE('',#8321,#8323,#8325,.T.);
#8321 = VERTEX_POINT('',#8322);
#8322 = CARTESIAN_POINT('',(0.497735954067,0.319069965062,0.16));
#8323 = VERTEX_POINT('',#8324);
#8324 = CARTESIAN_POINT('',(0.497735954067,0.319069965062,0.13));
#8325 = LINE('',#8326,#8327);
#8326 = CARTESIAN_POINT('',(0.497735954067,0.319069965062,0.13));
#8327 = VECTOR('',#8328,1.);
#8328 = DIRECTION('',(-0.,-0.,-1.));
#8329 = ORIENTED_EDGE('',*,*,#8330,.T.);
#8330 = EDGE_CURVE('',#8323,#8331,#8333,.T.);
#8331 = VERTEX_POINT('',#8332);
#8332 = CARTESIAN_POINT('',(0.406595332371,0.377919180418,0.13));
#8333 = CIRCLE('',#8334,0.1);
#8334 = AXIS2_PLACEMENT_3D('',#8335,#8336,#8337);
#8335 = CARTESIAN_POINT('',(0.406595332371,0.277919180418,0.13));
#8336 = DIRECTION('',(0.,0.,1.));
#8337 = DIRECTION('',(1.,0.,0.));
#8338 = ORIENTED_EDGE('',*,*,#8339,.T.);
#8339 = EDGE_CURVE('',#8331,#8340,#8342,.T.);
#8340 = VERTEX_POINT('',#8341);
#8341 = CARTESIAN_POINT('',(0.406595332371,0.377919180418,0.16));
#8342 = LINE('',#8343,#8344);
#8343 = CARTESIAN_POINT('',(0.406595332371,0.377919180418,0.13));
#8344 = VECTOR('',#8345,1.);
#8345 = DIRECTION('',(0.,0.,1.));
#8346 = ORIENTED_EDGE('',*,*,#8347,.T.);
#8347 = EDGE_CURVE('',#8340,#8321,#8348,.T.);
#8348 = CIRCLE('',#8349,0.1);
#8349 = AXIS2_PLACEMENT_3D('',#8350,#8351,#8352);
#8350 = CARTESIAN_POINT('',(0.406595332371,0.277919180418,0.16));
#8351 = DIRECTION('',(0.,0.,-1.));
#8352 = DIRECTION('',(-1.,0.,0.));
#8353 = CYLINDRICAL_SURFACE('',#8354,0.1);
#8354 = AXIS2_PLACEMENT_3D('',#8355,#8356,#8357);
#8355 = CARTESIAN_POINT('',(0.406595332371,0.277919180418,0.13));
#8356 = DIRECTION('',(-0.,-0.,-1.));
#8357 = DIRECTION('',(1.,0.,0.));
#8358 = ADVANCED_FACE('',(#8359),#8386,.T.);
#8359 = FACE_BOUND('',#8360,.T.);
#8360 = EDGE_LOOP('',(#8361,#8371,#8378,#8379));
#8361 = ORIENTED_EDGE('',*,*,#8362,.F.);
#8362 = EDGE_CURVE('',#8363,#8365,#8367,.T.);
#8363 = VERTEX_POINT('',#8364);
#8364 = CARTESIAN_POINT('',(0.405684132629,0.38,0.16));
#8365 = VERTEX_POINT('',#8366);
#8366 = CARTESIAN_POINT('',(0.405684132629,0.38,0.13));
#8367 = LINE('',#8368,#8369);
#8368 = CARTESIAN_POINT('',(0.405684132629,0.38,0.16));
#8369 = VECTOR('',#8370,1.);
#8370 = DIRECTION('',(0.,0.,-1.));
#8371 = ORIENTED_EDGE('',*,*,#8372,.T.);
#8372 = EDGE_CURVE('',#8363,#8321,#8373,.T.);
#8373 = CIRCLE('',#8374,0.1);
#8374 = AXIS2_PLACEMENT_3D('',#8375,#8376,#8377);
#8375 = CARTESIAN_POINT('',(0.405684132629,0.28,0.16));
#8376 = DIRECTION('',(0.,0.,-1.));
#8377 = DIRECTION('',(-1.,0.,0.));
#8378 = ORIENTED_EDGE('',*,*,#8320,.T.);
#8379 = ORIENTED_EDGE('',*,*,#8380,.F.);
#8380 = EDGE_CURVE('',#8365,#8323,#8381,.T.);
#8381 = CIRCLE('',#8382,0.1);
#8382 = AXIS2_PLACEMENT_3D('',#8383,#8384,#8385);
#8383 = CARTESIAN_POINT('',(0.405684132629,0.28,0.13));
#8384 = DIRECTION('',(0.,0.,-1.));
#8385 = DIRECTION('',(-1.,0.,0.));
#8386 = CYLINDRICAL_SURFACE('',#8387,0.1);
#8387 = AXIS2_PLACEMENT_3D('',#8388,#8389,#8390);
#8388 = CARTESIAN_POINT('',(0.405684132629,0.28,0.13));
#8389 = DIRECTION('',(-0.,-0.,-1.));
#8390 = DIRECTION('',(1.,0.,0.));
#8391 = ADVANCED_FACE('',(#8392),#8479,.T.);
#8392 = FACE_BOUND('',#8393,.T.);
#8393 = EDGE_LOOP('',(#8394,#8395,#8396,#8404,#8413,#8421,#8430,#8439,
    #8447,#8456,#8464,#8473));
#8394 = ORIENTED_EDGE('',*,*,#8347,.T.);
#8395 = ORIENTED_EDGE('',*,*,#8372,.F.);
#8396 = ORIENTED_EDGE('',*,*,#8397,.T.);
#8397 = EDGE_CURVE('',#8363,#8398,#8400,.T.);
#8398 = VERTEX_POINT('',#8399);
#8399 = CARTESIAN_POINT('',(0.333047612267,0.38,0.16));
#8400 = LINE('',#8401,#8402);
#8401 = CARTESIAN_POINT('',(0.233047612267,0.38,0.16));
#8402 = VECTOR('',#8403,1.);
#8403 = DIRECTION('',(-1.,4.336808689942E-16,0.));
#8404 = ORIENTED_EDGE('',*,*,#8405,.F.);
#8405 = EDGE_CURVE('',#8406,#8398,#8408,.T.);
#8406 = VERTEX_POINT('',#8407);
#8407 = CARTESIAN_POINT('',(0.233047612267,0.28,0.16));
#8408 = CIRCLE('',#8409,0.1);
#8409 = AXIS2_PLACEMENT_3D('',#8410,#8411,#8412);
#8410 = CARTESIAN_POINT('',(0.333047612267,0.28,0.16));
#8411 = DIRECTION('',(0.,0.,-1.));
#8412 = DIRECTION('',(-1.,0.,0.));
#8413 = ORIENTED_EDGE('',*,*,#8414,.T.);
#8414 = EDGE_CURVE('',#8406,#8415,#8417,.T.);
#8415 = VERTEX_POINT('',#8416);
#8416 = CARTESIAN_POINT('',(0.233047612267,0.18,0.16));
#8417 = LINE('',#8418,#8419);
#8418 = CARTESIAN_POINT('',(0.233047612267,8.000000000001E-02,0.16));
#8419 = VECTOR('',#8420,1.);
#8420 = DIRECTION('',(-2.710505431214E-16,-1.,0.));
#8421 = ORIENTED_EDGE('',*,*,#8422,.T.);
#8422 = EDGE_CURVE('',#8415,#8423,#8425,.T.);
#8423 = VERTEX_POINT('',#8424);
#8424 = CARTESIAN_POINT('',(9.121911125854E-02,8.916841681764E-02,0.16)
  );
#8425 = CIRCLE('',#8426,0.1);
#8426 = AXIS2_PLACEMENT_3D('',#8427,#8428,#8429);
#8427 = CARTESIAN_POINT('',(0.133047612267,0.18,0.16));
#8428 = DIRECTION('',(0.,0.,-1.));
#8429 = DIRECTION('',(-1.,0.,0.));
#8430 = ORIENTED_EDGE('',*,*,#8431,.F.);
#8431 = EDGE_CURVE('',#8432,#8423,#8434,.T.);
#8432 = VERTEX_POINT('',#8433);
#8433 = CARTESIAN_POINT('',(0.137298412038,7.791918041812E-02,0.16));
#8434 = CIRCLE('',#8435,0.1);
#8435 = AXIS2_PLACEMENT_3D('',#8436,#8437,#8438);
#8436 = CARTESIAN_POINT('',(0.137298412038,0.177919180418,0.16));
#8437 = DIRECTION('',(0.,0.,-1.));
#8438 = DIRECTION('',(-1.,0.,0.));
#8439 = ORIENTED_EDGE('',*,*,#8440,.T.);
#8440 = EDGE_CURVE('',#8432,#8441,#8443,.T.);
#8441 = VERTEX_POINT('',#8442);
#8442 = CARTESIAN_POINT('',(0.137384363085,7.791918041812E-02,0.16));
#8443 = LINE('',#8444,#8445);
#8444 = CARTESIAN_POINT('',(0.237384363085,7.791918041812E-02,0.16));
#8445 = VECTOR('',#8446,1.);
#8446 = DIRECTION('',(1.,0.,0.));
#8447 = ORIENTED_EDGE('',*,*,#8448,.F.);
#8448 = EDGE_CURVE('',#8449,#8441,#8451,.T.);
#8449 = VERTEX_POINT('',#8450);
#8450 = CARTESIAN_POINT('',(0.237384363085,0.177919180418,0.16));
#8451 = CIRCLE('',#8452,0.1);
#8452 = AXIS2_PLACEMENT_3D('',#8453,#8454,#8455);
#8453 = CARTESIAN_POINT('',(0.137384363085,0.177919180418,0.16));
#8454 = DIRECTION('',(0.,0.,-1.));
#8455 = DIRECTION('',(-1.,0.,0.));
#8456 = ORIENTED_EDGE('',*,*,#8457,.T.);
#8457 = EDGE_CURVE('',#8449,#8458,#8460,.T.);
#8458 = VERTEX_POINT('',#8459);
#8459 = CARTESIAN_POINT('',(0.237384363085,0.277919180418,0.16));
#8460 = LINE('',#8461,#8462);
#8461 = CARTESIAN_POINT('',(0.237384363085,0.377919180418,0.16));
#8462 = VECTOR('',#8463,1.);
#8463 = DIRECTION('',(9.035018104046E-17,1.,0.));
#8464 = ORIENTED_EDGE('',*,*,#8465,.T.);
#8465 = EDGE_CURVE('',#8458,#8466,#8468,.T.);
#8466 = VERTEX_POINT('',#8467);
#8467 = CARTESIAN_POINT('',(0.337384363085,0.377919180418,0.16));
#8468 = CIRCLE('',#8469,0.1);
#8469 = AXIS2_PLACEMENT_3D('',#8470,#8471,#8472);
#8470 = CARTESIAN_POINT('',(0.337384363085,0.277919180418,0.16));
#8471 = DIRECTION('',(0.,0.,-1.));
#8472 = DIRECTION('',(-1.,0.,0.));
#8473 = ORIENTED_EDGE('',*,*,#8474,.T.);
#8474 = EDGE_CURVE('',#8466,#8340,#8475,.T.);
#8475 = LINE('',#8476,#8477);
#8476 = CARTESIAN_POINT('',(0.483482391599,0.377919180418,0.16));
#8477 = VECTOR('',#8478,1.);
#8478 = DIRECTION('',(1.,0.,0.));
#8479 = PLANE('',#8480);
#8480 = AXIS2_PLACEMENT_3D('',#8481,#8482,#8483);
#8481 = CARTESIAN_POINT('',(0.55,0.8,0.16));
#8482 = DIRECTION('',(0.,0.,1.));
#8483 = DIRECTION('',(1.,0.,0.));
#8484 = ADVANCED_FACE('',(#8485),#8503,.T.);
#8485 = FACE_BOUND('',#8486,.F.);
#8486 = EDGE_LOOP('',(#8487,#8488,#8489,#8497));
#8487 = ORIENTED_EDGE('',*,*,#8474,.T.);
#8488 = ORIENTED_EDGE('',*,*,#8339,.F.);
#8489 = ORIENTED_EDGE('',*,*,#8490,.F.);
#8490 = EDGE_CURVE('',#8491,#8331,#8493,.T.);
#8491 = VERTEX_POINT('',#8492);
#8492 = CARTESIAN_POINT('',(0.337384363085,0.377919180418,0.13));
#8493 = LINE('',#8494,#8495);
#8494 = CARTESIAN_POINT('',(0.483482391599,0.377919180418,0.13));
#8495 = VECTOR('',#8496,1.);
#8496 = DIRECTION('',(1.,0.,0.));
#8497 = ORIENTED_EDGE('',*,*,#8498,.T.);
#8498 = EDGE_CURVE('',#8491,#8466,#8499,.T.);
#8499 = LINE('',#8500,#8501);
#8500 = CARTESIAN_POINT('',(0.337384363085,0.377919180418,0.13));
#8501 = VECTOR('',#8502,1.);
#8502 = DIRECTION('',(0.,0.,1.));
#8503 = PLANE('',#8504);
#8504 = AXIS2_PLACEMENT_3D('',#8505,#8506,#8507);
#8505 = CARTESIAN_POINT('',(0.483482391599,0.377919180418,0.13));
#8506 = DIRECTION('',(0.,-1.,0.));
#8507 = DIRECTION('',(0.,0.,-1.));
#8508 = ADVANCED_FACE('',(#8509),#8589,.F.);
#8509 = FACE_BOUND('',#8510,.F.);
#8510 = EDGE_LOOP('',(#8511,#8522,#8531,#8539,#8548,#8556,#8563,#8564,
    #8565,#8566,#8574,#8583));
#8511 = ORIENTED_EDGE('',*,*,#8512,.T.);
#8512 = EDGE_CURVE('',#8513,#8515,#8517,.T.);
#8513 = VERTEX_POINT('',#8514);
#8514 = CARTESIAN_POINT('',(0.233047612267,0.18,0.13));
#8515 = VERTEX_POINT('',#8516);
#8516 = CARTESIAN_POINT('',(9.121911125854E-02,8.916841681764E-02,0.13)
  );
#8517 = CIRCLE('',#8518,0.1);
#8518 = AXIS2_PLACEMENT_3D('',#8519,#8520,#8521);
#8519 = CARTESIAN_POINT('',(0.133047612267,0.18,0.13));
#8520 = DIRECTION('',(0.,0.,-1.));
#8521 = DIRECTION('',(-1.,0.,0.));
#8522 = ORIENTED_EDGE('',*,*,#8523,.T.);
#8523 = EDGE_CURVE('',#8515,#8524,#8526,.T.);
#8524 = VERTEX_POINT('',#8525);
#8525 = CARTESIAN_POINT('',(0.137298412038,7.791918041812E-02,0.13));
#8526 = CIRCLE('',#8527,0.1);
#8527 = AXIS2_PLACEMENT_3D('',#8528,#8529,#8530);
#8528 = CARTESIAN_POINT('',(0.137298412038,0.177919180418,0.13));
#8529 = DIRECTION('',(0.,0.,1.));
#8530 = DIRECTION('',(1.,0.,0.));
#8531 = ORIENTED_EDGE('',*,*,#8532,.T.);
#8532 = EDGE_CURVE('',#8524,#8533,#8535,.T.);
#8533 = VERTEX_POINT('',#8534);
#8534 = CARTESIAN_POINT('',(0.137384363085,7.791918041812E-02,0.13));
#8535 = LINE('',#8536,#8537);
#8536 = CARTESIAN_POINT('',(0.237384363085,7.791918041812E-02,0.13));
#8537 = VECTOR('',#8538,1.);
#8538 = DIRECTION('',(1.,0.,0.));
#8539 = ORIENTED_EDGE('',*,*,#8540,.T.);
#8540 = EDGE_CURVE('',#8533,#8541,#8543,.T.);
#8541 = VERTEX_POINT('',#8542);
#8542 = CARTESIAN_POINT('',(0.237384363085,0.177919180418,0.13));
#8543 = CIRCLE('',#8544,0.1);
#8544 = AXIS2_PLACEMENT_3D('',#8545,#8546,#8547);
#8545 = CARTESIAN_POINT('',(0.137384363085,0.177919180418,0.13));
#8546 = DIRECTION('',(0.,0.,1.));
#8547 = DIRECTION('',(1.,0.,0.));
#8548 = ORIENTED_EDGE('',*,*,#8549,.T.);
#8549 = EDGE_CURVE('',#8541,#8550,#8552,.T.);
#8550 = VERTEX_POINT('',#8551);
#8551 = CARTESIAN_POINT('',(0.237384363085,0.277919180418,0.13));
#8552 = LINE('',#8553,#8554);
#8553 = CARTESIAN_POINT('',(0.237384363085,0.377919180418,0.13));
#8554 = VECTOR('',#8555,1.);
#8555 = DIRECTION('',(9.035018104046E-17,1.,0.));
#8556 = ORIENTED_EDGE('',*,*,#8557,.F.);
#8557 = EDGE_CURVE('',#8491,#8550,#8558,.T.);
#8558 = CIRCLE('',#8559,0.1);
#8559 = AXIS2_PLACEMENT_3D('',#8560,#8561,#8562);
#8560 = CARTESIAN_POINT('',(0.337384363085,0.277919180418,0.13));
#8561 = DIRECTION('',(0.,0.,1.));
#8562 = DIRECTION('',(1.,0.,0.));
#8563 = ORIENTED_EDGE('',*,*,#8490,.T.);
#8564 = ORIENTED_EDGE('',*,*,#8330,.F.);
#8565 = ORIENTED_EDGE('',*,*,#8380,.F.);
#8566 = ORIENTED_EDGE('',*,*,#8567,.T.);
#8567 = EDGE_CURVE('',#8365,#8568,#8570,.T.);
#8568 = VERTEX_POINT('',#8569);
#8569 = CARTESIAN_POINT('',(0.333047612267,0.38,0.13));
#8570 = LINE('',#8571,#8572);
#8571 = CARTESIAN_POINT('',(0.233047612267,0.38,0.13));
#8572 = VECTOR('',#8573,1.);
#8573 = DIRECTION('',(-1.,4.336808689942E-16,0.));
#8574 = ORIENTED_EDGE('',*,*,#8575,.F.);
#8575 = EDGE_CURVE('',#8576,#8568,#8578,.T.);
#8576 = VERTEX_POINT('',#8577);
#8577 = CARTESIAN_POINT('',(0.233047612267,0.28,0.13));
#8578 = CIRCLE('',#8579,0.1);
#8579 = AXIS2_PLACEMENT_3D('',#8580,#8581,#8582);
#8580 = CARTESIAN_POINT('',(0.333047612267,0.28,0.13));
#8581 = DIRECTION('',(0.,0.,-1.));
#8582 = DIRECTION('',(-1.,0.,0.));
#8583 = ORIENTED_EDGE('',*,*,#8584,.T.);
#8584 = EDGE_CURVE('',#8576,#8513,#8585,.T.);
#8585 = LINE('',#8586,#8587);
#8586 = CARTESIAN_POINT('',(0.233047612267,8.000000000001E-02,0.13));
#8587 = VECTOR('',#8588,1.);
#8588 = DIRECTION('',(-2.710505431214E-16,-1.,0.));
#8589 = PLANE('',#8590);
#8590 = AXIS2_PLACEMENT_3D('',#8591,#8592,#8593);
#8591 = CARTESIAN_POINT('',(0.8,0.424999999996,0.13));
#8592 = DIRECTION('',(0.,0.,1.));
#8593 = DIRECTION('',(1.,0.,0.));
#8594 = ADVANCED_FACE('',(#8595),#8606,.T.);
#8595 = FACE_BOUND('',#8596,.F.);
#8596 = EDGE_LOOP('',(#8597,#8598,#8604,#8605));
#8597 = ORIENTED_EDGE('',*,*,#8397,.T.);
#8598 = ORIENTED_EDGE('',*,*,#8599,.F.);
#8599 = EDGE_CURVE('',#8568,#8398,#8600,.T.);
#8600 = LINE('',#8601,#8602);
#8601 = CARTESIAN_POINT('',(0.333047612267,0.38,0.13));
#8602 = VECTOR('',#8603,1.);
#8603 = DIRECTION('',(0.,0.,1.));
#8604 = ORIENTED_EDGE('',*,*,#8567,.F.);
#8605 = ORIENTED_EDGE('',*,*,#8362,.F.);
#8606 = PLANE('',#8607);
#8607 = AXIS2_PLACEMENT_3D('',#8608,#8609,#8610);
#8608 = CARTESIAN_POINT('',(0.233047612267,0.38,0.13));
#8609 = DIRECTION('',(4.336808689942E-16,1.,0.));
#8610 = DIRECTION('',(-1.,4.336808689942E-16,0.));
#8611 = ADVANCED_FACE('',(#8612),#8623,.F.);
#8612 = FACE_BOUND('',#8613,.F.);
#8613 = EDGE_LOOP('',(#8614,#8615,#8621,#8622));
#8614 = ORIENTED_EDGE('',*,*,#8557,.T.);
#8615 = ORIENTED_EDGE('',*,*,#8616,.T.);
#8616 = EDGE_CURVE('',#8550,#8458,#8617,.T.);
#8617 = LINE('',#8618,#8619);
#8618 = CARTESIAN_POINT('',(0.237384363085,0.277919180418,0.13));
#8619 = VECTOR('',#8620,1.);
#8620 = DIRECTION('',(0.,0.,1.));
#8621 = ORIENTED_EDGE('',*,*,#8465,.T.);
#8622 = ORIENTED_EDGE('',*,*,#8498,.F.);
#8623 = CYLINDRICAL_SURFACE('',#8624,0.1);
#8624 = AXIS2_PLACEMENT_3D('',#8625,#8626,#8627);
#8625 = CARTESIAN_POINT('',(0.337384363085,0.277919180418,0.13));
#8626 = DIRECTION('',(-0.,-0.,-1.));
#8627 = DIRECTION('',(1.,0.,0.));
#8628 = ADVANCED_FACE('',(#8629),#8640,.T.);
#8629 = FACE_BOUND('',#8630,.F.);
#8630 = EDGE_LOOP('',(#8631,#8632,#8633,#8634));
#8631 = ORIENTED_EDGE('',*,*,#8457,.T.);
#8632 = ORIENTED_EDGE('',*,*,#8616,.F.);
#8633 = ORIENTED_EDGE('',*,*,#8549,.F.);
#8634 = ORIENTED_EDGE('',*,*,#8635,.T.);
#8635 = EDGE_CURVE('',#8541,#8449,#8636,.T.);
#8636 = LINE('',#8637,#8638);
#8637 = CARTESIAN_POINT('',(0.237384363085,0.177919180418,0.16));
#8638 = VECTOR('',#8639,1.);
#8639 = DIRECTION('',(0.,0.,1.));
#8640 = PLANE('',#8641);
#8641 = AXIS2_PLACEMENT_3D('',#8642,#8643,#8644);
#8642 = CARTESIAN_POINT('',(0.237384363085,0.377919180418,0.13));
#8643 = DIRECTION('',(1.,-9.035018104046E-17,0.));
#8644 = DIRECTION('',(9.035018104046E-17,1.,0.));
#8645 = ADVANCED_FACE('',(#8646),#8657,.T.);
#8646 = FACE_BOUND('',#8647,.T.);
#8647 = EDGE_LOOP('',(#8648,#8649,#8650,#8656));
#8648 = ORIENTED_EDGE('',*,*,#8635,.T.);
#8649 = ORIENTED_EDGE('',*,*,#8448,.T.);
#8650 = ORIENTED_EDGE('',*,*,#8651,.F.);
#8651 = EDGE_CURVE('',#8533,#8441,#8652,.T.);
#8652 = LINE('',#8653,#8654);
#8653 = CARTESIAN_POINT('',(0.137384363085,7.791918041812E-02,0.13));
#8654 = VECTOR('',#8655,1.);
#8655 = DIRECTION('',(0.,0.,1.));
#8656 = ORIENTED_EDGE('',*,*,#8540,.T.);
#8657 = CYLINDRICAL_SURFACE('',#8658,0.1);
#8658 = AXIS2_PLACEMENT_3D('',#8659,#8660,#8661);
#8659 = CARTESIAN_POINT('',(0.137384363085,0.177919180418,0.13));
#8660 = DIRECTION('',(0.,0.,1.));
#8661 = DIRECTION('',(-1.,0.,0.));
#8662 = ADVANCED_FACE('',(#8663),#8674,.T.);
#8663 = FACE_BOUND('',#8664,.F.);
#8664 = EDGE_LOOP('',(#8665,#8666,#8672,#8673));
#8665 = ORIENTED_EDGE('',*,*,#8532,.F.);
#8666 = ORIENTED_EDGE('',*,*,#8667,.T.);
#8667 = EDGE_CURVE('',#8524,#8432,#8668,.T.);
#8668 = LINE('',#8669,#8670);
#8669 = CARTESIAN_POINT('',(0.137298412038,7.791918041812E-02,0.16));
#8670 = VECTOR('',#8671,1.);
#8671 = DIRECTION('',(0.,0.,1.));
#8672 = ORIENTED_EDGE('',*,*,#8440,.T.);
#8673 = ORIENTED_EDGE('',*,*,#8651,.F.);
#8674 = PLANE('',#8675);
#8675 = AXIS2_PLACEMENT_3D('',#8676,#8677,#8678);
#8676 = CARTESIAN_POINT('',(0.237384363085,7.791918041812E-02,0.13));
#8677 = DIRECTION('',(0.,-1.,0.));
#8678 = DIRECTION('',(0.,0.,-1.));
#8679 = ADVANCED_FACE('',(#8680),#8691,.T.);
#8680 = FACE_BOUND('',#8681,.T.);
#8681 = EDGE_LOOP('',(#8682,#8683,#8684,#8685));
#8682 = ORIENTED_EDGE('',*,*,#8523,.T.);
#8683 = ORIENTED_EDGE('',*,*,#8667,.T.);
#8684 = ORIENTED_EDGE('',*,*,#8431,.T.);
#8685 = ORIENTED_EDGE('',*,*,#8686,.F.);
#8686 = EDGE_CURVE('',#8515,#8423,#8687,.T.);
#8687 = LINE('',#8688,#8689);
#8688 = CARTESIAN_POINT('',(9.121911125853E-02,8.916841681765E-02,0.13)
  );
#8689 = VECTOR('',#8690,1.);
#8690 = DIRECTION('',(0.,0.,1.));
#8691 = CYLINDRICAL_SURFACE('',#8692,0.1);
#8692 = AXIS2_PLACEMENT_3D('',#8693,#8694,#8695);
#8693 = CARTESIAN_POINT('',(0.137298412038,0.177919180418,0.13));
#8694 = DIRECTION('',(0.,0.,1.));
#8695 = DIRECTION('',(-1.,0.,0.));
#8696 = ADVANCED_FACE('',(#8697),#8708,.F.);
#8697 = FACE_BOUND('',#8698,.F.);
#8698 = EDGE_LOOP('',(#8699,#8700,#8706,#8707));
#8699 = ORIENTED_EDGE('',*,*,#8512,.F.);
#8700 = ORIENTED_EDGE('',*,*,#8701,.T.);
#8701 = EDGE_CURVE('',#8513,#8415,#8702,.T.);
#8702 = LINE('',#8703,#8704);
#8703 = CARTESIAN_POINT('',(0.233047612267,0.18,0.13));
#8704 = VECTOR('',#8705,1.);
#8705 = DIRECTION('',(0.,0.,1.));
#8706 = ORIENTED_EDGE('',*,*,#8422,.T.);
#8707 = ORIENTED_EDGE('',*,*,#8686,.F.);
#8708 = CYLINDRICAL_SURFACE('',#8709,0.1);
#8709 = AXIS2_PLACEMENT_3D('',#8710,#8711,#8712);
#8710 = CARTESIAN_POINT('',(0.133047612267,0.18,0.13));
#8711 = DIRECTION('',(-0.,-0.,-1.));
#8712 = DIRECTION('',(1.,0.,0.));
#8713 = ADVANCED_FACE('',(#8714),#8725,.T.);
#8714 = FACE_BOUND('',#8715,.F.);
#8715 = EDGE_LOOP('',(#8716,#8717,#8723,#8724));
#8716 = ORIENTED_EDGE('',*,*,#8584,.F.);
#8717 = ORIENTED_EDGE('',*,*,#8718,.T.);
#8718 = EDGE_CURVE('',#8576,#8406,#8719,.T.);
#8719 = LINE('',#8720,#8721);
#8720 = CARTESIAN_POINT('',(0.233047612267,0.28,0.16));
#8721 = VECTOR('',#8722,1.);
#8722 = DIRECTION('',(0.,0.,1.));
#8723 = ORIENTED_EDGE('',*,*,#8414,.T.);
#8724 = ORIENTED_EDGE('',*,*,#8701,.F.);
#8725 = PLANE('',#8726);
#8726 = AXIS2_PLACEMENT_3D('',#8727,#8728,#8729);
#8727 = CARTESIAN_POINT('',(0.233047612267,8.000000000001E-02,0.13));
#8728 = DIRECTION('',(-1.,2.710505431214E-16,0.));
#8729 = DIRECTION('',(-2.710505431214E-16,-1.,0.));
#8730 = ADVANCED_FACE('',(#8731),#8737,.T.);
#8731 = FACE_BOUND('',#8732,.T.);
#8732 = EDGE_LOOP('',(#8733,#8734,#8735,#8736));
#8733 = ORIENTED_EDGE('',*,*,#8718,.T.);
#8734 = ORIENTED_EDGE('',*,*,#8405,.T.);
#8735 = ORIENTED_EDGE('',*,*,#8599,.F.);
#8736 = ORIENTED_EDGE('',*,*,#8575,.F.);
#8737 = CYLINDRICAL_SURFACE('',#8738,0.1);
#8738 = AXIS2_PLACEMENT_3D('',#8739,#8740,#8741);
#8739 = CARTESIAN_POINT('',(0.333047612267,0.28,0.13));
#8740 = DIRECTION('',(0.,0.,1.));
#8741 = DIRECTION('',(-1.,0.,0.));
#8742 = ORIENTED_CLOSED_SHELL('',*,#8743,.F.);
#8743 = CLOSED_SHELL('',(#8744,#8786,#8819,#8861,#8885,#8920,#8937,#8954
    ));
#8744 = ADVANCED_FACE('',(#8745),#8781,.F.);
#8745 = FACE_BOUND('',#8746,.F.);
#8746 = EDGE_LOOP('',(#8747,#8757,#8766,#8774));
#8747 = ORIENTED_EDGE('',*,*,#8748,.T.);
#8748 = EDGE_CURVE('',#8749,#8751,#8753,.T.);
#8749 = VERTEX_POINT('',#8750);
#8750 = CARTESIAN_POINT('',(0.116820569412,0.37398689019,0.16));
#8751 = VERTEX_POINT('',#8752);
#8752 = CARTESIAN_POINT('',(0.116820569412,0.37398689019,0.13));
#8753 = LINE('',#8754,#8755);
#8754 = CARTESIAN_POINT('',(0.116820569412,0.37398689019,0.13));
#8755 = VECTOR('',#8756,1.);
#8756 = DIRECTION('',(-0.,-0.,-1.));
#8757 = ORIENTED_EDGE('',*,*,#8758,.T.);
#8758 = EDGE_CURVE('',#8751,#8759,#8761,.T.);
#8759 = VERTEX_POINT('',#8760);
#8760 = CARTESIAN_POINT('',(9.738436308483E-02,0.377919180418,0.13));
#8761 = CIRCLE('',#8762,5.E-02);
#8762 = AXIS2_PLACEMENT_3D('',#8763,#8764,#8765);
#8763 = CARTESIAN_POINT('',(9.738436308483E-02,0.327919180418,0.13));
#8764 = DIRECTION('',(0.,0.,1.));
#8765 = DIRECTION('',(1.,0.,0.));
#8766 = ORIENTED_EDGE('',*,*,#8767,.T.);
#8767 = EDGE_CURVE('',#8759,#8768,#8770,.T.);
#8768 = VERTEX_POINT('',#8769);
#8769 = CARTESIAN_POINT('',(9.738436308483E-02,0.377919180418,0.16));
#8770 = LINE('',#8771,#8772);
#8771 = CARTESIAN_POINT('',(9.738436308483E-02,0.377919180418,0.13));
#8772 = VECTOR('',#8773,1.);
#8773 = DIRECTION('',(0.,0.,1.));
#8774 = ORIENTED_EDGE('',*,*,#8775,.T.);
#8775 = EDGE_CURVE('',#8768,#8749,#8776,.T.);
#8776 = CIRCLE('',#8777,5.E-02);
#8777 = AXIS2_PLACEMENT_3D('',#8778,#8779,#8780);
#8778 = CARTESIAN_POINT('',(9.738436308483E-02,0.327919180418,0.16));
#8779 = DIRECTION('',(0.,0.,-1.));
#8780 = DIRECTION('',(-1.,0.,0.));
#8781 = CYLINDRICAL_SURFACE('',#8782,5.E-02);
#8782 = AXIS2_PLACEMENT_3D('',#8783,#8784,#8785);
#8783 = CARTESIAN_POINT('',(9.738436308483E-02,0.327919180418,0.13));
#8784 = DIRECTION('',(-0.,-0.,-1.));
#8785 = DIRECTION('',(1.,0.,0.));
#8786 = ADVANCED_FACE('',(#8787),#8814,.T.);
#8787 = FACE_BOUND('',#8788,.T.);
#8788 = EDGE_LOOP('',(#8789,#8798,#8806,#8813));
#8789 = ORIENTED_EDGE('',*,*,#8790,.F.);
#8790 = EDGE_CURVE('',#8791,#8751,#8793,.T.);
#8791 = VERTEX_POINT('',#8792);
#8792 = CARTESIAN_POINT('',(9.304761226664E-02,0.38,0.13));
#8793 = CIRCLE('',#8794,5.E-02);
#8794 = AXIS2_PLACEMENT_3D('',#8795,#8796,#8797);
#8795 = CARTESIAN_POINT('',(9.304761226664E-02,0.33,0.13));
#8796 = DIRECTION('',(0.,0.,-1.));
#8797 = DIRECTION('',(-1.,0.,0.));
#8798 = ORIENTED_EDGE('',*,*,#8799,.T.);
#8799 = EDGE_CURVE('',#8791,#8800,#8802,.T.);
#8800 = VERTEX_POINT('',#8801);
#8801 = CARTESIAN_POINT('',(9.304761226664E-02,0.38,0.16));
#8802 = LINE('',#8803,#8804);
#8803 = CARTESIAN_POINT('',(9.304761226664E-02,0.38,0.16));
#8804 = VECTOR('',#8805,1.);
#8805 = DIRECTION('',(0.,0.,1.));
#8806 = ORIENTED_EDGE('',*,*,#8807,.T.);
#8807 = EDGE_CURVE('',#8800,#8749,#8808,.T.);
#8808 = CIRCLE('',#8809,5.E-02);
#8809 = AXIS2_PLACEMENT_3D('',#8810,#8811,#8812);
#8810 = CARTESIAN_POINT('',(9.304761226664E-02,0.33,0.16));
#8811 = DIRECTION('',(0.,0.,-1.));
#8812 = DIRECTION('',(-1.,0.,0.));
#8813 = ORIENTED_EDGE('',*,*,#8748,.T.);
#8814 = CYLINDRICAL_SURFACE('',#8815,5.E-02);
#8815 = AXIS2_PLACEMENT_3D('',#8816,#8817,#8818);
#8816 = CARTESIAN_POINT('',(9.304761226664E-02,0.33,0.13));
#8817 = DIRECTION('',(0.,0.,1.));
#8818 = DIRECTION('',(-1.,0.,0.));
#8819 = ADVANCED_FACE('',(#8820),#8856,.T.);
#8820 = FACE_BOUND('',#8821,.T.);
#8821 = EDGE_LOOP('',(#8822,#8833,#8842,#8848,#8849,#8850));
#8822 = ORIENTED_EDGE('',*,*,#8823,.T.);
#8823 = EDGE_CURVE('',#8824,#8826,#8828,.T.);
#8824 = VERTEX_POINT('',#8825);
#8825 = CARTESIAN_POINT('',(7.804761226664E-02,0.38,0.16));
#8826 = VERTEX_POINT('',#8827);
#8827 = CARTESIAN_POINT('',(6.608272914179E-02,0.381619802077,0.16));
#8828 = CIRCLE('',#8829,4.5E-02);
#8829 = AXIS2_PLACEMENT_3D('',#8830,#8831,#8832);
#8830 = CARTESIAN_POINT('',(7.804761226664E-02,0.425,0.16));
#8831 = DIRECTION('',(0.,0.,-1.));
#8832 = DIRECTION('',(1.,0.,0.));
#8833 = ORIENTED_EDGE('',*,*,#8834,.T.);
#8834 = EDGE_CURVE('',#8826,#8835,#8837,.T.);
#8835 = VERTEX_POINT('',#8836);
#8836 = CARTESIAN_POINT('',(8.437923161563E-02,0.377919180418,0.16));
#8837 = CIRCLE('',#8838,4.70808196E-02);
#8838 = AXIS2_PLACEMENT_3D('',#8839,#8840,#8841);
#8839 = CARTESIAN_POINT('',(8.437923161563E-02,0.424999999996,0.16));
#8840 = DIRECTION('',(0.,0.,1.));
#8841 = DIRECTION('',(1.,0.,0.));
#8842 = ORIENTED_EDGE('',*,*,#8843,.T.);
#8843 = EDGE_CURVE('',#8835,#8768,#8844,.T.);
#8844 = LINE('',#8845,#8846);
#8845 = CARTESIAN_POINT('',(0.147384363085,0.377919180418,0.16));
#8846 = VECTOR('',#8847,1.);
#8847 = DIRECTION('',(1.,1.72081566565E-15,0.));
#8848 = ORIENTED_EDGE('',*,*,#8775,.T.);
#8849 = ORIENTED_EDGE('',*,*,#8807,.F.);
#8850 = ORIENTED_EDGE('',*,*,#8851,.T.);
#8851 = EDGE_CURVE('',#8800,#8824,#8852,.T.);
#8852 = LINE('',#8853,#8854);
#8853 = CARTESIAN_POINT('',(7.804761226664E-02,0.38,0.16));
#8854 = VECTOR('',#8855,1.);
#8855 = DIRECTION('',(-1.,-8.340016711427E-16,0.));
#8856 = PLANE('',#8857);
#8857 = AXIS2_PLACEMENT_3D('',#8858,#8859,#8860);
#8858 = CARTESIAN_POINT('',(0.55,0.8,0.16));
#8859 = DIRECTION('',(0.,0.,1.));
#8860 = DIRECTION('',(1.,0.,0.));
#8861 = ADVANCED_FACE('',(#8862),#8880,.T.);
#8862 = FACE_BOUND('',#8863,.F.);
#8863 = EDGE_LOOP('',(#8864,#8865,#8866,#8874));
#8864 = ORIENTED_EDGE('',*,*,#8843,.T.);
#8865 = ORIENTED_EDGE('',*,*,#8767,.F.);
#8866 = ORIENTED_EDGE('',*,*,#8867,.F.);
#8867 = EDGE_CURVE('',#8868,#8759,#8870,.T.);
#8868 = VERTEX_POINT('',#8869);
#8869 = CARTESIAN_POINT('',(8.437923161563E-02,0.377919180418,0.13));
#8870 = LINE('',#8871,#8872);
#8871 = CARTESIAN_POINT('',(0.147384363085,0.377919180418,0.13));
#8872 = VECTOR('',#8873,1.);
#8873 = DIRECTION('',(1.,1.72081566565E-15,0.));
#8874 = ORIENTED_EDGE('',*,*,#8875,.T.);
#8875 = EDGE_CURVE('',#8868,#8835,#8876,.T.);
#8876 = LINE('',#8877,#8878);
#8877 = CARTESIAN_POINT('',(8.437923161563E-02,0.377919180418,0.13));
#8878 = VECTOR('',#8879,1.);
#8879 = DIRECTION('',(0.,0.,1.));
#8880 = PLANE('',#8881);
#8881 = AXIS2_PLACEMENT_3D('',#8882,#8883,#8884);
#8882 = CARTESIAN_POINT('',(0.147384363085,0.377919180418,0.13));
#8883 = DIRECTION('',(1.72081566565E-15,-1.,0.));
#8884 = DIRECTION('',(1.,1.72081566565E-15,0.));
#8885 = ADVANCED_FACE('',(#8886),#8915,.F.);
#8886 = FACE_BOUND('',#8887,.F.);
#8887 = EDGE_LOOP('',(#8888,#8889,#8890,#8898,#8907,#8914));
#8888 = ORIENTED_EDGE('',*,*,#8758,.F.);
#8889 = ORIENTED_EDGE('',*,*,#8790,.F.);
#8890 = ORIENTED_EDGE('',*,*,#8891,.T.);
#8891 = EDGE_CURVE('',#8791,#8892,#8894,.T.);
#8892 = VERTEX_POINT('',#8893);
#8893 = CARTESIAN_POINT('',(7.804761226664E-02,0.38,0.13));
#8894 = LINE('',#8895,#8896);
#8895 = CARTESIAN_POINT('',(7.804761226664E-02,0.38,0.13));
#8896 = VECTOR('',#8897,1.);
#8897 = DIRECTION('',(-1.,-8.340016711427E-16,0.));
#8898 = ORIENTED_EDGE('',*,*,#8899,.T.);
#8899 = EDGE_CURVE('',#8892,#8900,#8902,.T.);
#8900 = VERTEX_POINT('',#8901);
#8901 = CARTESIAN_POINT('',(6.608272914179E-02,0.381619802077,0.13));
#8902 = CIRCLE('',#8903,4.5E-02);
#8903 = AXIS2_PLACEMENT_3D('',#8904,#8905,#8906);
#8904 = CARTESIAN_POINT('',(7.804761226664E-02,0.425,0.13));
#8905 = DIRECTION('',(0.,0.,-1.));
#8906 = DIRECTION('',(1.,0.,0.));
#8907 = ORIENTED_EDGE('',*,*,#8908,.T.);
#8908 = EDGE_CURVE('',#8900,#8868,#8909,.T.);
#8909 = CIRCLE('',#8910,4.70808196E-02);
#8910 = AXIS2_PLACEMENT_3D('',#8911,#8912,#8913);
#8911 = CARTESIAN_POINT('',(8.437923161563E-02,0.424999999996,0.13));
#8912 = DIRECTION('',(0.,0.,1.));
#8913 = DIRECTION('',(1.,0.,0.));
#8914 = ORIENTED_EDGE('',*,*,#8867,.T.);
#8915 = PLANE('',#8916);
#8916 = AXIS2_PLACEMENT_3D('',#8917,#8918,#8919);
#8917 = CARTESIAN_POINT('',(0.8,0.424999999996,0.13));
#8918 = DIRECTION('',(0.,0.,1.));
#8919 = DIRECTION('',(1.,0.,0.));
#8920 = ADVANCED_FACE('',(#8921),#8932,.T.);
#8921 = FACE_BOUND('',#8922,.F.);
#8922 = EDGE_LOOP('',(#8923,#8924,#8925,#8926));
#8923 = ORIENTED_EDGE('',*,*,#8891,.F.);
#8924 = ORIENTED_EDGE('',*,*,#8799,.T.);
#8925 = ORIENTED_EDGE('',*,*,#8851,.T.);
#8926 = ORIENTED_EDGE('',*,*,#8927,.F.);
#8927 = EDGE_CURVE('',#8892,#8824,#8928,.T.);
#8928 = LINE('',#8929,#8930);
#8929 = CARTESIAN_POINT('',(7.804761226664E-02,0.38,0.13));
#8930 = VECTOR('',#8931,1.);
#8931 = DIRECTION('',(0.,0.,1.));
#8932 = PLANE('',#8933);
#8933 = AXIS2_PLACEMENT_3D('',#8934,#8935,#8936);
#8934 = CARTESIAN_POINT('',(7.804761226664E-02,0.38,0.13));
#8935 = DIRECTION('',(-8.340016711427E-16,1.,0.));
#8936 = DIRECTION('',(-1.,-8.340016711427E-16,0.));
#8937 = ADVANCED_FACE('',(#8938),#8949,.F.);
#8938 = FACE_BOUND('',#8939,.F.);
#8939 = EDGE_LOOP('',(#8940,#8941,#8942,#8948));
#8940 = ORIENTED_EDGE('',*,*,#8927,.T.);
#8941 = ORIENTED_EDGE('',*,*,#8823,.T.);
#8942 = ORIENTED_EDGE('',*,*,#8943,.T.);
#8943 = EDGE_CURVE('',#8826,#8900,#8944,.T.);
#8944 = LINE('',#8945,#8946);
#8945 = CARTESIAN_POINT('',(6.608272914179E-02,0.381619802077,0.13));
#8946 = VECTOR('',#8947,1.);
#8947 = DIRECTION('',(-0.,-0.,-1.));
#8948 = ORIENTED_EDGE('',*,*,#8899,.F.);
#8949 = CYLINDRICAL_SURFACE('',#8950,4.5E-02);
#8950 = AXIS2_PLACEMENT_3D('',#8951,#8952,#8953);
#8951 = CARTESIAN_POINT('',(7.804761226664E-02,0.425,0.13));
#8952 = DIRECTION('',(-0.,-0.,-1.));
#8953 = DIRECTION('',(1.,0.,0.));
#8954 = ADVANCED_FACE('',(#8955),#8961,.T.);
#8955 = FACE_BOUND('',#8956,.T.);
#8956 = EDGE_LOOP('',(#8957,#8958,#8959,#8960));
#8957 = ORIENTED_EDGE('',*,*,#8943,.T.);
#8958 = ORIENTED_EDGE('',*,*,#8908,.T.);
#8959 = ORIENTED_EDGE('',*,*,#8875,.T.);
#8960 = ORIENTED_EDGE('',*,*,#8834,.F.);
#8961 = CYLINDRICAL_SURFACE('',#8962,4.70808196E-02);
#8962 = AXIS2_PLACEMENT_3D('',#8963,#8964,#8965);
#8963 = CARTESIAN_POINT('',(8.437923161563E-02,0.424999999996,0.13));
#8964 = DIRECTION('',(-0.,-0.,-1.));
#8965 = DIRECTION('',(1.,0.,0.));
#8966 = ORIENTED_CLOSED_SHELL('',*,#8967,.F.);
#8967 = CLOSED_SHELL('',(#8968,#9010,#9041,#9084,#9109,#9144,#9161,#9178
    ));
#8968 = ADVANCED_FACE('',(#8969),#9005,.T.);
#8969 = FACE_BOUND('',#8970,.T.);
#8970 = EDGE_LOOP('',(#8971,#8981,#8990,#8998));
#8971 = ORIENTED_EDGE('',*,*,#8972,.F.);
#8972 = EDGE_CURVE('',#8973,#8975,#8977,.T.);
#8973 = VERTEX_POINT('',#8974);
#8974 = CARTESIAN_POINT('',(8.437923161563E-02,0.472080819573,0.13));
#8975 = VERTEX_POINT('',#8976);
#8976 = CARTESIAN_POINT('',(8.437923161563E-02,0.472080819573,0.16));
#8977 = LINE('',#8978,#8979);
#8978 = CARTESIAN_POINT('',(8.437923161563E-02,0.472080819573,0.13));
#8979 = VECTOR('',#8980,1.);
#8980 = DIRECTION('',(0.,0.,1.));
#8981 = ORIENTED_EDGE('',*,*,#8982,.T.);
#8982 = EDGE_CURVE('',#8973,#8983,#8985,.T.);
#8983 = VERTEX_POINT('',#8984);
#8984 = CARTESIAN_POINT('',(6.608272920117E-02,0.468380197939,0.13));
#8985 = CIRCLE('',#8986,4.70808196E-02);
#8986 = AXIS2_PLACEMENT_3D('',#8987,#8988,#8989);
#8987 = CARTESIAN_POINT('',(8.437923161563E-02,0.424999999996,0.13));
#8988 = DIRECTION('',(0.,0.,1.));
#8989 = DIRECTION('',(1.,0.,0.));
#8990 = ORIENTED_EDGE('',*,*,#8991,.F.);
#8991 = EDGE_CURVE('',#8992,#8983,#8994,.T.);
#8992 = VERTEX_POINT('',#8993);
#8993 = CARTESIAN_POINT('',(6.608272920117E-02,0.468380197939,0.16));
#8994 = LINE('',#8995,#8996);
#8995 = CARTESIAN_POINT('',(6.608272920117E-02,0.468380197939,0.13));
#8996 = VECTOR('',#8997,1.);
#8997 = DIRECTION('',(-0.,-0.,-1.));
#8998 = ORIENTED_EDGE('',*,*,#8999,.F.);
#8999 = EDGE_CURVE('',#8975,#8992,#9000,.T.);
#9000 = CIRCLE('',#9001,4.70808196E-02);
#9001 = AXIS2_PLACEMENT_3D('',#9002,#9003,#9004);
#9002 = CARTESIAN_POINT('',(8.437923161563E-02,0.424999999996,0.16));
#9003 = DIRECTION('',(0.,0.,1.));
#9004 = DIRECTION('',(1.,0.,0.));
#9005 = CYLINDRICAL_SURFACE('',#9006,4.70808196E-02);
#9006 = AXIS2_PLACEMENT_3D('',#9007,#9008,#9009);
#9007 = CARTESIAN_POINT('',(8.437923161563E-02,0.424999999996,0.13));
#9008 = DIRECTION('',(-0.,-0.,-1.));
#9009 = DIRECTION('',(1.,0.,0.));
#9010 = ADVANCED_FACE('',(#9011),#9036,.T.);
#9011 = FACE_BOUND('',#9012,.F.);
#9012 = EDGE_LOOP('',(#9013,#9021,#9029,#9035));
#9013 = ORIENTED_EDGE('',*,*,#9014,.F.);
#9014 = EDGE_CURVE('',#9015,#8973,#9017,.T.);
#9015 = VERTEX_POINT('',#9016);
#9016 = CARTESIAN_POINT('',(0.406595332371,0.472080819573,0.13));
#9017 = LINE('',#9018,#9019);
#9018 = CARTESIAN_POINT('',(8.437923161563E-02,0.472080819573,0.13));
#9019 = VECTOR('',#9020,1.);
#9020 = DIRECTION('',(-1.,0.,0.));
#9021 = ORIENTED_EDGE('',*,*,#9022,.T.);
#9022 = EDGE_CURVE('',#9015,#9023,#9025,.T.);
#9023 = VERTEX_POINT('',#9024);
#9024 = CARTESIAN_POINT('',(0.406595332371,0.472080819573,0.16));
#9025 = LINE('',#9026,#9027);
#9026 = CARTESIAN_POINT('',(0.406595332371,0.472080819573,0.13));
#9027 = VECTOR('',#9028,1.);
#9028 = DIRECTION('',(0.,0.,1.));
#9029 = ORIENTED_EDGE('',*,*,#9030,.T.);
#9030 = EDGE_CURVE('',#9023,#8975,#9031,.T.);
#9031 = LINE('',#9032,#9033);
#9032 = CARTESIAN_POINT('',(8.437923161563E-02,0.472080819573,0.16));
#9033 = VECTOR('',#9034,1.);
#9034 = DIRECTION('',(-1.,0.,0.));
#9035 = ORIENTED_EDGE('',*,*,#8972,.F.);
#9036 = PLANE('',#9037);
#9037 = AXIS2_PLACEMENT_3D('',#9038,#9039,#9040);
#9038 = CARTESIAN_POINT('',(8.437923161563E-02,0.472080819573,0.13));
#9039 = DIRECTION('',(0.,1.,0.));
#9040 = DIRECTION('',(0.,0.,1.));
#9041 = ADVANCED_FACE('',(#9042),#9079,.T.);
#9042 = FACE_BOUND('',#9043,.T.);
#9043 = EDGE_LOOP('',(#9044,#9055,#9062,#9063,#9064,#9073));
#9044 = ORIENTED_EDGE('',*,*,#9045,.F.);
#9045 = EDGE_CURVE('',#9046,#9048,#9050,.T.);
#9046 = VERTEX_POINT('',#9047);
#9047 = CARTESIAN_POINT('',(0.497735954006,0.530930034794,0.16));
#9048 = VERTEX_POINT('',#9049);
#9049 = CARTESIAN_POINT('',(0.405684132629,0.47,0.16));
#9050 = CIRCLE('',#9051,0.1);
#9051 = AXIS2_PLACEMENT_3D('',#9052,#9053,#9054);
#9052 = CARTESIAN_POINT('',(0.405684132629,0.57,0.16));
#9053 = DIRECTION('',(0.,0.,-1.));
#9054 = DIRECTION('',(-1.,0.,0.));
#9055 = ORIENTED_EDGE('',*,*,#9056,.T.);
#9056 = EDGE_CURVE('',#9046,#9023,#9057,.T.);
#9057 = CIRCLE('',#9058,0.1);
#9058 = AXIS2_PLACEMENT_3D('',#9059,#9060,#9061);
#9059 = CARTESIAN_POINT('',(0.406595332371,0.572080819573,0.16));
#9060 = DIRECTION('',(0.,0.,-1.));
#9061 = DIRECTION('',(-1.,0.,0.));
#9062 = ORIENTED_EDGE('',*,*,#9030,.T.);
#9063 = ORIENTED_EDGE('',*,*,#8999,.T.);
#9064 = ORIENTED_EDGE('',*,*,#9065,.T.);
#9065 = EDGE_CURVE('',#8992,#9066,#9068,.T.);
#9066 = VERTEX_POINT('',#9067);
#9067 = CARTESIAN_POINT('',(7.804761226664E-02,0.47,0.16));
#9068 = CIRCLE('',#9069,4.5E-02);
#9069 = AXIS2_PLACEMENT_3D('',#9070,#9071,#9072);
#9070 = CARTESIAN_POINT('',(7.804761226664E-02,0.425,0.16));
#9071 = DIRECTION('',(0.,0.,-1.));
#9072 = DIRECTION('',(1.,0.,0.));
#9073 = ORIENTED_EDGE('',*,*,#9074,.T.);
#9074 = EDGE_CURVE('',#9066,#9048,#9075,.T.);
#9075 = LINE('',#9076,#9077);
#9076 = CARTESIAN_POINT('',(0.483047612267,0.47,0.16));
#9077 = VECTOR('',#9078,1.);
#9078 = DIRECTION('',(1.,-2.677042401199E-16,0.));
#9079 = PLANE('',#9080);
#9080 = AXIS2_PLACEMENT_3D('',#9081,#9082,#9083);
#9081 = CARTESIAN_POINT('',(0.55,0.8,0.16));
#9082 = DIRECTION('',(0.,0.,1.));
#9083 = DIRECTION('',(1.,0.,0.));
#9084 = ADVANCED_FACE('',(#9085),#9104,.F.);
#9085 = FACE_BOUND('',#9086,.F.);
#9086 = EDGE_LOOP('',(#9087,#9088,#9089,#9097));
#9087 = ORIENTED_EDGE('',*,*,#8991,.F.);
#9088 = ORIENTED_EDGE('',*,*,#9065,.T.);
#9089 = ORIENTED_EDGE('',*,*,#9090,.F.);
#9090 = EDGE_CURVE('',#9091,#9066,#9093,.T.);
#9091 = VERTEX_POINT('',#9092);
#9092 = CARTESIAN_POINT('',(7.804761226664E-02,0.47,0.13));
#9093 = LINE('',#9094,#9095);
#9094 = CARTESIAN_POINT('',(7.804761226664E-02,0.47,0.13));
#9095 = VECTOR('',#9096,1.);
#9096 = DIRECTION('',(0.,0.,1.));
#9097 = ORIENTED_EDGE('',*,*,#9098,.F.);
#9098 = EDGE_CURVE('',#8983,#9091,#9099,.T.);
#9099 = CIRCLE('',#9100,4.5E-02);
#9100 = AXIS2_PLACEMENT_3D('',#9101,#9102,#9103);
#9101 = CARTESIAN_POINT('',(7.804761226664E-02,0.425,0.13));
#9102 = DIRECTION('',(0.,0.,-1.));
#9103 = DIRECTION('',(1.,0.,0.));
#9104 = CYLINDRICAL_SURFACE('',#9105,4.5E-02);
#9105 = AXIS2_PLACEMENT_3D('',#9106,#9107,#9108);
#9106 = CARTESIAN_POINT('',(7.804761226664E-02,0.425,0.13));
#9107 = DIRECTION('',(-0.,-0.,-1.));
#9108 = DIRECTION('',(1.,0.,0.));
#9109 = ADVANCED_FACE('',(#9110),#9139,.F.);
#9110 = FACE_BOUND('',#9111,.F.);
#9111 = EDGE_LOOP('',(#9112,#9113,#9114,#9122,#9131,#9138));
#9112 = ORIENTED_EDGE('',*,*,#8982,.T.);
#9113 = ORIENTED_EDGE('',*,*,#9098,.T.);
#9114 = ORIENTED_EDGE('',*,*,#9115,.T.);
#9115 = EDGE_CURVE('',#9091,#9116,#9118,.T.);
#9116 = VERTEX_POINT('',#9117);
#9117 = CARTESIAN_POINT('',(0.405684132629,0.47,0.13));
#9118 = LINE('',#9119,#9120);
#9119 = CARTESIAN_POINT('',(0.483047612267,0.47,0.13));
#9120 = VECTOR('',#9121,1.);
#9121 = DIRECTION('',(1.,-2.677042401199E-16,0.));
#9122 = ORIENTED_EDGE('',*,*,#9123,.F.);
#9123 = EDGE_CURVE('',#9124,#9116,#9126,.T.);
#9124 = VERTEX_POINT('',#9125);
#9125 = CARTESIAN_POINT('',(0.497735954006,0.530930034794,0.13));
#9126 = CIRCLE('',#9127,0.1);
#9127 = AXIS2_PLACEMENT_3D('',#9128,#9129,#9130);
#9128 = CARTESIAN_POINT('',(0.405684132629,0.57,0.13));
#9129 = DIRECTION('',(0.,0.,-1.));
#9130 = DIRECTION('',(-1.,0.,0.));
#9131 = ORIENTED_EDGE('',*,*,#9132,.F.);
#9132 = EDGE_CURVE('',#9015,#9124,#9133,.T.);
#9133 = CIRCLE('',#9134,0.1);
#9134 = AXIS2_PLACEMENT_3D('',#9135,#9136,#9137);
#9135 = CARTESIAN_POINT('',(0.406595332371,0.572080819573,0.13));
#9136 = DIRECTION('',(0.,0.,1.));
#9137 = DIRECTION('',(1.,0.,0.));
#9138 = ORIENTED_EDGE('',*,*,#9014,.T.);
#9139 = PLANE('',#9140);
#9140 = AXIS2_PLACEMENT_3D('',#9141,#9142,#9143);
#9141 = CARTESIAN_POINT('',(0.8,0.424999999996,0.13));
#9142 = DIRECTION('',(0.,0.,1.));
#9143 = DIRECTION('',(1.,0.,0.));
#9144 = ADVANCED_FACE('',(#9145),#9156,.F.);
#9145 = FACE_BOUND('',#9146,.F.);
#9146 = EDGE_LOOP('',(#9147,#9148,#9149,#9155));
#9147 = ORIENTED_EDGE('',*,*,#9022,.F.);
#9148 = ORIENTED_EDGE('',*,*,#9132,.T.);
#9149 = ORIENTED_EDGE('',*,*,#9150,.F.);
#9150 = EDGE_CURVE('',#9046,#9124,#9151,.T.);
#9151 = LINE('',#9152,#9153);
#9152 = CARTESIAN_POINT('',(0.497735954006,0.530930034794,0.13));
#9153 = VECTOR('',#9154,1.);
#9154 = DIRECTION('',(-0.,-0.,-1.));
#9155 = ORIENTED_EDGE('',*,*,#9056,.T.);
#9156 = CYLINDRICAL_SURFACE('',#9157,0.1);
#9157 = AXIS2_PLACEMENT_3D('',#9158,#9159,#9160);
#9158 = CARTESIAN_POINT('',(0.406595332371,0.572080819573,0.13));
#9159 = DIRECTION('',(-0.,-0.,-1.));
#9160 = DIRECTION('',(1.,0.,0.));
#9161 = ADVANCED_FACE('',(#9162),#9173,.T.);
#9162 = FACE_BOUND('',#9163,.T.);
#9163 = EDGE_LOOP('',(#9164,#9165,#9166,#9167));
#9164 = ORIENTED_EDGE('',*,*,#9123,.F.);
#9165 = ORIENTED_EDGE('',*,*,#9150,.F.);
#9166 = ORIENTED_EDGE('',*,*,#9045,.T.);
#9167 = ORIENTED_EDGE('',*,*,#9168,.T.);
#9168 = EDGE_CURVE('',#9048,#9116,#9169,.T.);
#9169 = LINE('',#9170,#9171);
#9170 = CARTESIAN_POINT('',(0.405684132629,0.47,0.13));
#9171 = VECTOR('',#9172,1.);
#9172 = DIRECTION('',(0.,0.,-1.));
#9173 = CYLINDRICAL_SURFACE('',#9174,0.1);
#9174 = AXIS2_PLACEMENT_3D('',#9175,#9176,#9177);
#9175 = CARTESIAN_POINT('',(0.405684132629,0.57,0.13));
#9176 = DIRECTION('',(-0.,-0.,-1.));
#9177 = DIRECTION('',(1.,0.,0.));
#9178 = ADVANCED_FACE('',(#9179),#9185,.T.);
#9179 = FACE_BOUND('',#9180,.F.);
#9180 = EDGE_LOOP('',(#9181,#9182,#9183,#9184));
#9181 = ORIENTED_EDGE('',*,*,#9074,.T.);
#9182 = ORIENTED_EDGE('',*,*,#9168,.T.);
#9183 = ORIENTED_EDGE('',*,*,#9115,.F.);
#9184 = ORIENTED_EDGE('',*,*,#9090,.T.);
#9185 = PLANE('',#9186);
#9186 = AXIS2_PLACEMENT_3D('',#9187,#9188,#9189);
#9187 = CARTESIAN_POINT('',(0.483047612267,0.47,0.13));
#9188 = DIRECTION('',(-2.677042401199E-16,-1.,0.));
#9189 = DIRECTION('',(1.,-2.677042401199E-16,0.));
#9190 = ORIENTED_CLOSED_SHELL('',*,#9191,.F.);
#9191 = CLOSED_SHELL('',(#9192,#9234,#9258,#9283,#9299));
#9192 = ADVANCED_FACE('',(#9193),#9229,.T.);
#9193 = FACE_BOUND('',#9194,.T.);
#9194 = EDGE_LOOP('',(#9195,#9206,#9214,#9223));
#9195 = ORIENTED_EDGE('',*,*,#9196,.F.);
#9196 = EDGE_CURVE('',#9197,#9199,#9201,.T.);
#9197 = VERTEX_POINT('',#9198);
#9198 = CARTESIAN_POINT('',(0.767,-0.225146417969,0.13));
#9199 = VERTEX_POINT('',#9200);
#9200 = CARTESIAN_POINT('',(0.648168576307,-0.302638981782,0.13));
#9201 = CIRCLE('',#9202,0.205);
#9202 = AXIS2_PLACEMENT_3D('',#9203,#9204,#9205);
#9203 = CARTESIAN_POINT('',(0.81264587328,-0.425000000005,0.13));
#9204 = DIRECTION('',(0.,0.,1.));
#9205 = DIRECTION('',(1.,0.,0.));
#9206 = ORIENTED_EDGE('',*,*,#9207,.F.);
#9207 = EDGE_CURVE('',#9208,#9197,#9210,.T.);
#9208 = VERTEX_POINT('',#9209);
#9209 = CARTESIAN_POINT('',(0.767,-0.225146417969,3.E-02));
#9210 = LINE('',#9211,#9212);
#9211 = CARTESIAN_POINT('',(0.767,-0.225146417969,0.16));
#9212 = VECTOR('',#9213,1.);
#9213 = DIRECTION('',(0.,0.,1.));
#9214 = ORIENTED_EDGE('',*,*,#9215,.T.);
#9215 = EDGE_CURVE('',#9208,#9216,#9218,.T.);
#9216 = VERTEX_POINT('',#9217);
#9217 = CARTESIAN_POINT('',(0.648168576307,-0.302638981782,3.E-02));
#9218 = CIRCLE('',#9219,0.205);
#9219 = AXIS2_PLACEMENT_3D('',#9220,#9221,#9222);
#9220 = CARTESIAN_POINT('',(0.81264587328,-0.425000000005,3.E-02));
#9221 = DIRECTION('',(0.,0.,1.));
#9222 = DIRECTION('',(1.,0.,0.));
#9223 = ORIENTED_EDGE('',*,*,#9224,.T.);
#9224 = EDGE_CURVE('',#9216,#9199,#9225,.T.);
#9225 = LINE('',#9226,#9227);
#9226 = CARTESIAN_POINT('',(0.648168576307,-0.302638981782,0.16));
#9227 = VECTOR('',#9228,1.);
#9228 = DIRECTION('',(0.,0.,1.));
#9229 = CYLINDRICAL_SURFACE('',#9230,0.205);
#9230 = AXIS2_PLACEMENT_3D('',#9231,#9232,#9233);
#9231 = CARTESIAN_POINT('',(0.81264587328,-0.425000000005,0.16));
#9232 = DIRECTION('',(0.,0.,1.));
#9233 = DIRECTION('',(-1.,0.,0.));
#9234 = ADVANCED_FACE('',(#9235),#9253,.F.);
#9235 = FACE_BOUND('',#9236,.F.);
#9236 = EDGE_LOOP('',(#9237,#9246,#9247));
#9237 = ORIENTED_EDGE('',*,*,#9238,.F.);
#9238 = EDGE_CURVE('',#9199,#9239,#9241,.T.);
#9239 = VERTEX_POINT('',#9240);
#9240 = CARTESIAN_POINT('',(0.767,-0.232812591463,0.13));
#9241 = CIRCLE('',#9242,0.195);
#9242 = AXIS2_PLACEMENT_3D('',#9243,#9244,#9245);
#9243 = CARTESIAN_POINT('',(0.8,-0.425,0.13));
#9244 = DIRECTION('',(0.,0.,-1.));
#9245 = DIRECTION('',(-1.,0.,0.));
#9246 = ORIENTED_EDGE('',*,*,#9196,.F.);
#9247 = ORIENTED_EDGE('',*,*,#9248,.T.);
#9248 = EDGE_CURVE('',#9197,#9239,#9249,.T.);
#9249 = LINE('',#9250,#9251);
#9250 = CARTESIAN_POINT('',(0.767,-0.425,0.13));
#9251 = VECTOR('',#9252,1.);
#9252 = DIRECTION('',(0.,-1.,0.));
#9253 = PLANE('',#9254);
#9254 = AXIS2_PLACEMENT_3D('',#9255,#9256,#9257);
#9255 = CARTESIAN_POINT('',(0.8,-0.425,0.13));
#9256 = DIRECTION('',(0.,0.,-1.));
#9257 = DIRECTION('',(-1.,0.,0.));
#9258 = ADVANCED_FACE('',(#9259),#9278,.F.);
#9259 = FACE_BOUND('',#9260,.F.);
#9260 = EDGE_LOOP('',(#9261,#9262,#9263,#9271));
#9261 = ORIENTED_EDGE('',*,*,#9224,.T.);
#9262 = ORIENTED_EDGE('',*,*,#9238,.T.);
#9263 = ORIENTED_EDGE('',*,*,#9264,.F.);
#9264 = EDGE_CURVE('',#9265,#9239,#9267,.T.);
#9265 = VERTEX_POINT('',#9266);
#9266 = CARTESIAN_POINT('',(0.767,-0.232812591463,3.E-02));
#9267 = LINE('',#9268,#9269);
#9268 = CARTESIAN_POINT('',(0.767,-0.232812591463,0.));
#9269 = VECTOR('',#9270,1.);
#9270 = DIRECTION('',(0.,0.,1.));
#9271 = ORIENTED_EDGE('',*,*,#9272,.F.);
#9272 = EDGE_CURVE('',#9216,#9265,#9273,.T.);
#9273 = CIRCLE('',#9274,0.195);
#9274 = AXIS2_PLACEMENT_3D('',#9275,#9276,#9277);
#9275 = CARTESIAN_POINT('',(0.8,-0.425,3.E-02));
#9276 = DIRECTION('',(0.,0.,-1.));
#9277 = DIRECTION('',(-1.,0.,0.));
#9278 = CYLINDRICAL_SURFACE('',#9279,0.195);
#9279 = AXIS2_PLACEMENT_3D('',#9280,#9281,#9282);
#9280 = CARTESIAN_POINT('',(0.8,-0.425,0.));
#9281 = DIRECTION('',(-0.,-0.,-1.));
#9282 = DIRECTION('',(1.,0.,0.));
#9283 = ADVANCED_FACE('',(#9284),#9294,.T.);
#9284 = FACE_BOUND('',#9285,.T.);
#9285 = EDGE_LOOP('',(#9286,#9287,#9288));
#9286 = ORIENTED_EDGE('',*,*,#9272,.F.);
#9287 = ORIENTED_EDGE('',*,*,#9215,.F.);
#9288 = ORIENTED_EDGE('',*,*,#9289,.T.);
#9289 = EDGE_CURVE('',#9208,#9265,#9290,.T.);
#9290 = LINE('',#9291,#9292);
#9291 = CARTESIAN_POINT('',(0.767,-0.425,3.E-02));
#9292 = VECTOR('',#9293,1.);
#9293 = DIRECTION('',(0.,-1.,0.));
#9294 = PLANE('',#9295);
#9295 = AXIS2_PLACEMENT_3D('',#9296,#9297,#9298);
#9296 = CARTESIAN_POINT('',(0.8,-0.425,3.E-02));
#9297 = DIRECTION('',(0.,0.,-1.));
#9298 = DIRECTION('',(-1.,0.,0.));
#9299 = ADVANCED_FACE('',(#9300),#9306,.T.);
#9300 = FACE_BOUND('',#9301,.T.);
#9301 = EDGE_LOOP('',(#9302,#9303,#9304,#9305));
#9302 = ORIENTED_EDGE('',*,*,#9207,.T.);
#9303 = ORIENTED_EDGE('',*,*,#9248,.T.);
#9304 = ORIENTED_EDGE('',*,*,#9264,.F.);
#9305 = ORIENTED_EDGE('',*,*,#9289,.F.);
#9306 = PLANE('',#9307);
#9307 = AXIS2_PLACEMENT_3D('',#9308,#9309,#9310);
#9308 = CARTESIAN_POINT('',(0.767,-0.232812591463,0.));
#9309 = DIRECTION('',(1.,0.,0.));
#9310 = DIRECTION('',(0.,0.,-1.));
#9311 = ORIENTED_CLOSED_SHELL('',*,#9312,.F.);
#9312 = CLOSED_SHELL('',(#9313,#9355,#9379,#9403,#9420));
#9313 = ADVANCED_FACE('',(#9314),#9350,.T.);
#9314 = FACE_BOUND('',#9315,.T.);
#9315 = EDGE_LOOP('',(#9316,#9327,#9335,#9344));
#9316 = ORIENTED_EDGE('',*,*,#9317,.F.);
#9317 = EDGE_CURVE('',#9318,#9320,#9322,.T.);
#9318 = VERTEX_POINT('',#9319);
#9319 = CARTESIAN_POINT('',(0.648168576208,-0.547361018095,0.13));
#9320 = VERTEX_POINT('',#9321);
#9321 = CARTESIAN_POINT('',(0.767,-0.624853582041,0.13));
#9322 = CIRCLE('',#9323,0.205);
#9323 = AXIS2_PLACEMENT_3D('',#9324,#9325,#9326);
#9324 = CARTESIAN_POINT('',(0.81264587328,-0.425000000005,0.13));
#9325 = DIRECTION('',(0.,0.,1.));
#9326 = DIRECTION('',(1.,0.,0.));
#9327 = ORIENTED_EDGE('',*,*,#9328,.F.);
#9328 = EDGE_CURVE('',#9329,#9318,#9331,.T.);
#9329 = VERTEX_POINT('',#9330);
#9330 = CARTESIAN_POINT('',(0.648168576208,-0.547361018095,3.E-02));
#9331 = LINE('',#9332,#9333);
#9332 = CARTESIAN_POINT('',(0.648168576208,-0.547361018095,0.16));
#9333 = VECTOR('',#9334,1.);
#9334 = DIRECTION('',(0.,0.,1.));
#9335 = ORIENTED_EDGE('',*,*,#9336,.T.);
#9336 = EDGE_CURVE('',#9329,#9337,#9339,.T.);
#9337 = VERTEX_POINT('',#9338);
#9338 = CARTESIAN_POINT('',(0.767,-0.624853582041,3.E-02));
#9339 = CIRCLE('',#9340,0.205);
#9340 = AXIS2_PLACEMENT_3D('',#9341,#9342,#9343);
#9341 = CARTESIAN_POINT('',(0.81264587328,-0.425000000005,3.E-02));
#9342 = DIRECTION('',(0.,0.,1.));
#9343 = DIRECTION('',(1.,0.,0.));
#9344 = ORIENTED_EDGE('',*,*,#9345,.T.);
#9345 = EDGE_CURVE('',#9337,#9320,#9346,.T.);
#9346 = LINE('',#9347,#9348);
#9347 = CARTESIAN_POINT('',(0.767,-0.624853582041,0.16));
#9348 = VECTOR('',#9349,1.);
#9349 = DIRECTION('',(0.,0.,1.));
#9350 = CYLINDRICAL_SURFACE('',#9351,0.205);
#9351 = AXIS2_PLACEMENT_3D('',#9352,#9353,#9354);
#9352 = CARTESIAN_POINT('',(0.81264587328,-0.425000000005,0.16));
#9353 = DIRECTION('',(0.,0.,1.));
#9354 = DIRECTION('',(-1.,0.,0.));
#9355 = ADVANCED_FACE('',(#9356),#9374,.F.);
#9356 = FACE_BOUND('',#9357,.F.);
#9357 = EDGE_LOOP('',(#9358,#9366,#9367));
#9358 = ORIENTED_EDGE('',*,*,#9359,.T.);
#9359 = EDGE_CURVE('',#9360,#9320,#9362,.T.);
#9360 = VERTEX_POINT('',#9361);
#9361 = CARTESIAN_POINT('',(0.767,-0.617187408537,0.13));
#9362 = LINE('',#9363,#9364);
#9363 = CARTESIAN_POINT('',(0.767,-0.425,0.13));
#9364 = VECTOR('',#9365,1.);
#9365 = DIRECTION('',(0.,-1.,0.));
#9366 = ORIENTED_EDGE('',*,*,#9317,.F.);
#9367 = ORIENTED_EDGE('',*,*,#9368,.F.);
#9368 = EDGE_CURVE('',#9360,#9318,#9369,.T.);
#9369 = CIRCLE('',#9370,0.195);
#9370 = AXIS2_PLACEMENT_3D('',#9371,#9372,#9373);
#9371 = CARTESIAN_POINT('',(0.8,-0.425,0.13));
#9372 = DIRECTION('',(0.,0.,-1.));
#9373 = DIRECTION('',(-1.,0.,0.));
#9374 = PLANE('',#9375);
#9375 = AXIS2_PLACEMENT_3D('',#9376,#9377,#9378);
#9376 = CARTESIAN_POINT('',(0.8,-0.425,0.13));
#9377 = DIRECTION('',(0.,0.,-1.));
#9378 = DIRECTION('',(-1.,0.,0.));
#9379 = ADVANCED_FACE('',(#9380),#9398,.T.);
#9380 = FACE_BOUND('',#9381,.T.);
#9381 = EDGE_LOOP('',(#9382,#9383,#9391,#9397));
#9382 = ORIENTED_EDGE('',*,*,#9345,.F.);
#9383 = ORIENTED_EDGE('',*,*,#9384,.F.);
#9384 = EDGE_CURVE('',#9385,#9337,#9387,.T.);
#9385 = VERTEX_POINT('',#9386);
#9386 = CARTESIAN_POINT('',(0.767,-0.617187408537,3.E-02));
#9387 = LINE('',#9388,#9389);
#9388 = CARTESIAN_POINT('',(0.767,-0.425,3.E-02));
#9389 = VECTOR('',#9390,1.);
#9390 = DIRECTION('',(0.,-1.,0.));
#9391 = ORIENTED_EDGE('',*,*,#9392,.T.);
#9392 = EDGE_CURVE('',#9385,#9360,#9393,.T.);
#9393 = LINE('',#9394,#9395);
#9394 = CARTESIAN_POINT('',(0.767,-0.617187408537,0.));
#9395 = VECTOR('',#9396,1.);
#9396 = DIRECTION('',(0.,0.,1.));
#9397 = ORIENTED_EDGE('',*,*,#9359,.T.);
#9398 = PLANE('',#9399);
#9399 = AXIS2_PLACEMENT_3D('',#9400,#9401,#9402);
#9400 = CARTESIAN_POINT('',(0.767,-0.75,0.));
#9401 = DIRECTION('',(1.,0.,0.));
#9402 = DIRECTION('',(0.,0.,-1.));
#9403 = ADVANCED_FACE('',(#9404),#9415,.T.);
#9404 = FACE_BOUND('',#9405,.T.);
#9405 = EDGE_LOOP('',(#9406,#9413,#9414));
#9406 = ORIENTED_EDGE('',*,*,#9407,.F.);
#9407 = EDGE_CURVE('',#9385,#9329,#9408,.T.);
#9408 = CIRCLE('',#9409,0.195);
#9409 = AXIS2_PLACEMENT_3D('',#9410,#9411,#9412);
#9410 = CARTESIAN_POINT('',(0.8,-0.425,3.E-02));
#9411 = DIRECTION('',(0.,0.,-1.));
#9412 = DIRECTION('',(-1.,0.,0.));
#9413 = ORIENTED_EDGE('',*,*,#9384,.T.);
#9414 = ORIENTED_EDGE('',*,*,#9336,.F.);
#9415 = PLANE('',#9416);
#9416 = AXIS2_PLACEMENT_3D('',#9417,#9418,#9419);
#9417 = CARTESIAN_POINT('',(0.8,-0.425,3.E-02));
#9418 = DIRECTION('',(0.,0.,-1.));
#9419 = DIRECTION('',(-1.,0.,0.));
#9420 = ADVANCED_FACE('',(#9421),#9427,.F.);
#9421 = FACE_BOUND('',#9422,.F.);
#9422 = EDGE_LOOP('',(#9423,#9424,#9425,#9426));
#9423 = ORIENTED_EDGE('',*,*,#9392,.T.);
#9424 = ORIENTED_EDGE('',*,*,#9368,.T.);
#9425 = ORIENTED_EDGE('',*,*,#9328,.F.);
#9426 = ORIENTED_EDGE('',*,*,#9407,.F.);
#9427 = CYLINDRICAL_SURFACE('',#9428,0.195);
#9428 = AXIS2_PLACEMENT_3D('',#9429,#9430,#9431);
#9429 = CARTESIAN_POINT('',(0.8,-0.425,0.));
#9430 = DIRECTION('',(-0.,-0.,-1.));
#9431 = DIRECTION('',(1.,0.,0.));
#9432 = ORIENTED_CLOSED_SHELL('',*,#9433,.F.);
#9433 = CLOSED_SHELL('',(#9434,#9476,#9508,#9532,#9557,#9574));
#9434 = ADVANCED_FACE('',(#9435),#9471,.T.);
#9435 = FACE_BOUND('',#9436,.T.);
#9436 = EDGE_LOOP('',(#9437,#9448,#9456,#9465));
#9437 = ORIENTED_EDGE('',*,*,#9438,.F.);
#9438 = EDGE_CURVE('',#9439,#9441,#9443,.T.);
#9439 = VERTEX_POINT('',#9440);
#9440 = CARTESIAN_POINT('',(0.767,0.625043319089,0.13));
#9441 = VERTEX_POINT('',#9442);
#9442 = CARTESIAN_POINT('',(0.767,0.224956680902,0.13));
#9443 = CIRCLE('',#9444,0.2027469591);
#9444 = AXIS2_PLACEMENT_3D('',#9445,#9446,#9447);
#9445 = CARTESIAN_POINT('',(0.799999998641,0.424999999996,0.13));
#9446 = DIRECTION('',(0.,0.,1.));
#9447 = DIRECTION('',(1.,0.,0.));
#9448 = ORIENTED_EDGE('',*,*,#9449,.F.);
#9449 = EDGE_CURVE('',#9450,#9439,#9452,.T.);
#9450 = VERTEX_POINT('',#9451);
#9451 = CARTESIAN_POINT('',(0.767,0.625043319089,3.E-02));
#9452 = LINE('',#9453,#9454);
#9453 = CARTESIAN_POINT('',(0.767,0.625043319089,0.16));
#9454 = VECTOR('',#9455,1.);
#9455 = DIRECTION('',(0.,0.,1.));
#9456 = ORIENTED_EDGE('',*,*,#9457,.T.);
#9457 = EDGE_CURVE('',#9450,#9458,#9460,.T.);
#9458 = VERTEX_POINT('',#9459);
#9459 = CARTESIAN_POINT('',(0.767,0.224956680902,3.E-02));
#9460 = CIRCLE('',#9461,0.2027469591);
#9461 = AXIS2_PLACEMENT_3D('',#9462,#9463,#9464);
#9462 = CARTESIAN_POINT('',(0.799999998641,0.424999999996,3.E-02));
#9463 = DIRECTION('',(0.,0.,1.));
#9464 = DIRECTION('',(1.,0.,0.));
#9465 = ORIENTED_EDGE('',*,*,#9466,.T.);
#9466 = EDGE_CURVE('',#9458,#9441,#9467,.T.);
#9467 = LINE('',#9468,#9469);
#9468 = CARTESIAN_POINT('',(0.767,0.224956680902,0.16));
#9469 = VECTOR('',#9470,1.);
#9470 = DIRECTION('',(0.,0.,1.));
#9471 = CYLINDRICAL_SURFACE('',#9472,0.2027469591);
#9472 = AXIS2_PLACEMENT_3D('',#9473,#9474,#9475);
#9473 = CARTESIAN_POINT('',(0.799999998641,0.424999999996,0.16));
#9474 = DIRECTION('',(0.,0.,1.));
#9475 = DIRECTION('',(-1.,0.,0.));
#9476 = ADVANCED_FACE('',(#9477),#9503,.F.);
#9477 = FACE_BOUND('',#9478,.F.);
#9478 = EDGE_LOOP('',(#9479,#9487,#9488,#9496));
#9479 = ORIENTED_EDGE('',*,*,#9480,.F.);
#9480 = EDGE_CURVE('',#9441,#9481,#9483,.T.);
#9481 = VERTEX_POINT('',#9482);
#9482 = CARTESIAN_POINT('',(0.767,0.232812591463,0.13));
#9483 = LINE('',#9484,#9485);
#9484 = CARTESIAN_POINT('',(0.767,0.425,0.13));
#9485 = VECTOR('',#9486,1.);
#9486 = DIRECTION('',(0.,1.,0.));
#9487 = ORIENTED_EDGE('',*,*,#9438,.F.);
#9488 = ORIENTED_EDGE('',*,*,#9489,.F.);
#9489 = EDGE_CURVE('',#9490,#9439,#9492,.T.);
#9490 = VERTEX_POINT('',#9491);
#9491 = CARTESIAN_POINT('',(0.767,0.617187408537,0.13));
#9492 = LINE('',#9493,#9494);
#9493 = CARTESIAN_POINT('',(0.767,0.425,0.13));
#9494 = VECTOR('',#9495,1.);
#9495 = DIRECTION('',(0.,1.,0.));
#9496 = ORIENTED_EDGE('',*,*,#9497,.F.);
#9497 = EDGE_CURVE('',#9481,#9490,#9498,.T.);
#9498 = CIRCLE('',#9499,0.195);
#9499 = AXIS2_PLACEMENT_3D('',#9500,#9501,#9502);
#9500 = CARTESIAN_POINT('',(0.8,0.425,0.13));
#9501 = DIRECTION('',(0.,0.,-1.));
#9502 = DIRECTION('',(-1.,0.,0.));
#9503 = PLANE('',#9504);
#9504 = AXIS2_PLACEMENT_3D('',#9505,#9506,#9507);
#9505 = CARTESIAN_POINT('',(0.8,0.425,0.13));
#9506 = DIRECTION('',(0.,0.,-1.));
#9507 = DIRECTION('',(-1.,0.,0.));
#9508 = ADVANCED_FACE('',(#9509),#9527,.F.);
#9509 = FACE_BOUND('',#9510,.F.);
#9510 = EDGE_LOOP('',(#9511,#9512,#9513,#9521));
#9511 = ORIENTED_EDGE('',*,*,#9466,.T.);
#9512 = ORIENTED_EDGE('',*,*,#9480,.T.);
#9513 = ORIENTED_EDGE('',*,*,#9514,.F.);
#9514 = EDGE_CURVE('',#9515,#9481,#9517,.T.);
#9515 = VERTEX_POINT('',#9516);
#9516 = CARTESIAN_POINT('',(0.767,0.232812591463,3.E-02));
#9517 = LINE('',#9518,#9519);
#9518 = CARTESIAN_POINT('',(0.767,0.232812591463,0.));
#9519 = VECTOR('',#9520,1.);
#9520 = DIRECTION('',(0.,0.,1.));
#9521 = ORIENTED_EDGE('',*,*,#9522,.F.);
#9522 = EDGE_CURVE('',#9458,#9515,#9523,.T.);
#9523 = LINE('',#9524,#9525);
#9524 = CARTESIAN_POINT('',(0.767,0.425,3.E-02));
#9525 = VECTOR('',#9526,1.);
#9526 = DIRECTION('',(0.,1.,0.));
#9527 = PLANE('',#9528);
#9528 = AXIS2_PLACEMENT_3D('',#9529,#9530,#9531);
#9529 = CARTESIAN_POINT('',(0.767,0.232812591463,0.));
#9530 = DIRECTION('',(-1.,0.,0.));
#9531 = DIRECTION('',(0.,0.,1.));
#9532 = ADVANCED_FACE('',(#9533),#9552,.T.);
#9533 = FACE_BOUND('',#9534,.T.);
#9534 = EDGE_LOOP('',(#9535,#9544,#9545,#9546));
#9535 = ORIENTED_EDGE('',*,*,#9536,.F.);
#9536 = EDGE_CURVE('',#9515,#9537,#9539,.T.);
#9537 = VERTEX_POINT('',#9538);
#9538 = CARTESIAN_POINT('',(0.767,0.617187408537,3.E-02));
#9539 = CIRCLE('',#9540,0.195);
#9540 = AXIS2_PLACEMENT_3D('',#9541,#9542,#9543);
#9541 = CARTESIAN_POINT('',(0.8,0.425,3.E-02));
#9542 = DIRECTION('',(0.,0.,-1.));
#9543 = DIRECTION('',(-1.,0.,0.));
#9544 = ORIENTED_EDGE('',*,*,#9522,.F.);
#9545 = ORIENTED_EDGE('',*,*,#9457,.F.);
#9546 = ORIENTED_EDGE('',*,*,#9547,.F.);
#9547 = EDGE_CURVE('',#9537,#9450,#9548,.T.);
#9548 = LINE('',#9549,#9550);
#9549 = CARTESIAN_POINT('',(0.767,0.425,3.E-02));
#9550 = VECTOR('',#9551,1.);
#9551 = DIRECTION('',(0.,1.,0.));
#9552 = PLANE('',#9553);
#9553 = AXIS2_PLACEMENT_3D('',#9554,#9555,#9556);
#9554 = CARTESIAN_POINT('',(0.8,0.425,3.E-02));
#9555 = DIRECTION('',(0.,0.,-1.));
#9556 = DIRECTION('',(-1.,0.,0.));
#9557 = ADVANCED_FACE('',(#9558),#9569,.F.);
#9558 = FACE_BOUND('',#9559,.F.);
#9559 = EDGE_LOOP('',(#9560,#9561,#9562,#9563));
#9560 = ORIENTED_EDGE('',*,*,#9489,.T.);
#9561 = ORIENTED_EDGE('',*,*,#9449,.F.);
#9562 = ORIENTED_EDGE('',*,*,#9547,.F.);
#9563 = ORIENTED_EDGE('',*,*,#9564,.T.);
#9564 = EDGE_CURVE('',#9537,#9490,#9565,.T.);
#9565 = LINE('',#9566,#9567);
#9566 = CARTESIAN_POINT('',(0.767,0.617187408537,0.));
#9567 = VECTOR('',#9568,1.);
#9568 = DIRECTION('',(0.,0.,1.));
#9569 = PLANE('',#9570);
#9570 = AXIS2_PLACEMENT_3D('',#9571,#9572,#9573);
#9571 = CARTESIAN_POINT('',(0.767,0.75,0.));
#9572 = DIRECTION('',(-1.,0.,0.));
#9573 = DIRECTION('',(0.,0.,1.));
#9574 = ADVANCED_FACE('',(#9575),#9581,.F.);
#9575 = FACE_BOUND('',#9576,.F.);
#9576 = EDGE_LOOP('',(#9577,#9578,#9579,#9580));
#9577 = ORIENTED_EDGE('',*,*,#9514,.T.);
#9578 = ORIENTED_EDGE('',*,*,#9497,.T.);
#9579 = ORIENTED_EDGE('',*,*,#9564,.F.);
#9580 = ORIENTED_EDGE('',*,*,#9536,.F.);
#9581 = CYLINDRICAL_SURFACE('',#9582,0.195);
#9582 = AXIS2_PLACEMENT_3D('',#9583,#9584,#9585);
#9583 = CARTESIAN_POINT('',(0.8,0.425,0.));
#9584 = DIRECTION('',(-0.,-0.,-1.));
#9585 = DIRECTION('',(1.,0.,0.));
#9586 = ORIENTED_CLOSED_SHELL('',*,#9587,.F.);
#9587 = CLOSED_SHELL('',(#9588,#9630,#9663,#9679,#9696));
#9588 = ADVANCED_FACE('',(#9589),#9625,.T.);
#9589 = FACE_BOUND('',#9590,.T.);
#9590 = EDGE_LOOP('',(#9591,#9601,#9610,#9618));
#9591 = ORIENTED_EDGE('',*,*,#9592,.T.);
#9592 = EDGE_CURVE('',#9593,#9595,#9597,.T.);
#9593 = VERTEX_POINT('',#9594);
#9594 = CARTESIAN_POINT('',(-0.648168576208,-0.547361018095,3.E-02));
#9595 = VERTEX_POINT('',#9596);
#9596 = CARTESIAN_POINT('',(-0.648168576208,-0.547361018095,0.13));
#9597 = LINE('',#9598,#9599);
#9598 = CARTESIAN_POINT('',(-0.648168576208,-0.547361018095,0.16));
#9599 = VECTOR('',#9600,1.);
#9600 = DIRECTION('',(0.,0.,1.));
#9601 = ORIENTED_EDGE('',*,*,#9602,.F.);
#9602 = EDGE_CURVE('',#9603,#9595,#9605,.T.);
#9603 = VERTEX_POINT('',#9604);
#9604 = CARTESIAN_POINT('',(-0.767,-0.624853582041,0.13));
#9605 = CIRCLE('',#9606,0.205);
#9606 = AXIS2_PLACEMENT_3D('',#9607,#9608,#9609);
#9607 = CARTESIAN_POINT('',(-0.81264587328,-0.425000000005,0.13));
#9608 = DIRECTION('',(0.,0.,1.));
#9609 = DIRECTION('',(1.,0.,0.));
#9610 = ORIENTED_EDGE('',*,*,#9611,.F.);
#9611 = EDGE_CURVE('',#9612,#9603,#9614,.T.);
#9612 = VERTEX_POINT('',#9613);
#9613 = CARTESIAN_POINT('',(-0.767,-0.624853582041,3.E-02));
#9614 = LINE('',#9615,#9616);
#9615 = CARTESIAN_POINT('',(-0.767,-0.624853582041,0.16));
#9616 = VECTOR('',#9617,1.);
#9617 = DIRECTION('',(0.,0.,1.));
#9618 = ORIENTED_EDGE('',*,*,#9619,.F.);
#9619 = EDGE_CURVE('',#9593,#9612,#9620,.T.);
#9620 = CIRCLE('',#9621,0.205);
#9621 = AXIS2_PLACEMENT_3D('',#9622,#9623,#9624);
#9622 = CARTESIAN_POINT('',(-0.81264587328,-0.425000000005,3.E-02));
#9623 = DIRECTION('',(0.,0.,-1.));
#9624 = DIRECTION('',(-1.,0.,0.));
#9625 = CYLINDRICAL_SURFACE('',#9626,0.205);
#9626 = AXIS2_PLACEMENT_3D('',#9627,#9628,#9629);
#9627 = CARTESIAN_POINT('',(-0.81264587328,-0.425000000005,0.16));
#9628 = DIRECTION('',(0.,0.,1.));
#9629 = DIRECTION('',(-1.,0.,0.));
#9630 = ADVANCED_FACE('',(#9631),#9658,.F.);
#9631 = FACE_BOUND('',#9632,.F.);
#9632 = EDGE_LOOP('',(#9633,#9642,#9643,#9652));
#9633 = ORIENTED_EDGE('',*,*,#9634,.F.);
#9634 = EDGE_CURVE('',#9593,#9635,#9637,.T.);
#9635 = VERTEX_POINT('',#9636);
#9636 = CARTESIAN_POINT('',(-0.767,-0.617187408537,3.E-02));
#9637 = CIRCLE('',#9638,0.195);
#9638 = AXIS2_PLACEMENT_3D('',#9639,#9640,#9641);
#9639 = CARTESIAN_POINT('',(-0.8,-0.425,3.E-02));
#9640 = DIRECTION('',(0.,0.,-1.));
#9641 = DIRECTION('',(-1.,0.,0.));
#9642 = ORIENTED_EDGE('',*,*,#9592,.T.);
#9643 = ORIENTED_EDGE('',*,*,#9644,.F.);
#9644 = EDGE_CURVE('',#9645,#9595,#9647,.T.);
#9645 = VERTEX_POINT('',#9646);
#9646 = CARTESIAN_POINT('',(-0.767,-0.617187408537,0.13));
#9647 = CIRCLE('',#9648,0.195);
#9648 = AXIS2_PLACEMENT_3D('',#9649,#9650,#9651);
#9649 = CARTESIAN_POINT('',(-0.8,-0.425,0.13));
#9650 = DIRECTION('',(0.,0.,1.));
#9651 = DIRECTION('',(1.,0.,0.));
#9652 = ORIENTED_EDGE('',*,*,#9653,.F.);
#9653 = EDGE_CURVE('',#9635,#9645,#9654,.T.);
#9654 = LINE('',#9655,#9656);
#9655 = CARTESIAN_POINT('',(-0.767,-0.617187408537,0.));
#9656 = VECTOR('',#9657,1.);
#9657 = DIRECTION('',(0.,0.,1.));
#9658 = CYLINDRICAL_SURFACE('',#9659,0.195);
#9659 = AXIS2_PLACEMENT_3D('',#9660,#9661,#9662);
#9660 = CARTESIAN_POINT('',(-0.8,-0.425,0.));
#9661 = DIRECTION('',(-0.,-0.,-1.));
#9662 = DIRECTION('',(1.,0.,0.));
#9663 = ADVANCED_FACE('',(#9664),#9674,.T.);
#9664 = FACE_BOUND('',#9665,.T.);
#9665 = EDGE_LOOP('',(#9666,#9667,#9668));
#9666 = ORIENTED_EDGE('',*,*,#9634,.F.);
#9667 = ORIENTED_EDGE('',*,*,#9619,.T.);
#9668 = ORIENTED_EDGE('',*,*,#9669,.F.);
#9669 = EDGE_CURVE('',#9635,#9612,#9670,.T.);
#9670 = LINE('',#9671,#9672);
#9671 = CARTESIAN_POINT('',(-0.767,-0.425,3.E-02));
#9672 = VECTOR('',#9673,1.);
#9673 = DIRECTION('',(0.,-1.,0.));
#9674 = PLANE('',#9675);
#9675 = AXIS2_PLACEMENT_3D('',#9676,#9677,#9678);
#9676 = CARTESIAN_POINT('',(-0.8,-0.425,3.E-02));
#9677 = DIRECTION('',(0.,0.,-1.));
#9678 = DIRECTION('',(-1.,0.,0.));
#9679 = ADVANCED_FACE('',(#9680),#9691,.F.);
#9680 = FACE_BOUND('',#9681,.F.);
#9681 = EDGE_LOOP('',(#9682,#9683,#9684,#9690));
#9682 = ORIENTED_EDGE('',*,*,#9669,.F.);
#9683 = ORIENTED_EDGE('',*,*,#9653,.T.);
#9684 = ORIENTED_EDGE('',*,*,#9685,.F.);
#9685 = EDGE_CURVE('',#9603,#9645,#9686,.T.);
#9686 = LINE('',#9687,#9688);
#9687 = CARTESIAN_POINT('',(-0.767,-0.425,0.13));
#9688 = VECTOR('',#9689,1.);
#9689 = DIRECTION('',(0.,1.,0.));
#9690 = ORIENTED_EDGE('',*,*,#9611,.F.);
#9691 = PLANE('',#9692);
#9692 = AXIS2_PLACEMENT_3D('',#9693,#9694,#9695);
#9693 = CARTESIAN_POINT('',(-0.767,-0.75,0.));
#9694 = DIRECTION('',(1.,0.,0.));
#9695 = DIRECTION('',(0.,0.,-1.));
#9696 = ADVANCED_FACE('',(#9697),#9702,.T.);
#9697 = FACE_BOUND('',#9698,.T.);
#9698 = EDGE_LOOP('',(#9699,#9700,#9701));
#9699 = ORIENTED_EDGE('',*,*,#9602,.T.);
#9700 = ORIENTED_EDGE('',*,*,#9644,.F.);
#9701 = ORIENTED_EDGE('',*,*,#9685,.F.);
#9702 = PLANE('',#9703);
#9703 = AXIS2_PLACEMENT_3D('',#9704,#9705,#9706);
#9704 = CARTESIAN_POINT('',(-0.8,-0.425,0.13));
#9705 = DIRECTION('',(0.,0.,1.));
#9706 = DIRECTION('',(1.,0.,0.));
#9707 = ORIENTED_CLOSED_SHELL('',*,#9708,.F.);
#9708 = CLOSED_SHELL('',(#9709,#9751,#9782,#9799,#9817));
#9709 = ADVANCED_FACE('',(#9710),#9746,.T.);
#9710 = FACE_BOUND('',#9711,.T.);
#9711 = EDGE_LOOP('',(#9712,#9722,#9731,#9739));
#9712 = ORIENTED_EDGE('',*,*,#9713,.T.);
#9713 = EDGE_CURVE('',#9714,#9716,#9718,.T.);
#9714 = VERTEX_POINT('',#9715);
#9715 = CARTESIAN_POINT('',(-0.767,-0.225146417969,3.E-02));
#9716 = VERTEX_POINT('',#9717);
#9717 = CARTESIAN_POINT('',(-0.767,-0.225146417969,0.13));
#9718 = LINE('',#9719,#9720);
#9719 = CARTESIAN_POINT('',(-0.767,-0.225146417969,0.16));
#9720 = VECTOR('',#9721,1.);
#9721 = DIRECTION('',(0.,0.,1.));
#9722 = ORIENTED_EDGE('',*,*,#9723,.F.);
#9723 = EDGE_CURVE('',#9724,#9716,#9726,.T.);
#9724 = VERTEX_POINT('',#9725);
#9725 = CARTESIAN_POINT('',(-0.648168576307,-0.302638981782,0.13));
#9726 = CIRCLE('',#9727,0.205);
#9727 = AXIS2_PLACEMENT_3D('',#9728,#9729,#9730);
#9728 = CARTESIAN_POINT('',(-0.81264587328,-0.425000000005,0.13));
#9729 = DIRECTION('',(0.,0.,1.));
#9730 = DIRECTION('',(1.,0.,0.));
#9731 = ORIENTED_EDGE('',*,*,#9732,.F.);
#9732 = EDGE_CURVE('',#9733,#9724,#9735,.T.);
#9733 = VERTEX_POINT('',#9734);
#9734 = CARTESIAN_POINT('',(-0.648168576307,-0.302638981782,3.E-02));
#9735 = LINE('',#9736,#9737);
#9736 = CARTESIAN_POINT('',(-0.648168576307,-0.302638981782,0.16));
#9737 = VECTOR('',#9738,1.);
#9738 = DIRECTION('',(0.,0.,1.));
#9739 = ORIENTED_EDGE('',*,*,#9740,.F.);
#9740 = EDGE_CURVE('',#9714,#9733,#9741,.T.);
#9741 = CIRCLE('',#9742,0.205);
#9742 = AXIS2_PLACEMENT_3D('',#9743,#9744,#9745);
#9743 = CARTESIAN_POINT('',(-0.81264587328,-0.425000000005,3.E-02));
#9744 = DIRECTION('',(0.,0.,-1.));
#9745 = DIRECTION('',(-1.,0.,0.));
#9746 = CYLINDRICAL_SURFACE('',#9747,0.205);
#9747 = AXIS2_PLACEMENT_3D('',#9748,#9749,#9750);
#9748 = CARTESIAN_POINT('',(-0.81264587328,-0.425000000005,0.16));
#9749 = DIRECTION('',(0.,0.,1.));
#9750 = DIRECTION('',(-1.,0.,0.));
#9751 = ADVANCED_FACE('',(#9752),#9777,.F.);
#9752 = FACE_BOUND('',#9753,.F.);
#9753 = EDGE_LOOP('',(#9754,#9762,#9763,#9771));
#9754 = ORIENTED_EDGE('',*,*,#9755,.F.);
#9755 = EDGE_CURVE('',#9714,#9756,#9758,.T.);
#9756 = VERTEX_POINT('',#9757);
#9757 = CARTESIAN_POINT('',(-0.767,-0.232812591463,3.E-02));
#9758 = LINE('',#9759,#9760);
#9759 = CARTESIAN_POINT('',(-0.767,-0.425,3.E-02));
#9760 = VECTOR('',#9761,1.);
#9761 = DIRECTION('',(0.,-1.,0.));
#9762 = ORIENTED_EDGE('',*,*,#9713,.T.);
#9763 = ORIENTED_EDGE('',*,*,#9764,.F.);
#9764 = EDGE_CURVE('',#9765,#9716,#9767,.T.);
#9765 = VERTEX_POINT('',#9766);
#9766 = CARTESIAN_POINT('',(-0.767,-0.232812591463,0.13));
#9767 = LINE('',#9768,#9769);
#9768 = CARTESIAN_POINT('',(-0.767,-0.425,0.13));
#9769 = VECTOR('',#9770,1.);
#9770 = DIRECTION('',(0.,1.,0.));
#9771 = ORIENTED_EDGE('',*,*,#9772,.F.);
#9772 = EDGE_CURVE('',#9756,#9765,#9773,.T.);
#9773 = LINE('',#9774,#9775);
#9774 = CARTESIAN_POINT('',(-0.767,-0.232812591463,0.));
#9775 = VECTOR('',#9776,1.);
#9776 = DIRECTION('',(0.,0.,1.));
#9777 = PLANE('',#9778);
#9778 = AXIS2_PLACEMENT_3D('',#9779,#9780,#9781);
#9779 = CARTESIAN_POINT('',(-0.767,-0.232812591463,0.));
#9780 = DIRECTION('',(1.,0.,0.));
#9781 = DIRECTION('',(0.,0.,-1.));
#9782 = ADVANCED_FACE('',(#9783),#9794,.T.);
#9783 = FACE_BOUND('',#9784,.T.);
#9784 = EDGE_LOOP('',(#9785,#9792,#9793));
#9785 = ORIENTED_EDGE('',*,*,#9786,.F.);
#9786 = EDGE_CURVE('',#9756,#9733,#9787,.T.);
#9787 = CIRCLE('',#9788,0.195);
#9788 = AXIS2_PLACEMENT_3D('',#9789,#9790,#9791);
#9789 = CARTESIAN_POINT('',(-0.8,-0.425,3.E-02));
#9790 = DIRECTION('',(0.,0.,-1.));
#9791 = DIRECTION('',(-1.,0.,0.));
#9792 = ORIENTED_EDGE('',*,*,#9755,.F.);
#9793 = ORIENTED_EDGE('',*,*,#9740,.T.);
#9794 = PLANE('',#9795);
#9795 = AXIS2_PLACEMENT_3D('',#9796,#9797,#9798);
#9796 = CARTESIAN_POINT('',(-0.8,-0.425,3.E-02));
#9797 = DIRECTION('',(0.,0.,-1.));
#9798 = DIRECTION('',(-1.,0.,0.));
#9799 = ADVANCED_FACE('',(#9800),#9812,.F.);
#9800 = FACE_BOUND('',#9801,.F.);
#9801 = EDGE_LOOP('',(#9802,#9803,#9804,#9811));
#9802 = ORIENTED_EDGE('',*,*,#9786,.F.);
#9803 = ORIENTED_EDGE('',*,*,#9772,.T.);
#9804 = ORIENTED_EDGE('',*,*,#9805,.F.);
#9805 = EDGE_CURVE('',#9724,#9765,#9806,.T.);
#9806 = CIRCLE('',#9807,0.195);
#9807 = AXIS2_PLACEMENT_3D('',#9808,#9809,#9810);
#9808 = CARTESIAN_POINT('',(-0.8,-0.425,0.13));
#9809 = DIRECTION('',(0.,0.,1.));
#9810 = DIRECTION('',(1.,0.,0.));
#9811 = ORIENTED_EDGE('',*,*,#9732,.F.);
#9812 = CYLINDRICAL_SURFACE('',#9813,0.195);
#9813 = AXIS2_PLACEMENT_3D('',#9814,#9815,#9816);
#9814 = CARTESIAN_POINT('',(-0.8,-0.425,0.));
#9815 = DIRECTION('',(-0.,-0.,-1.));
#9816 = DIRECTION('',(1.,0.,0.));
#9817 = ADVANCED_FACE('',(#9818),#9823,.T.);
#9818 = FACE_BOUND('',#9819,.T.);
#9819 = EDGE_LOOP('',(#9820,#9821,#9822));
#9820 = ORIENTED_EDGE('',*,*,#9723,.T.);
#9821 = ORIENTED_EDGE('',*,*,#9764,.F.);
#9822 = ORIENTED_EDGE('',*,*,#9805,.F.);
#9823 = PLANE('',#9824);
#9824 = AXIS2_PLACEMENT_3D('',#9825,#9826,#9827);
#9825 = CARTESIAN_POINT('',(-0.8,-0.425,0.13));
#9826 = DIRECTION('',(0.,0.,1.));
#9827 = DIRECTION('',(1.,0.,0.));
#9828 = ORIENTED_CLOSED_SHELL('',*,#9829,.F.);
#9829 = CLOSED_SHELL('',(#9830,#9872,#9905,#9921,#9938));
#9830 = ADVANCED_FACE('',(#9831),#9867,.T.);
#9831 = FACE_BOUND('',#9832,.T.);
#9832 = EDGE_LOOP('',(#9833,#9843,#9852,#9860));
#9833 = ORIENTED_EDGE('',*,*,#9834,.T.);
#9834 = EDGE_CURVE('',#9835,#9837,#9839,.T.);
#9835 = VERTEX_POINT('',#9836);
#9836 = CARTESIAN_POINT('',(-0.648168576795,0.302638981176,3.E-02));
#9837 = VERTEX_POINT('',#9838);
#9838 = CARTESIAN_POINT('',(-0.648168576795,0.302638981176,0.13));
#9839 = LINE('',#9840,#9841);
#9840 = CARTESIAN_POINT('',(-0.648168576795,0.302638981176,0.16));
#9841 = VECTOR('',#9842,1.);
#9842 = DIRECTION('',(0.,0.,1.));
#9843 = ORIENTED_EDGE('',*,*,#9844,.T.);
#9844 = EDGE_CURVE('',#9837,#9845,#9847,.T.);
#9845 = VERTEX_POINT('',#9846);
#9846 = CARTESIAN_POINT('',(-0.767,0.22514641797,0.13));
#9847 = CIRCLE('',#9848,0.205);
#9848 = AXIS2_PLACEMENT_3D('',#9849,#9850,#9851);
#9849 = CARTESIAN_POINT('',(-0.812645873324,0.424999999996,0.13));
#9850 = DIRECTION('',(0.,0.,-1.));
#9851 = DIRECTION('',(-1.,0.,0.));
#9852 = ORIENTED_EDGE('',*,*,#9853,.F.);
#9853 = EDGE_CURVE('',#9854,#9845,#9856,.T.);
#9854 = VERTEX_POINT('',#9855);
#9855 = CARTESIAN_POINT('',(-0.767,0.22514641797,3.E-02));
#9856 = LINE('',#9857,#9858);
#9857 = CARTESIAN_POINT('',(-0.767,0.22514641797,0.16));
#9858 = VECTOR('',#9859,1.);
#9859 = DIRECTION('',(0.,0.,1.));
#9860 = ORIENTED_EDGE('',*,*,#9861,.F.);
#9861 = EDGE_CURVE('',#9835,#9854,#9862,.T.);
#9862 = CIRCLE('',#9863,0.205);
#9863 = AXIS2_PLACEMENT_3D('',#9864,#9865,#9866);
#9864 = CARTESIAN_POINT('',(-0.812645873324,0.424999999996,3.E-02));
#9865 = DIRECTION('',(0.,0.,-1.));
#9866 = DIRECTION('',(-1.,0.,0.));
#9867 = CYLINDRICAL_SURFACE('',#9868,0.205);
#9868 = AXIS2_PLACEMENT_3D('',#9869,#9870,#9871);
#9869 = CARTESIAN_POINT('',(-0.812645873324,0.424999999996,0.16));
#9870 = DIRECTION('',(0.,0.,1.));
#9871 = DIRECTION('',(-1.,0.,0.));
#9872 = ADVANCED_FACE('',(#9873),#9900,.F.);
#9873 = FACE_BOUND('',#9874,.F.);
#9874 = EDGE_LOOP('',(#9875,#9884,#9885,#9894));
#9875 = ORIENTED_EDGE('',*,*,#9876,.F.);
#9876 = EDGE_CURVE('',#9835,#9877,#9879,.T.);
#9877 = VERTEX_POINT('',#9878);
#9878 = CARTESIAN_POINT('',(-0.767,0.232812591463,3.E-02));
#9879 = CIRCLE('',#9880,0.195);
#9880 = AXIS2_PLACEMENT_3D('',#9881,#9882,#9883);
#9881 = CARTESIAN_POINT('',(-0.8,0.425,3.E-02));
#9882 = DIRECTION('',(0.,0.,-1.));
#9883 = DIRECTION('',(-1.,0.,0.));
#9884 = ORIENTED_EDGE('',*,*,#9834,.T.);
#9885 = ORIENTED_EDGE('',*,*,#9886,.F.);
#9886 = EDGE_CURVE('',#9887,#9837,#9889,.T.);
#9887 = VERTEX_POINT('',#9888);
#9888 = CARTESIAN_POINT('',(-0.767,0.232812591463,0.13));
#9889 = CIRCLE('',#9890,0.195);
#9890 = AXIS2_PLACEMENT_3D('',#9891,#9892,#9893);
#9891 = CARTESIAN_POINT('',(-0.8,0.425,0.13));
#9892 = DIRECTION('',(0.,0.,1.));
#9893 = DIRECTION('',(1.,0.,0.));
#9894 = ORIENTED_EDGE('',*,*,#9895,.F.);
#9895 = EDGE_CURVE('',#9877,#9887,#9896,.T.);
#9896 = LINE('',#9897,#9898);
#9897 = CARTESIAN_POINT('',(-0.767,0.232812591463,0.));
#9898 = VECTOR('',#9899,1.);
#9899 = DIRECTION('',(0.,0.,1.));
#9900 = CYLINDRICAL_SURFACE('',#9901,0.195);
#9901 = AXIS2_PLACEMENT_3D('',#9902,#9903,#9904);
#9902 = CARTESIAN_POINT('',(-0.8,0.425,0.));
#9903 = DIRECTION('',(-0.,-0.,-1.));
#9904 = DIRECTION('',(1.,0.,0.));
#9905 = ADVANCED_FACE('',(#9906),#9916,.T.);
#9906 = FACE_BOUND('',#9907,.T.);
#9907 = EDGE_LOOP('',(#9908,#9909,#9910));
#9908 = ORIENTED_EDGE('',*,*,#9876,.F.);
#9909 = ORIENTED_EDGE('',*,*,#9861,.T.);
#9910 = ORIENTED_EDGE('',*,*,#9911,.T.);
#9911 = EDGE_CURVE('',#9854,#9877,#9912,.T.);
#9912 = LINE('',#9913,#9914);
#9913 = CARTESIAN_POINT('',(-0.767,0.425,3.E-02));
#9914 = VECTOR('',#9915,1.);
#9915 = DIRECTION('',(0.,1.,0.));
#9916 = PLANE('',#9917);
#9917 = AXIS2_PLACEMENT_3D('',#9918,#9919,#9920);
#9918 = CARTESIAN_POINT('',(-0.8,0.425,3.E-02));
#9919 = DIRECTION('',(0.,0.,-1.));
#9920 = DIRECTION('',(-1.,0.,0.));
#9921 = ADVANCED_FACE('',(#9922),#9933,.T.);
#9922 = FACE_BOUND('',#9923,.T.);
#9923 = EDGE_LOOP('',(#9924,#9925,#9931,#9932));
#9924 = ORIENTED_EDGE('',*,*,#9853,.T.);
#9925 = ORIENTED_EDGE('',*,*,#9926,.F.);
#9926 = EDGE_CURVE('',#9887,#9845,#9927,.T.);
#9927 = LINE('',#9928,#9929);
#9928 = CARTESIAN_POINT('',(-0.767,0.425,0.13));
#9929 = VECTOR('',#9930,1.);
#9930 = DIRECTION('',(0.,-1.,0.));
#9931 = ORIENTED_EDGE('',*,*,#9895,.F.);
#9932 = ORIENTED_EDGE('',*,*,#9911,.F.);
#9933 = PLANE('',#9934);
#9934 = AXIS2_PLACEMENT_3D('',#9935,#9936,#9937);
#9935 = CARTESIAN_POINT('',(-0.767,0.232812591463,0.));
#9936 = DIRECTION('',(-1.,0.,0.));
#9937 = DIRECTION('',(0.,0.,1.));
#9938 = ADVANCED_FACE('',(#9939),#9944,.T.);
#9939 = FACE_BOUND('',#9940,.T.);
#9940 = EDGE_LOOP('',(#9941,#9942,#9943));
#9941 = ORIENTED_EDGE('',*,*,#9926,.T.);
#9942 = ORIENTED_EDGE('',*,*,#9844,.F.);
#9943 = ORIENTED_EDGE('',*,*,#9886,.F.);
#9944 = PLANE('',#9945);
#9945 = AXIS2_PLACEMENT_3D('',#9946,#9947,#9948);
#9946 = CARTESIAN_POINT('',(-0.8,0.425,0.13));
#9947 = DIRECTION('',(0.,0.,1.));
#9948 = DIRECTION('',(1.,0.,0.));
#9949 = ORIENTED_CLOSED_SHELL('',*,#9950,.F.);
#9950 = CLOSED_SHELL('',(#9951,#9993,#10024,#10041,#10059));
#9951 = ADVANCED_FACE('',(#9952),#9988,.T.);
#9952 = FACE_BOUND('',#9953,.T.);
#9953 = EDGE_LOOP('',(#9954,#9964,#9973,#9981));
#9954 = ORIENTED_EDGE('',*,*,#9955,.T.);
#9955 = EDGE_CURVE('',#9956,#9958,#9960,.T.);
#9956 = VERTEX_POINT('',#9957);
#9957 = CARTESIAN_POINT('',(-0.767,0.624853582021,3.E-02));
#9958 = VERTEX_POINT('',#9959);
#9959 = CARTESIAN_POINT('',(-0.767,0.624853582021,0.13));
#9960 = LINE('',#9961,#9962);
#9961 = CARTESIAN_POINT('',(-0.767,0.624853582021,0.16));
#9962 = VECTOR('',#9963,1.);
#9963 = DIRECTION('',(0.,0.,1.));
#9964 = ORIENTED_EDGE('',*,*,#9965,.T.);
#9965 = EDGE_CURVE('',#9958,#9966,#9968,.T.);
#9966 = VERTEX_POINT('',#9967);
#9967 = CARTESIAN_POINT('',(-0.648168576879,0.547361018928,0.13));
#9968 = CIRCLE('',#9969,0.205);
#9969 = AXIS2_PLACEMENT_3D('',#9970,#9971,#9972);
#9970 = CARTESIAN_POINT('',(-0.812645873324,0.424999999996,0.13));
#9971 = DIRECTION('',(0.,0.,-1.));
#9972 = DIRECTION('',(-1.,0.,0.));
#9973 = ORIENTED_EDGE('',*,*,#9974,.F.);
#9974 = EDGE_CURVE('',#9975,#9966,#9977,.T.);
#9975 = VERTEX_POINT('',#9976);
#9976 = CARTESIAN_POINT('',(-0.648168576879,0.547361018928,3.E-02));
#9977 = LINE('',#9978,#9979);
#9978 = CARTESIAN_POINT('',(-0.648168576879,0.547361018928,0.16));
#9979 = VECTOR('',#9980,1.);
#9980 = DIRECTION('',(0.,0.,1.));
#9981 = ORIENTED_EDGE('',*,*,#9982,.F.);
#9982 = EDGE_CURVE('',#9956,#9975,#9983,.T.);
#9983 = CIRCLE('',#9984,0.205);
#9984 = AXIS2_PLACEMENT_3D('',#9985,#9986,#9987);
#9985 = CARTESIAN_POINT('',(-0.812645873324,0.424999999996,3.E-02));
#9986 = DIRECTION('',(0.,0.,-1.));
#9987 = DIRECTION('',(-1.,0.,0.));
#9988 = CYLINDRICAL_SURFACE('',#9989,0.205);
#9989 = AXIS2_PLACEMENT_3D('',#9990,#9991,#9992);
#9990 = CARTESIAN_POINT('',(-0.812645873324,0.424999999996,0.16));
#9991 = DIRECTION('',(0.,0.,1.));
#9992 = DIRECTION('',(-1.,0.,0.));
#9993 = ADVANCED_FACE('',(#9994),#10019,.T.);
#9994 = FACE_BOUND('',#9995,.T.);
#9995 = EDGE_LOOP('',(#9996,#10004,#10005,#10013));
#9996 = ORIENTED_EDGE('',*,*,#9997,.F.);
#9997 = EDGE_CURVE('',#9958,#9998,#10000,.T.);
#9998 = VERTEX_POINT('',#9999);
#9999 = CARTESIAN_POINT('',(-0.767,0.617187408537,0.13));
#10000 = LINE('',#10001,#10002);
#10001 = CARTESIAN_POINT('',(-0.767,0.425,0.13));
#10002 = VECTOR('',#10003,1.);
#10003 = DIRECTION('',(0.,-1.,0.));
#10004 = ORIENTED_EDGE('',*,*,#9955,.F.);
#10005 = ORIENTED_EDGE('',*,*,#10006,.F.);
#10006 = EDGE_CURVE('',#10007,#9956,#10009,.T.);
#10007 = VERTEX_POINT('',#10008);
#10008 = CARTESIAN_POINT('',(-0.767,0.617187408537,3.E-02));
#10009 = LINE('',#10010,#10011);
#10010 = CARTESIAN_POINT('',(-0.767,0.425,3.E-02));
#10011 = VECTOR('',#10012,1.);
#10012 = DIRECTION('',(0.,1.,0.));
#10013 = ORIENTED_EDGE('',*,*,#10014,.T.);
#10014 = EDGE_CURVE('',#10007,#9998,#10015,.T.);
#10015 = LINE('',#10016,#10017);
#10016 = CARTESIAN_POINT('',(-0.767,0.617187408537,0.));
#10017 = VECTOR('',#10018,1.);
#10018 = DIRECTION('',(0.,0.,1.));
#10019 = PLANE('',#10020);
#10020 = AXIS2_PLACEMENT_3D('',#10021,#10022,#10023);
#10021 = CARTESIAN_POINT('',(-0.767,0.75,0.));
#10022 = DIRECTION('',(-1.,0.,0.));
#10023 = DIRECTION('',(0.,0.,1.));
#10024 = ADVANCED_FACE('',(#10025),#10036,.T.);
#10025 = FACE_BOUND('',#10026,.T.);
#10026 = EDGE_LOOP('',(#10027,#10034,#10035));
#10027 = ORIENTED_EDGE('',*,*,#10028,.F.);
#10028 = EDGE_CURVE('',#10007,#9975,#10029,.T.);
#10029 = CIRCLE('',#10030,0.195);
#10030 = AXIS2_PLACEMENT_3D('',#10031,#10032,#10033);
#10031 = CARTESIAN_POINT('',(-0.8,0.425,3.E-02));
#10032 = DIRECTION('',(0.,0.,-1.));
#10033 = DIRECTION('',(-1.,0.,0.));
#10034 = ORIENTED_EDGE('',*,*,#10006,.T.);
#10035 = ORIENTED_EDGE('',*,*,#9982,.T.);
#10036 = PLANE('',#10037);
#10037 = AXIS2_PLACEMENT_3D('',#10038,#10039,#10040);
#10038 = CARTESIAN_POINT('',(-0.8,0.425,3.E-02));
#10039 = DIRECTION('',(0.,0.,-1.));
#10040 = DIRECTION('',(-1.,0.,0.));
#10041 = ADVANCED_FACE('',(#10042),#10054,.F.);
#10042 = FACE_BOUND('',#10043,.F.);
#10043 = EDGE_LOOP('',(#10044,#10045,#10046,#10053));
#10044 = ORIENTED_EDGE('',*,*,#10028,.F.);
#10045 = ORIENTED_EDGE('',*,*,#10014,.T.);
#10046 = ORIENTED_EDGE('',*,*,#10047,.F.);
#10047 = EDGE_CURVE('',#9966,#9998,#10048,.T.);
#10048 = CIRCLE('',#10049,0.195);
#10049 = AXIS2_PLACEMENT_3D('',#10050,#10051,#10052);
#10050 = CARTESIAN_POINT('',(-0.8,0.425,0.13));
#10051 = DIRECTION('',(0.,0.,1.));
#10052 = DIRECTION('',(1.,0.,0.));
#10053 = ORIENTED_EDGE('',*,*,#9974,.F.);
#10054 = CYLINDRICAL_SURFACE('',#10055,0.195);
#10055 = AXIS2_PLACEMENT_3D('',#10056,#10057,#10058);
#10056 = CARTESIAN_POINT('',(-0.8,0.425,0.));
#10057 = DIRECTION('',(-0.,-0.,-1.));
#10058 = DIRECTION('',(1.,0.,0.));
#10059 = ADVANCED_FACE('',(#10060),#10065,.T.);
#10060 = FACE_BOUND('',#10061,.T.);
#10061 = EDGE_LOOP('',(#10062,#10063,#10064));
#10062 = ORIENTED_EDGE('',*,*,#9965,.F.);
#10063 = ORIENTED_EDGE('',*,*,#9997,.T.);
#10064 = ORIENTED_EDGE('',*,*,#10047,.F.);
#10065 = PLANE('',#10066);
#10066 = AXIS2_PLACEMENT_3D('',#10067,#10068,#10069);
#10067 = CARTESIAN_POINT('',(-0.8,0.425,0.13));
#10068 = DIRECTION('',(0.,0.,1.));
#10069 = DIRECTION('',(1.,0.,0.));
#10070 = ( GEOMETRIC_REPRESENTATION_CONTEXT(3) 
GLOBAL_UNCERTAINTY_ASSIGNED_CONTEXT((#10074)) 
GLOBAL_UNIT_ASSIGNED_CONTEXT((#10071,#10072,#10073)) 
REPRESENTATION_CONTEXT('Context #1',
  '3D Context with UNIT and UNCERTAINTY') );
#10071 = ( LENGTH_UNIT() NAMED_UNIT(*) SI_UNIT(.MILLI.,.METRE.) );
#10072 = ( NAMED_UNIT(*) PLANE_ANGLE_UNIT() SI_UNIT($,.RADIAN.) );
#10073 = ( NAMED_UNIT(*) SI_UNIT($,.STERADIAN.) SOLID_ANGLE_UNIT() );
#10074 = UNCERTAINTY_MEASURE_WITH_UNIT(LENGTH_MEASURE(1.E-06),#10071,
  'distance_accuracy_value','confusion accuracy');
#10075 = PRODUCT_RELATED_PRODUCT_CATEGORY('part',$,(#7));
#10076 = MECHANICAL_DESIGN_GEOMETRIC_PRESENTATION_REPRESENTATION('',(
    #10077,#10085,#10092,#10099,#10106,#10113,#10120,#10128,#10135,
    #10142,#10149,#10157,#10164,#10171,#10178,#10185,#10192,#10199,
    #10206,#10213,#10220,#10227,#10234,#10241,#10248,#10255,#10262,
    #10269,#10276,#10283,#10290,#10297,#10304,#10311,#10318,#10325,
    #10333,#10340,#10347,#10354,#10361,#10368,#10375,#10382,#10389,
    #10396,#10403,#10410,#10417,#10424,#10431,#10438,#10445,#10452,
    #10459,#10466,#10473,#10480,#10487,#10494,#10501,#10508,#10515,
    #10522,#10529,#10536,#10543,#10550,#10557,#10564,#10571,#10578,
    #10585,#10592,#10599,#10606,#10613,#10620,#10627,#10634,#10641,
    #10648,#10655,#10662,#10669,#10676,#10683,#10690,#10697,#10704,
    #10711,#10718,#10725,#10732,#10739,#10746,#10753,#10760,#10767,
    #10774,#10781,#10788,#10795,#10802,#10809,#10816,#10823,#10830,
    #10837,#10844,#10851,#10858,#10865,#10872,#10879,#10886,#10893,
    #10900,#10907,#10914,#10921,#10928,#10935,#10942,#10949,#10956,
    #10963,#10970,#10977,#10984,#10991,#10998,#11005,#11012,#11019,
    #11026,#11033,#11040,#11047,#11054,#11061,#11068,#11075,#11082,
    #11089,#11096,#11103,#11110,#11117,#11124,#11131,#11138,#11145,
    #11152,#11159,#11166,#11173,#11180,#11187,#11194,#11201,#11208,
    #11215,#11222,#11229,#11236,#11243,#11250,#11257,#11264,#11271,
    #11278,#11285,#11292,#11299,#11306,#11313,#11320,#11327,#11334,
    #11341,#11348,#11355,#11362,#11369,#11376,#11383,#11390,#11397,
    #11404,#11411,#11418,#11425,#11432,#11439,#11446,#11453,#11460,
    #11467,#11474,#11481,#11488,#11495,#11502,#11509,#11516,#11523,
    #11530,#11537,#11544,#11551,#11558,#11565,#11572,#11579,#11586,
    #11593,#11600,#11607,#11614,#11621,#11628,#11635,#11642,#11649,
    #11656,#11663,#11670,#11677,#11684,#11691,#11698,#11705,#11712,
    #11719,#11726,#11733,#11740,#11747,#11754,#11761,#11768,#11775,
    #11782,#11789,#11796,#11803,#11810,#11817,#11824,#11831,#11838,
    #11845,#11852,#11859,#11866,#11873,#11880,#11887,#11894,#11901,
    #11908,#11915,#11922,#11929,#11936,#11943,#11950,#11957,#11964,
    #11971,#11978,#11985,#11992,#11999,#12006,#12013,#12020,#12027,
    #12034,#12041,#12048,#12055,#12062,#12069,#12076,#12083,#12090,
    #12097,#12104,#12111,#12118,#12125,#12132,#12139,#12146,#12153,
    #12160,#12167,#12174,#12181,#12188,#12195,#12202,#12209,#12216,
    #12223,#12230,#12237,#12244,#12251,#12258,#12265,#12272,#12279,
    #12286,#12293,#12300,#12307,#12314,#12321,#12328,#12335,#12342,
    #12349,#12356,#12363,#12370,#12377,#12384,#12391,#12398),#10070);
#10077 = STYLED_ITEM('color',(#10078),#17);
#10078 = PRESENTATION_STYLE_ASSIGNMENT((#10079));
#10079 = SURFACE_STYLE_USAGE(.BOTH.,#10080);
#10080 = SURFACE_SIDE_STYLE('',(#10081));
#10081 = SURFACE_STYLE_FILL_AREA(#10082);
#10082 = FILL_AREA_STYLE('',(#10083));
#10083 = FILL_AREA_STYLE_COLOUR('',#10084);
#10084 = COLOUR_RGB('',0.860000014305,0.860000014305,0.860000014305);
#10085 = STYLED_ITEM('color',(#10086),#57);
#10086 = PRESENTATION_STYLE_ASSIGNMENT((#10087));
#10087 = SURFACE_STYLE_USAGE(.BOTH.,#10088);
#10088 = SURFACE_SIDE_STYLE('',(#10089));
#10089 = SURFACE_STYLE_FILL_AREA(#10090);
#10090 = FILL_AREA_STYLE('',(#10091));
#10091 = FILL_AREA_STYLE_COLOUR('',#10084);
#10092 = STYLED_ITEM('color',(#10093),#152);
#10093 = PRESENTATION_STYLE_ASSIGNMENT((#10094));
#10094 = SURFACE_STYLE_USAGE(.BOTH.,#10095);
#10095 = SURFACE_SIDE_STYLE('',(#10096));
#10096 = SURFACE_STYLE_FILL_AREA(#10097);
#10097 = FILL_AREA_STYLE('',(#10098));
#10098 = FILL_AREA_STYLE_COLOUR('',#10084);
#10099 = STYLED_ITEM('color',(#10100),#176);
#10100 = PRESENTATION_STYLE_ASSIGNMENT((#10101));
#10101 = SURFACE_STYLE_USAGE(.BOTH.,#10102);
#10102 = SURFACE_SIDE_STYLE('',(#10103));
#10103 = SURFACE_STYLE_FILL_AREA(#10104);
#10104 = FILL_AREA_STYLE('',(#10105));
#10105 = FILL_AREA_STYLE_COLOUR('',#10084);
#10106 = STYLED_ITEM('color',(#10107),#216);
#10107 = PRESENTATION_STYLE_ASSIGNMENT((#10108));
#10108 = SURFACE_STYLE_USAGE(.BOTH.,#10109);
#10109 = SURFACE_SIDE_STYLE('',(#10110));
#10110 = SURFACE_STYLE_FILL_AREA(#10111);
#10111 = FILL_AREA_STYLE('',(#10112));
#10112 = FILL_AREA_STYLE_COLOUR('',#10084);
#10113 = STYLED_ITEM('color',(#10114),#233);
#10114 = PRESENTATION_STYLE_ASSIGNMENT((#10115));
#10115 = SURFACE_STYLE_USAGE(.BOTH.,#10116);
#10116 = SURFACE_SIDE_STYLE('',(#10117));
#10117 = SURFACE_STYLE_FILL_AREA(#10118);
#10118 = FILL_AREA_STYLE('',(#10119));
#10119 = FILL_AREA_STYLE_COLOUR('',#10084);
#10120 = STYLED_ITEM('color',(#10121),#328);
#10121 = PRESENTATION_STYLE_ASSIGNMENT((#10122));
#10122 = SURFACE_STYLE_USAGE(.BOTH.,#10123);
#10123 = SURFACE_SIDE_STYLE('',(#10124));
#10124 = SURFACE_STYLE_FILL_AREA(#10125);
#10125 = FILL_AREA_STYLE('',(#10126));
#10126 = FILL_AREA_STYLE_COLOUR('',#10127);
#10127 = COLOUR_RGB('',0.870588243008,0.633254885674,0.172549024224);
#10128 = STYLED_ITEM('color',(#10129),#433);
#10129 = PRESENTATION_STYLE_ASSIGNMENT((#10130));
#10130 = SURFACE_STYLE_USAGE(.BOTH.,#10131);
#10131 = SURFACE_SIDE_STYLE('',(#10132));
#10132 = SURFACE_STYLE_FILL_AREA(#10133);
#10133 = FILL_AREA_STYLE('',(#10134));
#10134 = FILL_AREA_STYLE_COLOUR('',#10084);
#10135 = STYLED_ITEM('color',(#10136),#464);
#10136 = PRESENTATION_STYLE_ASSIGNMENT((#10137));
#10137 = SURFACE_STYLE_USAGE(.BOTH.,#10138);
#10138 = SURFACE_SIDE_STYLE('',(#10139));
#10139 = SURFACE_STYLE_FILL_AREA(#10140);
#10140 = FILL_AREA_STYLE('',(#10141));
#10141 = FILL_AREA_STYLE_COLOUR('',#10084);
#10142 = STYLED_ITEM('color',(#10143),#488);
#10143 = PRESENTATION_STYLE_ASSIGNMENT((#10144));
#10144 = SURFACE_STYLE_USAGE(.BOTH.,#10145);
#10145 = SURFACE_SIDE_STYLE('',(#10146));
#10146 = SURFACE_STYLE_FILL_AREA(#10147);
#10147 = FILL_AREA_STYLE('',(#10148));
#10148 = FILL_AREA_STYLE_COLOUR('',#10084);
#10149 = STYLED_ITEM('color',(#10150),#658);
#10150 = PRESENTATION_STYLE_ASSIGNMENT((#10151));
#10151 = SURFACE_STYLE_USAGE(.BOTH.,#10152);
#10152 = SURFACE_SIDE_STYLE('',(#10153));
#10153 = SURFACE_STYLE_FILL_AREA(#10154);
#10154 = FILL_AREA_STYLE('',(#10155));
#10155 = FILL_AREA_STYLE_COLOUR('',#10156);
#10156 = COLOUR_RGB('',0.,0.699999988079,0.);
#10157 = STYLED_ITEM('color',(#10158),#691);
#10158 = PRESENTATION_STYLE_ASSIGNMENT((#10159));
#10159 = SURFACE_STYLE_USAGE(.BOTH.,#10160);
#10160 = SURFACE_SIDE_STYLE('',(#10161));
#10161 = SURFACE_STYLE_FILL_AREA(#10162);
#10162 = FILL_AREA_STYLE('',(#10163));
#10163 = FILL_AREA_STYLE_COLOUR('',#10156);
#10164 = STYLED_ITEM('color',(#10165),#715);
#10165 = PRESENTATION_STYLE_ASSIGNMENT((#10166));
#10166 = SURFACE_STYLE_USAGE(.BOTH.,#10167);
#10167 = SURFACE_SIDE_STYLE('',(#10168));
#10168 = SURFACE_STYLE_FILL_AREA(#10169);
#10169 = FILL_AREA_STYLE('',(#10170));
#10170 = FILL_AREA_STYLE_COLOUR('',#10156);
#10171 = STYLED_ITEM('color',(#10172),#739);
#10172 = PRESENTATION_STYLE_ASSIGNMENT((#10173));
#10173 = SURFACE_STYLE_USAGE(.BOTH.,#10174);
#10174 = SURFACE_SIDE_STYLE('',(#10175));
#10175 = SURFACE_STYLE_FILL_AREA(#10176);
#10176 = FILL_AREA_STYLE('',(#10177));
#10177 = FILL_AREA_STYLE_COLOUR('',#10156);
#10178 = STYLED_ITEM('color',(#10179),#756);
#10179 = PRESENTATION_STYLE_ASSIGNMENT((#10180));
#10180 = SURFACE_STYLE_USAGE(.BOTH.,#10181);
#10181 = SURFACE_SIDE_STYLE('',(#10182));
#10182 = SURFACE_STYLE_FILL_AREA(#10183);
#10183 = FILL_AREA_STYLE('',(#10184));
#10184 = FILL_AREA_STYLE_COLOUR('',#10127);
#10185 = STYLED_ITEM('color',(#10186),#781);
#10186 = PRESENTATION_STYLE_ASSIGNMENT((#10187));
#10187 = SURFACE_STYLE_USAGE(.BOTH.,#10188);
#10188 = SURFACE_SIDE_STYLE('',(#10189));
#10189 = SURFACE_STYLE_FILL_AREA(#10190);
#10190 = FILL_AREA_STYLE('',(#10191));
#10191 = FILL_AREA_STYLE_COLOUR('',#10084);
#10192 = STYLED_ITEM('color',(#10193),#846);
#10193 = PRESENTATION_STYLE_ASSIGNMENT((#10194));
#10194 = SURFACE_STYLE_USAGE(.BOTH.,#10195);
#10195 = SURFACE_SIDE_STYLE('',(#10196));
#10196 = SURFACE_STYLE_FILL_AREA(#10197);
#10197 = FILL_AREA_STYLE('',(#10198));
#10198 = FILL_AREA_STYLE_COLOUR('',#10127);
#10199 = STYLED_ITEM('color',(#10200),#878);
#10200 = PRESENTATION_STYLE_ASSIGNMENT((#10201));
#10201 = SURFACE_STYLE_USAGE(.BOTH.,#10202);
#10202 = SURFACE_SIDE_STYLE('',(#10203));
#10203 = SURFACE_STYLE_FILL_AREA(#10204);
#10204 = FILL_AREA_STYLE('',(#10205));
#10205 = FILL_AREA_STYLE_COLOUR('',#10084);
#10206 = STYLED_ITEM('color',(#10207),#932);
#10207 = PRESENTATION_STYLE_ASSIGNMENT((#10208));
#10208 = SURFACE_STYLE_USAGE(.BOTH.,#10209);
#10209 = SURFACE_SIDE_STYLE('',(#10210));
#10210 = SURFACE_STYLE_FILL_AREA(#10211);
#10211 = FILL_AREA_STYLE('',(#10212));
#10212 = FILL_AREA_STYLE_COLOUR('',#10156);
#10213 = STYLED_ITEM('color',(#10214),#956);
#10214 = PRESENTATION_STYLE_ASSIGNMENT((#10215));
#10215 = SURFACE_STYLE_USAGE(.BOTH.,#10216);
#10216 = SURFACE_SIDE_STYLE('',(#10217));
#10217 = SURFACE_STYLE_FILL_AREA(#10218);
#10218 = FILL_AREA_STYLE('',(#10219));
#10219 = FILL_AREA_STYLE_COLOUR('',#10156);
#10220 = STYLED_ITEM('color',(#10221),#973);
#10221 = PRESENTATION_STYLE_ASSIGNMENT((#10222));
#10222 = SURFACE_STYLE_USAGE(.BOTH.,#10223);
#10223 = SURFACE_SIDE_STYLE('',(#10224));
#10224 = SURFACE_STYLE_FILL_AREA(#10225);
#10225 = FILL_AREA_STYLE('',(#10226));
#10226 = FILL_AREA_STYLE_COLOUR('',#10127);
#10227 = STYLED_ITEM('color',(#10228),#1004);
#10228 = PRESENTATION_STYLE_ASSIGNMENT((#10229));
#10229 = SURFACE_STYLE_USAGE(.BOTH.,#10230);
#10230 = SURFACE_SIDE_STYLE('',(#10231));
#10231 = SURFACE_STYLE_FILL_AREA(#10232);
#10232 = FILL_AREA_STYLE('',(#10233));
#10233 = FILL_AREA_STYLE_COLOUR('',#10127);
#10234 = STYLED_ITEM('color',(#10235),#1028);
#10235 = PRESENTATION_STYLE_ASSIGNMENT((#10236));
#10236 = SURFACE_STYLE_USAGE(.BOTH.,#10237);
#10237 = SURFACE_SIDE_STYLE('',(#10238));
#10238 = SURFACE_STYLE_FILL_AREA(#10239);
#10239 = FILL_AREA_STYLE('',(#10240));
#10240 = FILL_AREA_STYLE_COLOUR('',#10127);
#10241 = STYLED_ITEM('color',(#10242),#1057);
#10242 = PRESENTATION_STYLE_ASSIGNMENT((#10243));
#10243 = SURFACE_STYLE_USAGE(.BOTH.,#10244);
#10244 = SURFACE_SIDE_STYLE('',(#10245));
#10245 = SURFACE_STYLE_FILL_AREA(#10246);
#10246 = FILL_AREA_STYLE('',(#10247));
#10247 = FILL_AREA_STYLE_COLOUR('',#10127);
#10248 = STYLED_ITEM('color',(#10249),#1079);
#10249 = PRESENTATION_STYLE_ASSIGNMENT((#10250));
#10250 = SURFACE_STYLE_USAGE(.BOTH.,#10251);
#10251 = SURFACE_SIDE_STYLE('',(#10252));
#10252 = SURFACE_STYLE_FILL_AREA(#10253);
#10253 = FILL_AREA_STYLE('',(#10254));
#10254 = FILL_AREA_STYLE_COLOUR('',#10127);
#10255 = STYLED_ITEM('color',(#10256),#1103);
#10256 = PRESENTATION_STYLE_ASSIGNMENT((#10257));
#10257 = SURFACE_STYLE_USAGE(.BOTH.,#10258);
#10258 = SURFACE_SIDE_STYLE('',(#10259));
#10259 = SURFACE_STYLE_FILL_AREA(#10260);
#10260 = FILL_AREA_STYLE('',(#10261));
#10261 = FILL_AREA_STYLE_COLOUR('',#10127);
#10262 = STYLED_ITEM('color',(#10263),#1127);
#10263 = PRESENTATION_STYLE_ASSIGNMENT((#10264));
#10264 = SURFACE_STYLE_USAGE(.BOTH.,#10265);
#10265 = SURFACE_SIDE_STYLE('',(#10266));
#10266 = SURFACE_STYLE_FILL_AREA(#10267);
#10267 = FILL_AREA_STYLE('',(#10268));
#10268 = FILL_AREA_STYLE_COLOUR('',#10127);
#10269 = STYLED_ITEM('color',(#10270),#1144);
#10270 = PRESENTATION_STYLE_ASSIGNMENT((#10271));
#10271 = SURFACE_STYLE_USAGE(.BOTH.,#10272);
#10272 = SURFACE_SIDE_STYLE('',(#10273));
#10273 = SURFACE_STYLE_FILL_AREA(#10274);
#10274 = FILL_AREA_STYLE('',(#10275));
#10275 = FILL_AREA_STYLE_COLOUR('',#10127);
#10276 = STYLED_ITEM('color',(#10277),#1169);
#10277 = PRESENTATION_STYLE_ASSIGNMENT((#10278));
#10278 = SURFACE_STYLE_USAGE(.BOTH.,#10279);
#10279 = SURFACE_SIDE_STYLE('',(#10280));
#10280 = SURFACE_STYLE_FILL_AREA(#10281);
#10281 = FILL_AREA_STYLE('',(#10282));
#10282 = FILL_AREA_STYLE_COLOUR('',#10127);
#10283 = STYLED_ITEM('color',(#10284),#1201);
#10284 = PRESENTATION_STYLE_ASSIGNMENT((#10285));
#10285 = SURFACE_STYLE_USAGE(.BOTH.,#10286);
#10286 = SURFACE_SIDE_STYLE('',(#10287));
#10287 = SURFACE_STYLE_FILL_AREA(#10288);
#10288 = FILL_AREA_STYLE('',(#10289));
#10289 = FILL_AREA_STYLE_COLOUR('',#10084);
#10290 = STYLED_ITEM('color',(#10291),#1298);
#10291 = PRESENTATION_STYLE_ASSIGNMENT((#10292));
#10292 = SURFACE_STYLE_USAGE(.BOTH.,#10293);
#10293 = SURFACE_SIDE_STYLE('',(#10294));
#10294 = SURFACE_STYLE_FILL_AREA(#10295);
#10295 = FILL_AREA_STYLE('',(#10296));
#10296 = FILL_AREA_STYLE_COLOUR('',#10084);
#10297 = STYLED_ITEM('color',(#10298),#1391);
#10298 = PRESENTATION_STYLE_ASSIGNMENT((#10299));
#10299 = SURFACE_STYLE_USAGE(.BOTH.,#10300);
#10300 = SURFACE_SIDE_STYLE('',(#10301));
#10301 = SURFACE_STYLE_FILL_AREA(#10302);
#10302 = FILL_AREA_STYLE('',(#10303));
#10303 = FILL_AREA_STYLE_COLOUR('',#10156);
#10304 = STYLED_ITEM('color',(#10305),#1415);
#10305 = PRESENTATION_STYLE_ASSIGNMENT((#10306));
#10306 = SURFACE_STYLE_USAGE(.BOTH.,#10307);
#10307 = SURFACE_SIDE_STYLE('',(#10308));
#10308 = SURFACE_STYLE_FILL_AREA(#10309);
#10309 = FILL_AREA_STYLE('',(#10310));
#10310 = FILL_AREA_STYLE_COLOUR('',#10156);
#10311 = STYLED_ITEM('color',(#10312),#1432);
#10312 = PRESENTATION_STYLE_ASSIGNMENT((#10313));
#10313 = SURFACE_STYLE_USAGE(.BOTH.,#10314);
#10314 = SURFACE_SIDE_STYLE('',(#10315));
#10315 = SURFACE_STYLE_FILL_AREA(#10316);
#10316 = FILL_AREA_STYLE('',(#10317));
#10317 = FILL_AREA_STYLE_COLOUR('',#10084);
#10318 = STYLED_ITEM('color',(#10319),#1464);
#10319 = PRESENTATION_STYLE_ASSIGNMENT((#10320));
#10320 = SURFACE_STYLE_USAGE(.BOTH.,#10321);
#10321 = SURFACE_SIDE_STYLE('',(#10322));
#10322 = SURFACE_STYLE_FILL_AREA(#10323);
#10323 = FILL_AREA_STYLE('',(#10324));
#10324 = FILL_AREA_STYLE_COLOUR('',#10084);
#10325 = STYLED_ITEM('color',(#10326),#1505);
#10326 = PRESENTATION_STYLE_ASSIGNMENT((#10327));
#10327 = SURFACE_STYLE_USAGE(.BOTH.,#10328);
#10328 = SURFACE_SIDE_STYLE('',(#10329));
#10329 = SURFACE_STYLE_FILL_AREA(#10330);
#10330 = FILL_AREA_STYLE('',(#10331));
#10331 = FILL_AREA_STYLE_COLOUR('',#10332);
#10332 = COLOUR_RGB('',0.444705873728,0.599117696285,0.741176486015);
#10333 = STYLED_ITEM('color',(#10334),#1536);
#10334 = PRESENTATION_STYLE_ASSIGNMENT((#10335));
#10335 = SURFACE_STYLE_USAGE(.BOTH.,#10336);
#10336 = SURFACE_SIDE_STYLE('',(#10337));
#10337 = SURFACE_STYLE_FILL_AREA(#10338);
#10338 = FILL_AREA_STYLE('',(#10339));
#10339 = FILL_AREA_STYLE_COLOUR('',#10084);
#10340 = STYLED_ITEM('color',(#10341),#1584);
#10341 = PRESENTATION_STYLE_ASSIGNMENT((#10342));
#10342 = SURFACE_STYLE_USAGE(.BOTH.,#10343);
#10343 = SURFACE_SIDE_STYLE('',(#10344));
#10344 = SURFACE_STYLE_FILL_AREA(#10345);
#10345 = FILL_AREA_STYLE('',(#10346));
#10346 = FILL_AREA_STYLE_COLOUR('',#10084);
#10347 = STYLED_ITEM('color',(#10348),#1616);
#10348 = PRESENTATION_STYLE_ASSIGNMENT((#10349));
#10349 = SURFACE_STYLE_USAGE(.BOTH.,#10350);
#10350 = SURFACE_SIDE_STYLE('',(#10351));
#10351 = SURFACE_STYLE_FILL_AREA(#10352);
#10352 = FILL_AREA_STYLE('',(#10353));
#10353 = FILL_AREA_STYLE_COLOUR('',#10084);
#10354 = STYLED_ITEM('color',(#10355),#1672);
#10355 = PRESENTATION_STYLE_ASSIGNMENT((#10356));
#10356 = SURFACE_STYLE_USAGE(.BOTH.,#10357);
#10357 = SURFACE_SIDE_STYLE('',(#10358));
#10358 = SURFACE_STYLE_FILL_AREA(#10359);
#10359 = FILL_AREA_STYLE('',(#10360));
#10360 = FILL_AREA_STYLE_COLOUR('',#10084);
#10361 = STYLED_ITEM('color',(#10362),#1696);
#10362 = PRESENTATION_STYLE_ASSIGNMENT((#10363));
#10363 = SURFACE_STYLE_USAGE(.BOTH.,#10364);
#10364 = SURFACE_SIDE_STYLE('',(#10365));
#10365 = SURFACE_STYLE_FILL_AREA(#10366);
#10366 = FILL_AREA_STYLE('',(#10367));
#10367 = FILL_AREA_STYLE_COLOUR('',#10084);
#10368 = STYLED_ITEM('color',(#10369),#1720);
#10369 = PRESENTATION_STYLE_ASSIGNMENT((#10370));
#10370 = SURFACE_STYLE_USAGE(.BOTH.,#10371);
#10371 = SURFACE_SIDE_STYLE('',(#10372));
#10372 = SURFACE_STYLE_FILL_AREA(#10373);
#10373 = FILL_AREA_STYLE('',(#10374));
#10374 = FILL_AREA_STYLE_COLOUR('',#10156);
#10375 = STYLED_ITEM('color',(#10376),#1751);
#10376 = PRESENTATION_STYLE_ASSIGNMENT((#10377));
#10377 = SURFACE_STYLE_USAGE(.BOTH.,#10378);
#10378 = SURFACE_SIDE_STYLE('',(#10379));
#10379 = SURFACE_STYLE_FILL_AREA(#10380);
#10380 = FILL_AREA_STYLE('',(#10381));
#10381 = FILL_AREA_STYLE_COLOUR('',#10156);
#10382 = STYLED_ITEM('color',(#10383),#1768);
#10383 = PRESENTATION_STYLE_ASSIGNMENT((#10384));
#10384 = SURFACE_STYLE_USAGE(.BOTH.,#10385);
#10385 = SURFACE_SIDE_STYLE('',(#10386));
#10386 = SURFACE_STYLE_FILL_AREA(#10387);
#10387 = FILL_AREA_STYLE('',(#10388));
#10388 = FILL_AREA_STYLE_COLOUR('',#10127);
#10389 = STYLED_ITEM('color',(#10390),#1780);
#10390 = PRESENTATION_STYLE_ASSIGNMENT((#10391));
#10391 = SURFACE_STYLE_USAGE(.BOTH.,#10392);
#10392 = SURFACE_SIDE_STYLE('',(#10393));
#10393 = SURFACE_STYLE_FILL_AREA(#10394);
#10394 = FILL_AREA_STYLE('',(#10395));
#10395 = FILL_AREA_STYLE_COLOUR('',#10156);
#10396 = STYLED_ITEM('color',(#10397),#1808);
#10397 = PRESENTATION_STYLE_ASSIGNMENT((#10398));
#10398 = SURFACE_STYLE_USAGE(.BOTH.,#10399);
#10399 = SURFACE_SIDE_STYLE('',(#10400));
#10400 = SURFACE_STYLE_FILL_AREA(#10401);
#10401 = FILL_AREA_STYLE('',(#10402));
#10402 = FILL_AREA_STYLE_COLOUR('',#10127);
#10403 = STYLED_ITEM('color',(#10404),#1877);
#10404 = PRESENTATION_STYLE_ASSIGNMENT((#10405));
#10405 = SURFACE_STYLE_USAGE(.BOTH.,#10406);
#10406 = SURFACE_SIDE_STYLE('',(#10407));
#10407 = SURFACE_STYLE_FILL_AREA(#10408);
#10408 = FILL_AREA_STYLE('',(#10409));
#10409 = FILL_AREA_STYLE_COLOUR('',#10127);
#10410 = STYLED_ITEM('color',(#10411),#1920);
#10411 = PRESENTATION_STYLE_ASSIGNMENT((#10412));
#10412 = SURFACE_STYLE_USAGE(.BOTH.,#10413);
#10413 = SURFACE_SIDE_STYLE('',(#10414));
#10414 = SURFACE_STYLE_FILL_AREA(#10415);
#10415 = FILL_AREA_STYLE('',(#10416));
#10416 = FILL_AREA_STYLE_COLOUR('',#10127);
#10417 = STYLED_ITEM('color',(#10418),#1940);
#10418 = PRESENTATION_STYLE_ASSIGNMENT((#10419));
#10419 = SURFACE_STYLE_USAGE(.BOTH.,#10420);
#10420 = SURFACE_SIDE_STYLE('',(#10421));
#10421 = SURFACE_STYLE_FILL_AREA(#10422);
#10422 = FILL_AREA_STYLE('',(#10423));
#10423 = FILL_AREA_STYLE_COLOUR('',#10332);
#10424 = STYLED_ITEM('color',(#10425),#1998);
#10425 = PRESENTATION_STYLE_ASSIGNMENT((#10426));
#10426 = SURFACE_STYLE_USAGE(.BOTH.,#10427);
#10427 = SURFACE_SIDE_STYLE('',(#10428));
#10428 = SURFACE_STYLE_FILL_AREA(#10429);
#10429 = FILL_AREA_STYLE('',(#10430));
#10430 = FILL_AREA_STYLE_COLOUR('',#10127);
#10431 = STYLED_ITEM('color',(#10432),#2050);
#10432 = PRESENTATION_STYLE_ASSIGNMENT((#10433));
#10433 = SURFACE_STYLE_USAGE(.BOTH.,#10434);
#10434 = SURFACE_SIDE_STYLE('',(#10435));
#10435 = SURFACE_STYLE_FILL_AREA(#10436);
#10436 = FILL_AREA_STYLE('',(#10437));
#10437 = FILL_AREA_STYLE_COLOUR('',#10127);
#10438 = STYLED_ITEM('color',(#10439),#2075);
#10439 = PRESENTATION_STYLE_ASSIGNMENT((#10440));
#10440 = SURFACE_STYLE_USAGE(.BOTH.,#10441);
#10441 = SURFACE_SIDE_STYLE('',(#10442));
#10442 = SURFACE_STYLE_FILL_AREA(#10443);
#10443 = FILL_AREA_STYLE('',(#10444));
#10444 = FILL_AREA_STYLE_COLOUR('',#10127);
#10445 = STYLED_ITEM('color',(#10446),#2094);
#10446 = PRESENTATION_STYLE_ASSIGNMENT((#10447));
#10447 = SURFACE_STYLE_USAGE(.BOTH.,#10448);
#10448 = SURFACE_SIDE_STYLE('',(#10449));
#10449 = SURFACE_STYLE_FILL_AREA(#10450);
#10450 = FILL_AREA_STYLE('',(#10451));
#10451 = FILL_AREA_STYLE_COLOUR('',#10156);
#10452 = STYLED_ITEM('color',(#10453),#2108);
#10453 = PRESENTATION_STYLE_ASSIGNMENT((#10454));
#10454 = SURFACE_STYLE_USAGE(.BOTH.,#10455);
#10455 = SURFACE_SIDE_STYLE('',(#10456));
#10456 = SURFACE_STYLE_FILL_AREA(#10457);
#10457 = FILL_AREA_STYLE('',(#10458));
#10458 = FILL_AREA_STYLE_COLOUR('',#10084);
#10459 = STYLED_ITEM('color',(#10460),#2132);
#10460 = PRESENTATION_STYLE_ASSIGNMENT((#10461));
#10461 = SURFACE_STYLE_USAGE(.BOTH.,#10462);
#10462 = SURFACE_SIDE_STYLE('',(#10463));
#10463 = SURFACE_STYLE_FILL_AREA(#10464);
#10464 = FILL_AREA_STYLE('',(#10465));
#10465 = FILL_AREA_STYLE_COLOUR('',#10084);
#10466 = STYLED_ITEM('color',(#10467),#2149);
#10467 = PRESENTATION_STYLE_ASSIGNMENT((#10468));
#10468 = SURFACE_STYLE_USAGE(.BOTH.,#10469);
#10469 = SURFACE_SIDE_STYLE('',(#10470));
#10470 = SURFACE_STYLE_FILL_AREA(#10471);
#10471 = FILL_AREA_STYLE('',(#10472));
#10472 = FILL_AREA_STYLE_COLOUR('',#10127);
#10473 = STYLED_ITEM('color',(#10474),#2173);
#10474 = PRESENTATION_STYLE_ASSIGNMENT((#10475));
#10475 = SURFACE_STYLE_USAGE(.BOTH.,#10476);
#10476 = SURFACE_SIDE_STYLE('',(#10477));
#10477 = SURFACE_STYLE_FILL_AREA(#10478);
#10478 = FILL_AREA_STYLE('',(#10479));
#10479 = FILL_AREA_STYLE_COLOUR('',#10084);
#10480 = STYLED_ITEM('color',(#10481),#2198);
#10481 = PRESENTATION_STYLE_ASSIGNMENT((#10482));
#10482 = SURFACE_STYLE_USAGE(.BOTH.,#10483);
#10483 = SURFACE_SIDE_STYLE('',(#10484));
#10484 = SURFACE_STYLE_FILL_AREA(#10485);
#10485 = FILL_AREA_STYLE('',(#10486));
#10486 = FILL_AREA_STYLE_COLOUR('',#10084);
#10487 = STYLED_ITEM('color',(#10488),#2229);
#10488 = PRESENTATION_STYLE_ASSIGNMENT((#10489));
#10489 = SURFACE_STYLE_USAGE(.BOTH.,#10490);
#10490 = SURFACE_SIDE_STYLE('',(#10491));
#10491 = SURFACE_STYLE_FILL_AREA(#10492);
#10492 = FILL_AREA_STYLE('',(#10493));
#10493 = FILL_AREA_STYLE_COLOUR('',#10084);
#10494 = STYLED_ITEM('color',(#10495),#2253);
#10495 = PRESENTATION_STYLE_ASSIGNMENT((#10496));
#10496 = SURFACE_STYLE_USAGE(.BOTH.,#10497);
#10497 = SURFACE_SIDE_STYLE('',(#10498));
#10498 = SURFACE_STYLE_FILL_AREA(#10499);
#10499 = FILL_AREA_STYLE('',(#10500));
#10500 = FILL_AREA_STYLE_COLOUR('',#10156);
#10501 = STYLED_ITEM('color',(#10502),#2286);
#10502 = PRESENTATION_STYLE_ASSIGNMENT((#10503));
#10503 = SURFACE_STYLE_USAGE(.BOTH.,#10504);
#10504 = SURFACE_SIDE_STYLE('',(#10505));
#10505 = SURFACE_STYLE_FILL_AREA(#10506);
#10506 = FILL_AREA_STYLE('',(#10507));
#10507 = FILL_AREA_STYLE_COLOUR('',#10084);
#10508 = STYLED_ITEM('color',(#10509),#2404);
#10509 = PRESENTATION_STYLE_ASSIGNMENT((#10510));
#10510 = SURFACE_STYLE_USAGE(.BOTH.,#10511);
#10511 = SURFACE_SIDE_STYLE('',(#10512));
#10512 = SURFACE_STYLE_FILL_AREA(#10513);
#10513 = FILL_AREA_STYLE('',(#10514));
#10514 = FILL_AREA_STYLE_COLOUR('',#10156);
#10515 = STYLED_ITEM('color',(#10516),#2428);
#10516 = PRESENTATION_STYLE_ASSIGNMENT((#10517));
#10517 = SURFACE_STYLE_USAGE(.BOTH.,#10518);
#10518 = SURFACE_SIDE_STYLE('',(#10519));
#10519 = SURFACE_STYLE_FILL_AREA(#10520);
#10520 = FILL_AREA_STYLE('',(#10521));
#10521 = FILL_AREA_STYLE_COLOUR('',#10127);
#10522 = STYLED_ITEM('color',(#10523),#2441);
#10523 = PRESENTATION_STYLE_ASSIGNMENT((#10524));
#10524 = SURFACE_STYLE_USAGE(.BOTH.,#10525);
#10525 = SURFACE_SIDE_STYLE('',(#10526));
#10526 = SURFACE_STYLE_FILL_AREA(#10527);
#10527 = FILL_AREA_STYLE('',(#10528));
#10528 = FILL_AREA_STYLE_COLOUR('',#10127);
#10529 = STYLED_ITEM('color',(#10530),#2456);
#10530 = PRESENTATION_STYLE_ASSIGNMENT((#10531));
#10531 = SURFACE_STYLE_USAGE(.BOTH.,#10532);
#10532 = SURFACE_SIDE_STYLE('',(#10533));
#10533 = SURFACE_STYLE_FILL_AREA(#10534);
#10534 = FILL_AREA_STYLE('',(#10535));
#10535 = FILL_AREA_STYLE_COLOUR('',#10332);
#10536 = STYLED_ITEM('color',(#10537),#2526);
#10537 = PRESENTATION_STYLE_ASSIGNMENT((#10538));
#10538 = SURFACE_STYLE_USAGE(.BOTH.,#10539);
#10539 = SURFACE_SIDE_STYLE('',(#10540));
#10540 = SURFACE_STYLE_FILL_AREA(#10541);
#10541 = FILL_AREA_STYLE('',(#10542));
#10542 = FILL_AREA_STYLE_COLOUR('',#10332);
#10543 = STYLED_ITEM('color',(#10544),#2543);
#10544 = PRESENTATION_STYLE_ASSIGNMENT((#10545));
#10545 = SURFACE_STYLE_USAGE(.BOTH.,#10546);
#10546 = SURFACE_SIDE_STYLE('',(#10547));
#10547 = SURFACE_STYLE_FILL_AREA(#10548);
#10548 = FILL_AREA_STYLE('',(#10549));
#10549 = FILL_AREA_STYLE_COLOUR('',#10127);
#10550 = STYLED_ITEM('color',(#10551),#2579);
#10551 = PRESENTATION_STYLE_ASSIGNMENT((#10552));
#10552 = SURFACE_STYLE_USAGE(.BOTH.,#10553);
#10553 = SURFACE_SIDE_STYLE('',(#10554));
#10554 = SURFACE_STYLE_FILL_AREA(#10555);
#10555 = FILL_AREA_STYLE('',(#10556));
#10556 = FILL_AREA_STYLE_COLOUR('',#10127);
#10557 = STYLED_ITEM('color',(#10558),#2611);
#10558 = PRESENTATION_STYLE_ASSIGNMENT((#10559));
#10559 = SURFACE_STYLE_USAGE(.BOTH.,#10560);
#10560 = SURFACE_SIDE_STYLE('',(#10561));
#10561 = SURFACE_STYLE_FILL_AREA(#10562);
#10562 = FILL_AREA_STYLE('',(#10563));
#10563 = FILL_AREA_STYLE_COLOUR('',#10084);
#10564 = STYLED_ITEM('color',(#10565),#2754);
#10565 = PRESENTATION_STYLE_ASSIGNMENT((#10566));
#10566 = SURFACE_STYLE_USAGE(.BOTH.,#10567);
#10567 = SURFACE_SIDE_STYLE('',(#10568));
#10568 = SURFACE_STYLE_FILL_AREA(#10569);
#10569 = FILL_AREA_STYLE('',(#10570));
#10570 = FILL_AREA_STYLE_COLOUR('',#10127);
#10571 = STYLED_ITEM('color',(#10572),#2781);
#10572 = PRESENTATION_STYLE_ASSIGNMENT((#10573));
#10573 = SURFACE_STYLE_USAGE(.BOTH.,#10574);
#10574 = SURFACE_SIDE_STYLE('',(#10575));
#10575 = SURFACE_STYLE_FILL_AREA(#10576);
#10576 = FILL_AREA_STYLE('',(#10577));
#10577 = FILL_AREA_STYLE_COLOUR('',#10156);
#10578 = STYLED_ITEM('color',(#10579),#2812);
#10579 = PRESENTATION_STYLE_ASSIGNMENT((#10580));
#10580 = SURFACE_STYLE_USAGE(.BOTH.,#10581);
#10581 = SURFACE_SIDE_STYLE('',(#10582));
#10582 = SURFACE_STYLE_FILL_AREA(#10583);
#10583 = FILL_AREA_STYLE('',(#10584));
#10584 = FILL_AREA_STYLE_COLOUR('',#10156);
#10585 = STYLED_ITEM('color',(#10586),#2836);
#10586 = PRESENTATION_STYLE_ASSIGNMENT((#10587));
#10587 = SURFACE_STYLE_USAGE(.BOTH.,#10588);
#10588 = SURFACE_SIDE_STYLE('',(#10589));
#10589 = SURFACE_STYLE_FILL_AREA(#10590);
#10590 = FILL_AREA_STYLE('',(#10591));
#10591 = FILL_AREA_STYLE_COLOUR('',#10156);
#10592 = STYLED_ITEM('color',(#10593),#2853);
#10593 = PRESENTATION_STYLE_ASSIGNMENT((#10594));
#10594 = SURFACE_STYLE_USAGE(.BOTH.,#10595);
#10595 = SURFACE_SIDE_STYLE('',(#10596));
#10596 = SURFACE_STYLE_FILL_AREA(#10597);
#10597 = FILL_AREA_STYLE('',(#10598));
#10598 = FILL_AREA_STYLE_COLOUR('',#10156);
#10599 = STYLED_ITEM('color',(#10600),#2977);
#10600 = PRESENTATION_STYLE_ASSIGNMENT((#10601));
#10601 = SURFACE_STYLE_USAGE(.BOTH.,#10602);
#10602 = SURFACE_SIDE_STYLE('',(#10603));
#10603 = SURFACE_STYLE_FILL_AREA(#10604);
#10604 = FILL_AREA_STYLE('',(#10605));
#10605 = FILL_AREA_STYLE_COLOUR('',#10127);
#10606 = STYLED_ITEM('color',(#10607),#3012);
#10607 = PRESENTATION_STYLE_ASSIGNMENT((#10608));
#10608 = SURFACE_STYLE_USAGE(.BOTH.,#10609);
#10609 = SURFACE_SIDE_STYLE('',(#10610));
#10610 = SURFACE_STYLE_FILL_AREA(#10611);
#10611 = FILL_AREA_STYLE('',(#10612));
#10612 = FILL_AREA_STYLE_COLOUR('',#10332);
#10613 = STYLED_ITEM('color',(#10614),#3024);
#10614 = PRESENTATION_STYLE_ASSIGNMENT((#10615));
#10615 = SURFACE_STYLE_USAGE(.BOTH.,#10616);
#10616 = SURFACE_SIDE_STYLE('',(#10617));
#10617 = SURFACE_STYLE_FILL_AREA(#10618);
#10618 = FILL_AREA_STYLE('',(#10619));
#10619 = FILL_AREA_STYLE_COLOUR('',#10084);
#10620 = STYLED_ITEM('color',(#10621),#3038);
#10621 = PRESENTATION_STYLE_ASSIGNMENT((#10622));
#10622 = SURFACE_STYLE_USAGE(.BOTH.,#10623);
#10623 = SURFACE_SIDE_STYLE('',(#10624));
#10624 = SURFACE_STYLE_FILL_AREA(#10625);
#10625 = FILL_AREA_STYLE('',(#10626));
#10626 = FILL_AREA_STYLE_COLOUR('',#10084);
#10627 = STYLED_ITEM('color',(#10628),#3050);
#10628 = PRESENTATION_STYLE_ASSIGNMENT((#10629));
#10629 = SURFACE_STYLE_USAGE(.BOTH.,#10630);
#10630 = SURFACE_SIDE_STYLE('',(#10631));
#10631 = SURFACE_STYLE_FILL_AREA(#10632);
#10632 = FILL_AREA_STYLE('',(#10633));
#10633 = FILL_AREA_STYLE_COLOUR('',#10084);
#10634 = STYLED_ITEM('color',(#10635),#3067);
#10635 = PRESENTATION_STYLE_ASSIGNMENT((#10636));
#10636 = SURFACE_STYLE_USAGE(.BOTH.,#10637);
#10637 = SURFACE_SIDE_STYLE('',(#10638));
#10638 = SURFACE_STYLE_FILL_AREA(#10639);
#10639 = FILL_AREA_STYLE('',(#10640));
#10640 = FILL_AREA_STYLE_COLOUR('',#10156);
#10641 = STYLED_ITEM('color',(#10642),#3091);
#10642 = PRESENTATION_STYLE_ASSIGNMENT((#10643));
#10643 = SURFACE_STYLE_USAGE(.BOTH.,#10644);
#10644 = SURFACE_SIDE_STYLE('',(#10645));
#10645 = SURFACE_STYLE_FILL_AREA(#10646);
#10646 = FILL_AREA_STYLE('',(#10647));
#10647 = FILL_AREA_STYLE_COLOUR('',#10156);
#10648 = STYLED_ITEM('color',(#10649),#3108);
#10649 = PRESENTATION_STYLE_ASSIGNMENT((#10650));
#10650 = SURFACE_STYLE_USAGE(.BOTH.,#10651);
#10651 = SURFACE_SIDE_STYLE('',(#10652));
#10652 = SURFACE_STYLE_FILL_AREA(#10653);
#10653 = FILL_AREA_STYLE('',(#10654));
#10654 = FILL_AREA_STYLE_COLOUR('',#10156);
#10655 = STYLED_ITEM('color',(#10656),#3125);
#10656 = PRESENTATION_STYLE_ASSIGNMENT((#10657));
#10657 = SURFACE_STYLE_USAGE(.BOTH.,#10658);
#10658 = SURFACE_SIDE_STYLE('',(#10659));
#10659 = SURFACE_STYLE_FILL_AREA(#10660);
#10660 = FILL_AREA_STYLE('',(#10661));
#10661 = FILL_AREA_STYLE_COLOUR('',#10156);
#10662 = STYLED_ITEM('color',(#10663),#3137);
#10663 = PRESENTATION_STYLE_ASSIGNMENT((#10664));
#10664 = SURFACE_STYLE_USAGE(.BOTH.,#10665);
#10665 = SURFACE_SIDE_STYLE('',(#10666));
#10666 = SURFACE_STYLE_FILL_AREA(#10667);
#10667 = FILL_AREA_STYLE('',(#10668));
#10668 = FILL_AREA_STYLE_COLOUR('',#10156);
#10669 = STYLED_ITEM('color',(#10670),#3154);
#10670 = PRESENTATION_STYLE_ASSIGNMENT((#10671));
#10671 = SURFACE_STYLE_USAGE(.BOTH.,#10672);
#10672 = SURFACE_SIDE_STYLE('',(#10673));
#10673 = SURFACE_STYLE_FILL_AREA(#10674);
#10674 = FILL_AREA_STYLE('',(#10675));
#10675 = FILL_AREA_STYLE_COLOUR('',#10156);
#10676 = STYLED_ITEM('color',(#10677),#3171);
#10677 = PRESENTATION_STYLE_ASSIGNMENT((#10678));
#10678 = SURFACE_STYLE_USAGE(.BOTH.,#10679);
#10679 = SURFACE_SIDE_STYLE('',(#10680));
#10680 = SURFACE_STYLE_FILL_AREA(#10681);
#10681 = FILL_AREA_STYLE('',(#10682));
#10682 = FILL_AREA_STYLE_COLOUR('',#10084);
#10683 = STYLED_ITEM('color',(#10684),#3202);
#10684 = PRESENTATION_STYLE_ASSIGNMENT((#10685));
#10685 = SURFACE_STYLE_USAGE(.BOTH.,#10686);
#10686 = SURFACE_SIDE_STYLE('',(#10687));
#10687 = SURFACE_STYLE_FILL_AREA(#10688);
#10688 = FILL_AREA_STYLE('',(#10689));
#10689 = FILL_AREA_STYLE_COLOUR('',#10084);
#10690 = STYLED_ITEM('color',(#10691),#3226);
#10691 = PRESENTATION_STYLE_ASSIGNMENT((#10692));
#10692 = SURFACE_STYLE_USAGE(.BOTH.,#10693);
#10693 = SURFACE_SIDE_STYLE('',(#10694));
#10694 = SURFACE_STYLE_FILL_AREA(#10695);
#10695 = FILL_AREA_STYLE('',(#10696));
#10696 = FILL_AREA_STYLE_COLOUR('',#10084);
#10697 = STYLED_ITEM('color',(#10698),#3327);
#10698 = PRESENTATION_STYLE_ASSIGNMENT((#10699));
#10699 = SURFACE_STYLE_USAGE(.BOTH.,#10700);
#10700 = SURFACE_SIDE_STYLE('',(#10701));
#10701 = SURFACE_STYLE_FILL_AREA(#10702);
#10702 = FILL_AREA_STYLE('',(#10703));
#10703 = FILL_AREA_STYLE_COLOUR('',#10084);
#10704 = STYLED_ITEM('color',(#10705),#3359);
#10705 = PRESENTATION_STYLE_ASSIGNMENT((#10706));
#10706 = SURFACE_STYLE_USAGE(.BOTH.,#10707);
#10707 = SURFACE_SIDE_STYLE('',(#10708));
#10708 = SURFACE_STYLE_FILL_AREA(#10709);
#10709 = FILL_AREA_STYLE('',(#10710));
#10710 = FILL_AREA_STYLE_COLOUR('',#10084);
#10711 = STYLED_ITEM('color',(#10712),#3393);
#10712 = PRESENTATION_STYLE_ASSIGNMENT((#10713));
#10713 = SURFACE_STYLE_USAGE(.BOTH.,#10714);
#10714 = SURFACE_SIDE_STYLE('',(#10715));
#10715 = SURFACE_STYLE_FILL_AREA(#10716);
#10716 = FILL_AREA_STYLE('',(#10717));
#10717 = FILL_AREA_STYLE_COLOUR('',#10127);
#10718 = STYLED_ITEM('color',(#10719),#3445);
#10719 = PRESENTATION_STYLE_ASSIGNMENT((#10720));
#10720 = SURFACE_STYLE_USAGE(.BOTH.,#10721);
#10721 = SURFACE_SIDE_STYLE('',(#10722));
#10722 = SURFACE_STYLE_FILL_AREA(#10723);
#10723 = FILL_AREA_STYLE('',(#10724));
#10724 = FILL_AREA_STYLE_COLOUR('',#10127);
#10725 = STYLED_ITEM('color',(#10726),#3480);
#10726 = PRESENTATION_STYLE_ASSIGNMENT((#10727));
#10727 = SURFACE_STYLE_USAGE(.BOTH.,#10728);
#10728 = SURFACE_SIDE_STYLE('',(#10729));
#10729 = SURFACE_STYLE_FILL_AREA(#10730);
#10730 = FILL_AREA_STYLE('',(#10731));
#10731 = FILL_AREA_STYLE_COLOUR('',#10084);
#10732 = STYLED_ITEM('color',(#10733),#3573);
#10733 = PRESENTATION_STYLE_ASSIGNMENT((#10734));
#10734 = SURFACE_STYLE_USAGE(.BOTH.,#10735);
#10735 = SURFACE_SIDE_STYLE('',(#10736));
#10736 = SURFACE_STYLE_FILL_AREA(#10737);
#10737 = FILL_AREA_STYLE('',(#10738));
#10738 = FILL_AREA_STYLE_COLOUR('',#10127);
#10739 = STYLED_ITEM('color',(#10740),#3655);
#10740 = PRESENTATION_STYLE_ASSIGNMENT((#10741));
#10741 = SURFACE_STYLE_USAGE(.BOTH.,#10742);
#10742 = SURFACE_SIDE_STYLE('',(#10743));
#10743 = SURFACE_STYLE_FILL_AREA(#10744);
#10744 = FILL_AREA_STYLE('',(#10745));
#10745 = FILL_AREA_STYLE_COLOUR('',#10127);
#10746 = STYLED_ITEM('color',(#10747),#3672);
#10747 = PRESENTATION_STYLE_ASSIGNMENT((#10748));
#10748 = SURFACE_STYLE_USAGE(.BOTH.,#10749);
#10749 = SURFACE_SIDE_STYLE('',(#10750));
#10750 = SURFACE_STYLE_FILL_AREA(#10751);
#10751 = FILL_AREA_STYLE('',(#10752));
#10752 = FILL_AREA_STYLE_COLOUR('',#10156);
#10753 = STYLED_ITEM('color',(#10754),#3694);
#10754 = PRESENTATION_STYLE_ASSIGNMENT((#10755));
#10755 = SURFACE_STYLE_USAGE(.BOTH.,#10756);
#10756 = SURFACE_SIDE_STYLE('',(#10757));
#10757 = SURFACE_STYLE_FILL_AREA(#10758);
#10758 = FILL_AREA_STYLE('',(#10759));
#10759 = FILL_AREA_STYLE_COLOUR('',#10156);
#10760 = STYLED_ITEM('color',(#10761),#3706);
#10761 = PRESENTATION_STYLE_ASSIGNMENT((#10762));
#10762 = SURFACE_STYLE_USAGE(.BOTH.,#10763);
#10763 = SURFACE_SIDE_STYLE('',(#10764));
#10764 = SURFACE_STYLE_FILL_AREA(#10765);
#10765 = FILL_AREA_STYLE('',(#10766));
#10766 = FILL_AREA_STYLE_COLOUR('',#10127);
#10767 = STYLED_ITEM('color',(#10768),#3719);
#10768 = PRESENTATION_STYLE_ASSIGNMENT((#10769));
#10769 = SURFACE_STYLE_USAGE(.BOTH.,#10770);
#10770 = SURFACE_SIDE_STYLE('',(#10771));
#10771 = SURFACE_STYLE_FILL_AREA(#10772);
#10772 = FILL_AREA_STYLE('',(#10773));
#10773 = FILL_AREA_STYLE_COLOUR('',#10156);
#10774 = STYLED_ITEM('color',(#10775),#3743);
#10775 = PRESENTATION_STYLE_ASSIGNMENT((#10776));
#10776 = SURFACE_STYLE_USAGE(.BOTH.,#10777);
#10777 = SURFACE_SIDE_STYLE('',(#10778));
#10778 = SURFACE_STYLE_FILL_AREA(#10779);
#10779 = FILL_AREA_STYLE('',(#10780));
#10780 = FILL_AREA_STYLE_COLOUR('',#10156);
#10781 = STYLED_ITEM('color',(#10782),#3767);
#10782 = PRESENTATION_STYLE_ASSIGNMENT((#10783));
#10783 = SURFACE_STYLE_USAGE(.BOTH.,#10784);
#10784 = SURFACE_SIDE_STYLE('',(#10785));
#10785 = SURFACE_STYLE_FILL_AREA(#10786);
#10786 = FILL_AREA_STYLE('',(#10787));
#10787 = FILL_AREA_STYLE_COLOUR('',#10156);
#10788 = STYLED_ITEM('color',(#10789),#3784);
#10789 = PRESENTATION_STYLE_ASSIGNMENT((#10790));
#10790 = SURFACE_STYLE_USAGE(.BOTH.,#10791);
#10791 = SURFACE_SIDE_STYLE('',(#10792));
#10792 = SURFACE_STYLE_FILL_AREA(#10793);
#10793 = FILL_AREA_STYLE('',(#10794));
#10794 = FILL_AREA_STYLE_COLOUR('',#10127);
#10795 = STYLED_ITEM('color',(#10796),#3809);
#10796 = PRESENTATION_STYLE_ASSIGNMENT((#10797));
#10797 = SURFACE_STYLE_USAGE(.BOTH.,#10798);
#10798 = SURFACE_SIDE_STYLE('',(#10799));
#10799 = SURFACE_STYLE_FILL_AREA(#10800);
#10800 = FILL_AREA_STYLE('',(#10801));
#10801 = FILL_AREA_STYLE_COLOUR('',#10156);
#10802 = STYLED_ITEM('color',(#10803),#3826);
#10803 = PRESENTATION_STYLE_ASSIGNMENT((#10804));
#10804 = SURFACE_STYLE_USAGE(.BOTH.,#10805);
#10805 = SURFACE_SIDE_STYLE('',(#10806));
#10806 = SURFACE_STYLE_FILL_AREA(#10807);
#10807 = FILL_AREA_STYLE('',(#10808));
#10808 = FILL_AREA_STYLE_COLOUR('',#10156);
#10809 = STYLED_ITEM('color',(#10810),#3838);
#10810 = PRESENTATION_STYLE_ASSIGNMENT((#10811));
#10811 = SURFACE_STYLE_USAGE(.BOTH.,#10812);
#10812 = SURFACE_SIDE_STYLE('',(#10813));
#10813 = SURFACE_STYLE_FILL_AREA(#10814);
#10814 = FILL_AREA_STYLE('',(#10815));
#10815 = FILL_AREA_STYLE_COLOUR('',#10156);
#10816 = STYLED_ITEM('color',(#10817),#3869);
#10817 = PRESENTATION_STYLE_ASSIGNMENT((#10818));
#10818 = SURFACE_STYLE_USAGE(.BOTH.,#10819);
#10819 = SURFACE_SIDE_STYLE('',(#10820));
#10820 = SURFACE_STYLE_FILL_AREA(#10821);
#10821 = FILL_AREA_STYLE('',(#10822));
#10822 = FILL_AREA_STYLE_COLOUR('',#10156);
#10823 = STYLED_ITEM('color',(#10824),#3893);
#10824 = PRESENTATION_STYLE_ASSIGNMENT((#10825));
#10825 = SURFACE_STYLE_USAGE(.BOTH.,#10826);
#10826 = SURFACE_SIDE_STYLE('',(#10827));
#10827 = SURFACE_STYLE_FILL_AREA(#10828);
#10828 = FILL_AREA_STYLE('',(#10829));
#10829 = FILL_AREA_STYLE_COLOUR('',#10156);
#10830 = STYLED_ITEM('color',(#10831),#3905);
#10831 = PRESENTATION_STYLE_ASSIGNMENT((#10832));
#10832 = SURFACE_STYLE_USAGE(.BOTH.,#10833);
#10833 = SURFACE_SIDE_STYLE('',(#10834));
#10834 = SURFACE_STYLE_FILL_AREA(#10835);
#10835 = FILL_AREA_STYLE('',(#10836));
#10836 = FILL_AREA_STYLE_COLOUR('',#10156);
#10837 = STYLED_ITEM('color',(#10838),#3936);
#10838 = PRESENTATION_STYLE_ASSIGNMENT((#10839));
#10839 = SURFACE_STYLE_USAGE(.BOTH.,#10840);
#10840 = SURFACE_SIDE_STYLE('',(#10841));
#10841 = SURFACE_STYLE_FILL_AREA(#10842);
#10842 = FILL_AREA_STYLE('',(#10843));
#10843 = FILL_AREA_STYLE_COLOUR('',#10156);
#10844 = STYLED_ITEM('color',(#10845),#3960);
#10845 = PRESENTATION_STYLE_ASSIGNMENT((#10846));
#10846 = SURFACE_STYLE_USAGE(.BOTH.,#10847);
#10847 = SURFACE_SIDE_STYLE('',(#10848));
#10848 = SURFACE_STYLE_FILL_AREA(#10849);
#10849 = FILL_AREA_STYLE('',(#10850));
#10850 = FILL_AREA_STYLE_COLOUR('',#10156);
#10851 = STYLED_ITEM('color',(#10852),#3984);
#10852 = PRESENTATION_STYLE_ASSIGNMENT((#10853));
#10853 = SURFACE_STYLE_USAGE(.BOTH.,#10854);
#10854 = SURFACE_SIDE_STYLE('',(#10855));
#10855 = SURFACE_STYLE_FILL_AREA(#10856);
#10856 = FILL_AREA_STYLE('',(#10857));
#10857 = FILL_AREA_STYLE_COLOUR('',#10156);
#10858 = STYLED_ITEM('color',(#10859),#3996);
#10859 = PRESENTATION_STYLE_ASSIGNMENT((#10860));
#10860 = SURFACE_STYLE_USAGE(.BOTH.,#10861);
#10861 = SURFACE_SIDE_STYLE('',(#10862));
#10862 = SURFACE_STYLE_FILL_AREA(#10863);
#10863 = FILL_AREA_STYLE('',(#10864));
#10864 = FILL_AREA_STYLE_COLOUR('',#10156);
#10865 = STYLED_ITEM('color',(#10866),#4013);
#10866 = PRESENTATION_STYLE_ASSIGNMENT((#10867));
#10867 = SURFACE_STYLE_USAGE(.BOTH.,#10868);
#10868 = SURFACE_SIDE_STYLE('',(#10869));
#10869 = SURFACE_STYLE_FILL_AREA(#10870);
#10870 = FILL_AREA_STYLE('',(#10871));
#10871 = FILL_AREA_STYLE_COLOUR('',#10084);
#10872 = STYLED_ITEM('color',(#10873),#4025);
#10873 = PRESENTATION_STYLE_ASSIGNMENT((#10874));
#10874 = SURFACE_STYLE_USAGE(.BOTH.,#10875);
#10875 = SURFACE_SIDE_STYLE('',(#10876));
#10876 = SURFACE_STYLE_FILL_AREA(#10877);
#10877 = FILL_AREA_STYLE('',(#10878));
#10878 = FILL_AREA_STYLE_COLOUR('',#10127);
#10879 = STYLED_ITEM('color',(#10880),#4052);
#10880 = PRESENTATION_STYLE_ASSIGNMENT((#10881));
#10881 = SURFACE_STYLE_USAGE(.BOTH.,#10882);
#10882 = SURFACE_SIDE_STYLE('',(#10883));
#10883 = SURFACE_STYLE_FILL_AREA(#10884);
#10884 = FILL_AREA_STYLE('',(#10885));
#10885 = FILL_AREA_STYLE_COLOUR('',#10084);
#10886 = STYLED_ITEM('color',(#10887),#4076);
#10887 = PRESENTATION_STYLE_ASSIGNMENT((#10888));
#10888 = SURFACE_STYLE_USAGE(.BOTH.,#10889);
#10889 = SURFACE_SIDE_STYLE('',(#10890));
#10890 = SURFACE_STYLE_FILL_AREA(#10891);
#10891 = FILL_AREA_STYLE('',(#10892));
#10892 = FILL_AREA_STYLE_COLOUR('',#10084);
#10893 = STYLED_ITEM('color',(#10894),#4093);
#10894 = PRESENTATION_STYLE_ASSIGNMENT((#10895));
#10895 = SURFACE_STYLE_USAGE(.BOTH.,#10896);
#10896 = SURFACE_SIDE_STYLE('',(#10897));
#10897 = SURFACE_STYLE_FILL_AREA(#10898);
#10898 = FILL_AREA_STYLE('',(#10899));
#10899 = FILL_AREA_STYLE_COLOUR('',#10084);
#10900 = STYLED_ITEM('color',(#10901),#4110);
#10901 = PRESENTATION_STYLE_ASSIGNMENT((#10902));
#10902 = SURFACE_STYLE_USAGE(.BOTH.,#10903);
#10903 = SURFACE_SIDE_STYLE('',(#10904));
#10904 = SURFACE_STYLE_FILL_AREA(#10905);
#10905 = FILL_AREA_STYLE('',(#10906));
#10906 = FILL_AREA_STYLE_COLOUR('',#10127);
#10907 = STYLED_ITEM('color',(#10908),#4128);
#10908 = PRESENTATION_STYLE_ASSIGNMENT((#10909));
#10909 = SURFACE_STYLE_USAGE(.BOTH.,#10910);
#10910 = SURFACE_SIDE_STYLE('',(#10911));
#10911 = SURFACE_STYLE_FILL_AREA(#10912);
#10912 = FILL_AREA_STYLE('',(#10913));
#10913 = FILL_AREA_STYLE_COLOUR('',#10127);
#10914 = STYLED_ITEM('color',(#10915),#4141);
#10915 = PRESENTATION_STYLE_ASSIGNMENT((#10916));
#10916 = SURFACE_STYLE_USAGE(.BOTH.,#10917);
#10917 = SURFACE_SIDE_STYLE('',(#10918));
#10918 = SURFACE_STYLE_FILL_AREA(#10919);
#10919 = FILL_AREA_STYLE('',(#10920));
#10920 = FILL_AREA_STYLE_COLOUR('',#10127);
#10921 = STYLED_ITEM('color',(#10922),#4154);
#10922 = PRESENTATION_STYLE_ASSIGNMENT((#10923));
#10923 = SURFACE_STYLE_USAGE(.BOTH.,#10924);
#10924 = SURFACE_SIDE_STYLE('',(#10925));
#10925 = SURFACE_STYLE_FILL_AREA(#10926);
#10926 = FILL_AREA_STYLE('',(#10927));
#10927 = FILL_AREA_STYLE_COLOUR('',#10156);
#10928 = STYLED_ITEM('color',(#10929),#4171);
#10929 = PRESENTATION_STYLE_ASSIGNMENT((#10930));
#10930 = SURFACE_STYLE_USAGE(.BOTH.,#10931);
#10931 = SURFACE_SIDE_STYLE('',(#10932));
#10932 = SURFACE_STYLE_FILL_AREA(#10933);
#10933 = FILL_AREA_STYLE('',(#10934));
#10934 = FILL_AREA_STYLE_COLOUR('',#10084);
#10935 = STYLED_ITEM('color',(#10936),#4203);
#10936 = PRESENTATION_STYLE_ASSIGNMENT((#10937));
#10937 = SURFACE_STYLE_USAGE(.BOTH.,#10938);
#10938 = SURFACE_SIDE_STYLE('',(#10939));
#10939 = SURFACE_STYLE_FILL_AREA(#10940);
#10940 = FILL_AREA_STYLE('',(#10941));
#10941 = FILL_AREA_STYLE_COLOUR('',#10084);
#10942 = STYLED_ITEM('color',(#10943),#4227);
#10943 = PRESENTATION_STYLE_ASSIGNMENT((#10944));
#10944 = SURFACE_STYLE_USAGE(.BOTH.,#10945);
#10945 = SURFACE_SIDE_STYLE('',(#10946));
#10946 = SURFACE_STYLE_FILL_AREA(#10947);
#10947 = FILL_AREA_STYLE('',(#10948));
#10948 = FILL_AREA_STYLE_COLOUR('',#10084);
#10949 = STYLED_ITEM('color',(#10950),#4251);
#10950 = PRESENTATION_STYLE_ASSIGNMENT((#10951));
#10951 = SURFACE_STYLE_USAGE(.BOTH.,#10952);
#10952 = SURFACE_SIDE_STYLE('',(#10953));
#10953 = SURFACE_STYLE_FILL_AREA(#10954);
#10954 = FILL_AREA_STYLE('',(#10955));
#10955 = FILL_AREA_STYLE_COLOUR('',#10156);
#10956 = STYLED_ITEM('color',(#10957),#4283);
#10957 = PRESENTATION_STYLE_ASSIGNMENT((#10958));
#10958 = SURFACE_STYLE_USAGE(.BOTH.,#10959);
#10959 = SURFACE_SIDE_STYLE('',(#10960));
#10960 = SURFACE_STYLE_FILL_AREA(#10961);
#10961 = FILL_AREA_STYLE('',(#10962));
#10962 = FILL_AREA_STYLE_COLOUR('',#10156);
#10963 = STYLED_ITEM('color',(#10964),#4295);
#10964 = PRESENTATION_STYLE_ASSIGNMENT((#10965));
#10965 = SURFACE_STYLE_USAGE(.BOTH.,#10966);
#10966 = SURFACE_SIDE_STYLE('',(#10967));
#10967 = SURFACE_STYLE_FILL_AREA(#10968);
#10968 = FILL_AREA_STYLE('',(#10969));
#10969 = FILL_AREA_STYLE_COLOUR('',#10127);
#10970 = STYLED_ITEM('color',(#10971),#4307);
#10971 = PRESENTATION_STYLE_ASSIGNMENT((#10972));
#10972 = SURFACE_STYLE_USAGE(.BOTH.,#10973);
#10973 = SURFACE_SIDE_STYLE('',(#10974));
#10974 = SURFACE_STYLE_FILL_AREA(#10975);
#10975 = FILL_AREA_STYLE('',(#10976));
#10976 = FILL_AREA_STYLE_COLOUR('',#10084);
#10977 = STYLED_ITEM('color',(#10978),#4319);
#10978 = PRESENTATION_STYLE_ASSIGNMENT((#10979));
#10979 = SURFACE_STYLE_USAGE(.BOTH.,#10980);
#10980 = SURFACE_SIDE_STYLE('',(#10981));
#10981 = SURFACE_STYLE_FILL_AREA(#10982);
#10982 = FILL_AREA_STYLE('',(#10983));
#10983 = FILL_AREA_STYLE_COLOUR('',#10084);
#10984 = STYLED_ITEM('color',(#10985),#4331);
#10985 = PRESENTATION_STYLE_ASSIGNMENT((#10986));
#10986 = SURFACE_STYLE_USAGE(.BOTH.,#10987);
#10987 = SURFACE_SIDE_STYLE('',(#10988));
#10988 = SURFACE_STYLE_FILL_AREA(#10989);
#10989 = FILL_AREA_STYLE('',(#10990));
#10990 = FILL_AREA_STYLE_COLOUR('',#10084);
#10991 = STYLED_ITEM('color',(#10992),#4357);
#10992 = PRESENTATION_STYLE_ASSIGNMENT((#10993));
#10993 = SURFACE_STYLE_USAGE(.BOTH.,#10994);
#10994 = SURFACE_SIDE_STYLE('',(#10995));
#10995 = SURFACE_STYLE_FILL_AREA(#10996);
#10996 = FILL_AREA_STYLE('',(#10997));
#10997 = FILL_AREA_STYLE_COLOUR('',#10156);
#10998 = STYLED_ITEM('color',(#10999),#4374);
#10999 = PRESENTATION_STYLE_ASSIGNMENT((#11000));
#11000 = SURFACE_STYLE_USAGE(.BOTH.,#11001);
#11001 = SURFACE_SIDE_STYLE('',(#11002));
#11002 = SURFACE_STYLE_FILL_AREA(#11003);
#11003 = FILL_AREA_STYLE('',(#11004));
#11004 = FILL_AREA_STYLE_COLOUR('',#10156);
#11005 = STYLED_ITEM('color',(#11006),#4388);
#11006 = PRESENTATION_STYLE_ASSIGNMENT((#11007));
#11007 = SURFACE_STYLE_USAGE(.BOTH.,#11008);
#11008 = SURFACE_SIDE_STYLE('',(#11009));
#11009 = SURFACE_STYLE_FILL_AREA(#11010);
#11010 = FILL_AREA_STYLE('',(#11011));
#11011 = FILL_AREA_STYLE_COLOUR('',#10084);
#11012 = STYLED_ITEM('color',(#11013),#4428);
#11013 = PRESENTATION_STYLE_ASSIGNMENT((#11014));
#11014 = SURFACE_STYLE_USAGE(.BOTH.,#11015);
#11015 = SURFACE_SIDE_STYLE('',(#11016));
#11016 = SURFACE_STYLE_FILL_AREA(#11017);
#11017 = FILL_AREA_STYLE('',(#11018));
#11018 = FILL_AREA_STYLE_COLOUR('',#10332);
#11019 = STYLED_ITEM('color',(#11020),#4519);
#11020 = PRESENTATION_STYLE_ASSIGNMENT((#11021));
#11021 = SURFACE_STYLE_USAGE(.BOTH.,#11022);
#11022 = SURFACE_SIDE_STYLE('',(#11023));
#11023 = SURFACE_STYLE_FILL_AREA(#11024);
#11024 = FILL_AREA_STYLE('',(#11025));
#11025 = FILL_AREA_STYLE_COLOUR('',#10127);
#11026 = STYLED_ITEM('color',(#11027),#4543);
#11027 = PRESENTATION_STYLE_ASSIGNMENT((#11028));
#11028 = SURFACE_STYLE_USAGE(.BOTH.,#11029);
#11029 = SURFACE_SIDE_STYLE('',(#11030));
#11030 = SURFACE_STYLE_FILL_AREA(#11031);
#11031 = FILL_AREA_STYLE('',(#11032));
#11032 = FILL_AREA_STYLE_COLOUR('',#10084);
#11033 = STYLED_ITEM('color',(#11034),#4627);
#11034 = PRESENTATION_STYLE_ASSIGNMENT((#11035));
#11035 = SURFACE_STYLE_USAGE(.BOTH.,#11036);
#11036 = SURFACE_SIDE_STYLE('',(#11037));
#11037 = SURFACE_STYLE_FILL_AREA(#11038);
#11038 = FILL_AREA_STYLE('',(#11039));
#11039 = FILL_AREA_STYLE_COLOUR('',#10084);
#11040 = STYLED_ITEM('color',(#11041),#4644);
#11041 = PRESENTATION_STYLE_ASSIGNMENT((#11042));
#11042 = SURFACE_STYLE_USAGE(.BOTH.,#11043);
#11043 = SURFACE_SIDE_STYLE('',(#11044));
#11044 = SURFACE_STYLE_FILL_AREA(#11045);
#11045 = FILL_AREA_STYLE('',(#11046));
#11046 = FILL_AREA_STYLE_COLOUR('',#10084);
#11047 = STYLED_ITEM('color',(#11048),#4661);
#11048 = PRESENTATION_STYLE_ASSIGNMENT((#11049));
#11049 = SURFACE_STYLE_USAGE(.BOTH.,#11050);
#11050 = SURFACE_SIDE_STYLE('',(#11051));
#11051 = SURFACE_STYLE_FILL_AREA(#11052);
#11052 = FILL_AREA_STYLE('',(#11053));
#11053 = FILL_AREA_STYLE_COLOUR('',#10084);
#11054 = STYLED_ITEM('color',(#11055),#4678);
#11055 = PRESENTATION_STYLE_ASSIGNMENT((#11056));
#11056 = SURFACE_STYLE_USAGE(.BOTH.,#11057);
#11057 = SURFACE_SIDE_STYLE('',(#11058));
#11058 = SURFACE_STYLE_FILL_AREA(#11059);
#11059 = FILL_AREA_STYLE('',(#11060));
#11060 = FILL_AREA_STYLE_COLOUR('',#10084);
#11061 = STYLED_ITEM('color',(#11062),#4695);
#11062 = PRESENTATION_STYLE_ASSIGNMENT((#11063));
#11063 = SURFACE_STYLE_USAGE(.BOTH.,#11064);
#11064 = SURFACE_SIDE_STYLE('',(#11065));
#11065 = SURFACE_STYLE_FILL_AREA(#11066);
#11066 = FILL_AREA_STYLE('',(#11067));
#11067 = FILL_AREA_STYLE_COLOUR('',#10084);
#11068 = STYLED_ITEM('color',(#11069),#4712);
#11069 = PRESENTATION_STYLE_ASSIGNMENT((#11070));
#11070 = SURFACE_STYLE_USAGE(.BOTH.,#11071);
#11071 = SURFACE_SIDE_STYLE('',(#11072));
#11072 = SURFACE_STYLE_FILL_AREA(#11073);
#11073 = FILL_AREA_STYLE('',(#11074));
#11074 = FILL_AREA_STYLE_COLOUR('',#10127);
#11075 = STYLED_ITEM('color',(#11076),#4729);
#11076 = PRESENTATION_STYLE_ASSIGNMENT((#11077));
#11077 = SURFACE_STYLE_USAGE(.BOTH.,#11078);
#11078 = SURFACE_SIDE_STYLE('',(#11079));
#11079 = SURFACE_STYLE_FILL_AREA(#11080);
#11080 = FILL_AREA_STYLE('',(#11081));
#11081 = FILL_AREA_STYLE_COLOUR('',#10127);
#11082 = STYLED_ITEM('color',(#11083),#4746);
#11083 = PRESENTATION_STYLE_ASSIGNMENT((#11084));
#11084 = SURFACE_STYLE_USAGE(.BOTH.,#11085);
#11085 = SURFACE_SIDE_STYLE('',(#11086));
#11086 = SURFACE_STYLE_FILL_AREA(#11087);
#11087 = FILL_AREA_STYLE('',(#11088));
#11088 = FILL_AREA_STYLE_COLOUR('',#10127);
#11089 = STYLED_ITEM('color',(#11090),#4763);
#11090 = PRESENTATION_STYLE_ASSIGNMENT((#11091));
#11091 = SURFACE_STYLE_USAGE(.BOTH.,#11092);
#11092 = SURFACE_SIDE_STYLE('',(#11093));
#11093 = SURFACE_STYLE_FILL_AREA(#11094);
#11094 = FILL_AREA_STYLE('',(#11095));
#11095 = FILL_AREA_STYLE_COLOUR('',#10127);
#11096 = STYLED_ITEM('color',(#11097),#4777);
#11097 = PRESENTATION_STYLE_ASSIGNMENT((#11098));
#11098 = SURFACE_STYLE_USAGE(.BOTH.,#11099);
#11099 = SURFACE_SIDE_STYLE('',(#11100));
#11100 = SURFACE_STYLE_FILL_AREA(#11101);
#11101 = FILL_AREA_STYLE('',(#11102));
#11102 = FILL_AREA_STYLE_COLOUR('',#10084);
#11103 = STYLED_ITEM('color',(#11104),#4819);
#11104 = PRESENTATION_STYLE_ASSIGNMENT((#11105));
#11105 = SURFACE_STYLE_USAGE(.BOTH.,#11106);
#11106 = SURFACE_SIDE_STYLE('',(#11107));
#11107 = SURFACE_STYLE_FILL_AREA(#11108);
#11108 = FILL_AREA_STYLE('',(#11109));
#11109 = FILL_AREA_STYLE_COLOUR('',#10084);
#11110 = STYLED_ITEM('color',(#11111),#4850);
#11111 = PRESENTATION_STYLE_ASSIGNMENT((#11112));
#11112 = SURFACE_STYLE_USAGE(.BOTH.,#11113);
#11113 = SURFACE_SIDE_STYLE('',(#11114));
#11114 = SURFACE_STYLE_FILL_AREA(#11115);
#11115 = FILL_AREA_STYLE('',(#11116));
#11116 = FILL_AREA_STYLE_COLOUR('',#10332);
#11117 = STYLED_ITEM('color',(#11118),#4893);
#11118 = PRESENTATION_STYLE_ASSIGNMENT((#11119));
#11119 = SURFACE_STYLE_USAGE(.BOTH.,#11120);
#11120 = SURFACE_SIDE_STYLE('',(#11121));
#11121 = SURFACE_STYLE_FILL_AREA(#11122);
#11122 = FILL_AREA_STYLE('',(#11123));
#11123 = FILL_AREA_STYLE_COLOUR('',#10127);
#11124 = STYLED_ITEM('color',(#11125),#4918);
#11125 = PRESENTATION_STYLE_ASSIGNMENT((#11126));
#11126 = SURFACE_STYLE_USAGE(.BOTH.,#11127);
#11127 = SURFACE_SIDE_STYLE('',(#11128));
#11128 = SURFACE_STYLE_FILL_AREA(#11129);
#11129 = FILL_AREA_STYLE('',(#11130));
#11130 = FILL_AREA_STYLE_COLOUR('',#10084);
#11131 = STYLED_ITEM('color',(#11132),#4953);
#11132 = PRESENTATION_STYLE_ASSIGNMENT((#11133));
#11133 = SURFACE_STYLE_USAGE(.BOTH.,#11134);
#11134 = SURFACE_SIDE_STYLE('',(#11135));
#11135 = SURFACE_STYLE_FILL_AREA(#11136);
#11136 = FILL_AREA_STYLE('',(#11137));
#11137 = FILL_AREA_STYLE_COLOUR('',#10084);
#11138 = STYLED_ITEM('color',(#11139),#4970);
#11139 = PRESENTATION_STYLE_ASSIGNMENT((#11140));
#11140 = SURFACE_STYLE_USAGE(.BOTH.,#11141);
#11141 = SURFACE_SIDE_STYLE('',(#11142));
#11142 = SURFACE_STYLE_FILL_AREA(#11143);
#11143 = FILL_AREA_STYLE('',(#11144));
#11144 = FILL_AREA_STYLE_COLOUR('',#10127);
#11145 = STYLED_ITEM('color',(#11146),#4987);
#11146 = PRESENTATION_STYLE_ASSIGNMENT((#11147));
#11147 = SURFACE_STYLE_USAGE(.BOTH.,#11148);
#11148 = SURFACE_SIDE_STYLE('',(#11149));
#11149 = SURFACE_STYLE_FILL_AREA(#11150);
#11150 = FILL_AREA_STYLE('',(#11151));
#11151 = FILL_AREA_STYLE_COLOUR('',#10127);
#11152 = STYLED_ITEM('color',(#11153),#5001);
#11153 = PRESENTATION_STYLE_ASSIGNMENT((#11154));
#11154 = SURFACE_STYLE_USAGE(.BOTH.,#11155);
#11155 = SURFACE_SIDE_STYLE('',(#11156));
#11156 = SURFACE_STYLE_FILL_AREA(#11157);
#11157 = FILL_AREA_STYLE('',(#11158));
#11158 = FILL_AREA_STYLE_COLOUR('',#10084);
#11159 = STYLED_ITEM('color',(#11160),#5043);
#11160 = PRESENTATION_STYLE_ASSIGNMENT((#11161));
#11161 = SURFACE_STYLE_USAGE(.BOTH.,#11162);
#11162 = SURFACE_SIDE_STYLE('',(#11163));
#11163 = SURFACE_STYLE_FILL_AREA(#11164);
#11164 = FILL_AREA_STYLE('',(#11165));
#11165 = FILL_AREA_STYLE_COLOUR('',#10127);
#11166 = STYLED_ITEM('color',(#11167),#5076);
#11167 = PRESENTATION_STYLE_ASSIGNMENT((#11168));
#11168 = SURFACE_STYLE_USAGE(.BOTH.,#11169);
#11169 = SURFACE_SIDE_STYLE('',(#11170));
#11170 = SURFACE_STYLE_FILL_AREA(#11171);
#11171 = FILL_AREA_STYLE('',(#11172));
#11172 = FILL_AREA_STYLE_COLOUR('',#10332);
#11173 = STYLED_ITEM('color',(#11174),#5102);
#11174 = PRESENTATION_STYLE_ASSIGNMENT((#11175));
#11175 = SURFACE_STYLE_USAGE(.BOTH.,#11176);
#11176 = SURFACE_SIDE_STYLE('',(#11177));
#11177 = SURFACE_STYLE_FILL_AREA(#11178);
#11178 = FILL_AREA_STYLE('',(#11179));
#11179 = FILL_AREA_STYLE_COLOUR('',#10084);
#11180 = STYLED_ITEM('color',(#11181),#5127);
#11181 = PRESENTATION_STYLE_ASSIGNMENT((#11182));
#11182 = SURFACE_STYLE_USAGE(.BOTH.,#11183);
#11183 = SURFACE_SIDE_STYLE('',(#11184));
#11184 = SURFACE_STYLE_FILL_AREA(#11185);
#11185 = FILL_AREA_STYLE('',(#11186));
#11186 = FILL_AREA_STYLE_COLOUR('',#10084);
#11187 = STYLED_ITEM('color',(#11188),#5145);
#11188 = PRESENTATION_STYLE_ASSIGNMENT((#11189));
#11189 = SURFACE_STYLE_USAGE(.BOTH.,#11190);
#11190 = SURFACE_SIDE_STYLE('',(#11191));
#11191 = SURFACE_STYLE_FILL_AREA(#11192);
#11192 = FILL_AREA_STYLE('',(#11193));
#11193 = FILL_AREA_STYLE_COLOUR('',#10127);
#11194 = STYLED_ITEM('color',(#11195),#5159);
#11195 = PRESENTATION_STYLE_ASSIGNMENT((#11196));
#11196 = SURFACE_STYLE_USAGE(.BOTH.,#11197);
#11197 = SURFACE_SIDE_STYLE('',(#11198));
#11198 = SURFACE_STYLE_FILL_AREA(#11199);
#11199 = FILL_AREA_STYLE('',(#11200));
#11200 = FILL_AREA_STYLE_COLOUR('',#10084);
#11201 = STYLED_ITEM('color',(#11202),#5201);
#11202 = PRESENTATION_STYLE_ASSIGNMENT((#11203));
#11203 = SURFACE_STYLE_USAGE(.BOTH.,#11204);
#11204 = SURFACE_SIDE_STYLE('',(#11205));
#11205 = SURFACE_STYLE_FILL_AREA(#11206);
#11206 = FILL_AREA_STYLE('',(#11207));
#11207 = FILL_AREA_STYLE_COLOUR('',#10084);
#11208 = STYLED_ITEM('color',(#11209),#5328);
#11209 = PRESENTATION_STYLE_ASSIGNMENT((#11210));
#11210 = SURFACE_STYLE_USAGE(.BOTH.,#11211);
#11211 = SURFACE_SIDE_STYLE('',(#11212));
#11212 = SURFACE_STYLE_FILL_AREA(#11213);
#11213 = FILL_AREA_STYLE('',(#11214));
#11214 = FILL_AREA_STYLE_COLOUR('',#10084);
#11215 = STYLED_ITEM('color',(#11216),#5352);
#11216 = PRESENTATION_STYLE_ASSIGNMENT((#11217));
#11217 = SURFACE_STYLE_USAGE(.BOTH.,#11218);
#11218 = SURFACE_SIDE_STYLE('',(#11219));
#11219 = SURFACE_STYLE_FILL_AREA(#11220);
#11220 = FILL_AREA_STYLE('',(#11221));
#11221 = FILL_AREA_STYLE_COLOUR('',#10332);
#11222 = STYLED_ITEM('color',(#11223),#5472);
#11223 = PRESENTATION_STYLE_ASSIGNMENT((#11224));
#11224 = SURFACE_STYLE_USAGE(.BOTH.,#11225);
#11225 = SURFACE_SIDE_STYLE('',(#11226));
#11226 = SURFACE_STYLE_FILL_AREA(#11227);
#11227 = FILL_AREA_STYLE('',(#11228));
#11228 = FILL_AREA_STYLE_COLOUR('',#10127);
#11229 = STYLED_ITEM('color',(#11230),#5489);
#11230 = PRESENTATION_STYLE_ASSIGNMENT((#11231));
#11231 = SURFACE_STYLE_USAGE(.BOTH.,#11232);
#11232 = SURFACE_SIDE_STYLE('',(#11233));
#11233 = SURFACE_STYLE_FILL_AREA(#11234);
#11234 = FILL_AREA_STYLE('',(#11235));
#11235 = FILL_AREA_STYLE_COLOUR('',#10084);
#11236 = STYLED_ITEM('color',(#11237),#5511);
#11237 = PRESENTATION_STYLE_ASSIGNMENT((#11238));
#11238 = SURFACE_STYLE_USAGE(.BOTH.,#11239);
#11239 = SURFACE_SIDE_STYLE('',(#11240));
#11240 = SURFACE_STYLE_FILL_AREA(#11241);
#11241 = FILL_AREA_STYLE('',(#11242));
#11242 = FILL_AREA_STYLE_COLOUR('',#10084);
#11243 = STYLED_ITEM('color',(#11244),#5528);
#11244 = PRESENTATION_STYLE_ASSIGNMENT((#11245));
#11245 = SURFACE_STYLE_USAGE(.BOTH.,#11246);
#11246 = SURFACE_SIDE_STYLE('',(#11247));
#11247 = SURFACE_STYLE_FILL_AREA(#11248);
#11248 = FILL_AREA_STYLE('',(#11249));
#11249 = FILL_AREA_STYLE_COLOUR('',#10084);
#11250 = STYLED_ITEM('color',(#11251),#5545);
#11251 = PRESENTATION_STYLE_ASSIGNMENT((#11252));
#11252 = SURFACE_STYLE_USAGE(.BOTH.,#11253);
#11253 = SURFACE_SIDE_STYLE('',(#11254));
#11254 = SURFACE_STYLE_FILL_AREA(#11255);
#11255 = FILL_AREA_STYLE('',(#11256));
#11256 = FILL_AREA_STYLE_COLOUR('',#10127);
#11257 = STYLED_ITEM('color',(#11258),#5562);
#11258 = PRESENTATION_STYLE_ASSIGNMENT((#11259));
#11259 = SURFACE_STYLE_USAGE(.BOTH.,#11260);
#11260 = SURFACE_SIDE_STYLE('',(#11261));
#11261 = SURFACE_STYLE_FILL_AREA(#11262);
#11262 = FILL_AREA_STYLE('',(#11263));
#11263 = FILL_AREA_STYLE_COLOUR('',#10127);
#11264 = STYLED_ITEM('color',(#11265),#5579);
#11265 = PRESENTATION_STYLE_ASSIGNMENT((#11266));
#11266 = SURFACE_STYLE_USAGE(.BOTH.,#11267);
#11267 = SURFACE_SIDE_STYLE('',(#11268));
#11268 = SURFACE_STYLE_FILL_AREA(#11269);
#11269 = FILL_AREA_STYLE('',(#11270));
#11270 = FILL_AREA_STYLE_COLOUR('',#10127);
#11271 = STYLED_ITEM('color',(#11272),#5596);
#11272 = PRESENTATION_STYLE_ASSIGNMENT((#11273));
#11273 = SURFACE_STYLE_USAGE(.BOTH.,#11274);
#11274 = SURFACE_SIDE_STYLE('',(#11275));
#11275 = SURFACE_STYLE_FILL_AREA(#11276);
#11276 = FILL_AREA_STYLE('',(#11277));
#11277 = FILL_AREA_STYLE_COLOUR('',#10127);
#11278 = STYLED_ITEM('color',(#11279),#5613);
#11279 = PRESENTATION_STYLE_ASSIGNMENT((#11280));
#11280 = SURFACE_STYLE_USAGE(.BOTH.,#11281);
#11281 = SURFACE_SIDE_STYLE('',(#11282));
#11282 = SURFACE_STYLE_FILL_AREA(#11283);
#11283 = FILL_AREA_STYLE('',(#11284));
#11284 = FILL_AREA_STYLE_COLOUR('',#10127);
#11285 = STYLED_ITEM('color',(#11286),#5630);
#11286 = PRESENTATION_STYLE_ASSIGNMENT((#11287));
#11287 = SURFACE_STYLE_USAGE(.BOTH.,#11288);
#11288 = SURFACE_SIDE_STYLE('',(#11289));
#11289 = SURFACE_STYLE_FILL_AREA(#11290);
#11290 = FILL_AREA_STYLE('',(#11291));
#11291 = FILL_AREA_STYLE_COLOUR('',#10127);
#11292 = STYLED_ITEM('color',(#11293),#5647);
#11293 = PRESENTATION_STYLE_ASSIGNMENT((#11294));
#11294 = SURFACE_STYLE_USAGE(.BOTH.,#11295);
#11295 = SURFACE_SIDE_STYLE('',(#11296));
#11296 = SURFACE_STYLE_FILL_AREA(#11297);
#11297 = FILL_AREA_STYLE('',(#11298));
#11298 = FILL_AREA_STYLE_COLOUR('',#10127);
#11299 = STYLED_ITEM('color',(#11300),#5659);
#11300 = PRESENTATION_STYLE_ASSIGNMENT((#11301));
#11301 = SURFACE_STYLE_USAGE(.BOTH.,#11302);
#11302 = SURFACE_SIDE_STYLE('',(#11303));
#11303 = SURFACE_STYLE_FILL_AREA(#11304);
#11304 = FILL_AREA_STYLE('',(#11305));
#11305 = FILL_AREA_STYLE_COLOUR('',#10084);
#11306 = STYLED_ITEM('color',(#11307),#5676);
#11307 = PRESENTATION_STYLE_ASSIGNMENT((#11308));
#11308 = SURFACE_STYLE_USAGE(.BOTH.,#11309);
#11309 = SURFACE_SIDE_STYLE('',(#11310));
#11310 = SURFACE_STYLE_FILL_AREA(#11311);
#11311 = FILL_AREA_STYLE('',(#11312));
#11312 = FILL_AREA_STYLE_COLOUR('',#10084);
#11313 = STYLED_ITEM('color',(#11314),#5690);
#11314 = PRESENTATION_STYLE_ASSIGNMENT((#11315));
#11315 = SURFACE_STYLE_USAGE(.BOTH.,#11316);
#11316 = SURFACE_SIDE_STYLE('',(#11317));
#11317 = SURFACE_STYLE_FILL_AREA(#11318);
#11318 = FILL_AREA_STYLE('',(#11319));
#11319 = FILL_AREA_STYLE_COLOUR('',#10084);
#11320 = STYLED_ITEM('color',(#11321),#5732);
#11321 = PRESENTATION_STYLE_ASSIGNMENT((#11322));
#11322 = SURFACE_STYLE_USAGE(.BOTH.,#11323);
#11323 = SURFACE_SIDE_STYLE('',(#11324));
#11324 = SURFACE_STYLE_FILL_AREA(#11325);
#11325 = FILL_AREA_STYLE('',(#11326));
#11326 = FILL_AREA_STYLE_COLOUR('',#10127);
#11327 = STYLED_ITEM('color',(#11328),#5765);
#11328 = PRESENTATION_STYLE_ASSIGNMENT((#11329));
#11329 = SURFACE_STYLE_USAGE(.BOTH.,#11330);
#11330 = SURFACE_SIDE_STYLE('',(#11331));
#11331 = SURFACE_STYLE_FILL_AREA(#11332);
#11332 = FILL_AREA_STYLE('',(#11333));
#11333 = FILL_AREA_STYLE_COLOUR('',#10332);
#11334 = STYLED_ITEM('color',(#11335),#5807);
#11335 = PRESENTATION_STYLE_ASSIGNMENT((#11336));
#11336 = SURFACE_STYLE_USAGE(.BOTH.,#11337);
#11337 = SURFACE_SIDE_STYLE('',(#11338));
#11338 = SURFACE_STYLE_FILL_AREA(#11339);
#11339 = FILL_AREA_STYLE('',(#11340));
#11340 = FILL_AREA_STYLE_COLOUR('',#10084);
#11341 = STYLED_ITEM('color',(#11342),#5831);
#11342 = PRESENTATION_STYLE_ASSIGNMENT((#11343));
#11343 = SURFACE_STYLE_USAGE(.BOTH.,#11344);
#11344 = SURFACE_SIDE_STYLE('',(#11345));
#11345 = SURFACE_STYLE_FILL_AREA(#11346);
#11346 = FILL_AREA_STYLE('',(#11347));
#11347 = FILL_AREA_STYLE_COLOUR('',#10084);
#11348 = STYLED_ITEM('color',(#11349),#5866);
#11349 = PRESENTATION_STYLE_ASSIGNMENT((#11350));
#11350 = SURFACE_STYLE_USAGE(.BOTH.,#11351);
#11351 = SURFACE_SIDE_STYLE('',(#11352));
#11352 = SURFACE_STYLE_FILL_AREA(#11353);
#11353 = FILL_AREA_STYLE('',(#11354));
#11354 = FILL_AREA_STYLE_COLOUR('',#10127);
#11355 = STYLED_ITEM('color',(#11356),#5883);
#11356 = PRESENTATION_STYLE_ASSIGNMENT((#11357));
#11357 = SURFACE_STYLE_USAGE(.BOTH.,#11358);
#11358 = SURFACE_SIDE_STYLE('',(#11359));
#11359 = SURFACE_STYLE_FILL_AREA(#11360);
#11360 = FILL_AREA_STYLE('',(#11361));
#11361 = FILL_AREA_STYLE_COLOUR('',#10127);
#11362 = STYLED_ITEM('color',(#11363),#5900);
#11363 = PRESENTATION_STYLE_ASSIGNMENT((#11364));
#11364 = SURFACE_STYLE_USAGE(.BOTH.,#11365);
#11365 = SURFACE_SIDE_STYLE('',(#11366));
#11366 = SURFACE_STYLE_FILL_AREA(#11367);
#11367 = FILL_AREA_STYLE('',(#11368));
#11368 = FILL_AREA_STYLE_COLOUR('',#10084);
#11369 = STYLED_ITEM('color',(#11370),#5914);
#11370 = PRESENTATION_STYLE_ASSIGNMENT((#11371));
#11371 = SURFACE_STYLE_USAGE(.BOTH.,#11372);
#11372 = SURFACE_SIDE_STYLE('',(#11373));
#11373 = SURFACE_STYLE_FILL_AREA(#11374);
#11374 = FILL_AREA_STYLE('',(#11375));
#11375 = FILL_AREA_STYLE_COLOUR('',#10084);
#11376 = STYLED_ITEM('color',(#11377),#5956);
#11377 = PRESENTATION_STYLE_ASSIGNMENT((#11378));
#11378 = SURFACE_STYLE_USAGE(.BOTH.,#11379);
#11379 = SURFACE_SIDE_STYLE('',(#11380));
#11380 = SURFACE_STYLE_FILL_AREA(#11381);
#11381 = FILL_AREA_STYLE('',(#11382));
#11382 = FILL_AREA_STYLE_COLOUR('',#10084);
#11383 = STYLED_ITEM('color',(#11384),#5987);
#11384 = PRESENTATION_STYLE_ASSIGNMENT((#11385));
#11385 = SURFACE_STYLE_USAGE(.BOTH.,#11386);
#11386 = SURFACE_SIDE_STYLE('',(#11387));
#11387 = SURFACE_STYLE_FILL_AREA(#11388);
#11388 = FILL_AREA_STYLE('',(#11389));
#11389 = FILL_AREA_STYLE_COLOUR('',#10332);
#11390 = STYLED_ITEM('color',(#11391),#6070);
#11391 = PRESENTATION_STYLE_ASSIGNMENT((#11392));
#11392 = SURFACE_STYLE_USAGE(.BOTH.,#11393);
#11393 = SURFACE_SIDE_STYLE('',(#11394));
#11394 = SURFACE_STYLE_FILL_AREA(#11395);
#11395 = FILL_AREA_STYLE('',(#11396));
#11396 = FILL_AREA_STYLE_COLOUR('',#10127);
#11397 = STYLED_ITEM('color',(#11398),#6095);
#11398 = PRESENTATION_STYLE_ASSIGNMENT((#11399));
#11399 = SURFACE_STYLE_USAGE(.BOTH.,#11400);
#11400 = SURFACE_SIDE_STYLE('',(#11401));
#11401 = SURFACE_STYLE_FILL_AREA(#11402);
#11402 = FILL_AREA_STYLE('',(#11403));
#11403 = FILL_AREA_STYLE_COLOUR('',#10084);
#11404 = STYLED_ITEM('color',(#11405),#6170);
#11405 = PRESENTATION_STYLE_ASSIGNMENT((#11406));
#11406 = SURFACE_STYLE_USAGE(.BOTH.,#11407);
#11407 = SURFACE_SIDE_STYLE('',(#11408));
#11408 = SURFACE_STYLE_FILL_AREA(#11409);
#11409 = FILL_AREA_STYLE('',(#11410));
#11410 = FILL_AREA_STYLE_COLOUR('',#10084);
#11411 = STYLED_ITEM('color',(#11412),#6187);
#11412 = PRESENTATION_STYLE_ASSIGNMENT((#11413));
#11413 = SURFACE_STYLE_USAGE(.BOTH.,#11414);
#11414 = SURFACE_SIDE_STYLE('',(#11415));
#11415 = SURFACE_STYLE_FILL_AREA(#11416);
#11416 = FILL_AREA_STYLE('',(#11417));
#11417 = FILL_AREA_STYLE_COLOUR('',#10127);
#11418 = STYLED_ITEM('color',(#11419),#6209);
#11419 = PRESENTATION_STYLE_ASSIGNMENT((#11420));
#11420 = SURFACE_STYLE_USAGE(.BOTH.,#11421);
#11421 = SURFACE_SIDE_STYLE('',(#11422));
#11422 = SURFACE_STYLE_FILL_AREA(#11423);
#11423 = FILL_AREA_STYLE('',(#11424));
#11424 = FILL_AREA_STYLE_COLOUR('',#10127);
#11425 = STYLED_ITEM('color',(#11426),#6226);
#11426 = PRESENTATION_STYLE_ASSIGNMENT((#11427));
#11427 = SURFACE_STYLE_USAGE(.BOTH.,#11428);
#11428 = SURFACE_SIDE_STYLE('',(#11429));
#11429 = SURFACE_STYLE_FILL_AREA(#11430);
#11430 = FILL_AREA_STYLE('',(#11431));
#11431 = FILL_AREA_STYLE_COLOUR('',#10127);
#11432 = STYLED_ITEM('color',(#11433),#6243);
#11433 = PRESENTATION_STYLE_ASSIGNMENT((#11434));
#11434 = SURFACE_STYLE_USAGE(.BOTH.,#11435);
#11435 = SURFACE_SIDE_STYLE('',(#11436));
#11436 = SURFACE_STYLE_FILL_AREA(#11437);
#11437 = FILL_AREA_STYLE('',(#11438));
#11438 = FILL_AREA_STYLE_COLOUR('',#10127);
#11439 = STYLED_ITEM('color',(#11440),#6255);
#11440 = PRESENTATION_STYLE_ASSIGNMENT((#11441));
#11441 = SURFACE_STYLE_USAGE(.BOTH.,#11442);
#11442 = SURFACE_SIDE_STYLE('',(#11443));
#11443 = SURFACE_STYLE_FILL_AREA(#11444);
#11444 = FILL_AREA_STYLE('',(#11445));
#11445 = FILL_AREA_STYLE_COLOUR('',#10084);
#11446 = STYLED_ITEM('color',(#11447),#6272);
#11447 = PRESENTATION_STYLE_ASSIGNMENT((#11448));
#11448 = SURFACE_STYLE_USAGE(.BOTH.,#11449);
#11449 = SURFACE_SIDE_STYLE('',(#11450));
#11450 = SURFACE_STYLE_FILL_AREA(#11451);
#11451 = FILL_AREA_STYLE('',(#11452));
#11452 = FILL_AREA_STYLE_COLOUR('',#10084);
#11453 = STYLED_ITEM('color',(#11454),#6289);
#11454 = PRESENTATION_STYLE_ASSIGNMENT((#11455));
#11455 = SURFACE_STYLE_USAGE(.BOTH.,#11456);
#11456 = SURFACE_SIDE_STYLE('',(#11457));
#11457 = SURFACE_STYLE_FILL_AREA(#11458);
#11458 = FILL_AREA_STYLE('',(#11459));
#11459 = FILL_AREA_STYLE_COLOUR('',#10084);
#11460 = STYLED_ITEM('color',(#11461),#6303);
#11461 = PRESENTATION_STYLE_ASSIGNMENT((#11462));
#11462 = SURFACE_STYLE_USAGE(.BOTH.,#11463);
#11463 = SURFACE_SIDE_STYLE('',(#11464));
#11464 = SURFACE_STYLE_FILL_AREA(#11465);
#11465 = FILL_AREA_STYLE('',(#11466));
#11466 = FILL_AREA_STYLE_COLOUR('',#10084);
#11467 = STYLED_ITEM('color',(#11468),#6345);
#11468 = PRESENTATION_STYLE_ASSIGNMENT((#11469));
#11469 = SURFACE_STYLE_USAGE(.BOTH.,#11470);
#11470 = SURFACE_SIDE_STYLE('',(#11471));
#11471 = SURFACE_STYLE_FILL_AREA(#11472);
#11472 = FILL_AREA_STYLE('',(#11473));
#11473 = FILL_AREA_STYLE_COLOUR('',#10127);
#11474 = STYLED_ITEM('color',(#11475),#6378);
#11475 = PRESENTATION_STYLE_ASSIGNMENT((#11476));
#11476 = SURFACE_STYLE_USAGE(.BOTH.,#11477);
#11477 = SURFACE_SIDE_STYLE('',(#11478));
#11478 = SURFACE_STYLE_FILL_AREA(#11479);
#11479 = FILL_AREA_STYLE('',(#11480));
#11480 = FILL_AREA_STYLE_COLOUR('',#10332);
#11481 = STYLED_ITEM('color',(#11482),#6488);
#11482 = PRESENTATION_STYLE_ASSIGNMENT((#11483));
#11483 = SURFACE_STYLE_USAGE(.BOTH.,#11484);
#11484 = SURFACE_SIDE_STYLE('',(#11485));
#11485 = SURFACE_STYLE_FILL_AREA(#11486);
#11486 = FILL_AREA_STYLE('',(#11487));
#11487 = FILL_AREA_STYLE_COLOUR('',#10084);
#11488 = STYLED_ITEM('color',(#11489),#6512);
#11489 = PRESENTATION_STYLE_ASSIGNMENT((#11490));
#11490 = SURFACE_STYLE_USAGE(.BOTH.,#11491);
#11491 = SURFACE_SIDE_STYLE('',(#11492));
#11492 = SURFACE_STYLE_FILL_AREA(#11493);
#11493 = FILL_AREA_STYLE('',(#11494));
#11494 = FILL_AREA_STYLE_COLOUR('',#10084);
#11495 = STYLED_ITEM('color',(#11496),#6615);
#11496 = PRESENTATION_STYLE_ASSIGNMENT((#11497));
#11497 = SURFACE_STYLE_USAGE(.BOTH.,#11498);
#11498 = SURFACE_SIDE_STYLE('',(#11499));
#11499 = SURFACE_STYLE_FILL_AREA(#11500);
#11500 = FILL_AREA_STYLE('',(#11501));
#11501 = FILL_AREA_STYLE_COLOUR('',#10127);
#11502 = STYLED_ITEM('color',(#11503),#6632);
#11503 = PRESENTATION_STYLE_ASSIGNMENT((#11504));
#11504 = SURFACE_STYLE_USAGE(.BOTH.,#11505);
#11505 = SURFACE_SIDE_STYLE('',(#11506));
#11506 = SURFACE_STYLE_FILL_AREA(#11507);
#11507 = FILL_AREA_STYLE('',(#11508));
#11508 = FILL_AREA_STYLE_COLOUR('',#10084);
#11509 = STYLED_ITEM('color',(#11510),#6649);
#11510 = PRESENTATION_STYLE_ASSIGNMENT((#11511));
#11511 = SURFACE_STYLE_USAGE(.BOTH.,#11512);
#11512 = SURFACE_SIDE_STYLE('',(#11513));
#11513 = SURFACE_STYLE_FILL_AREA(#11514);
#11514 = FILL_AREA_STYLE('',(#11515));
#11515 = FILL_AREA_STYLE_COLOUR('',#10084);
#11516 = STYLED_ITEM('color',(#11517),#6666);
#11517 = PRESENTATION_STYLE_ASSIGNMENT((#11518));
#11518 = SURFACE_STYLE_USAGE(.BOTH.,#11519);
#11519 = SURFACE_SIDE_STYLE('',(#11520));
#11520 = SURFACE_STYLE_FILL_AREA(#11521);
#11521 = FILL_AREA_STYLE('',(#11522));
#11522 = FILL_AREA_STYLE_COLOUR('',#10084);
#11523 = STYLED_ITEM('color',(#11524),#6683);
#11524 = PRESENTATION_STYLE_ASSIGNMENT((#11525));
#11525 = SURFACE_STYLE_USAGE(.BOTH.,#11526);
#11526 = SURFACE_SIDE_STYLE('',(#11527));
#11527 = SURFACE_STYLE_FILL_AREA(#11528);
#11528 = FILL_AREA_STYLE('',(#11529));
#11529 = FILL_AREA_STYLE_COLOUR('',#10084);
#11530 = STYLED_ITEM('color',(#11531),#6700);
#11531 = PRESENTATION_STYLE_ASSIGNMENT((#11532));
#11532 = SURFACE_STYLE_USAGE(.BOTH.,#11533);
#11533 = SURFACE_SIDE_STYLE('',(#11534));
#11534 = SURFACE_STYLE_FILL_AREA(#11535);
#11535 = FILL_AREA_STYLE('',(#11536));
#11536 = FILL_AREA_STYLE_COLOUR('',#10084);
#11537 = STYLED_ITEM('color',(#11538),#6717);
#11538 = PRESENTATION_STYLE_ASSIGNMENT((#11539));
#11539 = SURFACE_STYLE_USAGE(.BOTH.,#11540);
#11540 = SURFACE_SIDE_STYLE('',(#11541));
#11541 = SURFACE_STYLE_FILL_AREA(#11542);
#11542 = FILL_AREA_STYLE('',(#11543));
#11543 = FILL_AREA_STYLE_COLOUR('',#10127);
#11544 = STYLED_ITEM('color',(#11545),#6734);
#11545 = PRESENTATION_STYLE_ASSIGNMENT((#11546));
#11546 = SURFACE_STYLE_USAGE(.BOTH.,#11547);
#11547 = SURFACE_SIDE_STYLE('',(#11548));
#11548 = SURFACE_STYLE_FILL_AREA(#11549);
#11549 = FILL_AREA_STYLE('',(#11550));
#11550 = FILL_AREA_STYLE_COLOUR('',#10127);
#11551 = STYLED_ITEM('color',(#11552),#6751);
#11552 = PRESENTATION_STYLE_ASSIGNMENT((#11553));
#11553 = SURFACE_STYLE_USAGE(.BOTH.,#11554);
#11554 = SURFACE_SIDE_STYLE('',(#11555));
#11555 = SURFACE_STYLE_FILL_AREA(#11556);
#11556 = FILL_AREA_STYLE('',(#11557));
#11557 = FILL_AREA_STYLE_COLOUR('',#10127);
#11558 = STYLED_ITEM('color',(#11559),#6768);
#11559 = PRESENTATION_STYLE_ASSIGNMENT((#11560));
#11560 = SURFACE_STYLE_USAGE(.BOTH.,#11561);
#11561 = SURFACE_SIDE_STYLE('',(#11562));
#11562 = SURFACE_STYLE_FILL_AREA(#11563);
#11563 = FILL_AREA_STYLE('',(#11564));
#11564 = FILL_AREA_STYLE_COLOUR('',#10127);
#11565 = STYLED_ITEM('color',(#11566),#6785);
#11566 = PRESENTATION_STYLE_ASSIGNMENT((#11567));
#11567 = SURFACE_STYLE_USAGE(.BOTH.,#11568);
#11568 = SURFACE_SIDE_STYLE('',(#11569));
#11569 = SURFACE_STYLE_FILL_AREA(#11570);
#11570 = FILL_AREA_STYLE('',(#11571));
#11571 = FILL_AREA_STYLE_COLOUR('',#10127);
#11572 = STYLED_ITEM('color',(#11573),#6799);
#11573 = PRESENTATION_STYLE_ASSIGNMENT((#11574));
#11574 = SURFACE_STYLE_USAGE(.BOTH.,#11575);
#11575 = SURFACE_SIDE_STYLE('',(#11576));
#11576 = SURFACE_STYLE_FILL_AREA(#11577);
#11577 = FILL_AREA_STYLE('',(#11578));
#11578 = FILL_AREA_STYLE_COLOUR('',#10084);
#11579 = STYLED_ITEM('color',(#11580),#6841);
#11580 = PRESENTATION_STYLE_ASSIGNMENT((#11581));
#11581 = SURFACE_STYLE_USAGE(.BOTH.,#11582);
#11582 = SURFACE_SIDE_STYLE('',(#11583));
#11583 = SURFACE_STYLE_FILL_AREA(#11584);
#11584 = FILL_AREA_STYLE('',(#11585));
#11585 = FILL_AREA_STYLE_COLOUR('',#10084);
#11586 = STYLED_ITEM('color',(#11587),#6875);
#11587 = PRESENTATION_STYLE_ASSIGNMENT((#11588));
#11588 = SURFACE_STYLE_USAGE(.BOTH.,#11589);
#11589 = SURFACE_SIDE_STYLE('',(#11590));
#11590 = SURFACE_STYLE_FILL_AREA(#11591);
#11591 = FILL_AREA_STYLE('',(#11592));
#11592 = FILL_AREA_STYLE_COLOUR('',#10084);
#11593 = STYLED_ITEM('color',(#11594),#6900);
#11594 = PRESENTATION_STYLE_ASSIGNMENT((#11595));
#11595 = SURFACE_STYLE_USAGE(.BOTH.,#11596);
#11596 = SURFACE_SIDE_STYLE('',(#11597));
#11597 = SURFACE_STYLE_FILL_AREA(#11598);
#11598 = FILL_AREA_STYLE('',(#11599));
#11599 = FILL_AREA_STYLE_COLOUR('',#10332);
#11600 = STYLED_ITEM('color',(#11601),#6926);
#11601 = PRESENTATION_STYLE_ASSIGNMENT((#11602));
#11602 = SURFACE_STYLE_USAGE(.BOTH.,#11603);
#11603 = SURFACE_SIDE_STYLE('',(#11604));
#11604 = SURFACE_STYLE_FILL_AREA(#11605);
#11605 = FILL_AREA_STYLE('',(#11606));
#11606 = FILL_AREA_STYLE_COLOUR('',#10127);
#11607 = STYLED_ITEM('color',(#11608),#6943);
#11608 = PRESENTATION_STYLE_ASSIGNMENT((#11609));
#11609 = SURFACE_STYLE_USAGE(.BOTH.,#11610);
#11610 = SURFACE_SIDE_STYLE('',(#11611));
#11611 = SURFACE_STYLE_FILL_AREA(#11612);
#11612 = FILL_AREA_STYLE('',(#11613));
#11613 = FILL_AREA_STYLE_COLOUR('',#10127);
#11614 = STYLED_ITEM('color',(#11615),#6957);
#11615 = PRESENTATION_STYLE_ASSIGNMENT((#11616));
#11616 = SURFACE_STYLE_USAGE(.BOTH.,#11617);
#11617 = SURFACE_SIDE_STYLE('',(#11618));
#11618 = SURFACE_STYLE_FILL_AREA(#11619);
#11619 = FILL_AREA_STYLE('',(#11620));
#11620 = FILL_AREA_STYLE_COLOUR('',#10084);
#11621 = STYLED_ITEM('color',(#11622),#6999);
#11622 = PRESENTATION_STYLE_ASSIGNMENT((#11623));
#11623 = SURFACE_STYLE_USAGE(.BOTH.,#11624);
#11624 = SURFACE_SIDE_STYLE('',(#11625));
#11625 = SURFACE_STYLE_FILL_AREA(#11626);
#11626 = FILL_AREA_STYLE('',(#11627));
#11627 = FILL_AREA_STYLE_COLOUR('',#10127);
#11628 = STYLED_ITEM('color',(#11629),#7032);
#11629 = PRESENTATION_STYLE_ASSIGNMENT((#11630));
#11630 = SURFACE_STYLE_USAGE(.BOTH.,#11631);
#11631 = SURFACE_SIDE_STYLE('',(#11632));
#11632 = SURFACE_STYLE_FILL_AREA(#11633);
#11633 = FILL_AREA_STYLE('',(#11634));
#11634 = FILL_AREA_STYLE_COLOUR('',#10332);
#11635 = STYLED_ITEM('color',(#11636),#7074);
#11636 = PRESENTATION_STYLE_ASSIGNMENT((#11637));
#11637 = SURFACE_STYLE_USAGE(.BOTH.,#11638);
#11638 = SURFACE_SIDE_STYLE('',(#11639));
#11639 = SURFACE_STYLE_FILL_AREA(#11640);
#11640 = FILL_AREA_STYLE('',(#11641));
#11641 = FILL_AREA_STYLE_COLOUR('',#10084);
#11642 = STYLED_ITEM('color',(#11643),#7098);
#11643 = PRESENTATION_STYLE_ASSIGNMENT((#11644));
#11644 = SURFACE_STYLE_USAGE(.BOTH.,#11645);
#11645 = SURFACE_SIDE_STYLE('',(#11646));
#11646 = SURFACE_STYLE_FILL_AREA(#11647);
#11647 = FILL_AREA_STYLE('',(#11648));
#11648 = FILL_AREA_STYLE_COLOUR('',#10084);
#11649 = STYLED_ITEM('color',(#11650),#7133);
#11650 = PRESENTATION_STYLE_ASSIGNMENT((#11651));
#11651 = SURFACE_STYLE_USAGE(.BOTH.,#11652);
#11652 = SURFACE_SIDE_STYLE('',(#11653));
#11653 = SURFACE_STYLE_FILL_AREA(#11654);
#11654 = FILL_AREA_STYLE('',(#11655));
#11655 = FILL_AREA_STYLE_COLOUR('',#10127);
#11656 = STYLED_ITEM('color',(#11657),#7150);
#11657 = PRESENTATION_STYLE_ASSIGNMENT((#11658));
#11658 = SURFACE_STYLE_USAGE(.BOTH.,#11659);
#11659 = SURFACE_SIDE_STYLE('',(#11660));
#11660 = SURFACE_STYLE_FILL_AREA(#11661);
#11661 = FILL_AREA_STYLE('',(#11662));
#11662 = FILL_AREA_STYLE_COLOUR('',#10127);
#11663 = STYLED_ITEM('color',(#11664),#7167);
#11664 = PRESENTATION_STYLE_ASSIGNMENT((#11665));
#11665 = SURFACE_STYLE_USAGE(.BOTH.,#11666);
#11666 = SURFACE_SIDE_STYLE('',(#11667));
#11667 = SURFACE_STYLE_FILL_AREA(#11668);
#11668 = FILL_AREA_STYLE('',(#11669));
#11669 = FILL_AREA_STYLE_COLOUR('',#10084);
#11670 = STYLED_ITEM('color',(#11671),#7181);
#11671 = PRESENTATION_STYLE_ASSIGNMENT((#11672));
#11672 = SURFACE_STYLE_USAGE(.BOTH.,#11673);
#11673 = SURFACE_SIDE_STYLE('',(#11674));
#11674 = SURFACE_STYLE_FILL_AREA(#11675);
#11675 = FILL_AREA_STYLE('',(#11676));
#11676 = FILL_AREA_STYLE_COLOUR('',#10084);
#11677 = STYLED_ITEM('color',(#11678),#7223);
#11678 = PRESENTATION_STYLE_ASSIGNMENT((#11679));
#11679 = SURFACE_STYLE_USAGE(.BOTH.,#11680);
#11680 = SURFACE_SIDE_STYLE('',(#11681));
#11681 = SURFACE_STYLE_FILL_AREA(#11682);
#11682 = FILL_AREA_STYLE('',(#11683));
#11683 = FILL_AREA_STYLE_COLOUR('',#10084);
#11684 = STYLED_ITEM('color',(#11685),#7282);
#11685 = PRESENTATION_STYLE_ASSIGNMENT((#11686));
#11686 = SURFACE_STYLE_USAGE(.BOTH.,#11687);
#11687 = SURFACE_SIDE_STYLE('',(#11688));
#11688 = SURFACE_STYLE_FILL_AREA(#11689);
#11689 = FILL_AREA_STYLE('',(#11690));
#11690 = FILL_AREA_STYLE_COLOUR('',#10084);
#11691 = STYLED_ITEM('color',(#11692),#7306);
#11692 = PRESENTATION_STYLE_ASSIGNMENT((#11693));
#11693 = SURFACE_STYLE_USAGE(.BOTH.,#11694);
#11694 = SURFACE_SIDE_STYLE('',(#11695));
#11695 = SURFACE_STYLE_FILL_AREA(#11696);
#11696 = FILL_AREA_STYLE('',(#11697));
#11697 = FILL_AREA_STYLE_COLOUR('',#10332);
#11698 = STYLED_ITEM('color',(#11699),#7358);
#11699 = PRESENTATION_STYLE_ASSIGNMENT((#11700));
#11700 = SURFACE_STYLE_USAGE(.BOTH.,#11701);
#11701 = SURFACE_SIDE_STYLE('',(#11702));
#11702 = SURFACE_STYLE_FILL_AREA(#11703);
#11703 = FILL_AREA_STYLE('',(#11704));
#11704 = FILL_AREA_STYLE_COLOUR('',#10127);
#11705 = STYLED_ITEM('color',(#11706),#7375);
#11706 = PRESENTATION_STYLE_ASSIGNMENT((#11707));
#11707 = SURFACE_STYLE_USAGE(.BOTH.,#11708);
#11708 = SURFACE_SIDE_STYLE('',(#11709));
#11709 = SURFACE_STYLE_FILL_AREA(#11710);
#11710 = FILL_AREA_STYLE('',(#11711));
#11711 = FILL_AREA_STYLE_COLOUR('',#10084);
#11712 = STYLED_ITEM('color',(#11713),#7392);
#11713 = PRESENTATION_STYLE_ASSIGNMENT((#11714));
#11714 = SURFACE_STYLE_USAGE(.BOTH.,#11715);
#11715 = SURFACE_SIDE_STYLE('',(#11716));
#11716 = SURFACE_STYLE_FILL_AREA(#11717);
#11717 = FILL_AREA_STYLE('',(#11718));
#11718 = FILL_AREA_STYLE_COLOUR('',#10127);
#11719 = STYLED_ITEM('color',(#11720),#7409);
#11720 = PRESENTATION_STYLE_ASSIGNMENT((#11721));
#11721 = SURFACE_STYLE_USAGE(.BOTH.,#11722);
#11722 = SURFACE_SIDE_STYLE('',(#11723));
#11723 = SURFACE_STYLE_FILL_AREA(#11724);
#11724 = FILL_AREA_STYLE('',(#11725));
#11725 = FILL_AREA_STYLE_COLOUR('',#10127);
#11726 = STYLED_ITEM('color',(#11727),#7426);
#11727 = PRESENTATION_STYLE_ASSIGNMENT((#11728));
#11728 = SURFACE_STYLE_USAGE(.BOTH.,#11729);
#11729 = SURFACE_SIDE_STYLE('',(#11730));
#11730 = SURFACE_STYLE_FILL_AREA(#11731);
#11731 = FILL_AREA_STYLE('',(#11732));
#11732 = FILL_AREA_STYLE_COLOUR('',#10127);
#11733 = STYLED_ITEM('color',(#11734),#7440);
#11734 = PRESENTATION_STYLE_ASSIGNMENT((#11735));
#11735 = SURFACE_STYLE_USAGE(.BOTH.,#11736);
#11736 = SURFACE_SIDE_STYLE('',(#11737));
#11737 = SURFACE_STYLE_FILL_AREA(#11738);
#11738 = FILL_AREA_STYLE('',(#11739));
#11739 = FILL_AREA_STYLE_COLOUR('',#10084);
#11740 = STYLED_ITEM('color',(#11741),#7482);
#11741 = PRESENTATION_STYLE_ASSIGNMENT((#11742));
#11742 = SURFACE_STYLE_USAGE(.BOTH.,#11743);
#11743 = SURFACE_SIDE_STYLE('',(#11744));
#11744 = SURFACE_STYLE_FILL_AREA(#11745);
#11745 = FILL_AREA_STYLE('',(#11746));
#11746 = FILL_AREA_STYLE_COLOUR('',#10084);
#11747 = STYLED_ITEM('color',(#11748),#7532);
#11748 = PRESENTATION_STYLE_ASSIGNMENT((#11749));
#11749 = SURFACE_STYLE_USAGE(.BOTH.,#11750);
#11750 = SURFACE_SIDE_STYLE('',(#11751));
#11751 = SURFACE_STYLE_FILL_AREA(#11752);
#11752 = FILL_AREA_STYLE('',(#11753));
#11753 = FILL_AREA_STYLE_COLOUR('',#10127);
#11754 = STYLED_ITEM('color',(#11755),#7557);
#11755 = PRESENTATION_STYLE_ASSIGNMENT((#11756));
#11756 = SURFACE_STYLE_USAGE(.BOTH.,#11757);
#11757 = SURFACE_SIDE_STYLE('',(#11758));
#11758 = SURFACE_STYLE_FILL_AREA(#11759);
#11759 = FILL_AREA_STYLE('',(#11760));
#11760 = FILL_AREA_STYLE_COLOUR('',#10332);
#11761 = STYLED_ITEM('color',(#11762),#7599);
#11762 = PRESENTATION_STYLE_ASSIGNMENT((#11763));
#11763 = SURFACE_STYLE_USAGE(.BOTH.,#11764);
#11764 = SURFACE_SIDE_STYLE('',(#11765));
#11765 = SURFACE_STYLE_FILL_AREA(#11766);
#11766 = FILL_AREA_STYLE('',(#11767));
#11767 = FILL_AREA_STYLE_COLOUR('',#10084);
#11768 = STYLED_ITEM('color',(#11769),#7616);
#11769 = PRESENTATION_STYLE_ASSIGNMENT((#11770));
#11770 = SURFACE_STYLE_USAGE(.BOTH.,#11771);
#11771 = SURFACE_SIDE_STYLE('',(#11772));
#11772 = SURFACE_STYLE_FILL_AREA(#11773);
#11773 = FILL_AREA_STYLE('',(#11774));
#11774 = FILL_AREA_STYLE_COLOUR('',#10084);
#11775 = STYLED_ITEM('color',(#11776),#7633);
#11776 = PRESENTATION_STYLE_ASSIGNMENT((#11777));
#11777 = SURFACE_STYLE_USAGE(.BOTH.,#11778);
#11778 = SURFACE_SIDE_STYLE('',(#11779));
#11779 = SURFACE_STYLE_FILL_AREA(#11780);
#11780 = FILL_AREA_STYLE('',(#11781));
#11781 = FILL_AREA_STYLE_COLOUR('',#10127);
#11782 = STYLED_ITEM('color',(#11783),#7650);
#11783 = PRESENTATION_STYLE_ASSIGNMENT((#11784));
#11784 = SURFACE_STYLE_USAGE(.BOTH.,#11785);
#11785 = SURFACE_SIDE_STYLE('',(#11786));
#11786 = SURFACE_STYLE_FILL_AREA(#11787);
#11787 = FILL_AREA_STYLE('',(#11788));
#11788 = FILL_AREA_STYLE_COLOUR('',#10127);
#11789 = STYLED_ITEM('color',(#11790),#7664);
#11790 = PRESENTATION_STYLE_ASSIGNMENT((#11791));
#11791 = SURFACE_STYLE_USAGE(.BOTH.,#11792);
#11792 = SURFACE_SIDE_STYLE('',(#11793));
#11793 = SURFACE_STYLE_FILL_AREA(#11794);
#11794 = FILL_AREA_STYLE('',(#11795));
#11795 = FILL_AREA_STYLE_COLOUR('',#10084);
#11796 = STYLED_ITEM('color',(#11797),#7704);
#11797 = PRESENTATION_STYLE_ASSIGNMENT((#11798));
#11798 = SURFACE_STYLE_USAGE(.BOTH.,#11799);
#11799 = SURFACE_SIDE_STYLE('',(#11800));
#11800 = SURFACE_STYLE_FILL_AREA(#11801);
#11801 = FILL_AREA_STYLE('',(#11802));
#11802 = FILL_AREA_STYLE_COLOUR('',#10084);
#11803 = STYLED_ITEM('color',(#11804),#7806);
#11804 = PRESENTATION_STYLE_ASSIGNMENT((#11805));
#11805 = SURFACE_STYLE_USAGE(.BOTH.,#11806);
#11806 = SURFACE_SIDE_STYLE('',(#11807));
#11807 = SURFACE_STYLE_FILL_AREA(#11808);
#11808 = FILL_AREA_STYLE('',(#11809));
#11809 = FILL_AREA_STYLE_COLOUR('',#10084);
#11810 = STYLED_ITEM('color',(#11811),#7831);
#11811 = PRESENTATION_STYLE_ASSIGNMENT((#11812));
#11812 = SURFACE_STYLE_USAGE(.BOTH.,#11813);
#11813 = SURFACE_SIDE_STYLE('',(#11814));
#11814 = SURFACE_STYLE_FILL_AREA(#11815);
#11815 = FILL_AREA_STYLE('',(#11816));
#11816 = FILL_AREA_STYLE_COLOUR('',#10332);
#11817 = STYLED_ITEM('color',(#11818),#7925);
#11818 = PRESENTATION_STYLE_ASSIGNMENT((#11819));
#11819 = SURFACE_STYLE_USAGE(.BOTH.,#11820);
#11820 = SURFACE_SIDE_STYLE('',(#11821));
#11821 = SURFACE_STYLE_FILL_AREA(#11822);
#11822 = FILL_AREA_STYLE('',(#11823));
#11823 = FILL_AREA_STYLE_COLOUR('',#10084);
#11824 = STYLED_ITEM('color',(#11825),#7942);
#11825 = PRESENTATION_STYLE_ASSIGNMENT((#11826));
#11826 = SURFACE_STYLE_USAGE(.BOTH.,#11827);
#11827 = SURFACE_SIDE_STYLE('',(#11828));
#11828 = SURFACE_STYLE_FILL_AREA(#11829);
#11829 = FILL_AREA_STYLE('',(#11830));
#11830 = FILL_AREA_STYLE_COLOUR('',#10127);
#11831 = STYLED_ITEM('color',(#11832),#7964);
#11832 = PRESENTATION_STYLE_ASSIGNMENT((#11833));
#11833 = SURFACE_STYLE_USAGE(.BOTH.,#11834);
#11834 = SURFACE_SIDE_STYLE('',(#11835));
#11835 = SURFACE_STYLE_FILL_AREA(#11836);
#11836 = FILL_AREA_STYLE('',(#11837));
#11837 = FILL_AREA_STYLE_COLOUR('',#10127);
#11838 = STYLED_ITEM('color',(#11839),#7981);
#11839 = PRESENTATION_STYLE_ASSIGNMENT((#11840));
#11840 = SURFACE_STYLE_USAGE(.BOTH.,#11841);
#11841 = SURFACE_SIDE_STYLE('',(#11842));
#11842 = SURFACE_STYLE_FILL_AREA(#11843);
#11843 = FILL_AREA_STYLE('',(#11844));
#11844 = FILL_AREA_STYLE_COLOUR('',#10127);
#11845 = STYLED_ITEM('color',(#11846),#7998);
#11846 = PRESENTATION_STYLE_ASSIGNMENT((#11847));
#11847 = SURFACE_STYLE_USAGE(.BOTH.,#11848);
#11848 = SURFACE_SIDE_STYLE('',(#11849));
#11849 = SURFACE_STYLE_FILL_AREA(#11850);
#11850 = FILL_AREA_STYLE('',(#11851));
#11851 = FILL_AREA_STYLE_COLOUR('',#10127);
#11852 = STYLED_ITEM('color',(#11853),#8015);
#11853 = PRESENTATION_STYLE_ASSIGNMENT((#11854));
#11854 = SURFACE_STYLE_USAGE(.BOTH.,#11855);
#11855 = SURFACE_SIDE_STYLE('',(#11856));
#11856 = SURFACE_STYLE_FILL_AREA(#11857);
#11857 = FILL_AREA_STYLE('',(#11858));
#11858 = FILL_AREA_STYLE_COLOUR('',#10127);
#11859 = STYLED_ITEM('color',(#11860),#8027);
#11860 = PRESENTATION_STYLE_ASSIGNMENT((#11861));
#11861 = SURFACE_STYLE_USAGE(.BOTH.,#11862);
#11862 = SURFACE_SIDE_STYLE('',(#11863));
#11863 = SURFACE_STYLE_FILL_AREA(#11864);
#11864 = FILL_AREA_STYLE('',(#11865));
#11865 = FILL_AREA_STYLE_COLOUR('',#10084);
#11866 = STYLED_ITEM('color',(#11867),#8044);
#11867 = PRESENTATION_STYLE_ASSIGNMENT((#11868));
#11868 = SURFACE_STYLE_USAGE(.BOTH.,#11869);
#11869 = SURFACE_SIDE_STYLE('',(#11870));
#11870 = SURFACE_STYLE_FILL_AREA(#11871);
#11871 = FILL_AREA_STYLE('',(#11872));
#11872 = FILL_AREA_STYLE_COLOUR('',#10084);
#11873 = STYLED_ITEM('color',(#11874),#8061);
#11874 = PRESENTATION_STYLE_ASSIGNMENT((#11875));
#11875 = SURFACE_STYLE_USAGE(.BOTH.,#11876);
#11876 = SURFACE_SIDE_STYLE('',(#11877));
#11877 = SURFACE_STYLE_FILL_AREA(#11878);
#11878 = FILL_AREA_STYLE('',(#11879));
#11879 = FILL_AREA_STYLE_COLOUR('',#10084);
#11880 = STYLED_ITEM('color',(#11881),#8078);
#11881 = PRESENTATION_STYLE_ASSIGNMENT((#11882));
#11882 = SURFACE_STYLE_USAGE(.BOTH.,#11883);
#11883 = SURFACE_SIDE_STYLE('',(#11884));
#11884 = SURFACE_STYLE_FILL_AREA(#11885);
#11885 = FILL_AREA_STYLE('',(#11886));
#11886 = FILL_AREA_STYLE_COLOUR('',#10084);
#11887 = STYLED_ITEM('color',(#11888),#8092);
#11888 = PRESENTATION_STYLE_ASSIGNMENT((#11889));
#11889 = SURFACE_STYLE_USAGE(.BOTH.,#11890);
#11890 = SURFACE_SIDE_STYLE('',(#11891));
#11891 = SURFACE_STYLE_FILL_AREA(#11892);
#11892 = FILL_AREA_STYLE('',(#11893));
#11893 = FILL_AREA_STYLE_COLOUR('',#10084);
#11894 = STYLED_ITEM('color',(#11895),#8134);
#11895 = PRESENTATION_STYLE_ASSIGNMENT((#11896));
#11896 = SURFACE_STYLE_USAGE(.BOTH.,#11897);
#11897 = SURFACE_SIDE_STYLE('',(#11898));
#11898 = SURFACE_STYLE_FILL_AREA(#11899);
#11899 = FILL_AREA_STYLE('',(#11900));
#11900 = FILL_AREA_STYLE_COLOUR('',#10084);
#11901 = STYLED_ITEM('color',(#11902),#8165);
#11902 = PRESENTATION_STYLE_ASSIGNMENT((#11903));
#11903 = SURFACE_STYLE_USAGE(.BOTH.,#11904);
#11904 = SURFACE_SIDE_STYLE('',(#11905));
#11905 = SURFACE_STYLE_FILL_AREA(#11906);
#11906 = FILL_AREA_STYLE('',(#11907));
#11907 = FILL_AREA_STYLE_COLOUR('',#10332);
#11908 = STYLED_ITEM('color',(#11909),#8208);
#11909 = PRESENTATION_STYLE_ASSIGNMENT((#11910));
#11910 = SURFACE_STYLE_USAGE(.BOTH.,#11911);
#11911 = SURFACE_SIDE_STYLE('',(#11912));
#11912 = SURFACE_STYLE_FILL_AREA(#11913);
#11913 = FILL_AREA_STYLE('',(#11914));
#11914 = FILL_AREA_STYLE_COLOUR('',#10127);
#11915 = STYLED_ITEM('color',(#11916),#8233);
#11916 = PRESENTATION_STYLE_ASSIGNMENT((#11917));
#11917 = SURFACE_STYLE_USAGE(.BOTH.,#11918);
#11918 = SURFACE_SIDE_STYLE('',(#11919));
#11919 = SURFACE_STYLE_FILL_AREA(#11920);
#11920 = FILL_AREA_STYLE('',(#11921));
#11921 = FILL_AREA_STYLE_COLOUR('',#10084);
#11922 = STYLED_ITEM('color',(#11923),#8268);
#11923 = PRESENTATION_STYLE_ASSIGNMENT((#11924));
#11924 = SURFACE_STYLE_USAGE(.BOTH.,#11925);
#11925 = SURFACE_SIDE_STYLE('',(#11926));
#11926 = SURFACE_STYLE_FILL_AREA(#11927);
#11927 = FILL_AREA_STYLE('',(#11928));
#11928 = FILL_AREA_STYLE_COLOUR('',#10084);
#11929 = STYLED_ITEM('color',(#11930),#8285);
#11930 = PRESENTATION_STYLE_ASSIGNMENT((#11931));
#11931 = SURFACE_STYLE_USAGE(.BOTH.,#11932);
#11932 = SURFACE_SIDE_STYLE('',(#11933));
#11933 = SURFACE_STYLE_FILL_AREA(#11934);
#11934 = FILL_AREA_STYLE('',(#11935));
#11935 = FILL_AREA_STYLE_COLOUR('',#10127);
#11936 = STYLED_ITEM('color',(#11937),#8302);
#11937 = PRESENTATION_STYLE_ASSIGNMENT((#11938));
#11938 = SURFACE_STYLE_USAGE(.BOTH.,#11939);
#11939 = SURFACE_SIDE_STYLE('',(#11940));
#11940 = SURFACE_STYLE_FILL_AREA(#11941);
#11941 = FILL_AREA_STYLE('',(#11942));
#11942 = FILL_AREA_STYLE_COLOUR('',#10127);
#11943 = STYLED_ITEM('color',(#11944),#8316);
#11944 = PRESENTATION_STYLE_ASSIGNMENT((#11945));
#11945 = SURFACE_STYLE_USAGE(.BOTH.,#11946);
#11946 = SURFACE_SIDE_STYLE('',(#11947));
#11947 = SURFACE_STYLE_FILL_AREA(#11948);
#11948 = FILL_AREA_STYLE('',(#11949));
#11949 = FILL_AREA_STYLE_COLOUR('',#10084);
#11950 = STYLED_ITEM('color',(#11951),#8358);
#11951 = PRESENTATION_STYLE_ASSIGNMENT((#11952));
#11952 = SURFACE_STYLE_USAGE(.BOTH.,#11953);
#11953 = SURFACE_SIDE_STYLE('',(#11954));
#11954 = SURFACE_STYLE_FILL_AREA(#11955);
#11955 = FILL_AREA_STYLE('',(#11956));
#11956 = FILL_AREA_STYLE_COLOUR('',#10127);
#11957 = STYLED_ITEM('color',(#11958),#8391);
#11958 = PRESENTATION_STYLE_ASSIGNMENT((#11959));
#11959 = SURFACE_STYLE_USAGE(.BOTH.,#11960);
#11960 = SURFACE_SIDE_STYLE('',(#11961));
#11961 = SURFACE_STYLE_FILL_AREA(#11962);
#11962 = FILL_AREA_STYLE('',(#11963));
#11963 = FILL_AREA_STYLE_COLOUR('',#10332);
#11964 = STYLED_ITEM('color',(#11965),#8484);
#11965 = PRESENTATION_STYLE_ASSIGNMENT((#11966));
#11966 = SURFACE_STYLE_USAGE(.BOTH.,#11967);
#11967 = SURFACE_SIDE_STYLE('',(#11968));
#11968 = SURFACE_STYLE_FILL_AREA(#11969);
#11969 = FILL_AREA_STYLE('',(#11970));
#11970 = FILL_AREA_STYLE_COLOUR('',#10084);
#11971 = STYLED_ITEM('color',(#11972),#8508);
#11972 = PRESENTATION_STYLE_ASSIGNMENT((#11973));
#11973 = SURFACE_STYLE_USAGE(.BOTH.,#11974);
#11974 = SURFACE_SIDE_STYLE('',(#11975));
#11975 = SURFACE_STYLE_FILL_AREA(#11976);
#11976 = FILL_AREA_STYLE('',(#11977));
#11977 = FILL_AREA_STYLE_COLOUR('',#10084);
#11978 = STYLED_ITEM('color',(#11979),#8594);
#11979 = PRESENTATION_STYLE_ASSIGNMENT((#11980));
#11980 = SURFACE_STYLE_USAGE(.BOTH.,#11981);
#11981 = SURFACE_SIDE_STYLE('',(#11982));
#11982 = SURFACE_STYLE_FILL_AREA(#11983);
#11983 = FILL_AREA_STYLE('',(#11984));
#11984 = FILL_AREA_STYLE_COLOUR('',#10127);
#11985 = STYLED_ITEM('color',(#11986),#8611);
#11986 = PRESENTATION_STYLE_ASSIGNMENT((#11987));
#11987 = SURFACE_STYLE_USAGE(.BOTH.,#11988);
#11988 = SURFACE_SIDE_STYLE('',(#11989));
#11989 = SURFACE_STYLE_FILL_AREA(#11990);
#11990 = FILL_AREA_STYLE('',(#11991));
#11991 = FILL_AREA_STYLE_COLOUR('',#10084);
#11992 = STYLED_ITEM('color',(#11993),#8628);
#11993 = PRESENTATION_STYLE_ASSIGNMENT((#11994));
#11994 = SURFACE_STYLE_USAGE(.BOTH.,#11995);
#11995 = SURFACE_SIDE_STYLE('',(#11996));
#11996 = SURFACE_STYLE_FILL_AREA(#11997);
#11997 = FILL_AREA_STYLE('',(#11998));
#11998 = FILL_AREA_STYLE_COLOUR('',#10084);
#11999 = STYLED_ITEM('color',(#12000),#8645);
#12000 = PRESENTATION_STYLE_ASSIGNMENT((#12001));
#12001 = SURFACE_STYLE_USAGE(.BOTH.,#12002);
#12002 = SURFACE_SIDE_STYLE('',(#12003));
#12003 = SURFACE_STYLE_FILL_AREA(#12004);
#12004 = FILL_AREA_STYLE('',(#12005));
#12005 = FILL_AREA_STYLE_COLOUR('',#10084);
#12006 = STYLED_ITEM('color',(#12007),#8662);
#12007 = PRESENTATION_STYLE_ASSIGNMENT((#12008));
#12008 = SURFACE_STYLE_USAGE(.BOTH.,#12009);
#12009 = SURFACE_SIDE_STYLE('',(#12010));
#12010 = SURFACE_STYLE_FILL_AREA(#12011);
#12011 = FILL_AREA_STYLE('',(#12012));
#12012 = FILL_AREA_STYLE_COLOUR('',#10084);
#12013 = STYLED_ITEM('color',(#12014),#8679);
#12014 = PRESENTATION_STYLE_ASSIGNMENT((#12015));
#12015 = SURFACE_STYLE_USAGE(.BOTH.,#12016);
#12016 = SURFACE_SIDE_STYLE('',(#12017));
#12017 = SURFACE_STYLE_FILL_AREA(#12018);
#12018 = FILL_AREA_STYLE('',(#12019));
#12019 = FILL_AREA_STYLE_COLOUR('',#10084);
#12020 = STYLED_ITEM('color',(#12021),#8696);
#12021 = PRESENTATION_STYLE_ASSIGNMENT((#12022));
#12022 = SURFACE_STYLE_USAGE(.BOTH.,#12023);
#12023 = SURFACE_SIDE_STYLE('',(#12024));
#12024 = SURFACE_STYLE_FILL_AREA(#12025);
#12025 = FILL_AREA_STYLE('',(#12026));
#12026 = FILL_AREA_STYLE_COLOUR('',#10127);
#12027 = STYLED_ITEM('color',(#12028),#8713);
#12028 = PRESENTATION_STYLE_ASSIGNMENT((#12029));
#12029 = SURFACE_STYLE_USAGE(.BOTH.,#12030);
#12030 = SURFACE_SIDE_STYLE('',(#12031));
#12031 = SURFACE_STYLE_FILL_AREA(#12032);
#12032 = FILL_AREA_STYLE('',(#12033));
#12033 = FILL_AREA_STYLE_COLOUR('',#10127);
#12034 = STYLED_ITEM('color',(#12035),#8730);
#12035 = PRESENTATION_STYLE_ASSIGNMENT((#12036));
#12036 = SURFACE_STYLE_USAGE(.BOTH.,#12037);
#12037 = SURFACE_SIDE_STYLE('',(#12038));
#12038 = SURFACE_STYLE_FILL_AREA(#12039);
#12039 = FILL_AREA_STYLE('',(#12040));
#12040 = FILL_AREA_STYLE_COLOUR('',#10127);
#12041 = STYLED_ITEM('color',(#12042),#8744);
#12042 = PRESENTATION_STYLE_ASSIGNMENT((#12043));
#12043 = SURFACE_STYLE_USAGE(.BOTH.,#12044);
#12044 = SURFACE_SIDE_STYLE('',(#12045));
#12045 = SURFACE_STYLE_FILL_AREA(#12046);
#12046 = FILL_AREA_STYLE('',(#12047));
#12047 = FILL_AREA_STYLE_COLOUR('',#10084);
#12048 = STYLED_ITEM('color',(#12049),#8786);
#12049 = PRESENTATION_STYLE_ASSIGNMENT((#12050));
#12050 = SURFACE_STYLE_USAGE(.BOTH.,#12051);
#12051 = SURFACE_SIDE_STYLE('',(#12052));
#12052 = SURFACE_STYLE_FILL_AREA(#12053);
#12053 = FILL_AREA_STYLE('',(#12054));
#12054 = FILL_AREA_STYLE_COLOUR('',#10127);
#12055 = STYLED_ITEM('color',(#12056),#8819);
#12056 = PRESENTATION_STYLE_ASSIGNMENT((#12057));
#12057 = SURFACE_STYLE_USAGE(.BOTH.,#12058);
#12058 = SURFACE_SIDE_STYLE('',(#12059));
#12059 = SURFACE_STYLE_FILL_AREA(#12060);
#12060 = FILL_AREA_STYLE('',(#12061));
#12061 = FILL_AREA_STYLE_COLOUR('',#10332);
#12062 = STYLED_ITEM('color',(#12063),#8861);
#12063 = PRESENTATION_STYLE_ASSIGNMENT((#12064));
#12064 = SURFACE_STYLE_USAGE(.BOTH.,#12065);
#12065 = SURFACE_SIDE_STYLE('',(#12066));
#12066 = SURFACE_STYLE_FILL_AREA(#12067);
#12067 = FILL_AREA_STYLE('',(#12068));
#12068 = FILL_AREA_STYLE_COLOUR('',#10084);
#12069 = STYLED_ITEM('color',(#12070),#8885);
#12070 = PRESENTATION_STYLE_ASSIGNMENT((#12071));
#12071 = SURFACE_STYLE_USAGE(.BOTH.,#12072);
#12072 = SURFACE_SIDE_STYLE('',(#12073));
#12073 = SURFACE_STYLE_FILL_AREA(#12074);
#12074 = FILL_AREA_STYLE('',(#12075));
#12075 = FILL_AREA_STYLE_COLOUR('',#10084);
#12076 = STYLED_ITEM('color',(#12077),#8920);
#12077 = PRESENTATION_STYLE_ASSIGNMENT((#12078));
#12078 = SURFACE_STYLE_USAGE(.BOTH.,#12079);
#12079 = SURFACE_SIDE_STYLE('',(#12080));
#12080 = SURFACE_STYLE_FILL_AREA(#12081);
#12081 = FILL_AREA_STYLE('',(#12082));
#12082 = FILL_AREA_STYLE_COLOUR('',#10127);
#12083 = STYLED_ITEM('color',(#12084),#8937);
#12084 = PRESENTATION_STYLE_ASSIGNMENT((#12085));
#12085 = SURFACE_STYLE_USAGE(.BOTH.,#12086);
#12086 = SURFACE_SIDE_STYLE('',(#12087));
#12087 = SURFACE_STYLE_FILL_AREA(#12088);
#12088 = FILL_AREA_STYLE('',(#12089));
#12089 = FILL_AREA_STYLE_COLOUR('',#10127);
#12090 = STYLED_ITEM('color',(#12091),#8954);
#12091 = PRESENTATION_STYLE_ASSIGNMENT((#12092));
#12092 = SURFACE_STYLE_USAGE(.BOTH.,#12093);
#12093 = SURFACE_SIDE_STYLE('',(#12094));
#12094 = SURFACE_STYLE_FILL_AREA(#12095);
#12095 = FILL_AREA_STYLE('',(#12096));
#12096 = FILL_AREA_STYLE_COLOUR('',#10084);
#12097 = STYLED_ITEM('color',(#12098),#8968);
#12098 = PRESENTATION_STYLE_ASSIGNMENT((#12099));
#12099 = SURFACE_STYLE_USAGE(.BOTH.,#12100);
#12100 = SURFACE_SIDE_STYLE('',(#12101));
#12101 = SURFACE_STYLE_FILL_AREA(#12102);
#12102 = FILL_AREA_STYLE('',(#12103));
#12103 = FILL_AREA_STYLE_COLOUR('',#10084);
#12104 = STYLED_ITEM('color',(#12105),#9010);
#12105 = PRESENTATION_STYLE_ASSIGNMENT((#12106));
#12106 = SURFACE_STYLE_USAGE(.BOTH.,#12107);
#12107 = SURFACE_SIDE_STYLE('',(#12108));
#12108 = SURFACE_STYLE_FILL_AREA(#12109);
#12109 = FILL_AREA_STYLE('',(#12110));
#12110 = FILL_AREA_STYLE_COLOUR('',#10084);
#12111 = STYLED_ITEM('color',(#12112),#9041);
#12112 = PRESENTATION_STYLE_ASSIGNMENT((#12113));
#12113 = SURFACE_STYLE_USAGE(.BOTH.,#12114);
#12114 = SURFACE_SIDE_STYLE('',(#12115));
#12115 = SURFACE_STYLE_FILL_AREA(#12116);
#12116 = FILL_AREA_STYLE('',(#12117));
#12117 = FILL_AREA_STYLE_COLOUR('',#10332);
#12118 = STYLED_ITEM('color',(#12119),#9084);
#12119 = PRESENTATION_STYLE_ASSIGNMENT((#12120));
#12120 = SURFACE_STYLE_USAGE(.BOTH.,#12121);
#12121 = SURFACE_SIDE_STYLE('',(#12122));
#12122 = SURFACE_STYLE_FILL_AREA(#12123);
#12123 = FILL_AREA_STYLE('',(#12124));
#12124 = FILL_AREA_STYLE_COLOUR('',#10127);
#12125 = STYLED_ITEM('color',(#12126),#9109);
#12126 = PRESENTATION_STYLE_ASSIGNMENT((#12127));
#12127 = SURFACE_STYLE_USAGE(.BOTH.,#12128);
#12128 = SURFACE_SIDE_STYLE('',(#12129));
#12129 = SURFACE_STYLE_FILL_AREA(#12130);
#12130 = FILL_AREA_STYLE('',(#12131));
#12131 = FILL_AREA_STYLE_COLOUR('',#10084);
#12132 = STYLED_ITEM('color',(#12133),#9144);
#12133 = PRESENTATION_STYLE_ASSIGNMENT((#12134));
#12134 = SURFACE_STYLE_USAGE(.BOTH.,#12135);
#12135 = SURFACE_SIDE_STYLE('',(#12136));
#12136 = SURFACE_STYLE_FILL_AREA(#12137);
#12137 = FILL_AREA_STYLE('',(#12138));
#12138 = FILL_AREA_STYLE_COLOUR('',#10084);
#12139 = STYLED_ITEM('color',(#12140),#9161);
#12140 = PRESENTATION_STYLE_ASSIGNMENT((#12141));
#12141 = SURFACE_STYLE_USAGE(.BOTH.,#12142);
#12142 = SURFACE_SIDE_STYLE('',(#12143));
#12143 = SURFACE_STYLE_FILL_AREA(#12144);
#12144 = FILL_AREA_STYLE('',(#12145));
#12145 = FILL_AREA_STYLE_COLOUR('',#10127);
#12146 = STYLED_ITEM('color',(#12147),#9178);
#12147 = PRESENTATION_STYLE_ASSIGNMENT((#12148));
#12148 = SURFACE_STYLE_USAGE(.BOTH.,#12149);
#12149 = SURFACE_SIDE_STYLE('',(#12150));
#12150 = SURFACE_STYLE_FILL_AREA(#12151);
#12151 = FILL_AREA_STYLE('',(#12152));
#12152 = FILL_AREA_STYLE_COLOUR('',#10127);
#12153 = STYLED_ITEM('color',(#12154),#9192);
#12154 = PRESENTATION_STYLE_ASSIGNMENT((#12155));
#12155 = SURFACE_STYLE_USAGE(.BOTH.,#12156);
#12156 = SURFACE_SIDE_STYLE('',(#12157));
#12157 = SURFACE_STYLE_FILL_AREA(#12158);
#12158 = FILL_AREA_STYLE('',(#12159));
#12159 = FILL_AREA_STYLE_COLOUR('',#10084);
#12160 = STYLED_ITEM('color',(#12161),#9234);
#12161 = PRESENTATION_STYLE_ASSIGNMENT((#12162));
#12162 = SURFACE_STYLE_USAGE(.BOTH.,#12163);
#12163 = SURFACE_SIDE_STYLE('',(#12164));
#12164 = SURFACE_STYLE_FILL_AREA(#12165);
#12165 = FILL_AREA_STYLE('',(#12166));
#12166 = FILL_AREA_STYLE_COLOUR('',#10127);
#12167 = STYLED_ITEM('color',(#12168),#9258);
#12168 = PRESENTATION_STYLE_ASSIGNMENT((#12169));
#12169 = SURFACE_STYLE_USAGE(.BOTH.,#12170);
#12170 = SURFACE_SIDE_STYLE('',(#12171));
#12171 = SURFACE_STYLE_FILL_AREA(#12172);
#12172 = FILL_AREA_STYLE('',(#12173));
#12173 = FILL_AREA_STYLE_COLOUR('',#10127);
#12174 = STYLED_ITEM('color',(#12175),#9283);
#12175 = PRESENTATION_STYLE_ASSIGNMENT((#12176));
#12176 = SURFACE_STYLE_USAGE(.BOTH.,#12177);
#12177 = SURFACE_SIDE_STYLE('',(#12178));
#12178 = SURFACE_STYLE_FILL_AREA(#12179);
#12179 = FILL_AREA_STYLE('',(#12180));
#12180 = FILL_AREA_STYLE_COLOUR('',#10127);
#12181 = STYLED_ITEM('color',(#12182),#9299);
#12182 = PRESENTATION_STYLE_ASSIGNMENT((#12183));
#12183 = SURFACE_STYLE_USAGE(.BOTH.,#12184);
#12184 = SURFACE_SIDE_STYLE('',(#12185));
#12185 = SURFACE_STYLE_FILL_AREA(#12186);
#12186 = FILL_AREA_STYLE('',(#12187));
#12187 = FILL_AREA_STYLE_COLOUR('',#10127);
#12188 = STYLED_ITEM('color',(#12189),#9313);
#12189 = PRESENTATION_STYLE_ASSIGNMENT((#12190));
#12190 = SURFACE_STYLE_USAGE(.BOTH.,#12191);
#12191 = SURFACE_SIDE_STYLE('',(#12192));
#12192 = SURFACE_STYLE_FILL_AREA(#12193);
#12193 = FILL_AREA_STYLE('',(#12194));
#12194 = FILL_AREA_STYLE_COLOUR('',#10084);
#12195 = STYLED_ITEM('color',(#12196),#9355);
#12196 = PRESENTATION_STYLE_ASSIGNMENT((#12197));
#12197 = SURFACE_STYLE_USAGE(.BOTH.,#12198);
#12198 = SURFACE_SIDE_STYLE('',(#12199));
#12199 = SURFACE_STYLE_FILL_AREA(#12200);
#12200 = FILL_AREA_STYLE('',(#12201));
#12201 = FILL_AREA_STYLE_COLOUR('',#10127);
#12202 = STYLED_ITEM('color',(#12203),#9379);
#12203 = PRESENTATION_STYLE_ASSIGNMENT((#12204));
#12204 = SURFACE_STYLE_USAGE(.BOTH.,#12205);
#12205 = SURFACE_SIDE_STYLE('',(#12206));
#12206 = SURFACE_STYLE_FILL_AREA(#12207);
#12207 = FILL_AREA_STYLE('',(#12208));
#12208 = FILL_AREA_STYLE_COLOUR('',#10127);
#12209 = STYLED_ITEM('color',(#12210),#9403);
#12210 = PRESENTATION_STYLE_ASSIGNMENT((#12211));
#12211 = SURFACE_STYLE_USAGE(.BOTH.,#12212);
#12212 = SURFACE_SIDE_STYLE('',(#12213));
#12213 = SURFACE_STYLE_FILL_AREA(#12214);
#12214 = FILL_AREA_STYLE('',(#12215));
#12215 = FILL_AREA_STYLE_COLOUR('',#10127);
#12216 = STYLED_ITEM('color',(#12217),#9420);
#12217 = PRESENTATION_STYLE_ASSIGNMENT((#12218));
#12218 = SURFACE_STYLE_USAGE(.BOTH.,#12219);
#12219 = SURFACE_SIDE_STYLE('',(#12220));
#12220 = SURFACE_STYLE_FILL_AREA(#12221);
#12221 = FILL_AREA_STYLE('',(#12222));
#12222 = FILL_AREA_STYLE_COLOUR('',#10127);
#12223 = STYLED_ITEM('color',(#12224),#9434);
#12224 = PRESENTATION_STYLE_ASSIGNMENT((#12225));
#12225 = SURFACE_STYLE_USAGE(.BOTH.,#12226);
#12226 = SURFACE_SIDE_STYLE('',(#12227));
#12227 = SURFACE_STYLE_FILL_AREA(#12228);
#12228 = FILL_AREA_STYLE('',(#12229));
#12229 = FILL_AREA_STYLE_COLOUR('',#10084);
#12230 = STYLED_ITEM('color',(#12231),#9476);
#12231 = PRESENTATION_STYLE_ASSIGNMENT((#12232));
#12232 = SURFACE_STYLE_USAGE(.BOTH.,#12233);
#12233 = SURFACE_SIDE_STYLE('',(#12234));
#12234 = SURFACE_STYLE_FILL_AREA(#12235);
#12235 = FILL_AREA_STYLE('',(#12236));
#12236 = FILL_AREA_STYLE_COLOUR('',#10127);
#12237 = STYLED_ITEM('color',(#12238),#9508);
#12238 = PRESENTATION_STYLE_ASSIGNMENT((#12239));
#12239 = SURFACE_STYLE_USAGE(.BOTH.,#12240);
#12240 = SURFACE_SIDE_STYLE('',(#12241));
#12241 = SURFACE_STYLE_FILL_AREA(#12242);
#12242 = FILL_AREA_STYLE('',(#12243));
#12243 = FILL_AREA_STYLE_COLOUR('',#10127);
#12244 = STYLED_ITEM('color',(#12245),#9532);
#12245 = PRESENTATION_STYLE_ASSIGNMENT((#12246));
#12246 = SURFACE_STYLE_USAGE(.BOTH.,#12247);
#12247 = SURFACE_SIDE_STYLE('',(#12248));
#12248 = SURFACE_STYLE_FILL_AREA(#12249);
#12249 = FILL_AREA_STYLE('',(#12250));
#12250 = FILL_AREA_STYLE_COLOUR('',#10127);
#12251 = STYLED_ITEM('color',(#12252),#9557);
#12252 = PRESENTATION_STYLE_ASSIGNMENT((#12253));
#12253 = SURFACE_STYLE_USAGE(.BOTH.,#12254);
#12254 = SURFACE_SIDE_STYLE('',(#12255));
#12255 = SURFACE_STYLE_FILL_AREA(#12256);
#12256 = FILL_AREA_STYLE('',(#12257));
#12257 = FILL_AREA_STYLE_COLOUR('',#10127);
#12258 = STYLED_ITEM('color',(#12259),#9574);
#12259 = PRESENTATION_STYLE_ASSIGNMENT((#12260));
#12260 = SURFACE_STYLE_USAGE(.BOTH.,#12261);
#12261 = SURFACE_SIDE_STYLE('',(#12262));
#12262 = SURFACE_STYLE_FILL_AREA(#12263);
#12263 = FILL_AREA_STYLE('',(#12264));
#12264 = FILL_AREA_STYLE_COLOUR('',#10127);
#12265 = STYLED_ITEM('color',(#12266),#9588);
#12266 = PRESENTATION_STYLE_ASSIGNMENT((#12267));
#12267 = SURFACE_STYLE_USAGE(.BOTH.,#12268);
#12268 = SURFACE_SIDE_STYLE('',(#12269));
#12269 = SURFACE_STYLE_FILL_AREA(#12270);
#12270 = FILL_AREA_STYLE('',(#12271));
#12271 = FILL_AREA_STYLE_COLOUR('',#10084);
#12272 = STYLED_ITEM('color',(#12273),#9630);
#12273 = PRESENTATION_STYLE_ASSIGNMENT((#12274));
#12274 = SURFACE_STYLE_USAGE(.BOTH.,#12275);
#12275 = SURFACE_SIDE_STYLE('',(#12276));
#12276 = SURFACE_STYLE_FILL_AREA(#12277);
#12277 = FILL_AREA_STYLE('',(#12278));
#12278 = FILL_AREA_STYLE_COLOUR('',#10127);
#12279 = STYLED_ITEM('color',(#12280),#9663);
#12280 = PRESENTATION_STYLE_ASSIGNMENT((#12281));
#12281 = SURFACE_STYLE_USAGE(.BOTH.,#12282);
#12282 = SURFACE_SIDE_STYLE('',(#12283));
#12283 = SURFACE_STYLE_FILL_AREA(#12284);
#12284 = FILL_AREA_STYLE('',(#12285));
#12285 = FILL_AREA_STYLE_COLOUR('',#10127);
#12286 = STYLED_ITEM('color',(#12287),#9679);
#12287 = PRESENTATION_STYLE_ASSIGNMENT((#12288));
#12288 = SURFACE_STYLE_USAGE(.BOTH.,#12289);
#12289 = SURFACE_SIDE_STYLE('',(#12290));
#12290 = SURFACE_STYLE_FILL_AREA(#12291);
#12291 = FILL_AREA_STYLE('',(#12292));
#12292 = FILL_AREA_STYLE_COLOUR('',#10127);
#12293 = STYLED_ITEM('color',(#12294),#9696);
#12294 = PRESENTATION_STYLE_ASSIGNMENT((#12295));
#12295 = SURFACE_STYLE_USAGE(.BOTH.,#12296);
#12296 = SURFACE_SIDE_STYLE('',(#12297));
#12297 = SURFACE_STYLE_FILL_AREA(#12298);
#12298 = FILL_AREA_STYLE('',(#12299));
#12299 = FILL_AREA_STYLE_COLOUR('',#10127);
#12300 = STYLED_ITEM('color',(#12301),#9709);
#12301 = PRESENTATION_STYLE_ASSIGNMENT((#12302));
#12302 = SURFACE_STYLE_USAGE(.BOTH.,#12303);
#12303 = SURFACE_SIDE_STYLE('',(#12304));
#12304 = SURFACE_STYLE_FILL_AREA(#12305);
#12305 = FILL_AREA_STYLE('',(#12306));
#12306 = FILL_AREA_STYLE_COLOUR('',#10084);
#12307 = STYLED_ITEM('color',(#12308),#9751);
#12308 = PRESENTATION_STYLE_ASSIGNMENT((#12309));
#12309 = SURFACE_STYLE_USAGE(.BOTH.,#12310);
#12310 = SURFACE_SIDE_STYLE('',(#12311));
#12311 = SURFACE_STYLE_FILL_AREA(#12312);
#12312 = FILL_AREA_STYLE('',(#12313));
#12313 = FILL_AREA_STYLE_COLOUR('',#10127);
#12314 = STYLED_ITEM('color',(#12315),#9782);
#12315 = PRESENTATION_STYLE_ASSIGNMENT((#12316));
#12316 = SURFACE_STYLE_USAGE(.BOTH.,#12317);
#12317 = SURFACE_SIDE_STYLE('',(#12318));
#12318 = SURFACE_STYLE_FILL_AREA(#12319);
#12319 = FILL_AREA_STYLE('',(#12320));
#12320 = FILL_AREA_STYLE_COLOUR('',#10127);
#12321 = STYLED_ITEM('color',(#12322),#9799);
#12322 = PRESENTATION_STYLE_ASSIGNMENT((#12323));
#12323 = SURFACE_STYLE_USAGE(.BOTH.,#12324);
#12324 = SURFACE_SIDE_STYLE('',(#12325));
#12325 = SURFACE_STYLE_FILL_AREA(#12326);
#12326 = FILL_AREA_STYLE('',(#12327));
#12327 = FILL_AREA_STYLE_COLOUR('',#10127);
#12328 = STYLED_ITEM('color',(#12329),#9817);
#12329 = PRESENTATION_STYLE_ASSIGNMENT((#12330));
#12330 = SURFACE_STYLE_USAGE(.BOTH.,#12331);
#12331 = SURFACE_SIDE_STYLE('',(#12332));
#12332 = SURFACE_STYLE_FILL_AREA(#12333);
#12333 = FILL_AREA_STYLE('',(#12334));
#12334 = FILL_AREA_STYLE_COLOUR('',#10127);
#12335 = STYLED_ITEM('color',(#12336),#9830);
#12336 = PRESENTATION_STYLE_ASSIGNMENT((#12337));
#12337 = SURFACE_STYLE_USAGE(.BOTH.,#12338);
#12338 = SURFACE_SIDE_STYLE('',(#12339));
#12339 = SURFACE_STYLE_FILL_AREA(#12340);
#12340 = FILL_AREA_STYLE('',(#12341));
#12341 = FILL_AREA_STYLE_COLOUR('',#10084);
#12342 = STYLED_ITEM('color',(#12343),#9872);
#12343 = PRESENTATION_STYLE_ASSIGNMENT((#12344));
#12344 = SURFACE_STYLE_USAGE(.BOTH.,#12345);
#12345 = SURFACE_SIDE_STYLE('',(#12346));
#12346 = SURFACE_STYLE_FILL_AREA(#12347);
#12347 = FILL_AREA_STYLE('',(#12348));
#12348 = FILL_AREA_STYLE_COLOUR('',#10127);
#12349 = STYLED_ITEM('color',(#12350),#9905);
#12350 = PRESENTATION_STYLE_ASSIGNMENT((#12351));
#12351 = SURFACE_STYLE_USAGE(.BOTH.,#12352);
#12352 = SURFACE_SIDE_STYLE('',(#12353));
#12353 = SURFACE_STYLE_FILL_AREA(#12354);
#12354 = FILL_AREA_STYLE('',(#12355));
#12355 = FILL_AREA_STYLE_COLOUR('',#10127);
#12356 = STYLED_ITEM('color',(#12357),#9921);
#12357 = PRESENTATION_STYLE_ASSIGNMENT((#12358));
#12358 = SURFACE_STYLE_USAGE(.BOTH.,#12359);
#12359 = SURFACE_SIDE_STYLE('',(#12360));
#12360 = SURFACE_STYLE_FILL_AREA(#12361);
#12361 = FILL_AREA_STYLE('',(#12362));
#12362 = FILL_AREA_STYLE_COLOUR('',#10127);
#12363 = STYLED_ITEM('color',(#12364),#9938);
#12364 = PRESENTATION_STYLE_ASSIGNMENT((#12365));
#12365 = SURFACE_STYLE_USAGE(.BOTH.,#12366);
#12366 = SURFACE_SIDE_STYLE('',(#12367));
#12367 = SURFACE_STYLE_FILL_AREA(#12368);
#12368 = FILL_AREA_STYLE('',(#12369));
#12369 = FILL_AREA_STYLE_COLOUR('',#10127);
#12370 = STYLED_ITEM('color',(#12371),#9951);
#12371 = PRESENTATION_STYLE_ASSIGNMENT((#12372));
#12372 = SURFACE_STYLE_USAGE(.BOTH.,#12373);
#12373 = SURFACE_SIDE_STYLE('',(#12374));
#12374 = SURFACE_STYLE_FILL_AREA(#12375);
#12375 = FILL_AREA_STYLE('',(#12376));
#12376 = FILL_AREA_STYLE_COLOUR('',#10084);
#12377 = STYLED_ITEM('color',(#12378),#9993);
#12378 = PRESENTATION_STYLE_ASSIGNMENT((#12379));
#12379 = SURFACE_STYLE_USAGE(.BOTH.,#12380);
#12380 = SURFACE_SIDE_STYLE('',(#12381));
#12381 = SURFACE_STYLE_FILL_AREA(#12382);
#12382 = FILL_AREA_STYLE('',(#12383));
#12383 = FILL_AREA_STYLE_COLOUR('',#10127);
#12384 = STYLED_ITEM('color',(#12385),#10024);
#12385 = PRESENTATION_STYLE_ASSIGNMENT((#12386));
#12386 = SURFACE_STYLE_USAGE(.BOTH.,#12387);
#12387 = SURFACE_SIDE_STYLE('',(#12388));
#12388 = SURFACE_STYLE_FILL_AREA(#12389);
#12389 = FILL_AREA_STYLE('',(#12390));
#12390 = FILL_AREA_STYLE_COLOUR('',#10127);
#12391 = STYLED_ITEM('color',(#12392),#10041);
#12392 = PRESENTATION_STYLE_ASSIGNMENT((#12393));
#12393 = SURFACE_STYLE_USAGE(.BOTH.,#12394);
#12394 = SURFACE_SIDE_STYLE('',(#12395));
#12395 = SURFACE_STYLE_FILL_AREA(#12396);
#12396 = FILL_AREA_STYLE('',(#12397));
#12397 = FILL_AREA_STYLE_COLOUR('',#10127);
#12398 = STYLED_ITEM('color',(#12399),#10059);
#12399 = PRESENTATION_STYLE_ASSIGNMENT((#12400));
#12400 = SURFACE_STYLE_USAGE(.BOTH.,#12401);
#12401 = SURFACE_SIDE_STYLE('',(#12402));
#12402 = SURFACE_STYLE_FILL_AREA(#12403);
#12403 = FILL_AREA_STYLE('',(#12404));
#12404 = FILL_AREA_STYLE_COLOUR('',#10127);
ENDSEC;
END-ISO-10303-21;
