ISO-10303-21;
HEADER;
FILE_DESCRIPTION(('FreeCAD Model'),'2;1');
FILE_NAME(
'F:/CBKunden/002_Solectrix/00200_Solectrix/Projekte/MidgeCOV-2_
BLE/Lib/Molex_5055670231/5055670231.stp','2020-07-15T15:19:21',(
    'Sebastian Grosam'),('CiBOARD electronic GmbH'),
  'Open CASCADE STEP processor 7.3','FreeCAD','Unknown');
FILE_SCHEMA(('AUTOMOTIVE_DESIGN { 1 0 10303 214 1 1 1 1 }'));
ENDSEC;
DATA;
#1 = APPLICATION_PROTOCOL_DEFINITION('international standard',
  'automotive_design',2000,#2);
#2 = APPLICATION_CONTEXT(
  'core data for automotive mechanical design processes');
#3 = SHAPE_DEFINITION_REPRESENTATION(#4,#10);
#4 = PRODUCT_DEFINITION_SHAPE('','',#5);
#5 = PRODUCT_DEFINITION('design','',#6,#9);
#6 = PRODUCT_DEFINITION_FORMATION('','',#7);
#7 = PRODUCT('5055670231','5055670231','',(#8));
#8 = PRODUCT_CONTEXT('',#2,'mechanical');
#9 = PRODUCT_DEFINITION_CONTEXT('part definition',#2,'design');
#10 = ADVANCED_BREP_SHAPE_REPRESENTATION('',(#11,#15),#7263);
#11 = AXIS2_PLACEMENT_3D('',#12,#13,#14);
#12 = CARTESIAN_POINT('',(0.,0.,0.));
#13 = DIRECTION('',(0.,0.,1.));
#14 = DIRECTION('',(1.,0.,-0.));
#15 = MANIFOLD_SOLID_BREP('',#16);
#16 = CLOSED_SHELL('',(#17,#57,#90,#122,#334,#416,#456,#481,#513,#599,
    #623,#656,#687,#762,#786,#861,#885,#960,#977,#994,#1011,#1028,#1045,
    #1062,#1097,#1109,#1126,#1143,#1160,#1177,#1189,#1201,#1233,#1265,
    #1295,#1307,#1338,#1614,#1646,#1670,#1692,#1714,#1726,#1738,#1755,
    #1779,#1796,#1821,#1845,#1875,#1892,#1904,#1936,#1954,#1966,#2013,
    #2030,#2053,#2065,#2077,#2101,#2212,#2253,#2467,#2508,#2596,#2683,
    #2714,#2779,#2803,#2861,#2917,#2988,#3051,#3116,#3134,#3159,#3288,
    #3377,#3548,#3598,#3654,#3693,#3764,#3796,#3822,#3846,#3870,#3882,
    #3894,#3959,#3977,#3990,#4007,#4080,#4152,#4208,#4232,#4265,#4277,
    #4294,#4307,#4372,#4394,#4406,#4423,#4440,#4457,#4488,#4520,#4544,
    #4569,#4602,#4620,#4637,#4650,#4681,#4705,#4729,#4746,#4758,#4789,
    #4820,#4851,#4882,#4926,#4990,#5021,#5076,#5093,#5105,#5122,#5139,
    #5156,#5168,#5185,#5210,#5234,#5252,#5264,#5295,#5327,#5351,#5383,
    #5407,#5465,#5529,#5560,#5615,#5632,#5644,#5661,#5678,#5695,#5707,
    #5724,#5746,#5758,#5770,#5813,#5846,#5878,#5916,#5934,#5946,#5963,
    #5975,#5999,#6031,#6056,#6092,#6132,#6168,#6193,#6225,#6242,#6259,
    #6286,#6366,#6391,#6413,#6458,#6513,#6535,#6547,#6564,#6581,#6593,
    #6605,#6617,#6629,#6660,#6684,#6708,#6725,#6737,#6769,#6786,#6812,
    #6824,#6836,#6868,#6900,#6929,#6946,#6963,#6975,#7007,#7038,#7050,
    #7068,#7080,#7104,#7128,#7145,#7157,#7181,#7205,#7222,#7234,#7251));
#17 = ADVANCED_FACE('',(#18),#52,.F.);
#18 = FACE_BOUND('',#19,.F.);
#19 = EDGE_LOOP('',(#20,#30,#38,#46));
#20 = ORIENTED_EDGE('',*,*,#21,.T.);
#21 = EDGE_CURVE('',#22,#24,#26,.T.);
#22 = VERTEX_POINT('',#23);
#23 = CARTESIAN_POINT('',(1.400999998965,1.934999906599,3.18999998965));
#24 = VERTEX_POINT('',#25);
#25 = CARTESIAN_POINT('',(1.350999990187,2.234999958529,3.1899999467));
#26 = LINE('',#27,#28);
#27 = CARTESIAN_POINT('',(1.400999998965,1.934999906599,3.18999998965));
#28 = VECTOR('',#29,1.);
#29 = DIRECTION('',(-0.1643989877,0.986393923766,-1.412233985861E-07));
#30 = ORIENTED_EDGE('',*,*,#31,.T.);
#31 = EDGE_CURVE('',#24,#32,#34,.T.);
#32 = VERTEX_POINT('',#33);
#33 = CARTESIAN_POINT('',(1.350999984262,2.234999994076,2.63999999802));
#34 = LINE('',#35,#36);
#35 = CARTESIAN_POINT('',(1.350999990187,2.234999958529,3.1899999467));
#36 = VECTOR('',#37,1.);
#37 = DIRECTION('',(-1.077234240803E-08,6.463091675574E-08,-1.));
#38 = ORIENTED_EDGE('',*,*,#39,.F.);
#39 = EDGE_CURVE('',#40,#32,#42,.T.);
#40 = VERTEX_POINT('',#41);
#41 = CARTESIAN_POINT('',(1.4009999974,1.934999933925,2.53999999046));
#42 = LINE('',#43,#44);
#43 = CARTESIAN_POINT('',(1.4009999974,1.934999933925,2.53999999046));
#44 = VECTOR('',#45,1.);
#45 = DIRECTION('',(-0.156173773277,0.93704258132,0.312347488118));
#46 = ORIENTED_EDGE('',*,*,#47,.F.);
#47 = EDGE_CURVE('',#22,#40,#48,.T.);
#48 = LINE('',#49,#50);
#49 = CARTESIAN_POINT('',(1.400999998965,1.934999906599,3.18999998965));
#50 = VECTOR('',#51,1.);
#51 = DIRECTION('',(-2.40765356669E-09,4.204042452722E-08,-1.));
#52 = PLANE('',#53);
#53 = AXIS2_PLACEMENT_3D('',#54,#55,#56);
#54 = CARTESIAN_POINT('',(1.376000000061,2.084999893359,2.915));
#55 = DIRECTION('',(-0.986393923832,-0.164398987305,0.));
#56 = DIRECTION('',(0.164398987305,-0.986393923832,0.));
#57 = ADVANCED_FACE('',(#58),#85,.F.);
#58 = FACE_BOUND('',#59,.F.);
#59 = EDGE_LOOP('',(#60,#69,#77,#84));
#60 = ORIENTED_EDGE('',*,*,#61,.F.);
#61 = EDGE_CURVE('',#62,#22,#64,.T.);
#62 = VERTEX_POINT('',#63);
#63 = CARTESIAN_POINT('',(1.551000000061,1.934999893359,3.34));
#64 = CIRCLE('',#65,0.15);
#65 = AXIS2_PLACEMENT_3D('',#66,#67,#68);
#66 = CARTESIAN_POINT('',(1.551000000061,1.934999893359,3.19));
#67 = DIRECTION('',(0.,-1.,0.));
#68 = DIRECTION('',(0.,0.,1.));
#69 = ORIENTED_EDGE('',*,*,#70,.F.);
#70 = EDGE_CURVE('',#71,#62,#73,.T.);
#71 = VERTEX_POINT('',#72);
#72 = CARTESIAN_POINT('',(1.551000000061,2.234999940435,3.39000000192));
#73 = LINE('',#74,#75);
#74 = CARTESIAN_POINT('',(1.551000000061,2.234999940435,3.39000000192));
#75 = VECTOR('',#76,1.);
#76 = DIRECTION('',(-2.978718450123E-13,-0.986393926991,-0.164398968352)
  );
#77 = ORIENTED_EDGE('',*,*,#78,.T.);
#78 = EDGE_CURVE('',#71,#24,#79,.T.);
#79 = CIRCLE('',#80,0.2);
#80 = AXIS2_PLACEMENT_3D('',#81,#82,#83);
#81 = CARTESIAN_POINT('',(1.551000000061,2.234999893359,3.19));
#82 = DIRECTION('',(0.,-1.,0.));
#83 = DIRECTION('',(1.343369859796E-12,0.,1.));
#84 = ORIENTED_EDGE('',*,*,#21,.F.);
#85 = CONICAL_SURFACE('',#86,0.175,0.165148677415);
#86 = AXIS2_PLACEMENT_3D('',#87,#88,#89);
#87 = CARTESIAN_POINT('',(1.551000000061,2.084999893359,3.19));
#88 = DIRECTION('',(0.,1.,0.));
#89 = DIRECTION('',(1.,0.,0.));
#90 = ADVANCED_FACE('',(#91),#117,.F.);
#91 = FACE_BOUND('',#92,.F.);
#92 = EDGE_LOOP('',(#93,#104,#110,#111));
#93 = ORIENTED_EDGE('',*,*,#94,.T.);
#94 = EDGE_CURVE('',#95,#97,#99,.T.);
#95 = VERTEX_POINT('',#96);
#96 = CARTESIAN_POINT('',(1.401000000061,-0.655,3.19));
#97 = VERTEX_POINT('',#98);
#98 = CARTESIAN_POINT('',(1.551000000061,-0.655,3.34));
#99 = CIRCLE('',#100,0.15);
#100 = AXIS2_PLACEMENT_3D('',#101,#102,#103);
#101 = CARTESIAN_POINT('',(1.551000000061,-0.655,3.19));
#102 = DIRECTION('',(0.,1.,-0.));
#103 = DIRECTION('',(-1.,0.,0.));
#104 = ORIENTED_EDGE('',*,*,#105,.F.);
#105 = EDGE_CURVE('',#62,#97,#106,.T.);
#106 = LINE('',#107,#108);
#107 = CARTESIAN_POINT('',(1.551000000061,1.934999893359,3.34));
#108 = VECTOR('',#109,1.);
#109 = DIRECTION('',(0.,-1.,0.));
#110 = ORIENTED_EDGE('',*,*,#61,.T.);
#111 = ORIENTED_EDGE('',*,*,#112,.F.);
#112 = EDGE_CURVE('',#95,#22,#113,.T.);
#113 = LINE('',#114,#115);
#114 = CARTESIAN_POINT('',(1.401000000061,-0.655,3.19));
#115 = VECTOR('',#116,1.);
#116 = DIRECTION('',(-4.231006088576E-10,1.,-3.996591790341E-09));
#117 = CYLINDRICAL_SURFACE('',#118,0.15);
#118 = AXIS2_PLACEMENT_3D('',#119,#120,#121);
#119 = CARTESIAN_POINT('',(1.551000000061,-1.015000106641,3.19));
#120 = DIRECTION('',(0.,-1.,0.));
#121 = DIRECTION('',(1.,0.,0.));
#122 = ADVANCED_FACE('',(#123),#329,.T.);
#123 = FACE_BOUND('',#124,.F.);
#124 = EDGE_LOOP('',(#125,#135,#143,#151,#159,#167,#175,#183,#191,#200,
    #208,#216,#224,#233,#239,#240,#248,#256,#264,#273,#281,#290,#298,
    #306,#314,#323));
#125 = ORIENTED_EDGE('',*,*,#126,.T.);
#126 = EDGE_CURVE('',#127,#129,#131,.T.);
#127 = VERTEX_POINT('',#128);
#128 = CARTESIAN_POINT('',(-0.823999999993,-0.655,0.77000010664));
#129 = VERTEX_POINT('',#130);
#130 = CARTESIAN_POINT('',(-0.823999999993,-0.655,1.65000000001));
#131 = LINE('',#132,#133);
#132 = CARTESIAN_POINT('',(-0.823999999993,-0.655,0.77000010664));
#133 = VECTOR('',#134,1.);
#134 = DIRECTION('',(0.,0.,1.));
#135 = ORIENTED_EDGE('',*,*,#136,.T.);
#136 = EDGE_CURVE('',#129,#137,#139,.T.);
#137 = VERTEX_POINT('',#138);
#138 = CARTESIAN_POINT('',(-0.423999999993,-0.655,1.65000000001));
#139 = LINE('',#140,#141);
#140 = CARTESIAN_POINT('',(-0.823999999993,-0.655,1.65000000001));
#141 = VECTOR('',#142,1.);
#142 = DIRECTION('',(1.,0.,0.));
#143 = ORIENTED_EDGE('',*,*,#144,.F.);
#144 = EDGE_CURVE('',#145,#137,#147,.T.);
#145 = VERTEX_POINT('',#146);
#146 = CARTESIAN_POINT('',(-0.423999999993,-0.655,0.77000010664));
#147 = LINE('',#148,#149);
#148 = CARTESIAN_POINT('',(-0.423999999993,-0.655,0.77000010664));
#149 = VECTOR('',#150,1.);
#150 = DIRECTION('',(0.,0.,1.));
#151 = ORIENTED_EDGE('',*,*,#152,.F.);
#152 = EDGE_CURVE('',#153,#145,#155,.T.);
#153 = VERTEX_POINT('',#154);
#154 = CARTESIAN_POINT('',(0.426000000007,-0.655,0.77000010664));
#155 = LINE('',#156,#157);
#156 = CARTESIAN_POINT('',(0.426000000007,-0.655,0.77000010664));
#157 = VECTOR('',#158,1.);
#158 = DIRECTION('',(-1.,0.,0.));
#159 = ORIENTED_EDGE('',*,*,#160,.T.);
#160 = EDGE_CURVE('',#153,#161,#163,.T.);
#161 = VERTEX_POINT('',#162);
#162 = CARTESIAN_POINT('',(0.426000000007,-0.655,1.65000000001));
#163 = LINE('',#164,#165);
#164 = CARTESIAN_POINT('',(0.426000000007,-0.655,0.77000010664));
#165 = VECTOR('',#166,1.);
#166 = DIRECTION('',(0.,0.,1.));
#167 = ORIENTED_EDGE('',*,*,#168,.T.);
#168 = EDGE_CURVE('',#161,#169,#171,.T.);
#169 = VERTEX_POINT('',#170);
#170 = CARTESIAN_POINT('',(0.826000000007,-0.655,1.65000000001));
#171 = LINE('',#172,#173);
#172 = CARTESIAN_POINT('',(0.426000000007,-0.655,1.65000000001));
#173 = VECTOR('',#174,1.);
#174 = DIRECTION('',(1.,0.,0.));
#175 = ORIENTED_EDGE('',*,*,#176,.F.);
#176 = EDGE_CURVE('',#177,#169,#179,.T.);
#177 = VERTEX_POINT('',#178);
#178 = CARTESIAN_POINT('',(0.826000000007,-0.655,0.77000010664));
#179 = LINE('',#180,#181);
#180 = CARTESIAN_POINT('',(0.826000000007,-0.655,0.77000010664));
#181 = VECTOR('',#182,1.);
#182 = DIRECTION('',(0.,0.,1.));
#183 = ORIENTED_EDGE('',*,*,#184,.T.);
#184 = EDGE_CURVE('',#177,#185,#187,.T.);
#185 = VERTEX_POINT('',#186);
#186 = CARTESIAN_POINT('',(1.651000671158,-0.655,0.77));
#187 = LINE('',#188,#189);
#188 = CARTESIAN_POINT('',(0.826000000007,-0.655,0.77000010664));
#189 = VECTOR('',#190,1.);
#190 = DIRECTION('',(1.,0.,-4.308686917787E-08));
#191 = ORIENTED_EDGE('',*,*,#192,.F.);
#192 = EDGE_CURVE('',#193,#185,#195,.T.);
#193 = VERTEX_POINT('',#194);
#194 = CARTESIAN_POINT('',(1.751000000278,-0.655000022205,0.87000001899)
  );
#195 = CIRCLE('',#196,0.1);
#196 = AXIS2_PLACEMENT_3D('',#197,#198,#199);
#197 = CARTESIAN_POINT('',(1.651000000085,-0.655,0.87));
#198 = DIRECTION('',(-0.,1.,0.));
#199 = DIRECTION('',(1.,0.,3.640451495812E-08));
#200 = ORIENTED_EDGE('',*,*,#201,.F.);
#201 = EDGE_CURVE('',#202,#193,#204,.T.);
#202 = VERTEX_POINT('',#203);
#203 = CARTESIAN_POINT('',(1.751000000276,-0.655000022205,1.89000000019)
  );
#204 = LINE('',#205,#206);
#205 = CARTESIAN_POINT('',(1.751000000276,-0.655000022205,1.89000000019)
  );
#206 = VECTOR('',#207,1.);
#207 = DIRECTION('',(1.492488077867E-12,0.,-1.));
#208 = ORIENTED_EDGE('',*,*,#209,.F.);
#209 = EDGE_CURVE('',#210,#202,#212,.T.);
#210 = VERTEX_POINT('',#211);
#211 = CARTESIAN_POINT('',(1.851000000061,-0.655,1.99));
#212 = LINE('',#213,#214);
#213 = CARTESIAN_POINT('',(1.851000000061,-0.655,1.99));
#214 = VECTOR('',#215,1.);
#215 = DIRECTION('',(-0.707106781104,-1.570106027478E-07,-0.707106781269
    ));
#216 = ORIENTED_EDGE('',*,*,#217,.T.);
#217 = EDGE_CURVE('',#210,#218,#220,.T.);
#218 = VERTEX_POINT('',#219);
#219 = CARTESIAN_POINT('',(1.851000000061,-0.655,3.19));
#220 = LINE('',#221,#222);
#221 = CARTESIAN_POINT('',(1.851000000061,-0.655,1.99));
#222 = VECTOR('',#223,1.);
#223 = DIRECTION('',(-1.761553865738E-13,0.,1.));
#224 = ORIENTED_EDGE('',*,*,#225,.F.);
#225 = EDGE_CURVE('',#226,#218,#228,.T.);
#226 = VERTEX_POINT('',#227);
#227 = CARTESIAN_POINT('',(1.701000000061,-0.655,3.34));
#228 = CIRCLE('',#229,0.15);
#229 = AXIS2_PLACEMENT_3D('',#230,#231,#232);
#230 = CARTESIAN_POINT('',(1.701000000061,-0.655,3.19));
#231 = DIRECTION('',(0.,1.,0.));
#232 = DIRECTION('',(0.,0.,1.));
#233 = ORIENTED_EDGE('',*,*,#234,.T.);
#234 = EDGE_CURVE('',#226,#97,#235,.T.);
#235 = LINE('',#236,#237);
#236 = CARTESIAN_POINT('',(1.701000000061,-0.655,3.34));
#237 = VECTOR('',#238,1.);
#238 = DIRECTION('',(-1.,0.,0.));
#239 = ORIENTED_EDGE('',*,*,#94,.F.);
#240 = ORIENTED_EDGE('',*,*,#241,.T.);
#241 = EDGE_CURVE('',#95,#242,#244,.T.);
#242 = VERTEX_POINT('',#243);
#243 = CARTESIAN_POINT('',(1.400999999456,-0.655,2.53999999879));
#244 = LINE('',#245,#246);
#245 = CARTESIAN_POINT('',(1.401000000061,-0.655,3.19));
#246 = VECTOR('',#247,1.);
#247 = DIRECTION('',(-9.312291091828E-10,0.,-1.));
#248 = ORIENTED_EDGE('',*,*,#249,.F.);
#249 = EDGE_CURVE('',#250,#242,#252,.T.);
#250 = VERTEX_POINT('',#251);
#251 = CARTESIAN_POINT('',(-1.398999999395,-0.655,2.53999999879));
#252 = LINE('',#253,#254);
#253 = CARTESIAN_POINT('',(-1.398999999395,-0.655,2.53999999879));
#254 = VECTOR('',#255,1.);
#255 = DIRECTION('',(1.,0.,3.831855469422E-13));
#256 = ORIENTED_EDGE('',*,*,#257,.F.);
#257 = EDGE_CURVE('',#258,#250,#260,.T.);
#258 = VERTEX_POINT('',#259);
#259 = CARTESIAN_POINT('',(-1.399,-0.655,3.19));
#260 = LINE('',#261,#262);
#261 = CARTESIAN_POINT('',(-1.399,-0.655,3.19));
#262 = VECTOR('',#263,1.);
#263 = DIRECTION('',(9.310405420709E-10,0.,-1.));
#264 = ORIENTED_EDGE('',*,*,#265,.F.);
#265 = EDGE_CURVE('',#266,#258,#268,.T.);
#266 = VERTEX_POINT('',#267);
#267 = CARTESIAN_POINT('',(-1.549,-0.655,3.34));
#268 = CIRCLE('',#269,0.15);
#269 = AXIS2_PLACEMENT_3D('',#270,#271,#272);
#270 = CARTESIAN_POINT('',(-1.549,-0.655,3.19));
#271 = DIRECTION('',(0.,1.,0.));
#272 = DIRECTION('',(0.,0.,1.));
#273 = ORIENTED_EDGE('',*,*,#274,.F.);
#274 = EDGE_CURVE('',#275,#266,#277,.T.);
#275 = VERTEX_POINT('',#276);
#276 = CARTESIAN_POINT('',(-1.699,-0.655,3.34));
#277 = LINE('',#278,#279);
#278 = CARTESIAN_POINT('',(-1.699,-0.655,3.34));
#279 = VECTOR('',#280,1.);
#280 = DIRECTION('',(1.,0.,0.));
#281 = ORIENTED_EDGE('',*,*,#282,.F.);
#282 = EDGE_CURVE('',#283,#275,#285,.T.);
#283 = VERTEX_POINT('',#284);
#284 = CARTESIAN_POINT('',(-1.849,-0.655,3.19));
#285 = CIRCLE('',#286,0.15);
#286 = AXIS2_PLACEMENT_3D('',#287,#288,#289);
#287 = CARTESIAN_POINT('',(-1.699,-0.655,3.19));
#288 = DIRECTION('',(0.,1.,-0.));
#289 = DIRECTION('',(-1.,0.,0.));
#290 = ORIENTED_EDGE('',*,*,#291,.F.);
#291 = EDGE_CURVE('',#292,#283,#294,.T.);
#292 = VERTEX_POINT('',#293);
#293 = CARTESIAN_POINT('',(-1.849,-0.655,1.99));
#294 = LINE('',#295,#296);
#295 = CARTESIAN_POINT('',(-1.849,-0.655,1.99));
#296 = VECTOR('',#297,1.);
#297 = DIRECTION('',(3.153033389932E-13,0.,1.));
#298 = ORIENTED_EDGE('',*,*,#299,.F.);
#299 = EDGE_CURVE('',#300,#292,#302,.T.);
#300 = VERTEX_POINT('',#301);
#301 = CARTESIAN_POINT('',(-1.749000000021,-0.655000022216,1.89));
#302 = LINE('',#303,#304);
#303 = CARTESIAN_POINT('',(-1.749000000021,-0.655000022216,1.89));
#304 = VECTOR('',#305,1.);
#305 = DIRECTION('',(-0.70710678111,1.570908278884E-07,0.707106781263));
#306 = ORIENTED_EDGE('',*,*,#307,.T.);
#307 = EDGE_CURVE('',#300,#308,#310,.T.);
#308 = VERTEX_POINT('',#309);
#309 = CARTESIAN_POINT('',(-1.749000000022,-0.655000022216,0.87000001776
    ));
#310 = LINE('',#311,#312);
#311 = CARTESIAN_POINT('',(-1.749000000021,-0.655000022216,1.89));
#312 = VECTOR('',#313,1.);
#313 = DIRECTION('',(-6.939982478685E-13,0.,-1.));
#314 = ORIENTED_EDGE('',*,*,#315,.F.);
#315 = EDGE_CURVE('',#316,#308,#318,.T.);
#316 = VERTEX_POINT('',#317);
#317 = CARTESIAN_POINT('',(-1.649000223687,-0.655,0.77000007109));
#318 = CIRCLE('',#319,0.1);
#319 = AXIS2_PLACEMENT_3D('',#320,#321,#322);
#320 = CARTESIAN_POINT('',(-1.649000000025,-0.655,0.87));
#321 = DIRECTION('',(0.,1.,0.));
#322 = DIRECTION('',(-6.709887214743E-06,0.,-0.999999999977));
#323 = ORIENTED_EDGE('',*,*,#324,.T.);
#324 = EDGE_CURVE('',#316,#127,#325,.T.);
#325 = LINE('',#326,#327);
#326 = CARTESIAN_POINT('',(-1.649000223687,-0.655,0.77000007109));
#327 = VECTOR('',#328,1.);
#328 = DIRECTION('',(1.,0.,4.308686918178E-08));
#329 = PLANE('',#330);
#330 = AXIS2_PLACEMENT_3D('',#331,#332,#333);
#331 = CARTESIAN_POINT('',(1.000000029999E-03,-0.655,1.63000005332));
#332 = DIRECTION('',(0.,1.,0.));
#333 = DIRECTION('',(-1.,0.,0.));
#334 = ADVANCED_FACE('',(#335),#411,.T.);
#335 = FACE_BOUND('',#336,.F.);
#336 = EDGE_LOOP('',(#337,#338,#346,#355,#363,#372,#380,#389,#397,#405)
  );
#337 = ORIENTED_EDGE('',*,*,#126,.F.);
#338 = ORIENTED_EDGE('',*,*,#339,.F.);
#339 = EDGE_CURVE('',#340,#127,#342,.T.);
#340 = VERTEX_POINT('',#341);
#341 = CARTESIAN_POINT('',(-0.823999999993,1.645000037278,0.77000010664)
  );
#342 = LINE('',#343,#344);
#343 = CARTESIAN_POINT('',(-0.823999999993,1.645000037278,0.77000010664)
  );
#344 = VECTOR('',#345,1.);
#345 = DIRECTION('',(0.,-1.,0.));
#346 = ORIENTED_EDGE('',*,*,#347,.F.);
#347 = EDGE_CURVE('',#348,#340,#350,.T.);
#348 = VERTEX_POINT('',#349);
#349 = CARTESIAN_POINT('',(-0.823999999993,1.745,0.67000010664));
#350 = CIRCLE('',#351,0.1);
#351 = AXIS2_PLACEMENT_3D('',#352,#353,#354);
#352 = CARTESIAN_POINT('',(-0.823999999993,1.645,0.67000010664));
#353 = DIRECTION('',(1.,0.,0.));
#354 = DIRECTION('',(0.,1.,0.));
#355 = ORIENTED_EDGE('',*,*,#356,.F.);
#356 = EDGE_CURVE('',#357,#348,#359,.T.);
#357 = VERTEX_POINT('',#358);
#358 = CARTESIAN_POINT('',(-0.823999999993,1.745,0.73235250316));
#359 = LINE('',#360,#361);
#360 = CARTESIAN_POINT('',(-0.823999999993,1.745,0.73235250316));
#361 = VECTOR('',#362,1.);
#362 = DIRECTION('',(0.,-2.136674296268E-14,-1.));
#363 = ORIENTED_EDGE('',*,*,#364,.F.);
#364 = EDGE_CURVE('',#365,#357,#367,.T.);
#365 = VERTEX_POINT('',#366);
#366 = CARTESIAN_POINT('',(-0.823999999993,1.727221995508,0.80318571503)
  );
#367 = CIRCLE('',#368,0.15);
#368 = AXIS2_PLACEMENT_3D('',#369,#370,#371);
#369 = CARTESIAN_POINT('',(-0.823999999993,1.595,0.73235250316));
#370 = DIRECTION('',(-1.,0.,0.));
#371 = DIRECTION('',(0.,0.881479970092,0.472221412398));
#372 = ORIENTED_EDGE('',*,*,#373,.F.);
#373 = EDGE_CURVE('',#374,#365,#376,.T.);
#374 = VERTEX_POINT('',#375);
#375 = CARTESIAN_POINT('',(-0.823999999993,1.637410779352,0.97083331852)
  );
#376 = LINE('',#377,#378);
#377 = CARTESIAN_POINT('',(-0.823999999993,1.637410779352,0.97083331852)
  );
#378 = VECTOR('',#379,1.);
#379 = DIRECTION('',(0.,0.472221412519,-0.881479970027));
#380 = ORIENTED_EDGE('',*,*,#381,.F.);
#381 = EDGE_CURVE('',#382,#374,#384,.T.);
#382 = VERTEX_POINT('',#383);
#383 = CARTESIAN_POINT('',(-0.823999999993,1.505188783847,1.05000010664)
  );
#384 = CIRCLE('',#385,0.15);
#385 = AXIS2_PLACEMENT_3D('',#386,#387,#388);
#386 = CARTESIAN_POINT('',(-0.823999999993,1.505188783847,0.90000010664)
  );
#387 = DIRECTION('',(-1.,0.,0.));
#388 = DIRECTION('',(0.,0.,1.));
#389 = ORIENTED_EDGE('',*,*,#390,.F.);
#390 = EDGE_CURVE('',#391,#382,#393,.T.);
#391 = VERTEX_POINT('',#392);
#392 = CARTESIAN_POINT('',(-0.823999999993,1.295,1.05000010664));
#393 = LINE('',#394,#395);
#394 = CARTESIAN_POINT('',(-0.823999999993,1.295,1.05000010664));
#395 = VECTOR('',#396,1.);
#396 = DIRECTION('',(0.,1.,0.));
#397 = ORIENTED_EDGE('',*,*,#398,.T.);
#398 = EDGE_CURVE('',#391,#399,#401,.T.);
#399 = VERTEX_POINT('',#400);
#400 = CARTESIAN_POINT('',(-0.823999999993,1.295,1.65000000001));
#401 = LINE('',#402,#403);
#402 = CARTESIAN_POINT('',(-0.823999999993,1.295,1.05000010664));
#403 = VECTOR('',#404,1.);
#404 = DIRECTION('',(0.,0.,1.));
#405 = ORIENTED_EDGE('',*,*,#406,.F.);
#406 = EDGE_CURVE('',#129,#399,#407,.T.);
#407 = LINE('',#408,#409);
#408 = CARTESIAN_POINT('',(-0.823999999993,-0.655,1.65000000001));
#409 = VECTOR('',#410,1.);
#410 = DIRECTION('',(0.,1.,0.));
#411 = PLANE('',#412);
#412 = AXIS2_PLACEMENT_3D('',#413,#414,#415);
#413 = CARTESIAN_POINT('',(-0.823999999993,-0.405,1.65000000001));
#414 = DIRECTION('',(-1.,0.,0.));
#415 = DIRECTION('',(0.,0.,-1.));
#416 = ADVANCED_FACE('',(#417),#451,.F.);
#417 = FACE_BOUND('',#418,.F.);
#418 = EDGE_LOOP('',(#419,#427,#428,#429,#437,#445));
#419 = ORIENTED_EDGE('',*,*,#420,.T.);
#420 = EDGE_CURVE('',#421,#340,#423,.T.);
#421 = VERTEX_POINT('',#422);
#422 = CARTESIAN_POINT('',(-1.249000141783,1.645000372757,0.77000008887)
  );
#423 = LINE('',#424,#425);
#424 = CARTESIAN_POINT('',(-1.249000141783,1.645000372757,0.77000008887)
  );
#425 = VECTOR('',#426,1.);
#426 = DIRECTION('',(1.,-7.89363527713E-07,4.181684713385E-08));
#427 = ORIENTED_EDGE('',*,*,#339,.T.);
#428 = ORIENTED_EDGE('',*,*,#324,.F.);
#429 = ORIENTED_EDGE('',*,*,#430,.T.);
#430 = EDGE_CURVE('',#316,#431,#433,.T.);
#431 = VERTEX_POINT('',#432);
#432 = CARTESIAN_POINT('',(-1.649000099709,1.934999887434,0.77000004147)
  );
#433 = LINE('',#434,#435);
#434 = CARTESIAN_POINT('',(-1.649000223687,-0.655,0.77000007109));
#435 = VECTOR('',#436,1.);
#436 = DIRECTION('',(4.786806183237E-08,1.,-1.143693752299E-08));
#437 = ORIENTED_EDGE('',*,*,#438,.T.);
#438 = EDGE_CURVE('',#431,#439,#441,.T.);
#439 = VERTEX_POINT('',#440);
#440 = CARTESIAN_POINT('',(-1.249000141783,1.934999881507,0.77000005925)
  );
#441 = LINE('',#442,#443);
#442 = CARTESIAN_POINT('',(-1.649000099709,1.934999887434,0.77000004147)
  );
#443 = VECTOR('',#444,1.);
#444 = DIRECTION('',(1.,-1.481718459464E-08,4.44362815544E-08));
#445 = ORIENTED_EDGE('',*,*,#446,.T.);
#446 = EDGE_CURVE('',#439,#421,#447,.T.);
#447 = LINE('',#448,#449);
#448 = CARTESIAN_POINT('',(-1.249000141783,1.934999881507,0.77000005925)
  );
#449 = VECTOR('',#450,1.);
#450 = DIRECTION('',(0.,-1.,1.021438274822E-07));
#451 = PLANE('',#452);
#452 = AXIS2_PLACEMENT_3D('',#453,#454,#455);
#453 = CARTESIAN_POINT('',(-0.849000105855,-1.505000106641,0.77000010664
    ));
#454 = DIRECTION('',(0.,0.,-1.));
#455 = DIRECTION('',(-1.,0.,0.));
#456 = ADVANCED_FACE('',(#457),#476,.T.);
#457 = FACE_BOUND('',#458,.T.);
#458 = EDGE_LOOP('',(#459,#460,#461,#469));
#459 = ORIENTED_EDGE('',*,*,#420,.T.);
#460 = ORIENTED_EDGE('',*,*,#347,.F.);
#461 = ORIENTED_EDGE('',*,*,#462,.T.);
#462 = EDGE_CURVE('',#348,#463,#465,.T.);
#463 = VERTEX_POINT('',#464);
#464 = CARTESIAN_POINT('',(-1.249000141783,1.744999999998,0.66999943563)
  );
#465 = LINE('',#466,#467);
#466 = CARTESIAN_POINT('',(-0.823999999993,1.745,0.67000010664));
#467 = VECTOR('',#468,1.);
#468 = DIRECTION('',(-1.,0.,-5.262820265514E-07));
#469 = ORIENTED_EDGE('',*,*,#470,.F.);
#470 = EDGE_CURVE('',#421,#463,#471,.T.);
#471 = CIRCLE('',#472,0.1);
#472 = AXIS2_PLACEMENT_3D('',#473,#474,#475);
#473 = CARTESIAN_POINT('',(-1.249000141783,1.645,0.67000010664));
#474 = DIRECTION('',(-1.,0.,0.));
#475 = DIRECTION('',(0.,1.006439366957E-05,0.999999999949));
#476 = CYLINDRICAL_SURFACE('',#477,0.1);
#477 = AXIS2_PLACEMENT_3D('',#478,#479,#480);
#478 = CARTESIAN_POINT('',(-5.006500105847,1.645,0.67000010664));
#479 = DIRECTION('',(-1.,0.,0.));
#480 = DIRECTION('',(0.,0.,1.));
#481 = ADVANCED_FACE('',(#482),#508,.F.);
#482 = FACE_BOUND('',#483,.F.);
#483 = EDGE_LOOP('',(#484,#485,#486,#494,#502));
#484 = ORIENTED_EDGE('',*,*,#470,.F.);
#485 = ORIENTED_EDGE('',*,*,#446,.F.);
#486 = ORIENTED_EDGE('',*,*,#487,.F.);
#487 = EDGE_CURVE('',#488,#439,#490,.T.);
#488 = VERTEX_POINT('',#489);
#489 = CARTESIAN_POINT('',(-1.249000141783,2.144999875586,0.56000007702)
  );
#490 = LINE('',#491,#492);
#491 = CARTESIAN_POINT('',(-1.249000141783,2.144999875586,0.56000007702)
  );
#492 = VECTOR('',#493,1.);
#493 = DIRECTION('',(0.,-0.707106801135,0.707106761238));
#494 = ORIENTED_EDGE('',*,*,#495,.T.);
#495 = EDGE_CURVE('',#488,#496,#498,.T.);
#496 = VERTEX_POINT('',#497);
#497 = CARTESIAN_POINT('',(-1.249000141783,1.745,0.56000010071));
#498 = LINE('',#499,#500);
#499 = CARTESIAN_POINT('',(-1.249000141783,2.144999875586,0.56000007702)
  );
#500 = VECTOR('',#501,1.);
#501 = DIRECTION('',(0.,-1.,5.92458533322E-08));
#502 = ORIENTED_EDGE('',*,*,#503,.F.);
#503 = EDGE_CURVE('',#463,#496,#504,.T.);
#504 = LINE('',#505,#506);
#505 = CARTESIAN_POINT('',(-1.249000141783,1.745,0.66999988297));
#506 = VECTOR('',#507,1.);
#507 = DIRECTION('',(0.,0.,-1.));
#508 = PLANE('',#509);
#509 = AXIS2_PLACEMENT_3D('',#510,#511,#512);
#510 = CARTESIAN_POINT('',(-1.249000141783,2.649002293359,0.351283));
#511 = DIRECTION('',(-1.,0.,0.));
#512 = DIRECTION('',(0.,0.,1.));
#513 = ADVANCED_FACE('',(#514),#594,.T.);
#514 = FACE_BOUND('',#515,.F.);
#515 = EDGE_LOOP('',(#516,#524,#525,#526,#541,#549,#557,#565,#580,#588)
  );
#516 = ORIENTED_EDGE('',*,*,#517,.T.);
#517 = EDGE_CURVE('',#518,#488,#520,.T.);
#518 = VERTEX_POINT('',#519);
#519 = CARTESIAN_POINT('',(1.250999894161,2.144999875588,0.56000007702)
  );
#520 = LINE('',#521,#522);
#521 = CARTESIAN_POINT('',(1.250999894161,2.144999875588,0.56000007702)
  );
#522 = VECTOR('',#523,1.);
#523 = DIRECTION('',(-1.,-5.419664639088E-13,-3.950617554026E-13));
#524 = ORIENTED_EDGE('',*,*,#487,.T.);
#525 = ORIENTED_EDGE('',*,*,#438,.F.);
#526 = ORIENTED_EDGE('',*,*,#527,.F.);
#527 = EDGE_CURVE('',#528,#431,#530,.T.);
#528 = VERTEX_POINT('',#529);
#529 = CARTESIAN_POINT('',(-1.729000000026,1.894999893357,0.81));
#530 = B_SPLINE_CURVE_WITH_KNOTS('',3,(#531,#532,#533,#534,#535,#536,
    #537,#538,#539,#540),.UNSPECIFIED.,.F.,.F.,(4,1,1,1,1,1,1,4),(0.,
    0.142857142857,0.285714285714,0.428571428571,0.571428571429,
    0.714285714286,0.857142857143,1.),.UNSPECIFIED.);
#531 = CARTESIAN_POINT('',(-1.729000000026,1.894999893357,0.81));
#532 = CARTESIAN_POINT('',(-1.725817599022,1.899243094697,0.80575679866)
  );
#533 = CARTESIAN_POINT('',(-1.719002195473,1.906925928221,0.79807396516)
  );
#534 = CARTESIAN_POINT('',(-1.707933513259,1.916194012003,0.78880588127)
  );
#535 = CARTESIAN_POINT('',(-1.696316391196,1.923430183993,0.78156970968)
  );
#536 = CARTESIAN_POINT('',(-1.684537960621,1.928755864449,0.77624402773)
  );
#537 = CARTESIAN_POINT('',(-1.672675439823,1.932410920092,0.77258897769)
  );
#538 = CARTESIAN_POINT('',(-1.660849529516,1.934532611841,0.77046726502)
  );
#539 = CARTESIAN_POINT('',(-1.652950144386,1.934999887434,0.77000004147)
  );
#540 = CARTESIAN_POINT('',(-1.649000099709,1.934999887434,0.77000004147)
  );
#541 = ORIENTED_EDGE('',*,*,#542,.T.);
#542 = EDGE_CURVE('',#528,#543,#545,.T.);
#543 = VERTEX_POINT('',#544);
#544 = CARTESIAN_POINT('',(-1.899000004169,2.234999943121,0.46999999526)
  );
#545 = LINE('',#546,#547);
#546 = CARTESIAN_POINT('',(-1.729000000026,1.894999893357,0.81));
#547 = VECTOR('',#548,1.);
#548 = DIRECTION('',(-0.333333316806,0.666666714942,-0.666666626655));
#549 = ORIENTED_EDGE('',*,*,#550,.T.);
#550 = EDGE_CURVE('',#543,#551,#553,.T.);
#551 = VERTEX_POINT('',#552);
#552 = CARTESIAN_POINT('',(1.901000004229,2.234999943121,0.46999999526)
  );
#553 = LINE('',#554,#555);
#554 = CARTESIAN_POINT('',(-1.899000004169,2.234999943121,0.46999999526)
  );
#555 = VECTOR('',#556,1.);
#556 = DIRECTION('',(1.,1.507565998528E-14,7.479397201999E-14));
#557 = ORIENTED_EDGE('',*,*,#558,.T.);
#558 = EDGE_CURVE('',#551,#559,#561,.T.);
#559 = VERTEX_POINT('',#560);
#560 = CARTESIAN_POINT('',(1.731000000086,1.894999893357,0.81));
#561 = LINE('',#562,#563);
#562 = CARTESIAN_POINT('',(1.901000004229,2.234999943121,0.46999999526)
  );
#563 = VECTOR('',#564,1.);
#564 = DIRECTION('',(-0.333333316806,-0.666666714942,0.666666626655));
#565 = ORIENTED_EDGE('',*,*,#566,.F.);
#566 = EDGE_CURVE('',#567,#559,#569,.T.);
#567 = VERTEX_POINT('',#568);
#568 = CARTESIAN_POINT('',(1.65100009984,1.934999887434,0.77000004147));
#569 = B_SPLINE_CURVE_WITH_KNOTS('',3,(#570,#571,#572,#573,#574,#575,
    #576,#577,#578,#579),.UNSPECIFIED.,.F.,.F.,(4,1,1,1,1,1,1,4),(0.,
    0.142857142857,0.285714285714,0.428571428571,0.571428571429,
    0.714285714286,0.857142857143,1.),.UNSPECIFIED.);
#570 = CARTESIAN_POINT('',(1.65100009984,1.934999887434,0.77000004147));
#571 = CARTESIAN_POINT('',(1.654946830566,1.934999887434,0.77000004147)
  );
#572 = CARTESIAN_POINT('',(1.662841460603,1.93453310699,0.77046676987));
#573 = CARTESIAN_POINT('',(1.674658389436,1.932415181087,0.77258471669)
  );
#574 = CARTESIAN_POINT('',(1.68653248917,1.92875824384,0.77624164833));
#575 = CARTESIAN_POINT('',(1.698310330673,1.923433503453,0.78156639022)
  );
#576 = CARTESIAN_POINT('',(1.709933111573,1.916194516658,0.78880537662)
  );
#577 = CARTESIAN_POINT('',(1.721000900163,1.906927112738,0.79807278065)
  );
#578 = CARTESIAN_POINT('',(1.72781728433,1.899243514366,0.80575637899));
#579 = CARTESIAN_POINT('',(1.731000000086,1.894999893357,0.81));
#580 = ORIENTED_EDGE('',*,*,#581,.F.);
#581 = EDGE_CURVE('',#582,#567,#584,.T.);
#582 = VERTEX_POINT('',#583);
#583 = CARTESIAN_POINT('',(1.250999894161,1.934999881512,0.77000005924)
  );
#584 = LINE('',#585,#586);
#585 = CARTESIAN_POINT('',(1.250999894161,1.934999881512,0.77000005924)
  );
#586 = VECTOR('',#587,1.);
#587 = DIRECTION('',(1.,1.480539595688E-08,-4.443037429315E-08));
#588 = ORIENTED_EDGE('',*,*,#589,.T.);
#589 = EDGE_CURVE('',#582,#518,#590,.T.);
#590 = LINE('',#591,#592);
#591 = CARTESIAN_POINT('',(1.250999894161,1.934999881512,0.77000005924)
  );
#592 = VECTOR('',#593,1.);
#593 = DIRECTION('',(0.,0.707106801135,-0.707106761238));
#594 = PLANE('',#595);
#595 = AXIS2_PLACEMENT_3D('',#596,#597,#598);
#596 = CARTESIAN_POINT('',(1.476000000085,2.084999893359,0.62));
#597 = DIRECTION('',(0.,0.707106781187,0.707106781187));
#598 = DIRECTION('',(0.,0.707106781187,-0.707106781187));
#599 = ADVANCED_FACE('',(#600),#618,.T.);
#600 = FACE_BOUND('',#601,.F.);
#601 = EDGE_LOOP('',(#602,#603,#611,#617));
#602 = ORIENTED_EDGE('',*,*,#517,.F.);
#603 = ORIENTED_EDGE('',*,*,#604,.F.);
#604 = EDGE_CURVE('',#605,#518,#607,.T.);
#605 = VERTEX_POINT('',#606);
#606 = CARTESIAN_POINT('',(1.250999894161,1.745,0.56000010072));
#607 = LINE('',#608,#609);
#608 = CARTESIAN_POINT('',(1.250999894161,1.745,0.56000010072));
#609 = VECTOR('',#610,1.);
#610 = DIRECTION('',(0.,1.,-5.9245853332E-08));
#611 = ORIENTED_EDGE('',*,*,#612,.F.);
#612 = EDGE_CURVE('',#496,#605,#613,.T.);
#613 = LINE('',#614,#615);
#614 = CARTESIAN_POINT('',(-1.249000141783,1.745,0.56000010071));
#615 = VECTOR('',#616,1.);
#616 = DIRECTION('',(1.,0.,3.950617554026E-13));
#617 = ORIENTED_EDGE('',*,*,#495,.F.);
#618 = PLANE('',#619);
#619 = AXIS2_PLACEMENT_3D('',#620,#621,#622);
#620 = CARTESIAN_POINT('',(-5.49900010587,1.895,0.56000010664));
#621 = DIRECTION('',(0.,0.,1.));
#622 = DIRECTION('',(0.,1.,0.));
#623 = ADVANCED_FACE('',(#624),#651,.F.);
#624 = FACE_BOUND('',#625,.F.);
#625 = EDGE_LOOP('',(#626,#634,#643,#649,#650));
#626 = ORIENTED_EDGE('',*,*,#627,.F.);
#627 = EDGE_CURVE('',#628,#582,#630,.T.);
#628 = VERTEX_POINT('',#629);
#629 = CARTESIAN_POINT('',(1.250999894161,1.645000149135,0.77000008887)
  );
#630 = LINE('',#631,#632);
#631 = CARTESIAN_POINT('',(1.250999894161,1.645000149135,0.77000008887)
  );
#632 = VECTOR('',#633,1.);
#633 = DIRECTION('',(0.,1.,-1.021437487163E-07));
#634 = ORIENTED_EDGE('',*,*,#635,.F.);
#635 = EDGE_CURVE('',#636,#628,#638,.T.);
#636 = VERTEX_POINT('',#637);
#637 = CARTESIAN_POINT('',(1.250999894161,1.745,0.67000010664));
#638 = CIRCLE('',#639,0.1);
#639 = AXIS2_PLACEMENT_3D('',#640,#641,#642);
#640 = CARTESIAN_POINT('',(1.250999894161,1.645,0.67000010664));
#641 = DIRECTION('',(1.,0.,0.));
#642 = DIRECTION('',(0.,1.,0.));
#643 = ORIENTED_EDGE('',*,*,#644,.F.);
#644 = EDGE_CURVE('',#605,#636,#645,.T.);
#645 = LINE('',#646,#647);
#646 = CARTESIAN_POINT('',(1.250999894161,1.745,0.56000010072));
#647 = VECTOR('',#648,1.);
#648 = DIRECTION('',(0.,0.,1.));
#649 = ORIENTED_EDGE('',*,*,#604,.T.);
#650 = ORIENTED_EDGE('',*,*,#589,.F.);
#651 = PLANE('',#652);
#652 = AXIS2_PLACEMENT_3D('',#653,#654,#655);
#653 = CARTESIAN_POINT('',(1.250999894161,2.649002293359,1.90000010666)
  );
#654 = DIRECTION('',(1.,0.,0.));
#655 = DIRECTION('',(0.,0.,-1.));
#656 = ADVANCED_FACE('',(#657),#682,.F.);
#657 = FACE_BOUND('',#658,.F.);
#658 = EDGE_LOOP('',(#659,#660,#668,#674,#675,#676));
#659 = ORIENTED_EDGE('',*,*,#184,.F.);
#660 = ORIENTED_EDGE('',*,*,#661,.T.);
#661 = EDGE_CURVE('',#177,#662,#664,.T.);
#662 = VERTEX_POINT('',#663);
#663 = CARTESIAN_POINT('',(0.826000000007,1.645000037282,0.77000010664)
  );
#664 = LINE('',#665,#666);
#665 = CARTESIAN_POINT('',(0.826000000007,-0.655,0.77000010664));
#666 = VECTOR('',#667,1.);
#667 = DIRECTION('',(0.,1.,0.));
#668 = ORIENTED_EDGE('',*,*,#669,.T.);
#669 = EDGE_CURVE('',#662,#628,#670,.T.);
#670 = LINE('',#671,#672);
#671 = CARTESIAN_POINT('',(0.826000000007,1.645000037282,0.77000010664)
  );
#672 = VECTOR('',#673,1.);
#673 = DIRECTION('',(1.,2.631829026378E-07,-4.18223719375E-08));
#674 = ORIENTED_EDGE('',*,*,#627,.T.);
#675 = ORIENTED_EDGE('',*,*,#581,.T.);
#676 = ORIENTED_EDGE('',*,*,#677,.T.);
#677 = EDGE_CURVE('',#567,#185,#678,.T.);
#678 = LINE('',#679,#680);
#679 = CARTESIAN_POINT('',(1.65100009984,1.934999887434,0.77000004147));
#680 = VECTOR('',#681,1.);
#681 = DIRECTION('',(4.785143780645E-08,-1.,1.143693477958E-08));
#682 = PLANE('',#683);
#683 = AXIS2_PLACEMENT_3D('',#684,#685,#686);
#684 = CARTESIAN_POINT('',(0.400999894145,-1.505000106641,0.77000010664)
  );
#685 = DIRECTION('',(0.,0.,-1.));
#686 = DIRECTION('',(-1.,0.,0.));
#687 = ADVANCED_FACE('',(#688),#757,.T.);
#688 = FACE_BOUND('',#689,.F.);
#689 = EDGE_LOOP('',(#690,#691,#692,#700,#708,#716,#725,#733,#742,#750)
  );
#690 = ORIENTED_EDGE('',*,*,#661,.F.);
#691 = ORIENTED_EDGE('',*,*,#176,.T.);
#692 = ORIENTED_EDGE('',*,*,#693,.T.);
#693 = EDGE_CURVE('',#169,#694,#696,.T.);
#694 = VERTEX_POINT('',#695);
#695 = CARTESIAN_POINT('',(0.826000000007,1.295,1.65000000001));
#696 = LINE('',#697,#698);
#697 = CARTESIAN_POINT('',(0.826000000007,-0.655,1.65000000001));
#698 = VECTOR('',#699,1.);
#699 = DIRECTION('',(0.,1.,0.));
#700 = ORIENTED_EDGE('',*,*,#701,.T.);
#701 = EDGE_CURVE('',#694,#702,#704,.T.);
#702 = VERTEX_POINT('',#703);
#703 = CARTESIAN_POINT('',(0.826000000007,1.295,1.05000010664));
#704 = LINE('',#705,#706);
#705 = CARTESIAN_POINT('',(0.826000000007,1.295,1.65000000001));
#706 = VECTOR('',#707,1.);
#707 = DIRECTION('',(0.,0.,-1.));
#708 = ORIENTED_EDGE('',*,*,#709,.T.);
#709 = EDGE_CURVE('',#702,#710,#712,.T.);
#710 = VERTEX_POINT('',#711);
#711 = CARTESIAN_POINT('',(0.826000000007,1.505188783847,1.05000010664)
  );
#712 = LINE('',#713,#714);
#713 = CARTESIAN_POINT('',(0.826000000007,1.295,1.05000010664));
#714 = VECTOR('',#715,1.);
#715 = DIRECTION('',(0.,1.,0.));
#716 = ORIENTED_EDGE('',*,*,#717,.F.);
#717 = EDGE_CURVE('',#718,#710,#720,.T.);
#718 = VERTEX_POINT('',#719);
#719 = CARTESIAN_POINT('',(0.826000000007,1.637410779349,0.97083331852)
  );
#720 = CIRCLE('',#721,0.15);
#721 = AXIS2_PLACEMENT_3D('',#722,#723,#724);
#722 = CARTESIAN_POINT('',(0.826000000007,1.505188783847,0.90000010664)
  );
#723 = DIRECTION('',(1.,0.,-0.));
#724 = DIRECTION('',(0.,0.881479970004,0.472221412562));
#725 = ORIENTED_EDGE('',*,*,#726,.F.);
#726 = EDGE_CURVE('',#727,#718,#729,.T.);
#727 = VERTEX_POINT('',#728);
#728 = CARTESIAN_POINT('',(0.826000000007,1.727221995513,0.80318571502)
  );
#729 = LINE('',#730,#731);
#730 = CARTESIAN_POINT('',(0.826000000007,1.727221995513,0.80318571502)
  );
#731 = VECTOR('',#732,1.);
#732 = DIRECTION('',(0.,-0.472221412519,0.881479970027));
#733 = ORIENTED_EDGE('',*,*,#734,.F.);
#734 = EDGE_CURVE('',#735,#727,#737,.T.);
#735 = VERTEX_POINT('',#736);
#736 = CARTESIAN_POINT('',(0.826000000007,1.745,0.73235250316));
#737 = CIRCLE('',#738,0.15);
#738 = AXIS2_PLACEMENT_3D('',#739,#740,#741);
#739 = CARTESIAN_POINT('',(0.826000000007,1.595,0.73235250316));
#740 = DIRECTION('',(1.,0.,0.));
#741 = DIRECTION('',(0.,1.,0.));
#742 = ORIENTED_EDGE('',*,*,#743,.T.);
#743 = EDGE_CURVE('',#735,#744,#746,.T.);
#744 = VERTEX_POINT('',#745);
#745 = CARTESIAN_POINT('',(0.826000000007,1.745,0.67000010664));
#746 = LINE('',#747,#748);
#747 = CARTESIAN_POINT('',(0.826000000007,1.745,0.73235250316));
#748 = VECTOR('',#749,1.);
#749 = DIRECTION('',(-1.424449530845E-14,0.,-1.));
#750 = ORIENTED_EDGE('',*,*,#751,.F.);
#751 = EDGE_CURVE('',#662,#744,#752,.T.);
#752 = CIRCLE('',#753,0.1);
#753 = AXIS2_PLACEMENT_3D('',#754,#755,#756);
#754 = CARTESIAN_POINT('',(0.826000000007,1.645,0.67000010664));
#755 = DIRECTION('',(-1.,0.,0.));
#756 = DIRECTION('',(0.,4.440892098501E-13,1.));
#757 = PLANE('',#758);
#758 = AXIS2_PLACEMENT_3D('',#759,#760,#761);
#759 = CARTESIAN_POINT('',(0.826000000007,0.114223593596,0.87));
#760 = DIRECTION('',(1.,0.,0.));
#761 = DIRECTION('',(0.,1.,0.));
#762 = ADVANCED_FACE('',(#763),#781,.T.);
#763 = FACE_BOUND('',#764,.F.);
#764 = EDGE_LOOP('',(#765,#766,#767,#775));
#765 = ORIENTED_EDGE('',*,*,#693,.F.);
#766 = ORIENTED_EDGE('',*,*,#168,.F.);
#767 = ORIENTED_EDGE('',*,*,#768,.T.);
#768 = EDGE_CURVE('',#161,#769,#771,.T.);
#769 = VERTEX_POINT('',#770);
#770 = CARTESIAN_POINT('',(0.426000000007,1.295,1.65000000001));
#771 = LINE('',#772,#773);
#772 = CARTESIAN_POINT('',(0.426000000007,-0.655,1.65000000001));
#773 = VECTOR('',#774,1.);
#774 = DIRECTION('',(0.,1.,0.));
#775 = ORIENTED_EDGE('',*,*,#776,.T.);
#776 = EDGE_CURVE('',#769,#694,#777,.T.);
#777 = LINE('',#778,#779);
#778 = CARTESIAN_POINT('',(0.426000000007,1.295,1.65000000001));
#779 = VECTOR('',#780,1.);
#780 = DIRECTION('',(1.,0.,0.));
#781 = PLANE('',#782);
#782 = AXIS2_PLACEMENT_3D('',#783,#784,#785);
#783 = CARTESIAN_POINT('',(0.826000000007,-0.405,1.65000000001));
#784 = DIRECTION('',(0.,0.,1.));
#785 = DIRECTION('',(-1.,0.,0.));
#786 = ADVANCED_FACE('',(#787),#856,.F.);
#787 = FACE_BOUND('',#788,.F.);
#788 = EDGE_LOOP('',(#789,#790,#798,#807,#815,#824,#832,#841,#849,#855)
  );
#789 = ORIENTED_EDGE('',*,*,#160,.F.);
#790 = ORIENTED_EDGE('',*,*,#791,.T.);
#791 = EDGE_CURVE('',#153,#792,#794,.T.);
#792 = VERTEX_POINT('',#793);
#793 = CARTESIAN_POINT('',(0.426000000007,1.645,0.77000010664));
#794 = LINE('',#795,#796);
#795 = CARTESIAN_POINT('',(0.426000000007,-0.655,0.77000010664));
#796 = VECTOR('',#797,1.);
#797 = DIRECTION('',(0.,1.,0.));
#798 = ORIENTED_EDGE('',*,*,#799,.F.);
#799 = EDGE_CURVE('',#800,#792,#802,.T.);
#800 = VERTEX_POINT('',#801);
#801 = CARTESIAN_POINT('',(0.426000000007,1.745,0.67000010664));
#802 = CIRCLE('',#803,0.1);
#803 = AXIS2_PLACEMENT_3D('',#804,#805,#806);
#804 = CARTESIAN_POINT('',(0.426000000007,1.645,0.67000010664));
#805 = DIRECTION('',(1.,0.,0.));
#806 = DIRECTION('',(0.,1.,0.));
#807 = ORIENTED_EDGE('',*,*,#808,.F.);
#808 = EDGE_CURVE('',#809,#800,#811,.T.);
#809 = VERTEX_POINT('',#810);
#810 = CARTESIAN_POINT('',(0.426000000007,1.745,0.73235250316));
#811 = LINE('',#812,#813);
#812 = CARTESIAN_POINT('',(0.426000000007,1.745,0.73235250316));
#813 = VECTOR('',#814,1.);
#814 = DIRECTION('',(-1.424449530846E-14,0.,-1.));
#815 = ORIENTED_EDGE('',*,*,#816,.F.);
#816 = EDGE_CURVE('',#817,#809,#819,.T.);
#817 = VERTEX_POINT('',#818);
#818 = CARTESIAN_POINT('',(0.426000000007,1.727221995508,0.80318571503)
  );
#819 = CIRCLE('',#820,0.15);
#820 = AXIS2_PLACEMENT_3D('',#821,#822,#823);
#821 = CARTESIAN_POINT('',(0.426000000007,1.595,0.73235250316));
#822 = DIRECTION('',(-1.,0.,0.));
#823 = DIRECTION('',(0.,0.881479970092,0.472221412398));
#824 = ORIENTED_EDGE('',*,*,#825,.F.);
#825 = EDGE_CURVE('',#826,#817,#828,.T.);
#826 = VERTEX_POINT('',#827);
#827 = CARTESIAN_POINT('',(0.426000000007,1.637410779352,0.97083331852)
  );
#828 = LINE('',#829,#830);
#829 = CARTESIAN_POINT('',(0.426000000007,1.637410779352,0.97083331852)
  );
#830 = VECTOR('',#831,1.);
#831 = DIRECTION('',(0.,0.472221412519,-0.881479970027));
#832 = ORIENTED_EDGE('',*,*,#833,.F.);
#833 = EDGE_CURVE('',#834,#826,#836,.T.);
#834 = VERTEX_POINT('',#835);
#835 = CARTESIAN_POINT('',(0.426000000007,1.505188783847,1.05000010664)
  );
#836 = CIRCLE('',#837,0.15);
#837 = AXIS2_PLACEMENT_3D('',#838,#839,#840);
#838 = CARTESIAN_POINT('',(0.426000000007,1.505188783847,0.90000010664)
  );
#839 = DIRECTION('',(-1.,0.,0.));
#840 = DIRECTION('',(0.,0.,1.));
#841 = ORIENTED_EDGE('',*,*,#842,.F.);
#842 = EDGE_CURVE('',#843,#834,#845,.T.);
#843 = VERTEX_POINT('',#844);
#844 = CARTESIAN_POINT('',(0.426000000007,1.295,1.05000010664));
#845 = LINE('',#846,#847);
#846 = CARTESIAN_POINT('',(0.426000000007,1.295,1.05000010664));
#847 = VECTOR('',#848,1.);
#848 = DIRECTION('',(0.,1.,0.));
#849 = ORIENTED_EDGE('',*,*,#850,.T.);
#850 = EDGE_CURVE('',#843,#769,#851,.T.);
#851 = LINE('',#852,#853);
#852 = CARTESIAN_POINT('',(0.426000000007,1.295,1.05000010664));
#853 = VECTOR('',#854,1.);
#854 = DIRECTION('',(0.,0.,1.));
#855 = ORIENTED_EDGE('',*,*,#768,.F.);
#856 = PLANE('',#857);
#857 = AXIS2_PLACEMENT_3D('',#858,#859,#860);
#858 = CARTESIAN_POINT('',(0.426000000007,0.145,0.87));
#859 = DIRECTION('',(1.,0.,0.));
#860 = DIRECTION('',(0.,1.,0.));
#861 = ADVANCED_FACE('',(#862),#880,.F.);
#862 = FACE_BOUND('',#863,.F.);
#863 = EDGE_LOOP('',(#864,#865,#866,#874));
#864 = ORIENTED_EDGE('',*,*,#791,.F.);
#865 = ORIENTED_EDGE('',*,*,#152,.T.);
#866 = ORIENTED_EDGE('',*,*,#867,.T.);
#867 = EDGE_CURVE('',#145,#868,#870,.T.);
#868 = VERTEX_POINT('',#869);
#869 = CARTESIAN_POINT('',(-0.423999999993,1.645,0.77000010664));
#870 = LINE('',#871,#872);
#871 = CARTESIAN_POINT('',(-0.423999999993,-0.655,0.77000010664));
#872 = VECTOR('',#873,1.);
#873 = DIRECTION('',(0.,1.,0.));
#874 = ORIENTED_EDGE('',*,*,#875,.T.);
#875 = EDGE_CURVE('',#868,#792,#876,.T.);
#876 = LINE('',#877,#878);
#877 = CARTESIAN_POINT('',(-0.423999999993,1.645,0.77000010664));
#878 = VECTOR('',#879,1.);
#879 = DIRECTION('',(1.,-1.671865260612E-14,0.));
#880 = PLANE('',#881);
#881 = AXIS2_PLACEMENT_3D('',#882,#883,#884);
#882 = CARTESIAN_POINT('',(-0.849000105855,-1.505000106641,0.77000010664
    ));
#883 = DIRECTION('',(0.,0.,-1.));
#884 = DIRECTION('',(-1.,0.,0.));
#885 = ADVANCED_FACE('',(#886),#955,.T.);
#886 = FACE_BOUND('',#887,.F.);
#887 = EDGE_LOOP('',(#888,#889,#890,#898,#906,#914,#923,#931,#940,#948)
  );
#888 = ORIENTED_EDGE('',*,*,#867,.F.);
#889 = ORIENTED_EDGE('',*,*,#144,.T.);
#890 = ORIENTED_EDGE('',*,*,#891,.T.);
#891 = EDGE_CURVE('',#137,#892,#894,.T.);
#892 = VERTEX_POINT('',#893);
#893 = CARTESIAN_POINT('',(-0.423999999993,1.295,1.65000000001));
#894 = LINE('',#895,#896);
#895 = CARTESIAN_POINT('',(-0.423999999993,-0.655,1.65000000001));
#896 = VECTOR('',#897,1.);
#897 = DIRECTION('',(0.,1.,0.));
#898 = ORIENTED_EDGE('',*,*,#899,.T.);
#899 = EDGE_CURVE('',#892,#900,#902,.T.);
#900 = VERTEX_POINT('',#901);
#901 = CARTESIAN_POINT('',(-0.423999999993,1.295,1.05000010664));
#902 = LINE('',#903,#904);
#903 = CARTESIAN_POINT('',(-0.423999999993,1.295,1.65000000001));
#904 = VECTOR('',#905,1.);
#905 = DIRECTION('',(0.,0.,-1.));
#906 = ORIENTED_EDGE('',*,*,#907,.T.);
#907 = EDGE_CURVE('',#900,#908,#910,.T.);
#908 = VERTEX_POINT('',#909);
#909 = CARTESIAN_POINT('',(-0.423999999993,1.505188783847,1.05000010664)
  );
#910 = LINE('',#911,#912);
#911 = CARTESIAN_POINT('',(-0.423999999993,1.295,1.05000010664));
#912 = VECTOR('',#913,1.);
#913 = DIRECTION('',(0.,1.,0.));
#914 = ORIENTED_EDGE('',*,*,#915,.F.);
#915 = EDGE_CURVE('',#916,#908,#918,.T.);
#916 = VERTEX_POINT('',#917);
#917 = CARTESIAN_POINT('',(-0.423999999993,1.637410779348,0.97083331852)
  );
#918 = CIRCLE('',#919,0.15);
#919 = AXIS2_PLACEMENT_3D('',#920,#921,#922);
#920 = CARTESIAN_POINT('',(-0.423999999993,1.505188783847,0.90000010664)
  );
#921 = DIRECTION('',(1.,0.,-0.));
#922 = DIRECTION('',(0.,0.881479970004,0.472221412562));
#923 = ORIENTED_EDGE('',*,*,#924,.F.);
#924 = EDGE_CURVE('',#925,#916,#927,.T.);
#925 = VERTEX_POINT('',#926);
#926 = CARTESIAN_POINT('',(-0.423999999993,1.727221995513,0.80318571502)
  );
#927 = LINE('',#928,#929);
#928 = CARTESIAN_POINT('',(-0.423999999993,1.727221995513,0.80318571502)
  );
#929 = VECTOR('',#930,1.);
#930 = DIRECTION('',(0.,-0.472221412519,0.881479970027));
#931 = ORIENTED_EDGE('',*,*,#932,.F.);
#932 = EDGE_CURVE('',#933,#925,#935,.T.);
#933 = VERTEX_POINT('',#934);
#934 = CARTESIAN_POINT('',(-0.423999999993,1.745,0.73235250316));
#935 = CIRCLE('',#936,0.15);
#936 = AXIS2_PLACEMENT_3D('',#937,#938,#939);
#937 = CARTESIAN_POINT('',(-0.423999999993,1.595,0.73235250316));
#938 = DIRECTION('',(1.,0.,0.));
#939 = DIRECTION('',(0.,1.,0.));
#940 = ORIENTED_EDGE('',*,*,#941,.T.);
#941 = EDGE_CURVE('',#933,#942,#944,.T.);
#942 = VERTEX_POINT('',#943);
#943 = CARTESIAN_POINT('',(-0.423999999993,1.745,0.67000010664));
#944 = LINE('',#945,#946);
#945 = CARTESIAN_POINT('',(-0.423999999993,1.745,0.73235250316));
#946 = VECTOR('',#947,1.);
#947 = DIRECTION('',(0.,0.,-1.));
#948 = ORIENTED_EDGE('',*,*,#949,.F.);
#949 = EDGE_CURVE('',#868,#942,#950,.T.);
#950 = CIRCLE('',#951,0.1);
#951 = AXIS2_PLACEMENT_3D('',#952,#953,#954);
#952 = CARTESIAN_POINT('',(-0.423999999993,1.645,0.67000010664));
#953 = DIRECTION('',(-1.,0.,0.));
#954 = DIRECTION('',(0.,4.440892098501E-13,1.));
#955 = PLANE('',#956);
#956 = AXIS2_PLACEMENT_3D('',#957,#958,#959);
#957 = CARTESIAN_POINT('',(-0.423999999993,0.114223593596,0.87));
#958 = DIRECTION('',(1.,0.,0.));
#959 = DIRECTION('',(0.,1.,0.));
#960 = ADVANCED_FACE('',(#961),#972,.T.);
#961 = FACE_BOUND('',#962,.F.);
#962 = EDGE_LOOP('',(#963,#964,#965,#966));
#963 = ORIENTED_EDGE('',*,*,#891,.F.);
#964 = ORIENTED_EDGE('',*,*,#136,.F.);
#965 = ORIENTED_EDGE('',*,*,#406,.T.);
#966 = ORIENTED_EDGE('',*,*,#967,.T.);
#967 = EDGE_CURVE('',#399,#892,#968,.T.);
#968 = LINE('',#969,#970);
#969 = CARTESIAN_POINT('',(-0.823999999993,1.295,1.65000000001));
#970 = VECTOR('',#971,1.);
#971 = DIRECTION('',(1.,0.,0.));
#972 = PLANE('',#973);
#973 = AXIS2_PLACEMENT_3D('',#974,#975,#976);
#974 = CARTESIAN_POINT('',(-0.423999999993,-0.405,1.65000000001));
#975 = DIRECTION('',(0.,0.,1.));
#976 = DIRECTION('',(-1.,0.,0.));
#977 = ADVANCED_FACE('',(#978),#989,.T.);
#978 = FACE_BOUND('',#979,.F.);
#979 = EDGE_LOOP('',(#980,#981,#987,#988));
#980 = ORIENTED_EDGE('',*,*,#398,.F.);
#981 = ORIENTED_EDGE('',*,*,#982,.F.);
#982 = EDGE_CURVE('',#900,#391,#983,.T.);
#983 = LINE('',#984,#985);
#984 = CARTESIAN_POINT('',(-0.423999999993,1.295,1.05000010664));
#985 = VECTOR('',#986,1.);
#986 = DIRECTION('',(-1.,0.,0.));
#987 = ORIENTED_EDGE('',*,*,#899,.F.);
#988 = ORIENTED_EDGE('',*,*,#967,.F.);
#989 = PLANE('',#990);
#990 = AXIS2_PLACEMENT_3D('',#991,#992,#993);
#991 = CARTESIAN_POINT('',(-0.823999999993,1.295,1.60000000002));
#992 = DIRECTION('',(0.,1.,0.));
#993 = DIRECTION('',(0.,0.,-1.));
#994 = ADVANCED_FACE('',(#995),#1006,.F.);
#995 = FACE_BOUND('',#996,.F.);
#996 = EDGE_LOOP('',(#997,#998,#1004,#1005));
#997 = ORIENTED_EDGE('',*,*,#390,.T.);
#998 = ORIENTED_EDGE('',*,*,#999,.T.);
#999 = EDGE_CURVE('',#382,#908,#1000,.T.);
#1000 = LINE('',#1001,#1002);
#1001 = CARTESIAN_POINT('',(-0.823999999993,1.505188783847,1.05000010664
    ));
#1002 = VECTOR('',#1003,1.);
#1003 = DIRECTION('',(1.,0.,0.));
#1004 = ORIENTED_EDGE('',*,*,#907,.F.);
#1005 = ORIENTED_EDGE('',*,*,#982,.T.);
#1006 = PLANE('',#1007);
#1007 = AXIS2_PLACEMENT_3D('',#1008,#1009,#1010);
#1008 = CARTESIAN_POINT('',(-0.409000105855,1.895,1.05000010664));
#1009 = DIRECTION('',(0.,0.,-1.));
#1010 = DIRECTION('',(1.,0.,0.));
#1011 = ADVANCED_FACE('',(#1012),#1023,.T.);
#1012 = FACE_BOUND('',#1013,.T.);
#1013 = EDGE_LOOP('',(#1014,#1020,#1021,#1022));
#1014 = ORIENTED_EDGE('',*,*,#1015,.T.);
#1015 = EDGE_CURVE('',#916,#374,#1016,.T.);
#1016 = LINE('',#1017,#1018);
#1017 = CARTESIAN_POINT('',(-0.423999999993,1.637410779349,0.97083331852
    ));
#1018 = VECTOR('',#1019,1.);
#1019 = DIRECTION('',(-1.,6.527001161771E-12,-8.508749260727E-12));
#1020 = ORIENTED_EDGE('',*,*,#381,.F.);
#1021 = ORIENTED_EDGE('',*,*,#999,.T.);
#1022 = ORIENTED_EDGE('',*,*,#915,.F.);
#1023 = CYLINDRICAL_SURFACE('',#1024,0.15);
#1024 = AXIS2_PLACEMENT_3D('',#1025,#1026,#1027);
#1025 = CARTESIAN_POINT('',(-5.006500105847,1.505188783847,0.90000010664
    ));
#1026 = DIRECTION('',(1.,0.,0.));
#1027 = DIRECTION('',(0.,0.,-1.));
#1028 = ADVANCED_FACE('',(#1029),#1040,.T.);
#1029 = FACE_BOUND('',#1030,.F.);
#1030 = EDGE_LOOP('',(#1031,#1032,#1038,#1039));
#1031 = ORIENTED_EDGE('',*,*,#373,.T.);
#1032 = ORIENTED_EDGE('',*,*,#1033,.T.);
#1033 = EDGE_CURVE('',#365,#925,#1034,.T.);
#1034 = LINE('',#1035,#1036);
#1035 = CARTESIAN_POINT('',(-0.823999999993,1.727221995508,0.80318571503
    ));
#1036 = VECTOR('',#1037,1.);
#1037 = DIRECTION('',(1.,1.093902746163E-11,-2.408739874227E-11));
#1038 = ORIENTED_EDGE('',*,*,#924,.T.);
#1039 = ORIENTED_EDGE('',*,*,#1015,.T.);
#1040 = PLANE('',#1041);
#1041 = AXIS2_PLACEMENT_3D('',#1042,#1043,#1044);
#1042 = CARTESIAN_POINT('',(-0.624000105855,1.67,0.91000010664));
#1043 = DIRECTION('',(0.,0.881479970029,0.472221412515));
#1044 = DIRECTION('',(0.,0.472221412515,-0.881479970029));
#1045 = ADVANCED_FACE('',(#1046),#1057,.T.);
#1046 = FACE_BOUND('',#1047,.T.);
#1047 = EDGE_LOOP('',(#1048,#1054,#1055,#1056));
#1048 = ORIENTED_EDGE('',*,*,#1049,.T.);
#1049 = EDGE_CURVE('',#933,#357,#1050,.T.);
#1050 = LINE('',#1051,#1052);
#1051 = CARTESIAN_POINT('',(-0.423999999993,1.745,0.73235250316));
#1052 = VECTOR('',#1053,1.);
#1053 = DIRECTION('',(-1.,0.,0.));
#1054 = ORIENTED_EDGE('',*,*,#364,.F.);
#1055 = ORIENTED_EDGE('',*,*,#1033,.T.);
#1056 = ORIENTED_EDGE('',*,*,#932,.F.);
#1057 = CYLINDRICAL_SURFACE('',#1058,0.15);
#1058 = AXIS2_PLACEMENT_3D('',#1059,#1060,#1061);
#1059 = CARTESIAN_POINT('',(-5.006500105847,1.595,0.73235250316));
#1060 = DIRECTION('',(1.,0.,0.));
#1061 = DIRECTION('',(0.,0.,-1.));
#1062 = ADVANCED_FACE('',(#1063),#1092,.F.);
#1063 = FACE_BOUND('',#1064,.F.);
#1064 = EDGE_LOOP('',(#1065,#1066,#1067,#1073,#1074,#1080,#1081,#1087,
    #1088,#1089,#1090,#1091));
#1065 = ORIENTED_EDGE('',*,*,#612,.T.);
#1066 = ORIENTED_EDGE('',*,*,#644,.T.);
#1067 = ORIENTED_EDGE('',*,*,#1068,.T.);
#1068 = EDGE_CURVE('',#636,#744,#1069,.T.);
#1069 = LINE('',#1070,#1071);
#1070 = CARTESIAN_POINT('',(1.250999894161,1.745,0.67000010664));
#1071 = VECTOR('',#1072,1.);
#1072 = DIRECTION('',(-1.,0.,-3.343731353978E-14));
#1073 = ORIENTED_EDGE('',*,*,#743,.F.);
#1074 = ORIENTED_EDGE('',*,*,#1075,.T.);
#1075 = EDGE_CURVE('',#735,#809,#1076,.T.);
#1076 = LINE('',#1077,#1078);
#1077 = CARTESIAN_POINT('',(0.826000000007,1.745,0.73235250316));
#1078 = VECTOR('',#1079,1.);
#1079 = DIRECTION('',(-1.,0.,0.));
#1080 = ORIENTED_EDGE('',*,*,#808,.T.);
#1081 = ORIENTED_EDGE('',*,*,#1082,.T.);
#1082 = EDGE_CURVE('',#800,#942,#1083,.T.);
#1083 = LINE('',#1084,#1085);
#1084 = CARTESIAN_POINT('',(0.426000000007,1.745,0.67000010664));
#1085 = VECTOR('',#1086,1.);
#1086 = DIRECTION('',(-1.,0.,-1.671865260612E-14));
#1087 = ORIENTED_EDGE('',*,*,#941,.F.);
#1088 = ORIENTED_EDGE('',*,*,#1049,.T.);
#1089 = ORIENTED_EDGE('',*,*,#356,.T.);
#1090 = ORIENTED_EDGE('',*,*,#462,.T.);
#1091 = ORIENTED_EDGE('',*,*,#503,.T.);
#1092 = PLANE('',#1093);
#1093 = AXIS2_PLACEMENT_3D('',#1094,#1095,#1096);
#1094 = CARTESIAN_POINT('',(4.150999894238,1.745,0.77000010664));
#1095 = DIRECTION('',(0.,-1.,0.));
#1096 = DIRECTION('',(0.,0.,-1.));
#1097 = ADVANCED_FACE('',(#1098),#1104,.T.);
#1098 = FACE_BOUND('',#1099,.T.);
#1099 = EDGE_LOOP('',(#1100,#1101,#1102,#1103));
#1100 = ORIENTED_EDGE('',*,*,#751,.F.);
#1101 = ORIENTED_EDGE('',*,*,#669,.T.);
#1102 = ORIENTED_EDGE('',*,*,#635,.F.);
#1103 = ORIENTED_EDGE('',*,*,#1068,.T.);
#1104 = CYLINDRICAL_SURFACE('',#1105,0.1);
#1105 = AXIS2_PLACEMENT_3D('',#1106,#1107,#1108);
#1106 = CARTESIAN_POINT('',(-5.006500105847,1.645,0.67000010664));
#1107 = DIRECTION('',(-1.,0.,0.));
#1108 = DIRECTION('',(0.,0.,1.));
#1109 = ADVANCED_FACE('',(#1110),#1121,.T.);
#1110 = FACE_BOUND('',#1111,.T.);
#1111 = EDGE_LOOP('',(#1112,#1113,#1114,#1120));
#1112 = ORIENTED_EDGE('',*,*,#1075,.T.);
#1113 = ORIENTED_EDGE('',*,*,#816,.F.);
#1114 = ORIENTED_EDGE('',*,*,#1115,.T.);
#1115 = EDGE_CURVE('',#817,#727,#1116,.T.);
#1116 = LINE('',#1117,#1118);
#1117 = CARTESIAN_POINT('',(0.426000000007,1.727221995508,0.80318571503)
  );
#1118 = VECTOR('',#1119,1.);
#1119 = DIRECTION('',(1.,1.093902746163E-11,-2.408739874227E-11));
#1120 = ORIENTED_EDGE('',*,*,#734,.F.);
#1121 = CYLINDRICAL_SURFACE('',#1122,0.15);
#1122 = AXIS2_PLACEMENT_3D('',#1123,#1124,#1125);
#1123 = CARTESIAN_POINT('',(-5.006500105847,1.595,0.73235250316));
#1124 = DIRECTION('',(1.,0.,0.));
#1125 = DIRECTION('',(0.,0.,-1.));
#1126 = ADVANCED_FACE('',(#1127),#1138,.T.);
#1127 = FACE_BOUND('',#1128,.F.);
#1128 = EDGE_LOOP('',(#1129,#1130,#1131,#1132));
#1129 = ORIENTED_EDGE('',*,*,#825,.T.);
#1130 = ORIENTED_EDGE('',*,*,#1115,.T.);
#1131 = ORIENTED_EDGE('',*,*,#726,.T.);
#1132 = ORIENTED_EDGE('',*,*,#1133,.T.);
#1133 = EDGE_CURVE('',#718,#826,#1134,.T.);
#1134 = LINE('',#1135,#1136);
#1135 = CARTESIAN_POINT('',(0.826000000007,1.637410779349,0.97083331852)
  );
#1136 = VECTOR('',#1137,1.);
#1137 = DIRECTION('',(-1.,6.527001161771E-12,-8.508749260727E-12));
#1138 = PLANE('',#1139);
#1139 = AXIS2_PLACEMENT_3D('',#1140,#1141,#1142);
#1140 = CARTESIAN_POINT('',(0.625999894145,1.67,0.91000010664));
#1141 = DIRECTION('',(0.,0.881479970029,0.472221412515));
#1142 = DIRECTION('',(0.,0.472221412515,-0.881479970029));
#1143 = ADVANCED_FACE('',(#1144),#1155,.T.);
#1144 = FACE_BOUND('',#1145,.T.);
#1145 = EDGE_LOOP('',(#1146,#1147,#1148,#1154));
#1146 = ORIENTED_EDGE('',*,*,#1133,.T.);
#1147 = ORIENTED_EDGE('',*,*,#833,.F.);
#1148 = ORIENTED_EDGE('',*,*,#1149,.T.);
#1149 = EDGE_CURVE('',#834,#710,#1150,.T.);
#1150 = LINE('',#1151,#1152);
#1151 = CARTESIAN_POINT('',(0.426000000007,1.505188783847,1.05000010664)
  );
#1152 = VECTOR('',#1153,1.);
#1153 = DIRECTION('',(1.,0.,0.));
#1154 = ORIENTED_EDGE('',*,*,#717,.F.);
#1155 = CYLINDRICAL_SURFACE('',#1156,0.15);
#1156 = AXIS2_PLACEMENT_3D('',#1157,#1158,#1159);
#1157 = CARTESIAN_POINT('',(-5.006500105847,1.505188783847,0.90000010664
    ));
#1158 = DIRECTION('',(1.,0.,0.));
#1159 = DIRECTION('',(0.,0.,-1.));
#1160 = ADVANCED_FACE('',(#1161),#1172,.F.);
#1161 = FACE_BOUND('',#1162,.F.);
#1162 = EDGE_LOOP('',(#1163,#1164,#1165,#1166));
#1163 = ORIENTED_EDGE('',*,*,#842,.T.);
#1164 = ORIENTED_EDGE('',*,*,#1149,.T.);
#1165 = ORIENTED_EDGE('',*,*,#709,.F.);
#1166 = ORIENTED_EDGE('',*,*,#1167,.T.);
#1167 = EDGE_CURVE('',#702,#843,#1168,.T.);
#1168 = LINE('',#1169,#1170);
#1169 = CARTESIAN_POINT('',(0.826000000007,1.295,1.05000010664));
#1170 = VECTOR('',#1171,1.);
#1171 = DIRECTION('',(-1.,0.,0.));
#1172 = PLANE('',#1173);
#1173 = AXIS2_PLACEMENT_3D('',#1174,#1175,#1176);
#1174 = CARTESIAN_POINT('',(0.840999894145,1.895,1.05000010664));
#1175 = DIRECTION('',(0.,0.,-1.));
#1176 = DIRECTION('',(1.,0.,0.));
#1177 = ADVANCED_FACE('',(#1178),#1184,.T.);
#1178 = FACE_BOUND('',#1179,.F.);
#1179 = EDGE_LOOP('',(#1180,#1181,#1182,#1183));
#1180 = ORIENTED_EDGE('',*,*,#850,.F.);
#1181 = ORIENTED_EDGE('',*,*,#1167,.F.);
#1182 = ORIENTED_EDGE('',*,*,#701,.F.);
#1183 = ORIENTED_EDGE('',*,*,#776,.F.);
#1184 = PLANE('',#1185);
#1185 = AXIS2_PLACEMENT_3D('',#1186,#1187,#1188);
#1186 = CARTESIAN_POINT('',(0.426000000007,1.295,1.60000000002));
#1187 = DIRECTION('',(0.,1.,0.));
#1188 = DIRECTION('',(0.,0.,-1.));
#1189 = ADVANCED_FACE('',(#1190),#1196,.T.);
#1190 = FACE_BOUND('',#1191,.T.);
#1191 = EDGE_LOOP('',(#1192,#1193,#1194,#1195));
#1192 = ORIENTED_EDGE('',*,*,#875,.T.);
#1193 = ORIENTED_EDGE('',*,*,#799,.F.);
#1194 = ORIENTED_EDGE('',*,*,#1082,.T.);
#1195 = ORIENTED_EDGE('',*,*,#949,.F.);
#1196 = CYLINDRICAL_SURFACE('',#1197,0.1);
#1197 = AXIS2_PLACEMENT_3D('',#1198,#1199,#1200);
#1198 = CARTESIAN_POINT('',(-5.006500105847,1.645,0.67000010664));
#1199 = DIRECTION('',(-1.,0.,0.));
#1200 = DIRECTION('',(0.,0.,1.));
#1201 = ADVANCED_FACE('',(#1202),#1228,.F.);
#1202 = FACE_BOUND('',#1203,.F.);
#1203 = EDGE_LOOP('',(#1204,#1219,#1225,#1226,#1227));
#1204 = ORIENTED_EDGE('',*,*,#1205,.T.);
#1205 = EDGE_CURVE('',#559,#1206,#1208,.T.);
#1206 = VERTEX_POINT('',#1207);
#1207 = CARTESIAN_POINT('',(1.751000000085,1.934999894088,0.87000001778)
  );
#1208 = B_SPLINE_CURVE_WITH_KNOTS('',3,(#1209,#1210,#1211,#1212,#1213,
    #1214,#1215,#1216,#1217,#1218),.UNSPECIFIED.,.F.,.F.,(4,1,1,1,1,1,1,
    4),(0.,0.142857142857,0.285714285714,0.428571428571,0.571428571429,
    0.714285714286,0.857142857143,1.),.UNSPECIFIED.);
#1209 = CARTESIAN_POINT('',(1.731000000086,1.894999893357,0.81));
#1210 = CARTESIAN_POINT('',(1.733047381672,1.899094656529,0.81272984212)
  );
#1211 = CARTESIAN_POINT('',(1.736807339442,1.906614572069,0.81832464245)
  );
#1212 = CARTESIAN_POINT('',(1.741476431709,1.915952756601,0.82703629255)
  );
#1213 = CARTESIAN_POINT('',(1.745177769485,1.923355432162,0.83593685929)
  );
#1214 = CARTESIAN_POINT('',(1.74789945592,1.928798805,0.84475136902));
#1215 = CARTESIAN_POINT('',(1.749733794822,1.932467482921,0.85337097752)
  );
#1216 = CARTESIAN_POINT('',(1.750780542876,1.934560978598,0.86180732167)
  );
#1217 = CARTESIAN_POINT('',(1.751000000808,1.934999895532,0.86729142936)
  );
#1218 = CARTESIAN_POINT('',(1.751000000085,1.934999894088,0.87000001778)
  );
#1219 = ORIENTED_EDGE('',*,*,#1220,.F.);
#1220 = EDGE_CURVE('',#193,#1206,#1221,.T.);
#1221 = LINE('',#1222,#1223);
#1222 = CARTESIAN_POINT('',(1.751000000278,-0.655000022205,0.87000001899
    ));
#1223 = VECTOR('',#1224,1.);
#1224 = DIRECTION('',(-7.436351217635E-11,1.,-4.660721551899E-10));
#1225 = ORIENTED_EDGE('',*,*,#192,.T.);
#1226 = ORIENTED_EDGE('',*,*,#677,.F.);
#1227 = ORIENTED_EDGE('',*,*,#566,.T.);
#1228 = CYLINDRICAL_SURFACE('',#1229,0.1);
#1229 = AXIS2_PLACEMENT_3D('',#1230,#1231,#1232);
#1230 = CARTESIAN_POINT('',(1.651000000085,-1.015000106641,0.87));
#1231 = DIRECTION('',(0.,-1.,0.));
#1232 = DIRECTION('',(-1.,0.,0.));
#1233 = ADVANCED_FACE('',(#1234),#1260,.T.);
#1234 = FACE_BOUND('',#1235,.F.);
#1235 = EDGE_LOOP('',(#1236,#1246,#1252,#1253,#1254));
#1236 = ORIENTED_EDGE('',*,*,#1237,.F.);
#1237 = EDGE_CURVE('',#1238,#1240,#1242,.T.);
#1238 = VERTEX_POINT('',#1239);
#1239 = CARTESIAN_POINT('',(1.751000000083,1.934999893355,1.89));
#1240 = VERTEX_POINT('',#1241);
#1241 = CARTESIAN_POINT('',(1.901000004441,2.234999940463,2.04000000064)
  );
#1242 = LINE('',#1243,#1244);
#1243 = CARTESIAN_POINT('',(1.751000000083,1.934999893355,1.89));
#1244 = VECTOR('',#1245,1.);
#1245 = DIRECTION('',(0.408248257319,0.816496619124,0.408248247217));
#1246 = ORIENTED_EDGE('',*,*,#1247,.F.);
#1247 = EDGE_CURVE('',#1206,#1238,#1248,.T.);
#1248 = LINE('',#1249,#1250);
#1249 = CARTESIAN_POINT('',(1.751000000085,1.934999894088,0.87000001778)
  );
#1250 = VECTOR('',#1251,1.);
#1251 = DIRECTION('',(-2.483416565837E-12,-7.187266158196E-10,1.));
#1252 = ORIENTED_EDGE('',*,*,#1205,.F.);
#1253 = ORIENTED_EDGE('',*,*,#558,.F.);
#1254 = ORIENTED_EDGE('',*,*,#1255,.T.);
#1255 = EDGE_CURVE('',#551,#1240,#1256,.T.);
#1256 = LINE('',#1257,#1258);
#1257 = CARTESIAN_POINT('',(1.901000004229,2.234999943121,0.46999999526)
  );
#1258 = VECTOR('',#1259,1.);
#1259 = DIRECTION('',(1.353798880104E-10,-1.693406626384E-09,1.));
#1260 = PLANE('',#1261);
#1261 = AXIS2_PLACEMENT_3D('',#1262,#1263,#1264);
#1262 = CARTESIAN_POINT('',(1.826000000085,2.084999893359,1.505));
#1263 = DIRECTION('',(-0.894427191,0.4472135955,-2.659438293411E-12));
#1264 = DIRECTION('',(0.4472135955,0.894427191,1.329977794562E-12));
#1265 = ADVANCED_FACE('',(#1266),#1290,.T.);
#1266 = FACE_BOUND('',#1267,.F.);
#1267 = EDGE_LOOP('',(#1268,#1274,#1275,#1283,#1289));
#1268 = ORIENTED_EDGE('',*,*,#1269,.F.);
#1269 = EDGE_CURVE('',#1238,#202,#1270,.T.);
#1270 = LINE('',#1271,#1272);
#1271 = CARTESIAN_POINT('',(1.751000000083,1.934999893355,1.89));
#1272 = VECTOR('',#1273,1.);
#1273 = DIRECTION('',(7.475376203314E-11,-1.,7.472221283728E-11));
#1274 = ORIENTED_EDGE('',*,*,#1237,.T.);
#1275 = ORIENTED_EDGE('',*,*,#1276,.F.);
#1276 = EDGE_CURVE('',#1277,#1240,#1279,.T.);
#1277 = VERTEX_POINT('',#1278);
#1278 = CARTESIAN_POINT('',(1.851000000061,1.934999893359,1.99));
#1279 = LINE('',#1280,#1281);
#1280 = CARTESIAN_POINT('',(1.851000000061,1.934999893359,1.99));
#1281 = VECTOR('',#1282,1.);
#1282 = DIRECTION('',(0.162221410783,0.973328532254,0.162221398664));
#1283 = ORIENTED_EDGE('',*,*,#1284,.T.);
#1284 = EDGE_CURVE('',#1277,#210,#1285,.T.);
#1285 = LINE('',#1286,#1287);
#1286 = CARTESIAN_POINT('',(1.851000000061,1.934999893359,1.99));
#1287 = VECTOR('',#1288,1.);
#1288 = DIRECTION('',(0.,-1.,-1.646045015481E-13));
#1289 = ORIENTED_EDGE('',*,*,#209,.T.);
#1290 = PLANE('',#1291);
#1291 = AXIS2_PLACEMENT_3D('',#1292,#1293,#1294);
#1292 = CARTESIAN_POINT('',(1.801000000073,0.659999893359,1.94));
#1293 = DIRECTION('',(-0.707106781262,0.,0.707106781111));
#1294 = DIRECTION('',(0.707106781111,0.,0.707106781262));
#1295 = ADVANCED_FACE('',(#1296),#1302,.T.);
#1296 = FACE_BOUND('',#1297,.F.);
#1297 = EDGE_LOOP('',(#1298,#1299,#1300,#1301));
#1298 = ORIENTED_EDGE('',*,*,#201,.T.);
#1299 = ORIENTED_EDGE('',*,*,#1220,.T.);
#1300 = ORIENTED_EDGE('',*,*,#1247,.T.);
#1301 = ORIENTED_EDGE('',*,*,#1269,.T.);
#1302 = PLANE('',#1303);
#1303 = AXIS2_PLACEMENT_3D('',#1304,#1305,#1306);
#1304 = CARTESIAN_POINT('',(1.751000000085,0.694999893423,1.33));
#1305 = DIRECTION('',(-1.,0.,0.));
#1306 = DIRECTION('',(0.,-1.,0.));
#1307 = ADVANCED_FACE('',(#1308),#1333,.T.);
#1308 = FACE_BOUND('',#1309,.F.);
#1309 = EDGE_LOOP('',(#1310,#1311,#1319,#1327));
#1310 = ORIENTED_EDGE('',*,*,#1276,.T.);
#1311 = ORIENTED_EDGE('',*,*,#1312,.F.);
#1312 = EDGE_CURVE('',#1313,#1240,#1315,.T.);
#1313 = VERTEX_POINT('',#1314);
#1314 = CARTESIAN_POINT('',(1.901000001743,2.234999938991,3.18999999999)
  );
#1315 = LINE('',#1316,#1317);
#1316 = CARTESIAN_POINT('',(1.901000001743,2.234999938991,3.18999999999)
  );
#1317 = VECTOR('',#1318,1.);
#1318 = DIRECTION('',(2.346576654127E-09,1.279633404795E-09,-1.));
#1319 = ORIENTED_EDGE('',*,*,#1320,.T.);
#1320 = EDGE_CURVE('',#1313,#1321,#1323,.T.);
#1321 = VERTEX_POINT('',#1322);
#1322 = CARTESIAN_POINT('',(1.851000000061,1.934999893359,3.19));
#1323 = LINE('',#1324,#1325);
#1324 = CARTESIAN_POINT('',(1.901000001743,2.234999938991,3.18999999999)
  );
#1325 = VECTOR('',#1326,1.);
#1326 = DIRECTION('',(-0.164398968355,-0.986393926991,2.436708516415E-11
    ));
#1327 = ORIENTED_EDGE('',*,*,#1328,.T.);
#1328 = EDGE_CURVE('',#1321,#1277,#1329,.T.);
#1329 = LINE('',#1330,#1331);
#1330 = CARTESIAN_POINT('',(1.851000000061,1.934999893359,3.19));
#1331 = VECTOR('',#1332,1.);
#1332 = DIRECTION('',(1.757853122323E-13,0.,-1.));
#1333 = PLANE('',#1334);
#1334 = AXIS2_PLACEMENT_3D('',#1335,#1336,#1337);
#1335 = CARTESIAN_POINT('',(1.876000000061,2.084999893359,1.83));
#1336 = DIRECTION('',(-0.986393923832,0.164398987305,0.));
#1337 = DIRECTION('',(-0.164398987305,-0.986393923832,0.));
#1338 = ADVANCED_FACE('',(#1339),#1609,.T.);
#1339 = FACE_BOUND('',#1340,.T.);
#1340 = EDGE_LOOP('',(#1341,#1351,#1360,#1368,#1374,#1375,#1376,#1377,
    #1386,#1394,#1402,#1410,#1418,#1426,#1434,#1442,#1450,#1458,#1466,
    #1474,#1482,#1490,#1498,#1506,#1514,#1522,#1530,#1538,#1546,#1554,
    #1562,#1570,#1578,#1584,#1585,#1586,#1594,#1602));
#1341 = ORIENTED_EDGE('',*,*,#1342,.T.);
#1342 = EDGE_CURVE('',#1343,#1345,#1347,.T.);
#1343 = VERTEX_POINT('',#1344);
#1344 = CARTESIAN_POINT('',(-1.548999865374,2.234999893359,3.39));
#1345 = VERTEX_POINT('',#1346);
#1346 = CARTESIAN_POINT('',(-1.699,2.234999893359,3.39));
#1347 = LINE('',#1348,#1349);
#1348 = CARTESIAN_POINT('',(-1.548999955125,2.234999940435,3.39000000192
    ));
#1349 = VECTOR('',#1350,1.);
#1350 = DIRECTION('',(-1.,0.,0.));
#1351 = ORIENTED_EDGE('',*,*,#1352,.T.);
#1352 = EDGE_CURVE('',#1345,#1353,#1355,.T.);
#1353 = VERTEX_POINT('',#1354);
#1354 = CARTESIAN_POINT('',(-1.899000001682,2.234999938991,3.18999999999
    ));
#1355 = CIRCLE('',#1356,0.2);
#1356 = AXIS2_PLACEMENT_3D('',#1357,#1358,#1359);
#1357 = CARTESIAN_POINT('',(-1.699,2.234999893359,3.19));
#1358 = DIRECTION('',(0.,-1.,0.));
#1359 = DIRECTION('',(0.,0.,1.));
#1360 = ORIENTED_EDGE('',*,*,#1361,.T.);
#1361 = EDGE_CURVE('',#1353,#1362,#1364,.T.);
#1362 = VERTEX_POINT('',#1363);
#1363 = CARTESIAN_POINT('',(-1.899000004381,2.234999940463,2.04000000064
    ));
#1364 = LINE('',#1365,#1366);
#1365 = CARTESIAN_POINT('',(-1.899000001682,2.234999938991,3.18999999999
    ));
#1366 = VECTOR('',#1367,1.);
#1367 = DIRECTION('',(-2.347010703059E-09,1.279689784816E-09,-1.));
#1368 = ORIENTED_EDGE('',*,*,#1369,.T.);
#1369 = EDGE_CURVE('',#1362,#543,#1370,.T.);
#1370 = LINE('',#1371,#1372);
#1371 = CARTESIAN_POINT('',(-1.899000004381,2.234999940463,2.04000000064
    ));
#1372 = VECTOR('',#1373,1.);
#1373 = DIRECTION('',(1.351519033595E-10,1.693320354277E-09,-1.));
#1374 = ORIENTED_EDGE('',*,*,#550,.T.);
#1375 = ORIENTED_EDGE('',*,*,#1255,.T.);
#1376 = ORIENTED_EDGE('',*,*,#1312,.F.);
#1377 = ORIENTED_EDGE('',*,*,#1378,.T.);
#1378 = EDGE_CURVE('',#1313,#1379,#1381,.T.);
#1379 = VERTEX_POINT('',#1380);
#1380 = CARTESIAN_POINT('',(1.701000000061,2.234999893359,3.39));
#1381 = CIRCLE('',#1382,0.2);
#1382 = AXIS2_PLACEMENT_3D('',#1383,#1384,#1385);
#1383 = CARTESIAN_POINT('',(1.701000000061,2.234999893359,3.19));
#1384 = DIRECTION('',(0.,-1.,0.));
#1385 = DIRECTION('',(1.,0.,-1.111644110097E-10));
#1386 = ORIENTED_EDGE('',*,*,#1387,.F.);
#1387 = EDGE_CURVE('',#1388,#1379,#1390,.T.);
#1388 = VERTEX_POINT('',#1389);
#1389 = CARTESIAN_POINT('',(1.670999721622,2.234999952284,3.39000000192)
  );
#1390 = LINE('',#1391,#1392);
#1391 = CARTESIAN_POINT('',(1.670999721622,2.234999952284,3.39000000192)
  );
#1392 = VECTOR('',#1393,1.);
#1393 = DIRECTION('',(1.,-3.949630010146E-07,2.34476926553E-11));
#1394 = ORIENTED_EDGE('',*,*,#1395,.T.);
#1395 = EDGE_CURVE('',#1388,#1396,#1398,.T.);
#1396 = VERTEX_POINT('',#1397);
#1397 = CARTESIAN_POINT('',(1.900999721623,2.234999952604,3.85));
#1398 = LINE('',#1399,#1400);
#1399 = CARTESIAN_POINT('',(1.670999721622,2.234999952284,3.39000000192)
  );
#1400 = VECTOR('',#1401,1.);
#1401 = DIRECTION('',(0.447213596994,6.226869199449E-10,0.894427190253)
  );
#1402 = ORIENTED_EDGE('',*,*,#1403,.T.);
#1403 = EDGE_CURVE('',#1396,#1404,#1406,.T.);
#1404 = VERTEX_POINT('',#1405);
#1405 = CARTESIAN_POINT('',(2.200999995426,2.234999948378,3.85));
#1406 = LINE('',#1407,#1408);
#1407 = CARTESIAN_POINT('',(1.900999721623,2.234999952604,3.85));
#1408 = VECTOR('',#1409,1.);
#1409 = DIRECTION('',(1.,-1.408539850037E-08,-7.815962959907E-13));
#1410 = ORIENTED_EDGE('',*,*,#1411,.F.);
#1411 = EDGE_CURVE('',#1412,#1404,#1414,.T.);
#1412 = VERTEX_POINT('',#1413);
#1413 = CARTESIAN_POINT('',(2.200999993289,2.234999957864,2.8));
#1414 = LINE('',#1415,#1416);
#1415 = CARTESIAN_POINT('',(2.200999993289,2.234999957864,2.8));
#1416 = VECTOR('',#1417,1.);
#1417 = DIRECTION('',(2.03512973669E-09,-9.034152050785E-09,1.));
#1418 = ORIENTED_EDGE('',*,*,#1419,.T.);
#1419 = EDGE_CURVE('',#1412,#1420,#1422,.T.);
#1420 = VERTEX_POINT('',#1421);
#1421 = CARTESIAN_POINT('',(2.200999995626,2.234999948045,0.2));
#1422 = LINE('',#1423,#1424);
#1423 = CARTESIAN_POINT('',(2.200999993289,2.234999957864,2.8));
#1424 = VECTOR('',#1425,1.);
#1425 = DIRECTION('',(8.988765287654E-10,-3.77678128088E-09,-1.));
#1426 = ORIENTED_EDGE('',*,*,#1427,.F.);
#1427 = EDGE_CURVE('',#1428,#1420,#1430,.T.);
#1428 = VERTEX_POINT('',#1429);
#1429 = CARTESIAN_POINT('',(1.836,2.234999952604,0.2));
#1430 = LINE('',#1431,#1432);
#1431 = CARTESIAN_POINT('',(1.836,2.234999952604,0.2));
#1432 = VECTOR('',#1433,1.);
#1433 = DIRECTION('',(1.,-1.249149717974E-08,0.));
#1434 = ORIENTED_EDGE('',*,*,#1435,.T.);
#1435 = EDGE_CURVE('',#1428,#1436,#1438,.T.);
#1436 = VERTEX_POINT('',#1437);
#1437 = CARTESIAN_POINT('',(1.636,2.234999952604,0.));
#1438 = LINE('',#1439,#1440);
#1439 = CARTESIAN_POINT('',(1.836,2.234999952604,0.2));
#1440 = VECTOR('',#1441,1.);
#1441 = DIRECTION('',(-0.707106781187,0.,-0.707106781187));
#1442 = ORIENTED_EDGE('',*,*,#1443,.T.);
#1443 = EDGE_CURVE('',#1436,#1444,#1446,.T.);
#1444 = VERTEX_POINT('',#1445);
#1445 = CARTESIAN_POINT('',(1.251,2.234999952604,0.));
#1446 = LINE('',#1447,#1448);
#1447 = CARTESIAN_POINT('',(1.636,2.234999952604,0.));
#1448 = VECTOR('',#1449,1.);
#1449 = DIRECTION('',(-1.,0.,0.));
#1450 = ORIENTED_EDGE('',*,*,#1451,.T.);
#1451 = EDGE_CURVE('',#1444,#1452,#1454,.T.);
#1452 = VERTEX_POINT('',#1453);
#1453 = CARTESIAN_POINT('',(1.051,2.234999952604,0.2));
#1454 = LINE('',#1455,#1456);
#1455 = CARTESIAN_POINT('',(1.251,2.234999952604,0.));
#1456 = VECTOR('',#1457,1.);
#1457 = DIRECTION('',(-0.707106781187,0.,0.707106781187));
#1458 = ORIENTED_EDGE('',*,*,#1459,.F.);
#1459 = EDGE_CURVE('',#1460,#1452,#1462,.T.);
#1460 = VERTEX_POINT('',#1461);
#1461 = CARTESIAN_POINT('',(-1.049,2.234999952604,0.2));
#1462 = LINE('',#1463,#1464);
#1463 = CARTESIAN_POINT('',(-1.049,2.234999952604,0.2));
#1464 = VECTOR('',#1465,1.);
#1465 = DIRECTION('',(1.,0.,0.));
#1466 = ORIENTED_EDGE('',*,*,#1467,.T.);
#1467 = EDGE_CURVE('',#1460,#1468,#1470,.T.);
#1468 = VERTEX_POINT('',#1469);
#1469 = CARTESIAN_POINT('',(-1.249,2.234999952604,0.));
#1470 = LINE('',#1471,#1472);
#1471 = CARTESIAN_POINT('',(-1.049,2.234999952604,0.2));
#1472 = VECTOR('',#1473,1.);
#1473 = DIRECTION('',(-0.707106781187,0.,-0.707106781187));
#1474 = ORIENTED_EDGE('',*,*,#1475,.F.);
#1475 = EDGE_CURVE('',#1476,#1468,#1478,.T.);
#1476 = VERTEX_POINT('',#1477);
#1477 = CARTESIAN_POINT('',(-1.634,2.234999952604,0.));
#1478 = LINE('',#1479,#1480);
#1479 = CARTESIAN_POINT('',(-1.634,2.234999952604,0.));
#1480 = VECTOR('',#1481,1.);
#1481 = DIRECTION('',(1.,0.,0.));
#1482 = ORIENTED_EDGE('',*,*,#1483,.T.);
#1483 = EDGE_CURVE('',#1476,#1484,#1486,.T.);
#1484 = VERTEX_POINT('',#1485);
#1485 = CARTESIAN_POINT('',(-1.834,2.234999952604,0.2));
#1486 = LINE('',#1487,#1488);
#1487 = CARTESIAN_POINT('',(-1.634,2.234999952604,0.));
#1488 = VECTOR('',#1489,1.);
#1489 = DIRECTION('',(-0.707106781187,0.,0.707106781187));
#1490 = ORIENTED_EDGE('',*,*,#1491,.F.);
#1491 = EDGE_CURVE('',#1492,#1484,#1494,.T.);
#1492 = VERTEX_POINT('',#1493);
#1493 = CARTESIAN_POINT('',(-2.198999995626,2.234999948045,0.2));
#1494 = LINE('',#1495,#1496);
#1495 = CARTESIAN_POINT('',(-2.198999995626,2.234999948045,0.2));
#1496 = VECTOR('',#1497,1.);
#1497 = DIRECTION('',(1.,1.249149839642E-08,0.));
#1498 = ORIENTED_EDGE('',*,*,#1499,.F.);
#1499 = EDGE_CURVE('',#1500,#1492,#1502,.T.);
#1500 = VERTEX_POINT('',#1501);
#1501 = CARTESIAN_POINT('',(-2.198999993289,2.234999957864,2.8));
#1502 = LINE('',#1503,#1504);
#1503 = CARTESIAN_POINT('',(-2.198999993289,2.234999957864,2.8));
#1504 = VECTOR('',#1505,1.);
#1505 = DIRECTION('',(-8.989035157251E-10,-3.776781622487E-09,-1.));
#1506 = ORIENTED_EDGE('',*,*,#1507,.T.);
#1507 = EDGE_CURVE('',#1500,#1508,#1510,.T.);
#1508 = VERTEX_POINT('',#1509);
#1509 = CARTESIAN_POINT('',(-2.198999995426,2.234999948378,3.85));
#1510 = LINE('',#1511,#1512);
#1511 = CARTESIAN_POINT('',(-2.198999993289,2.234999957864,2.8));
#1512 = VECTOR('',#1513,1.);
#1513 = DIRECTION('',(-2.035062065954E-09,-9.034149936075E-09,1.));
#1514 = ORIENTED_EDGE('',*,*,#1515,.F.);
#1515 = EDGE_CURVE('',#1516,#1508,#1518,.T.);
#1516 = VERTEX_POINT('',#1517);
#1517 = CARTESIAN_POINT('',(-1.248999999893,2.234999952604,3.85));
#1518 = LINE('',#1519,#1520);
#1519 = CARTESIAN_POINT('',(-1.248999999893,2.234999952604,3.85));
#1520 = VECTOR('',#1521,1.);
#1521 = DIRECTION('',(-1.,-4.448022789741E-09,5.310372050127E-13));
#1522 = ORIENTED_EDGE('',*,*,#1523,.T.);
#1523 = EDGE_CURVE('',#1516,#1524,#1526,.T.);
#1524 = VERTEX_POINT('',#1525);
#1525 = CARTESIAN_POINT('',(-1.21900000581,2.234999946679,3.81999999999)
  );
#1526 = LINE('',#1527,#1528);
#1527 = CARTESIAN_POINT('',(-1.248999999893,2.234999952604,3.85));
#1528 = VECTOR('',#1529,1.);
#1529 = DIRECTION('',(0.707106711354,-1.396418284299E-07,-0.707106851019
    ));
#1530 = ORIENTED_EDGE('',*,*,#1531,.F.);
#1531 = EDGE_CURVE('',#1532,#1524,#1534,.T.);
#1532 = VERTEX_POINT('',#1533);
#1533 = CARTESIAN_POINT('',(-1.21900000581,2.23499994668,2.89));
#1534 = LINE('',#1535,#1536);
#1535 = CARTESIAN_POINT('',(-1.21900000581,2.23499994668,2.89));
#1536 = VECTOR('',#1537,1.);
#1537 = DIRECTION('',(0.,0.,1.));
#1538 = ORIENTED_EDGE('',*,*,#1539,.T.);
#1539 = EDGE_CURVE('',#1532,#1540,#1542,.T.);
#1540 = VERTEX_POINT('',#1541);
#1541 = CARTESIAN_POINT('',(1.221000005872,2.23499994668,2.89));
#1542 = LINE('',#1543,#1544);
#1543 = CARTESIAN_POINT('',(-1.21900000581,2.23499994668,2.89));
#1544 = VECTOR('',#1545,1.);
#1545 = DIRECTION('',(1.,0.,0.));
#1546 = ORIENTED_EDGE('',*,*,#1547,.T.);
#1547 = EDGE_CURVE('',#1540,#1548,#1550,.T.);
#1548 = VERTEX_POINT('',#1549);
#1549 = CARTESIAN_POINT('',(1.221000005872,2.23499994668,3.81999999999)
  );
#1550 = LINE('',#1551,#1552);
#1551 = CARTESIAN_POINT('',(1.221000005872,2.23499994668,2.89));
#1552 = VECTOR('',#1553,1.);
#1553 = DIRECTION('',(1.289291254417E-14,0.,1.));
#1554 = ORIENTED_EDGE('',*,*,#1555,.T.);
#1555 = EDGE_CURVE('',#1548,#1556,#1558,.T.);
#1556 = VERTEX_POINT('',#1557);
#1557 = CARTESIAN_POINT('',(1.250999999955,2.234999952604,3.85));
#1558 = LINE('',#1559,#1560);
#1559 = CARTESIAN_POINT('',(1.221000005872,2.23499994668,3.81999999999)
  );
#1560 = VECTOR('',#1561,1.);
#1561 = DIRECTION('',(0.707106711352,1.396416818844E-07,0.707106851021)
  );
#1562 = ORIENTED_EDGE('',*,*,#1563,.T.);
#1563 = EDGE_CURVE('',#1556,#1564,#1566,.T.);
#1564 = VERTEX_POINT('',#1565);
#1565 = CARTESIAN_POINT('',(1.400999721632,2.234999952604,3.85));
#1566 = LINE('',#1567,#1568);
#1567 = CARTESIAN_POINT('',(1.250999999955,2.234999952604,3.85));
#1568 = VECTOR('',#1569,1.);
#1569 = DIRECTION('',(1.,0.,3.836937892496E-12));
#1570 = ORIENTED_EDGE('',*,*,#1571,.T.);
#1571 = EDGE_CURVE('',#1564,#1572,#1574,.T.);
#1572 = VERTEX_POINT('',#1573);
#1573 = CARTESIAN_POINT('',(1.630999721631,2.234999952284,3.39000000192)
  );
#1574 = LINE('',#1575,#1576);
#1575 = CARTESIAN_POINT('',(1.400999721632,2.234999952604,3.85));
#1576 = VECTOR('',#1577,1.);
#1577 = DIRECTION('',(0.447213596994,-6.226800120255E-10,-0.894427190253
    ));
#1578 = ORIENTED_EDGE('',*,*,#1579,.F.);
#1579 = EDGE_CURVE('',#71,#1572,#1580,.T.);
#1580 = LINE('',#1581,#1582);
#1581 = CARTESIAN_POINT('',(1.551000000061,2.234999940435,3.39000000192)
  );
#1582 = VECTOR('',#1583,1.);
#1583 = DIRECTION('',(1.,1.481130155306E-07,1.687544870711E-12));
#1584 = ORIENTED_EDGE('',*,*,#78,.T.);
#1585 = ORIENTED_EDGE('',*,*,#31,.T.);
#1586 = ORIENTED_EDGE('',*,*,#1587,.F.);
#1587 = EDGE_CURVE('',#1588,#32,#1590,.T.);
#1588 = VERTEX_POINT('',#1589);
#1589 = CARTESIAN_POINT('',(-1.348999984201,2.234999994076,2.63999999802
    ));
#1590 = LINE('',#1591,#1592);
#1591 = CARTESIAN_POINT('',(-1.348999984201,2.234999994076,2.63999999802
    ));
#1592 = VECTOR('',#1593,1.);
#1593 = DIRECTION('',(1.,0.,0.));
#1594 = ORIENTED_EDGE('',*,*,#1595,.F.);
#1595 = EDGE_CURVE('',#1596,#1588,#1598,.T.);
#1596 = VERTEX_POINT('',#1597);
#1597 = CARTESIAN_POINT('',(-1.348999990126,2.234999958529,3.18999991025
    ));
#1598 = LINE('',#1599,#1600);
#1599 = CARTESIAN_POINT('',(-1.348999990126,2.234999958529,3.18999991025
    ));
#1600 = VECTOR('',#1601,1.);
#1601 = DIRECTION('',(1.077173916052E-08,6.463092103903E-08,-1.));
#1602 = ORIENTED_EDGE('',*,*,#1603,.T.);
#1603 = EDGE_CURVE('',#1596,#1343,#1604,.T.);
#1604 = CIRCLE('',#1605,0.2);
#1605 = AXIS2_PLACEMENT_3D('',#1606,#1607,#1608);
#1606 = CARTESIAN_POINT('',(-1.549,2.234999893359,3.19));
#1607 = DIRECTION('',(0.,-1.,0.));
#1608 = DIRECTION('',(0.999999999999,0.,-1.234080500012E-06));
#1609 = PLANE('',#1610);
#1610 = AXIS2_PLACEMENT_3D('',#1611,#1612,#1613);
#1611 = CARTESIAN_POINT('',(11.200999894153,2.235,0.25000010664));
#1612 = DIRECTION('',(0.,1.,0.));
#1613 = DIRECTION('',(-1.,0.,0.));
#1614 = ADVANCED_FACE('',(#1615),#1641,.F.);
#1615 = FACE_BOUND('',#1616,.F.);
#1616 = EDGE_LOOP('',(#1617,#1625,#1626,#1634));
#1617 = ORIENTED_EDGE('',*,*,#1618,.F.);
#1618 = EDGE_CURVE('',#1596,#1619,#1621,.T.);
#1619 = VERTEX_POINT('',#1620);
#1620 = CARTESIAN_POINT('',(-1.398999998904,1.934999906599,3.18999999439
    ));
#1621 = LINE('',#1622,#1623);
#1622 = CARTESIAN_POINT('',(-1.348999990126,2.234999958529,3.18999991025
    ));
#1623 = VECTOR('',#1624,1.);
#1624 = DIRECTION('',(-0.1643989877,-0.986393923766,2.766578974426E-07)
  );
#1625 = ORIENTED_EDGE('',*,*,#1603,.T.);
#1626 = ORIENTED_EDGE('',*,*,#1627,.F.);
#1627 = EDGE_CURVE('',#1628,#1343,#1630,.T.);
#1628 = VERTEX_POINT('',#1629);
#1629 = CARTESIAN_POINT('',(-1.549,1.934999893359,3.34));
#1630 = LINE('',#1631,#1632);
#1631 = CARTESIAN_POINT('',(-1.549,1.934999893359,3.34));
#1632 = VECTOR('',#1633,1.);
#1633 = DIRECTION('',(1.475492122551E-07,0.986393926991,0.164398968352)
  );
#1634 = ORIENTED_EDGE('',*,*,#1635,.F.);
#1635 = EDGE_CURVE('',#1619,#1628,#1636,.T.);
#1636 = CIRCLE('',#1637,0.15);
#1637 = AXIS2_PLACEMENT_3D('',#1638,#1639,#1640);
#1638 = CARTESIAN_POINT('',(-1.549,1.934999893359,3.19));
#1639 = DIRECTION('',(0.,-1.,0.));
#1640 = DIRECTION('',(1.,0.,0.));
#1641 = CONICAL_SURFACE('',#1642,0.175,0.165148677415);
#1642 = AXIS2_PLACEMENT_3D('',#1643,#1644,#1645);
#1643 = CARTESIAN_POINT('',(-1.549,2.084999893359,3.19));
#1644 = DIRECTION('',(0.,1.,0.));
#1645 = DIRECTION('',(1.,0.,0.));
#1646 = ADVANCED_FACE('',(#1647),#1665,.T.);
#1647 = FACE_BOUND('',#1648,.F.);
#1648 = EDGE_LOOP('',(#1649,#1657,#1663,#1664));
#1649 = ORIENTED_EDGE('',*,*,#1650,.T.);
#1650 = EDGE_CURVE('',#1619,#1651,#1653,.T.);
#1651 = VERTEX_POINT('',#1652);
#1652 = CARTESIAN_POINT('',(-1.39899999734,1.934999933925,2.53999999046)
  );
#1653 = LINE('',#1654,#1655);
#1654 = CARTESIAN_POINT('',(-1.398999998904,1.934999906599,3.18999999439
    ));
#1655 = VECTOR('',#1656,1.);
#1656 = DIRECTION('',(2.407126107792E-09,4.204042490377E-08,-1.));
#1657 = ORIENTED_EDGE('',*,*,#1658,.T.);
#1658 = EDGE_CURVE('',#1651,#1588,#1659,.T.);
#1659 = LINE('',#1660,#1661);
#1660 = CARTESIAN_POINT('',(-1.39899999734,1.934999933925,2.53999999046)
  );
#1661 = VECTOR('',#1662,1.);
#1662 = DIRECTION('',(0.156173773277,0.937042581319,0.31234748812));
#1663 = ORIENTED_EDGE('',*,*,#1595,.F.);
#1664 = ORIENTED_EDGE('',*,*,#1618,.T.);
#1665 = PLANE('',#1666);
#1666 = AXIS2_PLACEMENT_3D('',#1667,#1668,#1669);
#1667 = CARTESIAN_POINT('',(-1.374,2.084999893359,2.915));
#1668 = DIRECTION('',(-0.986393923832,0.164398987305,0.));
#1669 = DIRECTION('',(-0.164398987305,-0.986393923832,0.));
#1670 = ADVANCED_FACE('',(#1671),#1687,.F.);
#1671 = FACE_BOUND('',#1672,.F.);
#1672 = EDGE_LOOP('',(#1673,#1679,#1680,#1686));
#1673 = ORIENTED_EDGE('',*,*,#1674,.T.);
#1674 = EDGE_CURVE('',#250,#1651,#1675,.T.);
#1675 = LINE('',#1676,#1677);
#1676 = CARTESIAN_POINT('',(-1.398999999395,-0.655,2.53999999879));
#1677 = VECTOR('',#1678,1.);
#1678 = DIRECTION('',(7.93547315901E-10,1.,-3.217186702143E-09));
#1679 = ORIENTED_EDGE('',*,*,#1650,.F.);
#1680 = ORIENTED_EDGE('',*,*,#1681,.T.);
#1681 = EDGE_CURVE('',#1619,#258,#1682,.T.);
#1682 = LINE('',#1683,#1684);
#1683 = CARTESIAN_POINT('',(-1.398999998904,1.934999906599,3.18999999439
    ));
#1684 = VECTOR('',#1685,1.);
#1685 = DIRECTION('',(-4.231004373946E-10,-1.,2.166241867242E-09));
#1686 = ORIENTED_EDGE('',*,*,#257,.T.);
#1687 = PLANE('',#1688);
#1688 = AXIS2_PLACEMENT_3D('',#1689,#1690,#1691);
#1689 = CARTESIAN_POINT('',(-1.399,4.424999893359,2.69));
#1690 = DIRECTION('',(1.,0.,0.));
#1691 = DIRECTION('',(0.,-1.,0.));
#1692 = ADVANCED_FACE('',(#1693),#1709,.F.);
#1693 = FACE_BOUND('',#1694,.F.);
#1694 = EDGE_LOOP('',(#1695,#1701,#1707,#1708));
#1695 = ORIENTED_EDGE('',*,*,#1696,.F.);
#1696 = EDGE_CURVE('',#40,#242,#1697,.T.);
#1697 = LINE('',#1698,#1699);
#1698 = CARTESIAN_POINT('',(1.4009999974,1.934999933925,2.53999999046));
#1699 = VECTOR('',#1700,1.);
#1700 = DIRECTION('',(7.936318471697E-10,-1.,3.217296438476E-09));
#1701 = ORIENTED_EDGE('',*,*,#1702,.F.);
#1702 = EDGE_CURVE('',#1651,#40,#1703,.T.);
#1703 = LINE('',#1704,#1705);
#1704 = CARTESIAN_POINT('',(-1.39899999734,1.934999933925,2.53999999046)
  );
#1705 = VECTOR('',#1706,1.);
#1706 = DIRECTION('',(1.,0.,2.867547474705E-13));
#1707 = ORIENTED_EDGE('',*,*,#1674,.F.);
#1708 = ORIENTED_EDGE('',*,*,#249,.T.);
#1709 = PLANE('',#1710);
#1710 = AXIS2_PLACEMENT_3D('',#1711,#1712,#1713);
#1711 = CARTESIAN_POINT('',(1.401000000061,2.235,2.54));
#1712 = DIRECTION('',(0.,0.,1.));
#1713 = DIRECTION('',(0.,1.,0.));
#1714 = ADVANCED_FACE('',(#1715),#1721,.T.);
#1715 = FACE_BOUND('',#1716,.F.);
#1716 = EDGE_LOOP('',(#1717,#1718,#1719,#1720));
#1717 = ORIENTED_EDGE('',*,*,#112,.T.);
#1718 = ORIENTED_EDGE('',*,*,#47,.T.);
#1719 = ORIENTED_EDGE('',*,*,#1696,.T.);
#1720 = ORIENTED_EDGE('',*,*,#241,.F.);
#1721 = PLANE('',#1722);
#1722 = AXIS2_PLACEMENT_3D('',#1723,#1724,#1725);
#1723 = CARTESIAN_POINT('',(1.401000000061,0.689999893359,2.865));
#1724 = DIRECTION('',(1.,0.,0.));
#1725 = DIRECTION('',(0.,1.,0.));
#1726 = ADVANCED_FACE('',(#1727),#1733,.F.);
#1727 = FACE_BOUND('',#1728,.F.);
#1728 = EDGE_LOOP('',(#1729,#1730,#1731,#1732));
#1729 = ORIENTED_EDGE('',*,*,#1658,.F.);
#1730 = ORIENTED_EDGE('',*,*,#1702,.T.);
#1731 = ORIENTED_EDGE('',*,*,#39,.T.);
#1732 = ORIENTED_EDGE('',*,*,#1587,.F.);
#1733 = PLANE('',#1734);
#1734 = AXIS2_PLACEMENT_3D('',#1735,#1736,#1737);
#1735 = CARTESIAN_POINT('',(1.000000029999E-03,2.085,2.59));
#1736 = DIRECTION('',(0.,-0.316227766017,0.948683298051));
#1737 = DIRECTION('',(0.,0.948683298051,0.316227766017));
#1738 = ADVANCED_FACE('',(#1739),#1750,.F.);
#1739 = FACE_BOUND('',#1740,.F.);
#1740 = EDGE_LOOP('',(#1741,#1742,#1743,#1749));
#1741 = ORIENTED_EDGE('',*,*,#1681,.F.);
#1742 = ORIENTED_EDGE('',*,*,#1635,.T.);
#1743 = ORIENTED_EDGE('',*,*,#1744,.F.);
#1744 = EDGE_CURVE('',#266,#1628,#1745,.T.);
#1745 = LINE('',#1746,#1747);
#1746 = CARTESIAN_POINT('',(-1.549,-0.655,3.34));
#1747 = VECTOR('',#1748,1.);
#1748 = DIRECTION('',(0.,1.,0.));
#1749 = ORIENTED_EDGE('',*,*,#265,.T.);
#1750 = CYLINDRICAL_SURFACE('',#1751,0.15);
#1751 = AXIS2_PLACEMENT_3D('',#1752,#1753,#1754);
#1752 = CARTESIAN_POINT('',(-1.549,-1.015000106641,3.19));
#1753 = DIRECTION('',(0.,-1.,0.));
#1754 = DIRECTION('',(-1.,0.,0.));
#1755 = ADVANCED_FACE('',(#1756),#1774,.F.);
#1756 = FACE_BOUND('',#1757,.F.);
#1757 = EDGE_LOOP('',(#1758,#1759,#1760,#1768));
#1758 = ORIENTED_EDGE('',*,*,#274,.T.);
#1759 = ORIENTED_EDGE('',*,*,#1744,.T.);
#1760 = ORIENTED_EDGE('',*,*,#1761,.T.);
#1761 = EDGE_CURVE('',#1628,#1762,#1764,.T.);
#1762 = VERTEX_POINT('',#1763);
#1763 = CARTESIAN_POINT('',(-1.699,1.934999893359,3.34));
#1764 = LINE('',#1765,#1766);
#1765 = CARTESIAN_POINT('',(-1.549,1.934999893359,3.34));
#1766 = VECTOR('',#1767,1.);
#1767 = DIRECTION('',(-1.,0.,4.736951571734E-14));
#1768 = ORIENTED_EDGE('',*,*,#1769,.T.);
#1769 = EDGE_CURVE('',#1762,#275,#1770,.T.);
#1770 = LINE('',#1771,#1772);
#1771 = CARTESIAN_POINT('',(-1.699,1.934999893359,3.34));
#1772 = VECTOR('',#1773,1.);
#1773 = DIRECTION('',(0.,-1.,0.));
#1774 = PLANE('',#1775);
#1775 = AXIS2_PLACEMENT_3D('',#1776,#1777,#1778);
#1776 = CARTESIAN_POINT('',(2.626,-5.5000106641E-02,3.34));
#1777 = DIRECTION('',(0.,0.,1.));
#1778 = DIRECTION('',(-1.,0.,0.));
#1779 = ADVANCED_FACE('',(#1780),#1791,.F.);
#1780 = FACE_BOUND('',#1781,.F.);
#1781 = EDGE_LOOP('',(#1782,#1783,#1784,#1790));
#1782 = ORIENTED_EDGE('',*,*,#1627,.T.);
#1783 = ORIENTED_EDGE('',*,*,#1342,.T.);
#1784 = ORIENTED_EDGE('',*,*,#1785,.T.);
#1785 = EDGE_CURVE('',#1345,#1762,#1786,.T.);
#1786 = LINE('',#1787,#1788);
#1787 = CARTESIAN_POINT('',(-1.699,2.234999940435,3.39000000192));
#1788 = VECTOR('',#1789,1.);
#1789 = DIRECTION('',(0.,-0.986393926991,-0.164398968352));
#1790 = ORIENTED_EDGE('',*,*,#1761,.F.);
#1791 = PLANE('',#1792);
#1792 = AXIS2_PLACEMENT_3D('',#1793,#1794,#1795);
#1793 = CARTESIAN_POINT('',(-1.624,2.084999893359,3.365));
#1794 = DIRECTION('',(0.,-0.164398987305,0.986393923832));
#1795 = DIRECTION('',(0.,-0.986393923832,-0.164398987305));
#1796 = ADVANCED_FACE('',(#1797),#1816,.F.);
#1797 = FACE_BOUND('',#1798,.F.);
#1798 = EDGE_LOOP('',(#1799,#1807,#1814,#1815));
#1799 = ORIENTED_EDGE('',*,*,#1800,.F.);
#1800 = EDGE_CURVE('',#1801,#1353,#1803,.T.);
#1801 = VERTEX_POINT('',#1802);
#1802 = CARTESIAN_POINT('',(-1.849,1.934999893359,3.19));
#1803 = LINE('',#1804,#1805);
#1804 = CARTESIAN_POINT('',(-1.849,1.934999893359,3.19));
#1805 = VECTOR('',#1806,1.);
#1806 = DIRECTION('',(-0.164398968355,0.986393926991,-2.488106011488E-11
    ));
#1807 = ORIENTED_EDGE('',*,*,#1808,.F.);
#1808 = EDGE_CURVE('',#1762,#1801,#1809,.T.);
#1809 = CIRCLE('',#1810,0.15);
#1810 = AXIS2_PLACEMENT_3D('',#1811,#1812,#1813);
#1811 = CARTESIAN_POINT('',(-1.699,1.934999893359,3.19));
#1812 = DIRECTION('',(0.,-1.,0.));
#1813 = DIRECTION('',(0.,0.,1.));
#1814 = ORIENTED_EDGE('',*,*,#1785,.F.);
#1815 = ORIENTED_EDGE('',*,*,#1352,.T.);
#1816 = CONICAL_SURFACE('',#1817,0.175,0.165148677415);
#1817 = AXIS2_PLACEMENT_3D('',#1818,#1819,#1820);
#1818 = CARTESIAN_POINT('',(-1.699,2.084999893359,3.19));
#1819 = DIRECTION('',(0.,1.,0.));
#1820 = DIRECTION('',(1.,0.,0.));
#1821 = ADVANCED_FACE('',(#1822),#1840,.F.);
#1822 = FACE_BOUND('',#1823,.F.);
#1823 = EDGE_LOOP('',(#1824,#1825,#1833,#1839));
#1824 = ORIENTED_EDGE('',*,*,#1361,.T.);
#1825 = ORIENTED_EDGE('',*,*,#1826,.F.);
#1826 = EDGE_CURVE('',#1827,#1362,#1829,.T.);
#1827 = VERTEX_POINT('',#1828);
#1828 = CARTESIAN_POINT('',(-1.849,1.934999893359,1.99));
#1829 = LINE('',#1830,#1831);
#1830 = CARTESIAN_POINT('',(-1.849,1.934999893359,1.99));
#1831 = VECTOR('',#1832,1.);
#1832 = DIRECTION('',(-0.162221410784,0.973328532254,0.162221398663));
#1833 = ORIENTED_EDGE('',*,*,#1834,.F.);
#1834 = EDGE_CURVE('',#1801,#1827,#1835,.T.);
#1835 = LINE('',#1836,#1837);
#1836 = CARTESIAN_POINT('',(-1.849,1.934999893359,3.19));
#1837 = VECTOR('',#1838,1.);
#1838 = DIRECTION('',(-3.153033389934E-13,0.,-1.));
#1839 = ORIENTED_EDGE('',*,*,#1800,.T.);
#1840 = PLANE('',#1841);
#1841 = AXIS2_PLACEMENT_3D('',#1842,#1843,#1844);
#1842 = CARTESIAN_POINT('',(-1.874,2.084999893359,1.83));
#1843 = DIRECTION('',(-0.986393923832,-0.164398987305,0.));
#1844 = DIRECTION('',(0.164398987305,-0.986393923832,0.));
#1845 = ADVANCED_FACE('',(#1846),#1870,.F.);
#1846 = FACE_BOUND('',#1847,.F.);
#1847 = EDGE_LOOP('',(#1848,#1854,#1855,#1863,#1869));
#1848 = ORIENTED_EDGE('',*,*,#1849,.F.);
#1849 = EDGE_CURVE('',#1827,#292,#1850,.T.);
#1850 = LINE('',#1851,#1852);
#1851 = CARTESIAN_POINT('',(-1.849,1.934999893359,1.99));
#1852 = VECTOR('',#1853,1.);
#1853 = DIRECTION('',(0.,-1.,-2.935446944275E-13));
#1854 = ORIENTED_EDGE('',*,*,#1826,.T.);
#1855 = ORIENTED_EDGE('',*,*,#1856,.F.);
#1856 = EDGE_CURVE('',#1857,#1362,#1859,.T.);
#1857 = VERTEX_POINT('',#1858);
#1858 = CARTESIAN_POINT('',(-1.749000000024,1.934999893358,1.89));
#1859 = LINE('',#1860,#1861);
#1860 = CARTESIAN_POINT('',(-1.749000000024,1.934999893358,1.89));
#1861 = VECTOR('',#1862,1.);
#1862 = DIRECTION('',(-0.40824825732,0.816496619125,0.408248247213));
#1863 = ORIENTED_EDGE('',*,*,#1864,.F.);
#1864 = EDGE_CURVE('',#300,#1857,#1865,.T.);
#1865 = LINE('',#1866,#1867);
#1866 = CARTESIAN_POINT('',(-1.749000000021,-0.655000022216,1.89));
#1867 = VECTOR('',#1868,1.);
#1868 = DIRECTION('',(-1.006487933125E-12,1.,9.108115674206E-13));
#1869 = ORIENTED_EDGE('',*,*,#299,.T.);
#1870 = PLANE('',#1871);
#1871 = AXIS2_PLACEMENT_3D('',#1872,#1873,#1874);
#1872 = CARTESIAN_POINT('',(-1.799000000013,0.659999893359,1.94));
#1873 = DIRECTION('',(-0.707106781262,0.,-0.707106781111));
#1874 = DIRECTION('',(-0.707106781111,0.,0.707106781262));
#1875 = ADVANCED_FACE('',(#1876),#1887,.F.);
#1876 = FACE_BOUND('',#1877,.F.);
#1877 = EDGE_LOOP('',(#1878,#1879,#1880,#1881));
#1878 = ORIENTED_EDGE('',*,*,#1834,.T.);
#1879 = ORIENTED_EDGE('',*,*,#1849,.T.);
#1880 = ORIENTED_EDGE('',*,*,#291,.T.);
#1881 = ORIENTED_EDGE('',*,*,#1882,.T.);
#1882 = EDGE_CURVE('',#283,#1801,#1883,.T.);
#1883 = LINE('',#1884,#1885);
#1884 = CARTESIAN_POINT('',(-1.849,-0.655,3.19));
#1885 = VECTOR('',#1886,1.);
#1886 = DIRECTION('',(0.,1.,0.));
#1887 = PLANE('',#1888);
#1888 = AXIS2_PLACEMENT_3D('',#1889,#1890,#1891);
#1889 = CARTESIAN_POINT('',(-1.849,-1.5000106641E-02,2.86));
#1890 = DIRECTION('',(-1.,0.,0.));
#1891 = DIRECTION('',(0.,-1.,0.));
#1892 = ADVANCED_FACE('',(#1893),#1899,.F.);
#1893 = FACE_BOUND('',#1894,.F.);
#1894 = EDGE_LOOP('',(#1895,#1896,#1897,#1898));
#1895 = ORIENTED_EDGE('',*,*,#1769,.F.);
#1896 = ORIENTED_EDGE('',*,*,#1808,.T.);
#1897 = ORIENTED_EDGE('',*,*,#1882,.F.);
#1898 = ORIENTED_EDGE('',*,*,#282,.T.);
#1899 = CYLINDRICAL_SURFACE('',#1900,0.15);
#1900 = AXIS2_PLACEMENT_3D('',#1901,#1902,#1903);
#1901 = CARTESIAN_POINT('',(-1.699,-1.055000106641,3.19));
#1902 = DIRECTION('',(0.,1.,0.));
#1903 = DIRECTION('',(1.,0.,0.));
#1904 = ADVANCED_FACE('',(#1905),#1931,.F.);
#1905 = FACE_BOUND('',#1906,.F.);
#1906 = EDGE_LOOP('',(#1907,#1908,#1909,#1910,#1925));
#1907 = ORIENTED_EDGE('',*,*,#1856,.T.);
#1908 = ORIENTED_EDGE('',*,*,#1369,.T.);
#1909 = ORIENTED_EDGE('',*,*,#542,.F.);
#1910 = ORIENTED_EDGE('',*,*,#1911,.T.);
#1911 = EDGE_CURVE('',#528,#1912,#1914,.T.);
#1912 = VERTEX_POINT('',#1913);
#1913 = CARTESIAN_POINT('',(-1.749000000026,1.934999894089,0.87000001779
    ));
#1914 = B_SPLINE_CURVE_WITH_KNOTS('',3,(#1915,#1916,#1917,#1918,#1919,
    #1920,#1921,#1922,#1923,#1924),.UNSPECIFIED.,.F.,.F.,(4,1,1,1,1,1,1,
    4),(0.,0.142857142857,0.285714285714,0.428571428571,0.571428571429,
    0.714285714286,0.857142857143,1.),.UNSPECIFIED.);
#1915 = CARTESIAN_POINT('',(-1.729000000026,1.894999893357,0.81));
#1916 = CARTESIAN_POINT('',(-1.731047367351,1.899094628008,0.8127298231)
  );
#1917 = CARTESIAN_POINT('',(-1.734807336876,1.906614567058,0.81832463773
    ));
#1918 = CARTESIAN_POINT('',(-1.73947651118,1.915952915664,0.82703641947)
  );
#1919 = CARTESIAN_POINT('',(-1.743178081825,1.923356056962,0.83593767745
    ));
#1920 = CARTESIAN_POINT('',(-1.745899754734,1.928799402748,0.84475246095
    ));
#1921 = CARTESIAN_POINT('',(-1.747734037703,1.932467968803,0.8533724923)
  );
#1922 = CARTESIAN_POINT('',(-1.748780545725,1.934560984416,0.86180770861
    ));
#1923 = CARTESIAN_POINT('',(-1.749000000748,1.934999895534,0.86729156073
    ));
#1924 = CARTESIAN_POINT('',(-1.749000000026,1.934999894089,0.87000001779
    ));
#1925 = ORIENTED_EDGE('',*,*,#1926,.F.);
#1926 = EDGE_CURVE('',#1857,#1912,#1927,.T.);
#1927 = LINE('',#1928,#1929);
#1928 = CARTESIAN_POINT('',(-1.749000000024,1.934999893358,1.89));
#1929 = VECTOR('',#1930,1.);
#1930 = DIRECTION('',(-1.68492673735E-12,7.167186359493E-10,-1.));
#1931 = PLANE('',#1932);
#1932 = AXIS2_PLACEMENT_3D('',#1933,#1934,#1935);
#1933 = CARTESIAN_POINT('',(-1.824000000025,2.084999893359,1.505));
#1934 = DIRECTION('',(-0.894427191,-0.4472135955,2.659438293411E-12));
#1935 = DIRECTION('',(-0.4472135955,0.894427191,1.329977794562E-12));
#1936 = ADVANCED_FACE('',(#1937),#1949,.F.);
#1937 = FACE_BOUND('',#1938,.F.);
#1938 = EDGE_LOOP('',(#1939,#1940,#1946,#1947,#1948));
#1939 = ORIENTED_EDGE('',*,*,#315,.T.);
#1940 = ORIENTED_EDGE('',*,*,#1941,.F.);
#1941 = EDGE_CURVE('',#1912,#308,#1942,.T.);
#1942 = LINE('',#1943,#1944);
#1943 = CARTESIAN_POINT('',(-1.749000000026,1.934999894089,0.87000001779
    ));
#1944 = VECTOR('',#1945,1.);
#1945 = DIRECTION('',(1.397080694512E-12,-1.,-1.325066225723E-11));
#1946 = ORIENTED_EDGE('',*,*,#1911,.F.);
#1947 = ORIENTED_EDGE('',*,*,#527,.T.);
#1948 = ORIENTED_EDGE('',*,*,#430,.F.);
#1949 = CYLINDRICAL_SURFACE('',#1950,0.1);
#1950 = AXIS2_PLACEMENT_3D('',#1951,#1952,#1953);
#1951 = CARTESIAN_POINT('',(-1.649000000025,-1.015000106641,0.87));
#1952 = DIRECTION('',(0.,1.,0.));
#1953 = DIRECTION('',(1.,0.,0.));
#1954 = ADVANCED_FACE('',(#1955),#1961,.T.);
#1955 = FACE_BOUND('',#1956,.F.);
#1956 = EDGE_LOOP('',(#1957,#1958,#1959,#1960));
#1957 = ORIENTED_EDGE('',*,*,#1926,.T.);
#1958 = ORIENTED_EDGE('',*,*,#1941,.T.);
#1959 = ORIENTED_EDGE('',*,*,#307,.F.);
#1960 = ORIENTED_EDGE('',*,*,#1864,.T.);
#1961 = PLANE('',#1962);
#1962 = AXIS2_PLACEMENT_3D('',#1963,#1964,#1965);
#1963 = CARTESIAN_POINT('',(-1.749000000025,-0.615000106641,0.45));
#1964 = DIRECTION('',(1.,0.,0.));
#1965 = DIRECTION('',(0.,0.,1.));
#1966 = ADVANCED_FACE('',(#1967),#2008,.T.);
#1967 = FACE_BOUND('',#1968,.F.);
#1968 = EDGE_LOOP('',(#1969,#1977,#1983,#1984,#1992,#2000,#2006,#2007));
#1969 = ORIENTED_EDGE('',*,*,#1970,.T.);
#1970 = EDGE_CURVE('',#62,#1971,#1973,.T.);
#1971 = VERTEX_POINT('',#1972);
#1972 = CARTESIAN_POINT('',(1.701000000061,1.934999893359,3.34));
#1973 = LINE('',#1974,#1975);
#1974 = CARTESIAN_POINT('',(1.551000000061,1.934999893359,3.34));
#1975 = VECTOR('',#1976,1.);
#1976 = DIRECTION('',(1.,0.,-4.736951571734E-14));
#1977 = ORIENTED_EDGE('',*,*,#1978,.T.);
#1978 = EDGE_CURVE('',#1971,#1379,#1979,.T.);
#1979 = LINE('',#1980,#1981);
#1980 = CARTESIAN_POINT('',(1.701000000061,1.934999893359,3.34));
#1981 = VECTOR('',#1982,1.);
#1982 = DIRECTION('',(2.117226349352E-13,0.986393926991,0.164398968352)
  );
#1983 = ORIENTED_EDGE('',*,*,#1387,.F.);
#1984 = ORIENTED_EDGE('',*,*,#1985,.F.);
#1985 = EDGE_CURVE('',#1986,#1388,#1988,.T.);
#1986 = VERTEX_POINT('',#1987);
#1987 = CARTESIAN_POINT('',(1.662666388289,2.134999893359,3.37333333333)
  );
#1988 = LINE('',#1989,#1990);
#1989 = CARTESIAN_POINT('',(1.662666388289,2.134999893359,3.37333333333)
  );
#1990 = VECTOR('',#1991,1.);
#1991 = DIRECTION('',(8.192314514998E-02,0.983078321017,0.16384630919));
#1992 = ORIENTED_EDGE('',*,*,#1993,.T.);
#1993 = EDGE_CURVE('',#1986,#1994,#1996,.T.);
#1994 = VERTEX_POINT('',#1995);
#1995 = CARTESIAN_POINT('',(1.639333054965,2.134999893359,3.37333333333)
  );
#1996 = LINE('',#1997,#1998);
#1997 = CARTESIAN_POINT('',(1.662666388289,2.134999893359,3.37333333333)
  );
#1998 = VECTOR('',#1999,1.);
#1999 = DIRECTION('',(-1.,-3.806478943083E-14,3.623767953815E-11));
#2000 = ORIENTED_EDGE('',*,*,#2001,.F.);
#2001 = EDGE_CURVE('',#1572,#1994,#2002,.T.);
#2002 = LINE('',#2003,#2004);
#2003 = CARTESIAN_POINT('',(1.630999721631,2.234999952284,3.39000000192)
  );
#2004 = VECTOR('',#2005,1.);
#2005 = DIRECTION('',(8.192314514222E-02,-0.983078321017,-0.163846309191
    ));
#2006 = ORIENTED_EDGE('',*,*,#1579,.F.);
#2007 = ORIENTED_EDGE('',*,*,#70,.T.);
#2008 = PLANE('',#2009);
#2009 = AXIS2_PLACEMENT_3D('',#2010,#2011,#2012);
#2010 = CARTESIAN_POINT('',(1.626000000061,2.084999893359,3.365));
#2011 = DIRECTION('',(0.,0.164398987305,-0.986393923832));
#2012 = DIRECTION('',(0.,-0.986393923832,-0.164398987305));
#2013 = ADVANCED_FACE('',(#2014),#2025,.T.);
#2014 = FACE_BOUND('',#2015,.F.);
#2015 = EDGE_LOOP('',(#2016,#2017,#2018,#2019));
#2016 = ORIENTED_EDGE('',*,*,#1970,.F.);
#2017 = ORIENTED_EDGE('',*,*,#105,.T.);
#2018 = ORIENTED_EDGE('',*,*,#234,.F.);
#2019 = ORIENTED_EDGE('',*,*,#2020,.T.);
#2020 = EDGE_CURVE('',#226,#1971,#2021,.T.);
#2021 = LINE('',#2022,#2023);
#2022 = CARTESIAN_POINT('',(1.701000000061,-0.655,3.34));
#2023 = VECTOR('',#2024,1.);
#2024 = DIRECTION('',(0.,1.,0.));
#2025 = PLANE('',#2026);
#2026 = AXIS2_PLACEMENT_3D('',#2027,#2028,#2029);
#2027 = CARTESIAN_POINT('',(-2.623999999939,-1.5000106641E-02,3.34));
#2028 = DIRECTION('',(0.,0.,-1.));
#2029 = DIRECTION('',(1.,0.,0.));
#2030 = ADVANCED_FACE('',(#2031),#2048,.F.);
#2031 = FACE_BOUND('',#2032,.F.);
#2032 = EDGE_LOOP('',(#2033,#2039,#2046,#2047));
#2033 = ORIENTED_EDGE('',*,*,#2034,.F.);
#2034 = EDGE_CURVE('',#1321,#218,#2035,.T.);
#2035 = LINE('',#2036,#2037);
#2036 = CARTESIAN_POINT('',(1.851000000061,1.934999893359,3.19));
#2037 = VECTOR('',#2038,1.);
#2038 = DIRECTION('',(0.,-1.,0.));
#2039 = ORIENTED_EDGE('',*,*,#2040,.T.);
#2040 = EDGE_CURVE('',#1321,#1971,#2041,.T.);
#2041 = CIRCLE('',#2042,0.15);
#2042 = AXIS2_PLACEMENT_3D('',#2043,#2044,#2045);
#2043 = CARTESIAN_POINT('',(1.701000000061,1.934999893359,3.19));
#2044 = DIRECTION('',(0.,-1.,0.));
#2045 = DIRECTION('',(1.,0.,0.));
#2046 = ORIENTED_EDGE('',*,*,#2020,.F.);
#2047 = ORIENTED_EDGE('',*,*,#225,.T.);
#2048 = CYLINDRICAL_SURFACE('',#2049,0.15);
#2049 = AXIS2_PLACEMENT_3D('',#2050,#2051,#2052);
#2050 = CARTESIAN_POINT('',(1.701000000061,-1.015000106641,3.19));
#2051 = DIRECTION('',(0.,1.,0.));
#2052 = DIRECTION('',(-1.,0.,0.));
#2053 = ADVANCED_FACE('',(#2054),#2060,.T.);
#2054 = FACE_BOUND('',#2055,.F.);
#2055 = EDGE_LOOP('',(#2056,#2057,#2058,#2059));
#2056 = ORIENTED_EDGE('',*,*,#1284,.F.);
#2057 = ORIENTED_EDGE('',*,*,#1328,.F.);
#2058 = ORIENTED_EDGE('',*,*,#2034,.T.);
#2059 = ORIENTED_EDGE('',*,*,#217,.F.);
#2060 = PLANE('',#2061);
#2061 = AXIS2_PLACEMENT_3D('',#2062,#2063,#2064);
#2062 = CARTESIAN_POINT('',(1.851000000061,-1.5000106641E-02,2.86));
#2063 = DIRECTION('',(-1.,0.,0.));
#2064 = DIRECTION('',(0.,-1.,0.));
#2065 = ADVANCED_FACE('',(#2066),#2072,.F.);
#2066 = FACE_BOUND('',#2067,.F.);
#2067 = EDGE_LOOP('',(#2068,#2069,#2070,#2071));
#2068 = ORIENTED_EDGE('',*,*,#1378,.T.);
#2069 = ORIENTED_EDGE('',*,*,#1978,.F.);
#2070 = ORIENTED_EDGE('',*,*,#2040,.F.);
#2071 = ORIENTED_EDGE('',*,*,#1320,.F.);
#2072 = CONICAL_SURFACE('',#2073,0.175,0.165148677415);
#2073 = AXIS2_PLACEMENT_3D('',#2074,#2075,#2076);
#2074 = CARTESIAN_POINT('',(1.701000000061,2.084999893359,3.19));
#2075 = DIRECTION('',(0.,1.,0.));
#2076 = DIRECTION('',(1.,0.,0.));
#2077 = ADVANCED_FACE('',(#2078),#2096,.F.);
#2078 = FACE_BOUND('',#2079,.F.);
#2079 = EDGE_LOOP('',(#2080,#2081,#2082,#2090));
#2080 = ORIENTED_EDGE('',*,*,#1985,.T.);
#2081 = ORIENTED_EDGE('',*,*,#1395,.T.);
#2082 = ORIENTED_EDGE('',*,*,#2083,.F.);
#2083 = EDGE_CURVE('',#2084,#1396,#2086,.T.);
#2084 = VERTEX_POINT('',#2085);
#2085 = CARTESIAN_POINT('',(1.900999721623,2.134999893359,3.85));
#2086 = LINE('',#2087,#2088);
#2087 = CARTESIAN_POINT('',(1.900999721623,2.134999893359,3.85));
#2088 = VECTOR('',#2089,1.);
#2089 = DIRECTION('',(-7.505103200068E-13,1.,-2.842169259197E-13));
#2090 = ORIENTED_EDGE('',*,*,#2091,.T.);
#2091 = EDGE_CURVE('',#2084,#1986,#2092,.T.);
#2092 = LINE('',#2093,#2094);
#2093 = CARTESIAN_POINT('',(1.900999721623,2.134999893359,3.85));
#2094 = VECTOR('',#2095,1.);
#2095 = DIRECTION('',(-0.4472135955,-3.391523581652E-13,-0.894427191));
#2096 = PLANE('',#2097);
#2097 = AXIS2_PLACEMENT_3D('',#2098,#2099,#2100);
#2098 = CARTESIAN_POINT('',(1.650999721627,2.134999893359,3.35000000001)
  );
#2099 = DIRECTION('',(0.894427191,0.,-0.4472135955));
#2100 = DIRECTION('',(0.4472135955,0.,0.894427191));
#2101 = ADVANCED_FACE('',(#2102),#2207,.T.);
#2102 = FACE_BOUND('',#2103,.F.);
#2103 = EDGE_LOOP('',(#2104,#2112,#2120,#2128,#2136,#2144,#2152,#2160,
    #2168,#2176,#2184,#2190,#2191,#2199,#2205,#2206));
#2104 = ORIENTED_EDGE('',*,*,#2105,.F.);
#2105 = EDGE_CURVE('',#2106,#1404,#2108,.T.);
#2106 = VERTEX_POINT('',#2107);
#2107 = CARTESIAN_POINT('',(2.251,2.151666560026,3.85));
#2108 = LINE('',#2109,#2110);
#2109 = CARTESIAN_POINT('',(2.251,2.151666560026,3.85));
#2110 = VECTOR('',#2111,1.);
#2111 = DIRECTION('',(-0.514495540266,0.857493054809,5.849136564402E-13)
  );
#2112 = ORIENTED_EDGE('',*,*,#2113,.F.);
#2113 = EDGE_CURVE('',#2114,#2106,#2116,.T.);
#2114 = VERTEX_POINT('',#2115);
#2115 = CARTESIAN_POINT('',(2.251,0.994999922981,3.85));
#2116 = LINE('',#2117,#2118);
#2117 = CARTESIAN_POINT('',(2.251,0.994999922981,3.85));
#2118 = VECTOR('',#2119,1.);
#2119 = DIRECTION('',(-2.533996132628E-14,1.,-2.457208371033E-14));
#2120 = ORIENTED_EDGE('',*,*,#2121,.F.);
#2121 = EDGE_CURVE('',#2122,#2114,#2124,.T.);
#2122 = VERTEX_POINT('',#2123);
#2123 = CARTESIAN_POINT('',(2.776,0.99499993483,3.85));
#2124 = LINE('',#2125,#2126);
#2125 = CARTESIAN_POINT('',(2.776,0.99499993483,3.85));
#2126 = VECTOR('',#2127,1.);
#2127 = DIRECTION('',(-1.,-2.256952043245E-08,0.));
#2128 = ORIENTED_EDGE('',*,*,#2129,.T.);
#2129 = EDGE_CURVE('',#2122,#2130,#2132,.T.);
#2130 = VERTEX_POINT('',#2131);
#2131 = CARTESIAN_POINT('',(2.776,-0.955000065169,3.85));
#2132 = LINE('',#2133,#2134);
#2133 = CARTESIAN_POINT('',(2.776,0.99499993483,3.85));
#2134 = VECTOR('',#2135,1.);
#2135 = DIRECTION('',(0.,-1.,0.));
#2136 = ORIENTED_EDGE('',*,*,#2137,.F.);
#2137 = EDGE_CURVE('',#2138,#2130,#2140,.T.);
#2138 = VERTEX_POINT('',#2139);
#2139 = CARTESIAN_POINT('',(2.351,-0.955000065169,3.85));
#2140 = LINE('',#2141,#2142);
#2141 = CARTESIAN_POINT('',(2.351,-0.955000065169,3.85));
#2142 = VECTOR('',#2143,1.);
#2143 = DIRECTION('',(1.,0.,0.));
#2144 = ORIENTED_EDGE('',*,*,#2145,.T.);
#2145 = EDGE_CURVE('',#2138,#2146,#2148,.T.);
#2146 = VERTEX_POINT('',#2147);
#2147 = CARTESIAN_POINT('',(2.351,-1.555000106641,3.85));
#2148 = LINE('',#2149,#2150);
#2149 = CARTESIAN_POINT('',(2.351,-0.955000065169,3.85));
#2150 = VECTOR('',#2151,1.);
#2151 = DIRECTION('',(0.,-1.,0.));
#2152 = ORIENTED_EDGE('',*,*,#2153,.F.);
#2153 = EDGE_CURVE('',#2154,#2146,#2156,.T.);
#2154 = VERTEX_POINT('',#2155);
#2155 = CARTESIAN_POINT('',(2.201000004581,-1.705000054664,3.85));
#2156 = LINE('',#2157,#2158);
#2157 = CARTESIAN_POINT('',(2.201000004581,-1.705000054664,3.85));
#2158 = VECTOR('',#2159,1.);
#2159 = DIRECTION('',(0.7071068929,0.707106669473,0.));
#2160 = ORIENTED_EDGE('',*,*,#2161,.T.);
#2161 = EDGE_CURVE('',#2154,#2162,#2164,.T.);
#2162 = VERTEX_POINT('',#2163);
#2163 = CARTESIAN_POINT('',(1.751000005469,-1.705000055599,3.85));
#2164 = LINE('',#2165,#2166);
#2165 = CARTESIAN_POINT('',(2.201000004581,-1.705000054664,3.85));
#2166 = VECTOR('',#2167,1.);
#2167 = DIRECTION('',(-1.,-2.078858570871E-09,0.));
#2168 = ORIENTED_EDGE('',*,*,#2169,.F.);
#2169 = EDGE_CURVE('',#2170,#2162,#2172,.T.);
#2170 = VERTEX_POINT('',#2171);
#2171 = CARTESIAN_POINT('',(1.451,-1.905000106641,3.85));
#2172 = LINE('',#2173,#2174);
#2173 = CARTESIAN_POINT('',(1.451,-1.905000106641,3.85));
#2174 = VECTOR('',#2175,1.);
#2175 = DIRECTION('',(0.832050233667,0.554700287231,0.));
#2176 = ORIENTED_EDGE('',*,*,#2177,.T.);
#2177 = EDGE_CURVE('',#2170,#2178,#2180,.T.);
#2178 = VERTEX_POINT('',#2179);
#2179 = CARTESIAN_POINT('',(1.250999999954,-1.905000106641,3.85));
#2180 = LINE('',#2181,#2182);
#2181 = CARTESIAN_POINT('',(1.451,-1.905000106641,3.85));
#2182 = VECTOR('',#2183,1.);
#2183 = DIRECTION('',(-1.,0.,-2.629008121707E-12));
#2184 = ORIENTED_EDGE('',*,*,#2185,.F.);
#2185 = EDGE_CURVE('',#1556,#2178,#2186,.T.);
#2186 = LINE('',#2187,#2188);
#2187 = CARTESIAN_POINT('',(1.250999999955,2.234999952604,3.85));
#2188 = VECTOR('',#2189,1.);
#2189 = DIRECTION('',(-2.942359142963E-13,-1.,3.089316198226E-14));
#2190 = ORIENTED_EDGE('',*,*,#1563,.T.);
#2191 = ORIENTED_EDGE('',*,*,#2192,.T.);
#2192 = EDGE_CURVE('',#1564,#2193,#2195,.T.);
#2193 = VERTEX_POINT('',#2194);
#2194 = CARTESIAN_POINT('',(1.400999721631,2.134999893359,3.85));
#2195 = LINE('',#2196,#2197);
#2196 = CARTESIAN_POINT('',(1.400999721632,2.234999952604,3.85));
#2197 = VECTOR('',#2198,1.);
#2198 = DIRECTION('',(-9.641171033933E-12,-1.,2.131626944398E-12));
#2199 = ORIENTED_EDGE('',*,*,#2200,.T.);
#2200 = EDGE_CURVE('',#2193,#2084,#2201,.T.);
#2201 = LINE('',#2202,#2203);
#2202 = CARTESIAN_POINT('',(1.400999721631,2.134999893359,3.85));
#2203 = VECTOR('',#2204,1.);
#2204 = DIRECTION('',(1.,0.,2.700062395933E-13));
#2205 = ORIENTED_EDGE('',*,*,#2083,.T.);
#2206 = ORIENTED_EDGE('',*,*,#1403,.T.);
#2207 = PLANE('',#2208);
#2208 = AXIS2_PLACEMENT_3D('',#2209,#2210,#2211);
#2209 = CARTESIAN_POINT('',(5.176,-1.765000106641,3.85));
#2210 = DIRECTION('',(0.,0.,1.));
#2211 = DIRECTION('',(1.,0.,0.));
#2212 = ADVANCED_FACE('',(#2213),#2248,.F.);
#2213 = FACE_BOUND('',#2214,.F.);
#2214 = EDGE_LOOP('',(#2215,#2216,#2224,#2232,#2240,#2246,#2247));
#2215 = ORIENTED_EDGE('',*,*,#1419,.T.);
#2216 = ORIENTED_EDGE('',*,*,#2217,.T.);
#2217 = EDGE_CURVE('',#1420,#2218,#2220,.T.);
#2218 = VERTEX_POINT('',#2219);
#2219 = CARTESIAN_POINT('',(2.251,2.151666560026,0.2));
#2220 = LINE('',#2221,#2222);
#2221 = CARTESIAN_POINT('',(2.200999995626,2.234999948045,0.2));
#2222 = VECTOR('',#2223,1.);
#2223 = DIRECTION('',(0.514495540266,-0.857493054809,7.31142073478E-14)
  );
#2224 = ORIENTED_EDGE('',*,*,#2225,.T.);
#2225 = EDGE_CURVE('',#2218,#2226,#2228,.T.);
#2226 = VERTEX_POINT('',#2227);
#2227 = CARTESIAN_POINT('',(2.351,1.984999893359,0.3));
#2228 = LINE('',#2229,#2230);
#2229 = CARTESIAN_POINT('',(2.251,2.151666560026,0.2));
#2230 = VECTOR('',#2231,1.);
#2231 = DIRECTION('',(0.457495710998,-0.762492851663,0.457495710998));
#2232 = ORIENTED_EDGE('',*,*,#2233,.T.);
#2233 = EDGE_CURVE('',#2226,#2234,#2236,.T.);
#2234 = VERTEX_POINT('',#2235);
#2235 = CARTESIAN_POINT('',(2.351,1.984999893359,3.75));
#2236 = LINE('',#2237,#2238);
#2237 = CARTESIAN_POINT('',(2.351,1.984999893359,0.3));
#2238 = VECTOR('',#2239,1.);
#2239 = DIRECTION('',(0.,0.,1.));
#2240 = ORIENTED_EDGE('',*,*,#2241,.F.);
#2241 = EDGE_CURVE('',#2106,#2234,#2242,.T.);
#2242 = LINE('',#2243,#2244);
#2243 = CARTESIAN_POINT('',(2.251,2.151666560026,3.85));
#2244 = VECTOR('',#2245,1.);
#2245 = DIRECTION('',(0.457495710998,-0.762492851663,-0.457495710998));
#2246 = ORIENTED_EDGE('',*,*,#2105,.T.);
#2247 = ORIENTED_EDGE('',*,*,#1411,.F.);
#2248 = PLANE('',#2249);
#2249 = AXIS2_PLACEMENT_3D('',#2250,#2251,#2252);
#2250 = CARTESIAN_POINT('',(2.276,2.109999893359,1.74));
#2251 = DIRECTION('',(-0.857492925712,-0.514495755428,0.));
#2252 = DIRECTION('',(0.514495755428,-0.857492925712,0.));
#2253 = ADVANCED_FACE('',(#2254),#2462,.T.);
#2254 = FACE_BOUND('',#2255,.F.);
#2255 = EDGE_LOOP('',(#2256,#2264,#2272,#2280,#2288,#2296,#2304,#2312,
    #2320,#2328,#2336,#2344,#2352,#2360,#2368,#2376,#2384,#2392,#2400,
    #2408,#2414,#2415,#2416,#2424,#2432,#2438,#2439,#2447,#2455,#2461));
#2256 = ORIENTED_EDGE('',*,*,#2257,.F.);
#2257 = EDGE_CURVE('',#2258,#1492,#2260,.T.);
#2258 = VERTEX_POINT('',#2259);
#2259 = CARTESIAN_POINT('',(-2.249000003554,2.151666554103,0.20000000178
    ));
#2260 = LINE('',#2261,#2262);
#2261 = CARTESIAN_POINT('',(-2.249000003554,2.151666554103,0.20000000178
    ));
#2262 = VECTOR('',#2263,1.);
#2263 = DIRECTION('',(0.514495540266,0.85749305481,-1.828162133419E-08)
  );
#2264 = ORIENTED_EDGE('',*,*,#2265,.F.);
#2265 = EDGE_CURVE('',#2266,#2258,#2268,.T.);
#2266 = VERTEX_POINT('',#2267);
#2267 = CARTESIAN_POINT('',(-2.249000008885,-0.25500007228,0.20000001066
    ));
#2268 = LINE('',#2269,#2270);
#2269 = CARTESIAN_POINT('',(-2.249000008885,-0.25500007228,0.20000001066
    ));
#2270 = VECTOR('',#2271,1.);
#2271 = DIRECTION('',(2.21504997187E-09,1.,-3.692059831438E-09));
#2272 = ORIENTED_EDGE('',*,*,#2273,.F.);
#2273 = EDGE_CURVE('',#2274,#2266,#2276,.T.);
#2274 = VERTEX_POINT('',#2275);
#2275 = CARTESIAN_POINT('',(-2.874,-0.25500006043,0.20000001066));
#2276 = LINE('',#2277,#2278);
#2277 = CARTESIAN_POINT('',(-2.874,-0.25500006043,0.20000001066));
#2278 = VECTOR('',#2279,1.);
#2279 = DIRECTION('',(1.,-1.895983841346E-08,-1.125499709444E-12));
#2280 = ORIENTED_EDGE('',*,*,#2281,.F.);
#2281 = EDGE_CURVE('',#2282,#2274,#2284,.T.);
#2282 = VERTEX_POINT('',#2283);
#2283 = CARTESIAN_POINT('',(-2.874,-0.955000082943,0.20000000178));
#2284 = LINE('',#2285,#2286);
#2285 = CARTESIAN_POINT('',(-2.874,-0.955000082943,0.20000000178));
#2286 = VECTOR('',#2287,1.);
#2287 = DIRECTION('',(0.,1.,1.269364255389E-08));
#2288 = ORIENTED_EDGE('',*,*,#2289,.F.);
#2289 = EDGE_CURVE('',#2290,#2282,#2292,.T.);
#2290 = VERTEX_POINT('',#2291);
#2291 = CARTESIAN_POINT('',(-1.974,-0.955000100716,0.2));
#2292 = LINE('',#2293,#2294);
#2293 = CARTESIAN_POINT('',(-1.974,-0.955000100716,0.2));
#2294 = VECTOR('',#2295,1.);
#2295 = DIRECTION('',(-1.,1.974833926018E-08,1.974835110256E-09));
#2296 = ORIENTED_EDGE('',*,*,#2297,.T.);
#2297 = EDGE_CURVE('',#2290,#2298,#2300,.T.);
#2298 = VERTEX_POINT('',#2299);
#2299 = CARTESIAN_POINT('',(-1.974,-1.605000106624,0.20000000002));
#2300 = LINE('',#2301,#2302);
#2301 = CARTESIAN_POINT('',(-1.974,-0.955000100716,0.2));
#2302 = VECTOR('',#2303,1.);
#2303 = DIRECTION('',(0.,-1.,2.544836113561E-11));
#2304 = ORIENTED_EDGE('',*,*,#2305,.T.);
#2305 = EDGE_CURVE('',#2298,#2306,#2308,.T.);
#2306 = VERTEX_POINT('',#2307);
#2307 = CARTESIAN_POINT('',(-1.064000016448,-1.605000108793,
    0.19999999785));
#2308 = LINE('',#2309,#2310);
#2309 = CARTESIAN_POINT('',(-1.974,-1.605000106624,0.20000000002));
#2310 = VECTOR('',#2311,1.);
#2311 = DIRECTION('',(1.,-2.382553294214E-09,-2.382137509583E-09));
#2312 = ORIENTED_EDGE('',*,*,#2313,.F.);
#2313 = EDGE_CURVE('',#2314,#2306,#2316,.T.);
#2314 = VERTEX_POINT('',#2315);
#2315 = CARTESIAN_POINT('',(-1.064000006574,-1.005000106641,
    0.19999999781));
#2316 = LINE('',#2317,#2318);
#2317 = CARTESIAN_POINT('',(-1.064000006574,-1.005000106641,
    0.19999999781));
#2318 = VECTOR('',#2319,1.);
#2319 = DIRECTION('',(-1.64562229919E-08,-1.,6.235012483936E-11));
#2320 = ORIENTED_EDGE('',*,*,#2321,.F.);
#2321 = EDGE_CURVE('',#2322,#2314,#2324,.T.);
#2322 = VERTEX_POINT('',#2323);
#2323 = CARTESIAN_POINT('',(-0.183999999992,-1.005000106641,0.2));
#2324 = LINE('',#2325,#2326);
#2325 = CARTESIAN_POINT('',(-0.183999999992,-1.005000106641,0.2));
#2326 = VECTOR('',#2327,1.);
#2327 = DIRECTION('',(-1.,0.,-2.487061043543E-09));
#2328 = ORIENTED_EDGE('',*,*,#2329,.F.);
#2329 = EDGE_CURVE('',#2330,#2322,#2332,.T.);
#2330 = VERTEX_POINT('',#2331);
#2331 = CARTESIAN_POINT('',(-0.183999999943,-1.605000106657,
    0.19999999998));
#2332 = LINE('',#2333,#2334);
#2333 = CARTESIAN_POINT('',(-0.183999999943,-1.605000106657,
    0.19999999998));
#2334 = VECTOR('',#2335,1.);
#2335 = DIRECTION('',(-8.231193504345E-11,1.,2.742694959959E-11));
#2336 = ORIENTED_EDGE('',*,*,#2337,.T.);
#2337 = EDGE_CURVE('',#2330,#2338,#2340,.T.);
#2338 = VERTEX_POINT('',#2339);
#2339 = CARTESIAN_POINT('',(0.185999986726,-1.605000111068,0.19999999557
    ));
#2340 = LINE('',#2341,#2342);
#2341 = CARTESIAN_POINT('',(-0.183999999943,-1.605000106657,
    0.19999999998));
#2342 = VECTOR('',#2343,1.);
#2343 = DIRECTION('',(1.,-1.192067508709E-08,-1.192062227648E-08));
#2344 = ORIENTED_EDGE('',*,*,#2345,.F.);
#2345 = EDGE_CURVE('',#2346,#2338,#2348,.T.);
#2346 = VERTEX_POINT('',#2347);
#2347 = CARTESIAN_POINT('',(0.186000000008,-1.005000106641,0.2));
#2348 = LINE('',#2349,#2350);
#2349 = CARTESIAN_POINT('',(0.186000000008,-1.005000106641,0.2));
#2350 = VECTOR('',#2351,1.);
#2351 = DIRECTION('',(-2.213585594774E-08,-1.,-7.378488876511E-09));
#2352 = ORIENTED_EDGE('',*,*,#2353,.F.);
#2353 = EDGE_CURVE('',#2354,#2346,#2356,.T.);
#2354 = VERTEX_POINT('',#2355);
#2355 = CARTESIAN_POINT('',(1.065999984564,-1.005000106641,0.20000000662
    ));
#2356 = LINE('',#2357,#2358);
#2357 = CARTESIAN_POINT('',(1.065999984564,-1.005000106641,0.20000000662
    ));
#2358 = VECTOR('',#2359,1.);
#2359 = DIRECTION('',(-1.,0.,-7.526819703751E-09));
#2360 = ORIENTED_EDGE('',*,*,#2361,.F.);
#2361 = EDGE_CURVE('',#2362,#2354,#2364,.T.);
#2362 = VERTEX_POINT('',#2363);
#2363 = CARTESIAN_POINT('',(1.065999961532,-1.605000089923,0.20000001657
    ));
#2364 = LINE('',#2365,#2366);
#2365 = CARTESIAN_POINT('',(1.065999961532,-1.605000089923,0.20000001657
    ));
#2366 = VECTOR('',#2367,1.);
#2367 = DIRECTION('',(3.838667712964E-08,1.,-1.65756361407E-08));
#2368 = ORIENTED_EDGE('',*,*,#2369,.T.);
#2369 = EDGE_CURVE('',#2362,#2370,#2372,.T.);
#2370 = VERTEX_POINT('',#2371);
#2371 = CARTESIAN_POINT('',(1.976,-1.605000102198,0.20000000443));
#2372 = LINE('',#2373,#2374);
#2373 = CARTESIAN_POINT('',(1.065999961532,-1.605000089923,0.20000001657
    ));
#2374 = VECTOR('',#2375,1.);
#2375 = DIRECTION('',(1.,-1.348905789584E-08,-1.33433985932E-08));
#2376 = ORIENTED_EDGE('',*,*,#2377,.F.);
#2377 = EDGE_CURVE('',#2378,#2370,#2380,.T.);
#2378 = VERTEX_POINT('',#2379);
#2379 = CARTESIAN_POINT('',(1.976,-0.955000041472,0.2));
#2380 = LINE('',#2381,#2382);
#2381 = CARTESIAN_POINT('',(1.976,-0.955000041472,0.2));
#2382 = VECTOR('',#2383,1.);
#2383 = DIRECTION('',(0.,-1.,6.809993983275E-09));
#2384 = ORIENTED_EDGE('',*,*,#2385,.F.);
#2385 = EDGE_CURVE('',#2386,#2378,#2388,.T.);
#2386 = VERTEX_POINT('',#2387);
#2387 = CARTESIAN_POINT('',(2.876,-0.955000023698,0.2));
#2388 = LINE('',#2389,#2390);
#2389 = CARTESIAN_POINT('',(2.876,-0.955000023698,0.2));
#2390 = VECTOR('',#2391,1.);
#2391 = DIRECTION('',(-1.,-1.974832643094E-08,0.));
#2392 = ORIENTED_EDGE('',*,*,#2393,.F.);
#2393 = EDGE_CURVE('',#2394,#2386,#2396,.T.);
#2394 = VERTEX_POINT('',#2395);
#2395 = CARTESIAN_POINT('',(2.876,-0.255000088275,0.20000000178));
#2396 = LINE('',#2397,#2398);
#2397 = CARTESIAN_POINT('',(2.876,-0.255000088275,0.20000000178));
#2398 = VECTOR('',#2399,1.);
#2399 = DIRECTION('',(0.,-1.,-2.539073947423E-09));
#2400 = ORIENTED_EDGE('',*,*,#2401,.T.);
#2401 = EDGE_CURVE('',#2394,#2402,#2404,.T.);
#2402 = VERTEX_POINT('',#2403);
#2403 = CARTESIAN_POINT('',(2.251000001777,-0.255000100124,0.20000000178
    ));
#2404 = LINE('',#2405,#2406);
#2405 = CARTESIAN_POINT('',(2.876,-0.255000088275,0.20000000178));
#2406 = VECTOR('',#2407,1.);
#2407 = DIRECTION('',(-1.,-1.89586004324E-08,1.136868380449E-14));
#2408 = ORIENTED_EDGE('',*,*,#2409,.T.);
#2409 = EDGE_CURVE('',#2402,#2218,#2410,.T.);
#2410 = LINE('',#2411,#2412);
#2411 = CARTESIAN_POINT('',(2.251000001777,-0.255000100124,0.20000000178
    ));
#2412 = VECTOR('',#2413,1.);
#2413 = DIRECTION('',(-7.385412707687E-10,1.,-7.385087944386E-10));
#2414 = ORIENTED_EDGE('',*,*,#2217,.F.);
#2415 = ORIENTED_EDGE('',*,*,#1427,.F.);
#2416 = ORIENTED_EDGE('',*,*,#2417,.T.);
#2417 = EDGE_CURVE('',#1428,#2418,#2420,.T.);
#2418 = VERTEX_POINT('',#2419);
#2419 = CARTESIAN_POINT('',(1.836,-0.265000106641,0.2));
#2420 = LINE('',#2421,#2422);
#2421 = CARTESIAN_POINT('',(1.836,2.234999952604,0.2));
#2422 = VECTOR('',#2423,1.);
#2423 = DIRECTION('',(0.,-1.,0.));
#2424 = ORIENTED_EDGE('',*,*,#2425,.T.);
#2425 = EDGE_CURVE('',#2418,#2426,#2428,.T.);
#2426 = VERTEX_POINT('',#2427);
#2427 = CARTESIAN_POINT('',(1.051,-0.265000106641,0.2));
#2428 = LINE('',#2429,#2430);
#2429 = CARTESIAN_POINT('',(1.836,-0.265000106641,0.2));
#2430 = VECTOR('',#2431,1.);
#2431 = DIRECTION('',(-1.,0.,0.));
#2432 = ORIENTED_EDGE('',*,*,#2433,.T.);
#2433 = EDGE_CURVE('',#2426,#1452,#2434,.T.);
#2434 = LINE('',#2435,#2436);
#2435 = CARTESIAN_POINT('',(1.051,-0.265000106641,0.2));
#2436 = VECTOR('',#2437,1.);
#2437 = DIRECTION('',(0.,1.,0.));
#2438 = ORIENTED_EDGE('',*,*,#1459,.F.);
#2439 = ORIENTED_EDGE('',*,*,#2440,.F.);
#2440 = EDGE_CURVE('',#2441,#1460,#2443,.T.);
#2441 = VERTEX_POINT('',#2442);
#2442 = CARTESIAN_POINT('',(-1.049,-0.265000106641,0.2));
#2443 = LINE('',#2444,#2445);
#2444 = CARTESIAN_POINT('',(-1.049,-0.265000106641,0.2));
#2445 = VECTOR('',#2446,1.);
#2446 = DIRECTION('',(0.,1.,0.));
#2447 = ORIENTED_EDGE('',*,*,#2448,.T.);
#2448 = EDGE_CURVE('',#2441,#2449,#2451,.T.);
#2449 = VERTEX_POINT('',#2450);
#2450 = CARTESIAN_POINT('',(-1.834,-0.265000106641,0.2));
#2451 = LINE('',#2452,#2453);
#2452 = CARTESIAN_POINT('',(-1.049,-0.265000106641,0.2));
#2453 = VECTOR('',#2454,1.);
#2454 = DIRECTION('',(-1.,0.,0.));
#2455 = ORIENTED_EDGE('',*,*,#2456,.F.);
#2456 = EDGE_CURVE('',#1484,#2449,#2457,.T.);
#2457 = LINE('',#2458,#2459);
#2458 = CARTESIAN_POINT('',(-1.834,2.234999952604,0.2));
#2459 = VECTOR('',#2460,1.);
#2460 = DIRECTION('',(0.,-1.,0.));
#2461 = ORIENTED_EDGE('',*,*,#1491,.F.);
#2462 = PLANE('',#2463);
#2463 = AXIS2_PLACEMENT_3D('',#2464,#2465,#2466);
#2464 = CARTESIAN_POINT('',(1.916,-0.835000106641,0.2));
#2465 = DIRECTION('',(0.,0.,-1.));
#2466 = DIRECTION('',(-1.,0.,0.));
#2467 = ADVANCED_FACE('',(#2468),#2503,.T.);
#2468 = FACE_BOUND('',#2469,.F.);
#2469 = EDGE_LOOP('',(#2470,#2471,#2472,#2480,#2488,#2496,#2502));
#2470 = ORIENTED_EDGE('',*,*,#1499,.F.);
#2471 = ORIENTED_EDGE('',*,*,#1507,.T.);
#2472 = ORIENTED_EDGE('',*,*,#2473,.T.);
#2473 = EDGE_CURVE('',#1508,#2474,#2476,.T.);
#2474 = VERTEX_POINT('',#2475);
#2475 = CARTESIAN_POINT('',(-2.249,2.151666560026,3.85));
#2476 = LINE('',#2477,#2478);
#2477 = CARTESIAN_POINT('',(-2.198999995426,2.234999948378,3.85));
#2478 = VECTOR('',#2479,1.);
#2479 = DIRECTION('',(-0.514495540266,-0.85749305481,0.));
#2480 = ORIENTED_EDGE('',*,*,#2481,.F.);
#2481 = EDGE_CURVE('',#2482,#2474,#2484,.T.);
#2482 = VERTEX_POINT('',#2483);
#2483 = CARTESIAN_POINT('',(-2.349,1.984999893359,3.75));
#2484 = LINE('',#2485,#2486);
#2485 = CARTESIAN_POINT('',(-2.349,1.984999893359,3.75));
#2486 = VECTOR('',#2487,1.);
#2487 = DIRECTION('',(0.457495710998,0.762492851663,0.457495710998));
#2488 = ORIENTED_EDGE('',*,*,#2489,.F.);
#2489 = EDGE_CURVE('',#2490,#2482,#2492,.T.);
#2490 = VERTEX_POINT('',#2491);
#2491 = CARTESIAN_POINT('',(-2.349,1.984999893359,0.3));
#2492 = LINE('',#2493,#2494);
#2493 = CARTESIAN_POINT('',(-2.349,1.984999893359,0.3));
#2494 = VECTOR('',#2495,1.);
#2495 = DIRECTION('',(0.,0.,1.));
#2496 = ORIENTED_EDGE('',*,*,#2497,.T.);
#2497 = EDGE_CURVE('',#2490,#2258,#2498,.T.);
#2498 = LINE('',#2499,#2500);
#2499 = CARTESIAN_POINT('',(-2.349,1.984999893359,0.3));
#2500 = VECTOR('',#2501,1.);
#2501 = DIRECTION('',(0.457495709296,0.762492848827,-0.457495717427));
#2502 = ORIENTED_EDGE('',*,*,#2257,.T.);
#2503 = PLANE('',#2504);
#2504 = AXIS2_PLACEMENT_3D('',#2505,#2506,#2507);
#2505 = CARTESIAN_POINT('',(-2.274,2.109999893359,1.74));
#2506 = DIRECTION('',(-0.857492925712,0.514495755428,0.));
#2507 = DIRECTION('',(-0.514495755428,-0.857492925712,0.));
#2508 = ADVANCED_FACE('',(#2509),#2591,.T.);
#2509 = FACE_BOUND('',#2510,.F.);
#2510 = EDGE_LOOP('',(#2511,#2521,#2527,#2528,#2529,#2537,#2545,#2553,
    #2561,#2569,#2577,#2585));
#2511 = ORIENTED_EDGE('',*,*,#2512,.T.);
#2512 = EDGE_CURVE('',#2513,#2515,#2517,.T.);
#2513 = VERTEX_POINT('',#2514);
#2514 = CARTESIAN_POINT('',(-2.774,0.99499993483,3.85));
#2515 = VERTEX_POINT('',#2516);
#2516 = CARTESIAN_POINT('',(-2.249,0.994999922981,3.85));
#2517 = LINE('',#2518,#2519);
#2518 = CARTESIAN_POINT('',(-2.774,0.99499993483,3.85));
#2519 = VECTOR('',#2520,1.);
#2520 = DIRECTION('',(1.,-2.256952381599E-08,0.));
#2521 = ORIENTED_EDGE('',*,*,#2522,.T.);
#2522 = EDGE_CURVE('',#2515,#2474,#2523,.T.);
#2523 = LINE('',#2524,#2525);
#2524 = CARTESIAN_POINT('',(-2.249,0.994999922981,3.85));
#2525 = VECTOR('',#2526,1.);
#2526 = DIRECTION('',(0.,1.,0.));
#2527 = ORIENTED_EDGE('',*,*,#2473,.F.);
#2528 = ORIENTED_EDGE('',*,*,#1515,.F.);
#2529 = ORIENTED_EDGE('',*,*,#2530,.F.);
#2530 = EDGE_CURVE('',#2531,#1516,#2533,.T.);
#2531 = VERTEX_POINT('',#2532);
#2532 = CARTESIAN_POINT('',(-1.248999999895,-1.905000106641,3.85));
#2533 = LINE('',#2534,#2535);
#2534 = CARTESIAN_POINT('',(-1.248999999895,-1.905000106641,3.85));
#2535 = VECTOR('',#2536,1.);
#2536 = DIRECTION('',(3.241636649666E-13,1.,0.));
#2537 = ORIENTED_EDGE('',*,*,#2538,.F.);
#2538 = EDGE_CURVE('',#2539,#2531,#2541,.T.);
#2539 = VERTEX_POINT('',#2540);
#2540 = CARTESIAN_POINT('',(-1.499,-1.905000106641,3.85));
#2541 = LINE('',#2542,#2543);
#2542 = CARTESIAN_POINT('',(-1.499,-1.905000106641,3.85));
#2543 = VECTOR('',#2544,1.);
#2544 = DIRECTION('',(1.,0.,-2.01794136871E-12));
#2545 = ORIENTED_EDGE('',*,*,#2546,.F.);
#2546 = EDGE_CURVE('',#2547,#2539,#2549,.T.);
#2547 = VERTEX_POINT('',#2548);
#2548 = CARTESIAN_POINT('',(-1.799000005469,-1.705000055599,3.85));
#2549 = LINE('',#2550,#2551);
#2550 = CARTESIAN_POINT('',(-1.799000005469,-1.705000055599,3.85));
#2551 = VECTOR('',#2552,1.);
#2552 = DIRECTION('',(0.832050233667,-0.554700287231,0.));
#2553 = ORIENTED_EDGE('',*,*,#2554,.F.);
#2554 = EDGE_CURVE('',#2555,#2547,#2557,.T.);
#2555 = VERTEX_POINT('',#2556);
#2556 = CARTESIAN_POINT('',(-2.199000004581,-1.705000054664,3.85));
#2557 = LINE('',#2558,#2559);
#2558 = CARTESIAN_POINT('',(-2.199000004581,-1.705000054664,3.85));
#2559 = VECTOR('',#2560,1.);
#2560 = DIRECTION('',(1.,-2.338722554144E-09,0.));
#2561 = ORIENTED_EDGE('',*,*,#2562,.F.);
#2562 = EDGE_CURVE('',#2563,#2555,#2565,.T.);
#2563 = VERTEX_POINT('',#2564);
#2564 = CARTESIAN_POINT('',(-2.349,-1.555000106641,3.85));
#2565 = LINE('',#2566,#2567);
#2566 = CARTESIAN_POINT('',(-2.349,-1.555000106641,3.85));
#2567 = VECTOR('',#2568,1.);
#2568 = DIRECTION('',(0.7071068929,-0.707106669473,0.));
#2569 = ORIENTED_EDGE('',*,*,#2570,.T.);
#2570 = EDGE_CURVE('',#2563,#2571,#2573,.T.);
#2571 = VERTEX_POINT('',#2572);
#2572 = CARTESIAN_POINT('',(-2.349,-0.955000005925,3.85));
#2573 = LINE('',#2574,#2575);
#2574 = CARTESIAN_POINT('',(-2.349,-1.555000106641,3.85));
#2575 = VECTOR('',#2576,1.);
#2576 = DIRECTION('',(0.,1.,0.));
#2577 = ORIENTED_EDGE('',*,*,#2578,.F.);
#2578 = EDGE_CURVE('',#2579,#2571,#2581,.T.);
#2579 = VERTEX_POINT('',#2580);
#2580 = CARTESIAN_POINT('',(-2.774,-0.955,3.85));
#2581 = LINE('',#2582,#2583);
#2582 = CARTESIAN_POINT('',(-2.774,-0.955,3.85));
#2583 = VECTOR('',#2584,1.);
#2584 = DIRECTION('',(1.,-1.394001254298E-08,0.));
#2585 = ORIENTED_EDGE('',*,*,#2586,.F.);
#2586 = EDGE_CURVE('',#2513,#2579,#2587,.T.);
#2587 = LINE('',#2588,#2589);
#2588 = CARTESIAN_POINT('',(-2.774,0.99499993483,3.85));
#2589 = VECTOR('',#2590,1.);
#2590 = DIRECTION('',(0.,-1.,0.));
#2591 = PLANE('',#2592);
#2592 = AXIS2_PLACEMENT_3D('',#2593,#2594,#2595);
#2593 = CARTESIAN_POINT('',(11.426,-1.765000106641,3.85));
#2594 = DIRECTION('',(0.,0.,1.));
#2595 = DIRECTION('',(1.,0.,0.));
#2596 = ADVANCED_FACE('',(#2597),#2678,.F.);
#2597 = FACE_BOUND('',#2598,.F.);
#2598 = EDGE_LOOP('',(#2599,#2609,#2617,#2625,#2633,#2641,#2647,#2648,
    #2656,#2664,#2672));
#2599 = ORIENTED_EDGE('',*,*,#2600,.F.);
#2600 = EDGE_CURVE('',#2601,#2603,#2605,.T.);
#2601 = VERTEX_POINT('',#2602);
#2602 = CARTESIAN_POINT('',(-2.3615,0.994999905208,3.74999999989));
#2603 = VERTEX_POINT('',#2604);
#2604 = CARTESIAN_POINT('',(-2.5615,0.994999905208,3.74999999989));
#2605 = LINE('',#2606,#2607);
#2606 = CARTESIAN_POINT('',(-2.3615,0.994999905208,3.74999999989));
#2607 = VECTOR('',#2608,1.);
#2608 = DIRECTION('',(-1.,0.,0.));
#2609 = ORIENTED_EDGE('',*,*,#2610,.F.);
#2610 = EDGE_CURVE('',#2611,#2601,#2613,.T.);
#2611 = VERTEX_POINT('',#2612);
#2612 = CARTESIAN_POINT('',(-2.3615,0.994999917057,0.57));
#2613 = LINE('',#2614,#2615);
#2614 = CARTESIAN_POINT('',(-2.3615,0.994999917057,0.57));
#2615 = VECTOR('',#2616,1.);
#2616 = DIRECTION('',(0.,-3.726100909429E-09,1.));
#2617 = ORIENTED_EDGE('',*,*,#2618,.F.);
#2618 = EDGE_CURVE('',#2619,#2611,#2621,.T.);
#2619 = VERTEX_POINT('',#2620);
#2620 = CARTESIAN_POINT('',(-2.349,0.994999928906,0.57));
#2621 = LINE('',#2622,#2623);
#2622 = CARTESIAN_POINT('',(-2.349,0.994999928906,0.57));
#2623 = VECTOR('',#2624,1.);
#2624 = DIRECTION('',(-1.,-9.479199292149E-07,0.));
#2625 = ORIENTED_EDGE('',*,*,#2626,.T.);
#2626 = EDGE_CURVE('',#2619,#2627,#2629,.T.);
#2627 = VERTEX_POINT('',#2628);
#2628 = CARTESIAN_POINT('',(-2.349,0.994999924463,3.47));
#2629 = LINE('',#2630,#2631);
#2630 = CARTESIAN_POINT('',(-2.349,0.994999928906,0.57));
#2631 = VECTOR('',#2632,1.);
#2632 = DIRECTION('',(0.,-1.532196898093E-09,1.));
#2633 = ORIENTED_EDGE('',*,*,#2634,.F.);
#2634 = EDGE_CURVE('',#2635,#2627,#2637,.T.);
#2635 = VERTEX_POINT('',#2636);
#2636 = CARTESIAN_POINT('',(-2.349,0.994999922982,3.75));
#2637 = LINE('',#2638,#2639);
#2638 = CARTESIAN_POINT('',(-2.349,0.994999922982,3.75));
#2639 = VECTOR('',#2640,1.);
#2640 = DIRECTION('',(0.,5.289724214208E-09,-1.));
#2641 = ORIENTED_EDGE('',*,*,#2642,.F.);
#2642 = EDGE_CURVE('',#2515,#2635,#2643,.T.);
#2643 = LINE('',#2644,#2645);
#2644 = CARTESIAN_POINT('',(-2.249,0.994999922981,3.85));
#2645 = VECTOR('',#2646,1.);
#2646 = DIRECTION('',(-0.707106781187,8.164480785157E-14,-0.707106781186
    ));
#2647 = ORIENTED_EDGE('',*,*,#2512,.F.);
#2648 = ORIENTED_EDGE('',*,*,#2649,.F.);
#2649 = EDGE_CURVE('',#2650,#2513,#2652,.T.);
#2650 = VERTEX_POINT('',#2651);
#2651 = CARTESIAN_POINT('',(-2.874,0.994999940755,3.75));
#2652 = LINE('',#2653,#2654);
#2653 = CARTESIAN_POINT('',(-2.874,0.994999940755,3.75));
#2654 = VECTOR('',#2655,1.);
#2655 = DIRECTION('',(0.707106781186,-4.189257894561E-08,0.707106781187)
  );
#2656 = ORIENTED_EDGE('',*,*,#2657,.T.);
#2657 = EDGE_CURVE('',#2650,#2658,#2660,.T.);
#2658 = VERTEX_POINT('',#2659);
#2659 = CARTESIAN_POINT('',(-2.874,0.994999940755,0.57));
#2660 = LINE('',#2661,#2662);
#2661 = CARTESIAN_POINT('',(-2.874,0.994999940755,3.75));
#2662 = VECTOR('',#2663,1.);
#2663 = DIRECTION('',(0.,0.,-1.));
#2664 = ORIENTED_EDGE('',*,*,#2665,.F.);
#2665 = EDGE_CURVE('',#2666,#2658,#2668,.T.);
#2666 = VERTEX_POINT('',#2667);
#2667 = CARTESIAN_POINT('',(-2.5615,0.994999928906,0.57));
#2668 = LINE('',#2669,#2670);
#2669 = CARTESIAN_POINT('',(-2.5615,0.994999928906,0.57));
#2670 = VECTOR('',#2671,1.);
#2671 = DIRECTION('',(-1.,3.791679716869E-08,0.));
#2672 = ORIENTED_EDGE('',*,*,#2673,.T.);
#2673 = EDGE_CURVE('',#2666,#2603,#2674,.T.);
#2674 = LINE('',#2675,#2676);
#2675 = CARTESIAN_POINT('',(-2.5615,0.994999928906,0.57));
#2676 = VECTOR('',#2677,1.);
#2677 = DIRECTION('',(0.,-7.452200980953E-09,1.));
#2678 = PLANE('',#2679);
#2679 = AXIS2_PLACEMENT_3D('',#2680,#2681,#2682);
#2680 = CARTESIAN_POINT('',(-2.824,0.994999893359,-1.151353));
#2681 = DIRECTION('',(0.,-1.,0.));
#2682 = DIRECTION('',(0.,0.,-1.));
#2683 = ADVANCED_FACE('',(#2684),#2709,.T.);
#2684 = FACE_BOUND('',#2685,.F.);
#2685 = EDGE_LOOP('',(#2686,#2694,#2695,#2703));
#2686 = ORIENTED_EDGE('',*,*,#2687,.T.);
#2687 = EDGE_CURVE('',#2688,#2601,#2690,.T.);
#2688 = VERTEX_POINT('',#2689);
#2689 = CARTESIAN_POINT('',(-2.3615,2.065,3.74999999989));
#2690 = LINE('',#2691,#2692);
#2691 = CARTESIAN_POINT('',(-2.3615,2.065,3.74999999989));
#2692 = VECTOR('',#2693,1.);
#2693 = DIRECTION('',(0.,-1.,0.));
#2694 = ORIENTED_EDGE('',*,*,#2600,.T.);
#2695 = ORIENTED_EDGE('',*,*,#2696,.F.);
#2696 = EDGE_CURVE('',#2697,#2603,#2699,.T.);
#2697 = VERTEX_POINT('',#2698);
#2698 = CARTESIAN_POINT('',(-2.5615,2.065,3.74999999989));
#2699 = LINE('',#2700,#2701);
#2700 = CARTESIAN_POINT('',(-2.5615,2.065,3.74999999989));
#2701 = VECTOR('',#2702,1.);
#2702 = DIRECTION('',(0.,-1.,0.));
#2703 = ORIENTED_EDGE('',*,*,#2704,.F.);
#2704 = EDGE_CURVE('',#2688,#2697,#2705,.T.);
#2705 = LINE('',#2706,#2707);
#2706 = CARTESIAN_POINT('',(-2.3615,2.065,3.74999999989));
#2707 = VECTOR('',#2708,1.);
#2708 = DIRECTION('',(-1.,0.,0.));
#2709 = PLANE('',#2710);
#2710 = AXIS2_PLACEMENT_3D('',#2711,#2712,#2713);
#2711 = CARTESIAN_POINT('',(-2.3615,3.145,3.74999999989));
#2712 = DIRECTION('',(0.,0.,1.));
#2713 = DIRECTION('',(0.,-1.,0.));
#2714 = ADVANCED_FACE('',(#2715),#2774,.T.);
#2715 = FACE_BOUND('',#2716,.F.);
#2716 = EDGE_LOOP('',(#2717,#2718,#2726,#2734,#2743,#2751,#2759,#2767,
    #2773));
#2717 = ORIENTED_EDGE('',*,*,#2687,.F.);
#2718 = ORIENTED_EDGE('',*,*,#2719,.T.);
#2719 = EDGE_CURVE('',#2688,#2720,#2722,.T.);
#2720 = VERTEX_POINT('',#2721);
#2721 = CARTESIAN_POINT('',(-2.3615,2.065,0.29999999989));
#2722 = LINE('',#2723,#2724);
#2723 = CARTESIAN_POINT('',(-2.3615,2.065,3.74999999989));
#2724 = VECTOR('',#2725,1.);
#2725 = DIRECTION('',(0.,0.,-1.));
#2726 = ORIENTED_EDGE('',*,*,#2727,.T.);
#2727 = EDGE_CURVE('',#2720,#2728,#2730,.T.);
#2728 = VERTEX_POINT('',#2729);
#2729 = CARTESIAN_POINT('',(-2.3615,1.465,0.29999999989));
#2730 = LINE('',#2731,#2732);
#2731 = CARTESIAN_POINT('',(-2.3615,2.065,0.29999999989));
#2732 = VECTOR('',#2733,1.);
#2733 = DIRECTION('',(0.,-1.,0.));
#2734 = ORIENTED_EDGE('',*,*,#2735,.F.);
#2735 = EDGE_CURVE('',#2736,#2728,#2738,.T.);
#2736 = VERTEX_POINT('',#2737);
#2737 = CARTESIAN_POINT('',(-2.3615,1.365,0.19999999989));
#2738 = CIRCLE('',#2739,0.1);
#2739 = AXIS2_PLACEMENT_3D('',#2740,#2741,#2742);
#2740 = CARTESIAN_POINT('',(-2.3615,1.465,0.19999999989));
#2741 = DIRECTION('',(-1.,0.,0.));
#2742 = DIRECTION('',(-0.,-1.,-2.13162820728E-13));
#2743 = ORIENTED_EDGE('',*,*,#2744,.T.);
#2744 = EDGE_CURVE('',#2736,#2745,#2747,.T.);
#2745 = VERTEX_POINT('',#2746);
#2746 = CARTESIAN_POINT('',(-2.3615,1.365,0.14999999989));
#2747 = LINE('',#2748,#2749);
#2748 = CARTESIAN_POINT('',(-2.3615,1.365,0.19999999989));
#2749 = VECTOR('',#2750,1.);
#2750 = DIRECTION('',(-1.776356839401E-14,0.,-1.));
#2751 = ORIENTED_EDGE('',*,*,#2752,.T.);
#2752 = EDGE_CURVE('',#2745,#2753,#2755,.T.);
#2753 = VERTEX_POINT('',#2754);
#2754 = CARTESIAN_POINT('',(-2.3615,-3.4999999999E-02,0.14999999989));
#2755 = LINE('',#2756,#2757);
#2756 = CARTESIAN_POINT('',(-2.3615,1.365,0.14999999989));
#2757 = VECTOR('',#2758,1.);
#2758 = DIRECTION('',(0.,-1.,-9.490820827657E-13));
#2759 = ORIENTED_EDGE('',*,*,#2760,.T.);
#2760 = EDGE_CURVE('',#2753,#2761,#2763,.T.);
#2761 = VERTEX_POINT('',#2762);
#2762 = CARTESIAN_POINT('',(-2.3615,-3.5E-02,0.57));
#2763 = LINE('',#2764,#2765);
#2764 = CARTESIAN_POINT('',(-2.3615,-3.4999999999E-02,0.14999999989));
#2765 = VECTOR('',#2766,1.);
#2766 = DIRECTION('',(0.,-1.571229918243E-12,1.));
#2767 = ORIENTED_EDGE('',*,*,#2768,.T.);
#2768 = EDGE_CURVE('',#2761,#2611,#2769,.T.);
#2769 = LINE('',#2770,#2771);
#2770 = CARTESIAN_POINT('',(-2.3615,-3.5E-02,0.57));
#2771 = VECTOR('',#2772,1.);
#2772 = DIRECTION('',(0.,1.,0.));
#2773 = ORIENTED_EDGE('',*,*,#2610,.T.);
#2774 = PLANE('',#2775);
#2775 = AXIS2_PLACEMENT_3D('',#2776,#2777,#2778);
#2776 = CARTESIAN_POINT('',(-2.3615,-0.455,2.46999999989));
#2777 = DIRECTION('',(1.,0.,0.));
#2778 = DIRECTION('',(0.,1.,0.));
#2779 = ADVANCED_FACE('',(#2780),#2798,.F.);
#2780 = FACE_BOUND('',#2781,.F.);
#2781 = EDGE_LOOP('',(#2782,#2783,#2791,#2797));
#2782 = ORIENTED_EDGE('',*,*,#2704,.T.);
#2783 = ORIENTED_EDGE('',*,*,#2784,.T.);
#2784 = EDGE_CURVE('',#2697,#2785,#2787,.T.);
#2785 = VERTEX_POINT('',#2786);
#2786 = CARTESIAN_POINT('',(-2.5615,2.065,0.29999999989));
#2787 = LINE('',#2788,#2789);
#2788 = CARTESIAN_POINT('',(-2.5615,2.065,3.74999999989));
#2789 = VECTOR('',#2790,1.);
#2790 = DIRECTION('',(0.,0.,-1.));
#2791 = ORIENTED_EDGE('',*,*,#2792,.T.);
#2792 = EDGE_CURVE('',#2785,#2720,#2793,.T.);
#2793 = LINE('',#2794,#2795);
#2794 = CARTESIAN_POINT('',(-2.5615,2.065,0.29999999989));
#2795 = VECTOR('',#2796,1.);
#2796 = DIRECTION('',(1.,0.,0.));
#2797 = ORIENTED_EDGE('',*,*,#2719,.F.);
#2798 = PLANE('',#2799);
#2799 = AXIS2_PLACEMENT_3D('',#2800,#2801,#2802);
#2800 = CARTESIAN_POINT('',(-2.5615,2.065,-2.08349464882));
#2801 = DIRECTION('',(0.,-1.,0.));
#2802 = DIRECTION('',(0.,0.,-1.));
#2803 = ADVANCED_FACE('',(#2804),#2856,.F.);
#2804 = FACE_BOUND('',#2805,.F.);
#2805 = EDGE_LOOP('',(#2806,#2807,#2808,#2809,#2817,#2825,#2833,#2841,
    #2850));
#2806 = ORIENTED_EDGE('',*,*,#2784,.F.);
#2807 = ORIENTED_EDGE('',*,*,#2696,.T.);
#2808 = ORIENTED_EDGE('',*,*,#2673,.F.);
#2809 = ORIENTED_EDGE('',*,*,#2810,.F.);
#2810 = EDGE_CURVE('',#2811,#2666,#2813,.T.);
#2811 = VERTEX_POINT('',#2812);
#2812 = CARTESIAN_POINT('',(-2.5615,-3.5E-02,0.57));
#2813 = LINE('',#2814,#2815);
#2814 = CARTESIAN_POINT('',(-2.5615,-3.5E-02,0.57));
#2815 = VECTOR('',#2816,1.);
#2816 = DIRECTION('',(0.,1.,0.));
#2817 = ORIENTED_EDGE('',*,*,#2818,.F.);
#2818 = EDGE_CURVE('',#2819,#2811,#2821,.T.);
#2819 = VERTEX_POINT('',#2820);
#2820 = CARTESIAN_POINT('',(-2.5615,-3.5E-02,0.14999999989));
#2821 = LINE('',#2822,#2823);
#2822 = CARTESIAN_POINT('',(-2.5615,-3.5E-02,0.14999999989));
#2823 = VECTOR('',#2824,1.);
#2824 = DIRECTION('',(0.,0.,1.));
#2825 = ORIENTED_EDGE('',*,*,#2826,.F.);
#2826 = EDGE_CURVE('',#2827,#2819,#2829,.T.);
#2827 = VERTEX_POINT('',#2828);
#2828 = CARTESIAN_POINT('',(-2.5615,1.365,0.14999999989));
#2829 = LINE('',#2830,#2831);
#2830 = CARTESIAN_POINT('',(-2.5615,1.365,0.14999999989));
#2831 = VECTOR('',#2832,1.);
#2832 = DIRECTION('',(0.,-1.,0.));
#2833 = ORIENTED_EDGE('',*,*,#2834,.F.);
#2834 = EDGE_CURVE('',#2835,#2827,#2837,.T.);
#2835 = VERTEX_POINT('',#2836);
#2836 = CARTESIAN_POINT('',(-2.5615,1.365,0.19999999989));
#2837 = LINE('',#2838,#2839);
#2838 = CARTESIAN_POINT('',(-2.5615,1.365,0.19999999989));
#2839 = VECTOR('',#2840,1.);
#2840 = DIRECTION('',(0.,1.7763568394E-14,-1.));
#2841 = ORIENTED_EDGE('',*,*,#2842,.F.);
#2842 = EDGE_CURVE('',#2843,#2835,#2845,.T.);
#2843 = VERTEX_POINT('',#2844);
#2844 = CARTESIAN_POINT('',(-2.5615,1.465,0.29999999989));
#2845 = CIRCLE('',#2846,0.1);
#2846 = AXIS2_PLACEMENT_3D('',#2847,#2848,#2849);
#2847 = CARTESIAN_POINT('',(-2.5615,1.465,0.19999999989));
#2848 = DIRECTION('',(1.,0.,-0.));
#2849 = DIRECTION('',(0.,0.,1.));
#2850 = ORIENTED_EDGE('',*,*,#2851,.T.);
#2851 = EDGE_CURVE('',#2843,#2785,#2852,.T.);
#2852 = LINE('',#2853,#2854);
#2853 = CARTESIAN_POINT('',(-2.5615,1.465,0.29999999989));
#2854 = VECTOR('',#2855,1.);
#2855 = DIRECTION('',(0.,1.,0.));
#2856 = PLANE('',#2857);
#2857 = AXIS2_PLACEMENT_3D('',#2858,#2859,#2860);
#2858 = CARTESIAN_POINT('',(-2.5615,-0.455,2.46999999989));
#2859 = DIRECTION('',(1.,0.,0.));
#2860 = DIRECTION('',(0.,1.,0.));
#2861 = ADVANCED_FACE('',(#2862),#2912,.T.);
#2862 = FACE_BOUND('',#2863,.F.);
#2863 = EDGE_LOOP('',(#2864,#2865,#2873,#2881,#2887,#2888,#2889,#2897,
    #2905,#2911));
#2864 = ORIENTED_EDGE('',*,*,#2665,.T.);
#2865 = ORIENTED_EDGE('',*,*,#2866,.F.);
#2866 = EDGE_CURVE('',#2867,#2658,#2869,.T.);
#2867 = VERTEX_POINT('',#2868);
#2868 = CARTESIAN_POINT('',(-2.874,-0.205000005332,0.57));
#2869 = LINE('',#2870,#2871);
#2870 = CARTESIAN_POINT('',(-2.874,-0.205000005332,0.57));
#2871 = VECTOR('',#2872,1.);
#2872 = DIRECTION('',(0.,1.,0.));
#2873 = ORIENTED_EDGE('',*,*,#2874,.F.);
#2874 = EDGE_CURVE('',#2875,#2867,#2877,.T.);
#2875 = VERTEX_POINT('',#2876);
#2876 = CARTESIAN_POINT('',(-2.349,-0.205000008168,0.57));
#2877 = LINE('',#2878,#2879);
#2878 = CARTESIAN_POINT('',(-2.349,-0.205000008168,0.57));
#2879 = VECTOR('',#2880,1.);
#2880 = DIRECTION('',(-1.,5.402073708995E-09,0.));
#2881 = ORIENTED_EDGE('',*,*,#2882,.F.);
#2882 = EDGE_CURVE('',#2619,#2875,#2883,.T.);
#2883 = LINE('',#2884,#2885);
#2884 = CARTESIAN_POINT('',(-2.349,0.994999928906,0.57));
#2885 = VECTOR('',#2886,1.);
#2886 = DIRECTION('',(0.,-1.,0.));
#2887 = ORIENTED_EDGE('',*,*,#2618,.T.);
#2888 = ORIENTED_EDGE('',*,*,#2768,.F.);
#2889 = ORIENTED_EDGE('',*,*,#2890,.F.);
#2890 = EDGE_CURVE('',#2891,#2761,#2893,.T.);
#2891 = VERTEX_POINT('',#2892);
#2892 = CARTESIAN_POINT('',(-2.3915,-0.135,0.57));
#2893 = LINE('',#2894,#2895);
#2894 = CARTESIAN_POINT('',(-2.3915,-0.135,0.57));
#2895 = VECTOR('',#2896,1.);
#2896 = DIRECTION('',(0.287347885566,0.957826285221,0.));
#2897 = ORIENTED_EDGE('',*,*,#2898,.F.);
#2898 = EDGE_CURVE('',#2899,#2891,#2901,.T.);
#2899 = VERTEX_POINT('',#2900);
#2900 = CARTESIAN_POINT('',(-2.5315,-0.135,0.57));
#2901 = LINE('',#2902,#2903);
#2902 = CARTESIAN_POINT('',(-2.5315,-0.135,0.57));
#2903 = VECTOR('',#2904,1.);
#2904 = DIRECTION('',(1.,0.,0.));
#2905 = ORIENTED_EDGE('',*,*,#2906,.F.);
#2906 = EDGE_CURVE('',#2811,#2899,#2907,.T.);
#2907 = LINE('',#2908,#2909);
#2908 = CARTESIAN_POINT('',(-2.5615,-3.5E-02,0.57));
#2909 = VECTOR('',#2910,1.);
#2910 = DIRECTION('',(0.287347885566,-0.957826285221,0.));
#2911 = ORIENTED_EDGE('',*,*,#2810,.T.);
#2912 = PLANE('',#2913);
#2913 = AXIS2_PLACEMENT_3D('',#2914,#2915,#2916);
#2914 = CARTESIAN_POINT('',(-2.824,-0.605,0.57));
#2915 = DIRECTION('',(0.,0.,-1.));
#2916 = DIRECTION('',(1.,0.,0.));
#2917 = ADVANCED_FACE('',(#2918),#2983,.T.);
#2918 = FACE_BOUND('',#2919,.F.);
#2919 = EDGE_LOOP('',(#2920,#2930,#2938,#2946,#2952,#2953,#2961,#2967,
    #2968,#2969,#2977));
#2920 = ORIENTED_EDGE('',*,*,#2921,.T.);
#2921 = EDGE_CURVE('',#2922,#2924,#2926,.T.);
#2922 = VERTEX_POINT('',#2923);
#2923 = CARTESIAN_POINT('',(-2.874,-0.955,1.));
#2924 = VERTEX_POINT('',#2925);
#2925 = CARTESIAN_POINT('',(-2.874,-1.805,1.));
#2926 = LINE('',#2927,#2928);
#2927 = CARTESIAN_POINT('',(-2.874,-0.955,1.));
#2928 = VECTOR('',#2929,1.);
#2929 = DIRECTION('',(0.,-1.,0.));
#2930 = ORIENTED_EDGE('',*,*,#2931,.F.);
#2931 = EDGE_CURVE('',#2932,#2924,#2934,.T.);
#2932 = VERTEX_POINT('',#2933);
#2933 = CARTESIAN_POINT('',(-2.874,-1.805,9.999999999999E-02));
#2934 = LINE('',#2935,#2936);
#2935 = CARTESIAN_POINT('',(-2.874,-1.805,9.999999999999E-02));
#2936 = VECTOR('',#2937,1.);
#2937 = DIRECTION('',(0.,0.,1.));
#2938 = ORIENTED_EDGE('',*,*,#2939,.F.);
#2939 = EDGE_CURVE('',#2940,#2932,#2942,.T.);
#2940 = VERTEX_POINT('',#2941);
#2941 = CARTESIAN_POINT('',(-2.874,-0.955000065169,9.999999999999E-02));
#2942 = LINE('',#2943,#2944);
#2943 = CARTESIAN_POINT('',(-2.874,-0.955000065169,9.999999999999E-02));
#2944 = VECTOR('',#2945,1.);
#2945 = DIRECTION('',(0.,-1.,0.));
#2946 = ORIENTED_EDGE('',*,*,#2947,.F.);
#2947 = EDGE_CURVE('',#2282,#2940,#2948,.T.);
#2948 = LINE('',#2949,#2950);
#2949 = CARTESIAN_POINT('',(-2.874,-0.955000082943,0.20000000178));
#2950 = VECTOR('',#2951,1.);
#2951 = DIRECTION('',(0.,1.777349436012E-07,-1.));
#2952 = ORIENTED_EDGE('',*,*,#2281,.T.);
#2953 = ORIENTED_EDGE('',*,*,#2954,.F.);
#2954 = EDGE_CURVE('',#2955,#2274,#2957,.T.);
#2955 = VERTEX_POINT('',#2956);
#2956 = CARTESIAN_POINT('',(-2.874,-0.205000037325,0.35000003377));
#2957 = LINE('',#2958,#2959);
#2958 = CARTESIAN_POINT('',(-2.874,-0.205000037325,0.35000003377));
#2959 = VECTOR('',#2960,1.);
#2960 = DIRECTION('',(2.808666255751E-14,-0.316227853698,-0.948683268823
    ));
#2961 = ORIENTED_EDGE('',*,*,#2962,.F.);
#2962 = EDGE_CURVE('',#2867,#2955,#2963,.T.);
#2963 = LINE('',#2964,#2965);
#2964 = CARTESIAN_POINT('',(-2.874,-0.205000005332,0.57));
#2965 = VECTOR('',#2966,1.);
#2966 = DIRECTION('',(-1.614870101849E-14,-1.454213861588E-07,-1.));
#2967 = ORIENTED_EDGE('',*,*,#2866,.T.);
#2968 = ORIENTED_EDGE('',*,*,#2657,.F.);
#2969 = ORIENTED_EDGE('',*,*,#2970,.T.);
#2970 = EDGE_CURVE('',#2650,#2971,#2973,.T.);
#2971 = VERTEX_POINT('',#2972);
#2972 = CARTESIAN_POINT('',(-2.874,-0.955,3.75));
#2973 = LINE('',#2974,#2975);
#2974 = CARTESIAN_POINT('',(-2.874,0.994999940755,3.75));
#2975 = VECTOR('',#2976,1.);
#2976 = DIRECTION('',(0.,-1.,0.));
#2977 = ORIENTED_EDGE('',*,*,#2978,.T.);
#2978 = EDGE_CURVE('',#2971,#2922,#2979,.T.);
#2979 = LINE('',#2980,#2981);
#2980 = CARTESIAN_POINT('',(-2.874,-0.955,3.75));
#2981 = VECTOR('',#2982,1.);
#2982 = DIRECTION('',(0.,0.,-1.));
#2983 = PLANE('',#2984);
#2984 = AXIS2_PLACEMENT_3D('',#2985,#2986,#2987);
#2985 = CARTESIAN_POINT('',(-2.874,2.E-02,2.435));
#2986 = DIRECTION('',(-1.,0.,0.));
#2987 = DIRECTION('',(0.,-1.,0.));
#2988 = ADVANCED_FACE('',(#2989),#3046,.T.);
#2989 = FACE_BOUND('',#2990,.F.);
#2990 = EDGE_LOOP('',(#2991,#2999,#3007,#3015,#3023,#3031,#3039,#3045));
#2991 = ORIENTED_EDGE('',*,*,#2992,.T.);
#2992 = EDGE_CURVE('',#2922,#2993,#2995,.T.);
#2993 = VERTEX_POINT('',#2994);
#2994 = CARTESIAN_POINT('',(-2.349,-0.955000008961,1.));
#2995 = LINE('',#2996,#2997);
#2996 = CARTESIAN_POINT('',(-2.874,-0.955,1.));
#2997 = VECTOR('',#2998,1.);
#2998 = DIRECTION('',(1.,-1.706938505885E-08,0.));
#2999 = ORIENTED_EDGE('',*,*,#3000,.T.);
#3000 = EDGE_CURVE('',#2993,#3001,#3003,.T.);
#3001 = VERTEX_POINT('',#3002);
#3002 = CARTESIAN_POINT('',(-2.349,-1.555000106641,1.));
#3003 = LINE('',#3004,#3005);
#3004 = CARTESIAN_POINT('',(-2.349,-0.955000008961,1.));
#3005 = VECTOR('',#3006,1.);
#3006 = DIRECTION('',(0.,-1.,0.));
#3007 = ORIENTED_EDGE('',*,*,#3008,.F.);
#3008 = EDGE_CURVE('',#3009,#3001,#3011,.T.);
#3009 = VERTEX_POINT('',#3010);
#3010 = CARTESIAN_POINT('',(-2.199000005336,-1.705000053909,1.));
#3011 = LINE('',#3012,#3013);
#3012 = CARTESIAN_POINT('',(-2.199000005336,-1.705000053909,1.));
#3013 = VECTOR('',#3014,1.);
#3014 = DIRECTION('',(-0.7071068929,0.707106669473,0.));
#3015 = ORIENTED_EDGE('',*,*,#3016,.T.);
#3016 = EDGE_CURVE('',#3009,#3017,#3019,.T.);
#3017 = VERTEX_POINT('',#3018);
#3018 = CARTESIAN_POINT('',(-1.974,-1.705000047396,1.));
#3019 = LINE('',#3020,#3021);
#3020 = CARTESIAN_POINT('',(-2.199000005336,-1.705000053909,1.));
#3021 = VECTOR('',#3022,1.);
#3022 = DIRECTION('',(1.,2.894669719169E-08,0.));
#3023 = ORIENTED_EDGE('',*,*,#3024,.T.);
#3024 = EDGE_CURVE('',#3017,#3025,#3027,.T.);
#3025 = VERTEX_POINT('',#3026);
#3026 = CARTESIAN_POINT('',(-1.974,-1.905000100717,1.));
#3027 = LINE('',#3028,#3029);
#3028 = CARTESIAN_POINT('',(-1.974,-1.705000047396,1.));
#3029 = VECTOR('',#3030,1.);
#3030 = DIRECTION('',(0.,-1.,0.));
#3031 = ORIENTED_EDGE('',*,*,#3032,.F.);
#3032 = EDGE_CURVE('',#3033,#3025,#3035,.T.);
#3033 = VERTEX_POINT('',#3034);
#3034 = CARTESIAN_POINT('',(-2.773999905208,-1.905000100717,1.));
#3035 = LINE('',#3036,#3037);
#3036 = CARTESIAN_POINT('',(-2.773999905208,-1.905000100717,1.));
#3037 = VECTOR('',#3038,1.);
#3038 = DIRECTION('',(1.,0.,0.));
#3039 = ORIENTED_EDGE('',*,*,#3040,.F.);
#3040 = EDGE_CURVE('',#2924,#3033,#3041,.T.);
#3041 = LINE('',#3042,#3043);
#3042 = CARTESIAN_POINT('',(-2.874,-1.805,1.));
#3043 = VECTOR('',#3044,1.);
#3044 = DIRECTION('',(0.70710676024,-0.707106802133,0.));
#3045 = ORIENTED_EDGE('',*,*,#2921,.F.);
#3046 = PLANE('',#3047);
#3047 = AXIS2_PLACEMENT_3D('',#3048,#3049,#3050);
#3048 = CARTESIAN_POINT('',(-2.824,-1.705000106641,1.));
#3049 = DIRECTION('',(0.,0.,1.));
#3050 = DIRECTION('',(1.,0.,0.));
#3051 = ADVANCED_FACE('',(#3052,#3077),#3111,.T.);
#3052 = FACE_BOUND('',#3053,.F.);
#3053 = EDGE_LOOP('',(#3054,#3062,#3063,#3064,#3070,#3071));
#3054 = ORIENTED_EDGE('',*,*,#3055,.F.);
#3055 = EDGE_CURVE('',#2993,#3056,#3058,.T.);
#3056 = VERTEX_POINT('',#3057);
#3057 = CARTESIAN_POINT('',(-2.349,-0.955000011164,2.8));
#3058 = LINE('',#3059,#3060);
#3059 = CARTESIAN_POINT('',(-2.349,-0.955000008961,1.));
#3060 = VECTOR('',#3061,1.);
#3061 = DIRECTION('',(0.,-1.223900980563E-09,1.));
#3062 = ORIENTED_EDGE('',*,*,#2992,.F.);
#3063 = ORIENTED_EDGE('',*,*,#2978,.F.);
#3064 = ORIENTED_EDGE('',*,*,#3065,.F.);
#3065 = EDGE_CURVE('',#2579,#2971,#3066,.T.);
#3066 = LINE('',#3067,#3068);
#3067 = CARTESIAN_POINT('',(-2.774,-0.955,3.85));
#3068 = VECTOR('',#3069,1.);
#3069 = DIRECTION('',(-0.707106781186,0.,-0.707106781187));
#3070 = ORIENTED_EDGE('',*,*,#2578,.T.);
#3071 = ORIENTED_EDGE('',*,*,#3072,.T.);
#3072 = EDGE_CURVE('',#2571,#3056,#3073,.T.);
#3073 = LINE('',#3074,#3075);
#3074 = CARTESIAN_POINT('',(-2.349,-0.955000005925,3.85));
#3075 = VECTOR('',#3076,1.);
#3076 = DIRECTION('',(0.,-4.990420775032E-09,-1.));
#3077 = FACE_BOUND('',#3078,.F.);
#3078 = EDGE_LOOP('',(#3079,#3089,#3097,#3105));
#3079 = ORIENTED_EDGE('',*,*,#3080,.T.);
#3080 = EDGE_CURVE('',#3081,#3083,#3085,.T.);
#3081 = VERTEX_POINT('',#3082);
#3082 = CARTESIAN_POINT('',(-2.5465,-0.955,1.81999999989));
#3083 = VERTEX_POINT('',#3084);
#3084 = CARTESIAN_POINT('',(-2.3765,-0.955,1.81999999989));
#3085 = LINE('',#3086,#3087);
#3086 = CARTESIAN_POINT('',(-2.5465,-0.955,1.81999999989));
#3087 = VECTOR('',#3088,1.);
#3088 = DIRECTION('',(1.,0.,0.));
#3089 = ORIENTED_EDGE('',*,*,#3090,.F.);
#3090 = EDGE_CURVE('',#3091,#3083,#3093,.T.);
#3091 = VERTEX_POINT('',#3092);
#3092 = CARTESIAN_POINT('',(-2.3765,-0.955,3.11999999989));
#3093 = LINE('',#3094,#3095);
#3094 = CARTESIAN_POINT('',(-2.3765,-0.955,3.11999999989));
#3095 = VECTOR('',#3096,1.);
#3096 = DIRECTION('',(0.,0.,-1.));
#3097 = ORIENTED_EDGE('',*,*,#3098,.F.);
#3098 = EDGE_CURVE('',#3099,#3091,#3101,.T.);
#3099 = VERTEX_POINT('',#3100);
#3100 = CARTESIAN_POINT('',(-2.5465,-0.955,3.11999999989));
#3101 = LINE('',#3102,#3103);
#3102 = CARTESIAN_POINT('',(-2.5465,-0.955,3.11999999989));
#3103 = VECTOR('',#3104,1.);
#3104 = DIRECTION('',(1.,0.,0.));
#3105 = ORIENTED_EDGE('',*,*,#3106,.T.);
#3106 = EDGE_CURVE('',#3099,#3081,#3107,.T.);
#3107 = LINE('',#3108,#3109);
#3108 = CARTESIAN_POINT('',(-2.5465,-0.955,3.11999999989));
#3109 = VECTOR('',#3110,1.);
#3110 = DIRECTION('',(0.,0.,-1.));
#3111 = PLANE('',#3112);
#3112 = AXIS2_PLACEMENT_3D('',#3113,#3114,#3115);
#3113 = CARTESIAN_POINT('',(-1.9615,-0.955,2.585));
#3114 = DIRECTION('',(0.,-1.,0.));
#3115 = DIRECTION('',(1.,0.,0.));
#3116 = ADVANCED_FACE('',(#3117),#3129,.T.);
#3117 = FACE_BOUND('',#3118,.F.);
#3118 = EDGE_LOOP('',(#3119,#3125,#3126,#3127,#3128));
#3119 = ORIENTED_EDGE('',*,*,#3120,.T.);
#3120 = EDGE_CURVE('',#2563,#3001,#3121,.T.);
#3121 = LINE('',#3122,#3123);
#3122 = CARTESIAN_POINT('',(-2.349,-1.555000106641,3.85));
#3123 = VECTOR('',#3124,1.);
#3124 = DIRECTION('',(0.,0.,-1.));
#3125 = ORIENTED_EDGE('',*,*,#3000,.F.);
#3126 = ORIENTED_EDGE('',*,*,#3055,.T.);
#3127 = ORIENTED_EDGE('',*,*,#3072,.F.);
#3128 = ORIENTED_EDGE('',*,*,#2570,.F.);
#3129 = PLANE('',#3130);
#3130 = AXIS2_PLACEMENT_3D('',#3131,#3132,#3133);
#3131 = CARTESIAN_POINT('',(-2.349,-5.000106641E-03,1.74));
#3132 = DIRECTION('',(-1.,0.,0.));
#3133 = DIRECTION('',(0.,0.,1.));
#3134 = ADVANCED_FACE('',(#3135),#3154,.T.);
#3135 = FACE_BOUND('',#3136,.F.);
#3136 = EDGE_LOOP('',(#3137,#3145,#3146,#3147,#3148));
#3137 = ORIENTED_EDGE('',*,*,#3138,.T.);
#3138 = EDGE_CURVE('',#3139,#3009,#3141,.T.);
#3139 = VERTEX_POINT('',#3140);
#3140 = CARTESIAN_POINT('',(-2.199000007438,-1.705000045883,
    1.94566273257));
#3141 = LINE('',#3142,#3143);
#3142 = CARTESIAN_POINT('',(-2.199000007438,-1.705000045883,
    1.94566273257));
#3143 = VECTOR('',#3144,1.);
#3144 = DIRECTION('',(2.222782029482E-09,-8.48770152542E-09,-1.));
#3145 = ORIENTED_EDGE('',*,*,#3008,.T.);
#3146 = ORIENTED_EDGE('',*,*,#3120,.F.);
#3147 = ORIENTED_EDGE('',*,*,#2562,.T.);
#3148 = ORIENTED_EDGE('',*,*,#3149,.T.);
#3149 = EDGE_CURVE('',#2555,#3139,#3150,.T.);
#3150 = LINE('',#3151,#3152);
#3151 = CARTESIAN_POINT('',(-2.199000004581,-1.705000054664,3.85));
#3152 = VECTOR('',#3153,1.);
#3153 = DIRECTION('',(-1.500085477634E-09,4.611137342987E-09,-1.));
#3154 = PLANE('',#3155);
#3155 = AXIS2_PLACEMENT_3D('',#3156,#3157,#3158);
#3156 = CARTESIAN_POINT('',(-2.274,-1.630000106641,1.595));
#3157 = DIRECTION('',(-0.707106781187,-0.707106781187,0.));
#3158 = DIRECTION('',(-0.707106781187,0.707106781187,0.));
#3159 = ADVANCED_FACE('',(#3160),#3283,.T.);
#3160 = FACE_BOUND('',#3161,.F.);
#3161 = EDGE_LOOP('',(#3162,#3172,#3178,#3179,#3180,#3181,#3182,#3190,
    #3198,#3206,#3214,#3222,#3230,#3236,#3237,#3245,#3253,#3261,#3269,
    #3277));
#3162 = ORIENTED_EDGE('',*,*,#3163,.T.);
#3163 = EDGE_CURVE('',#3164,#3166,#3168,.T.);
#3164 = VERTEX_POINT('',#3165);
#3165 = CARTESIAN_POINT('',(-1.029000141402,-1.70500001333,0.77000009331
    ));
#3166 = VERTEX_POINT('',#3167);
#3167 = CARTESIAN_POINT('',(-1.974,-1.705000041472,0.77000007109));
#3168 = LINE('',#3169,#3170);
#3169 = CARTESIAN_POINT('',(-1.029000141402,-1.70500001333,0.77000009331
    ));
#3170 = VECTOR('',#3171,1.);
#3171 = DIRECTION('',(-1.,-2.977923867849E-08,-2.35112536077E-08));
#3172 = ORIENTED_EDGE('',*,*,#3173,.F.);
#3173 = EDGE_CURVE('',#3017,#3166,#3174,.T.);
#3174 = LINE('',#3175,#3176);
#3175 = CARTESIAN_POINT('',(-1.974,-1.705000047396,1.));
#3176 = VECTOR('',#3177,1.);
#3177 = DIRECTION('',(0.,2.57586920364E-08,-1.));
#3178 = ORIENTED_EDGE('',*,*,#3016,.F.);
#3179 = ORIENTED_EDGE('',*,*,#3138,.F.);
#3180 = ORIENTED_EDGE('',*,*,#3149,.F.);
#3181 = ORIENTED_EDGE('',*,*,#2554,.T.);
#3182 = ORIENTED_EDGE('',*,*,#3183,.T.);
#3183 = EDGE_CURVE('',#2547,#3184,#3186,.T.);
#3184 = VERTEX_POINT('',#3185);
#3185 = CARTESIAN_POINT('',(-1.799000005469,-1.705000055599,2.8));
#3186 = LINE('',#3187,#3188);
#3187 = CARTESIAN_POINT('',(-1.799000005469,-1.705000055599,3.85));
#3188 = VECTOR('',#3189,1.);
#3189 = DIRECTION('',(0.,0.,-1.));
#3190 = ORIENTED_EDGE('',*,*,#3191,.T.);
#3191 = EDGE_CURVE('',#3184,#3192,#3194,.T.);
#3192 = VERTEX_POINT('',#3193);
#3193 = CARTESIAN_POINT('',(-1.098999999986,-1.705000047396,2.8));
#3194 = LINE('',#3195,#3196);
#3195 = CARTESIAN_POINT('',(-1.799000005469,-1.705000055599,2.8));
#3196 = VECTOR('',#3197,1.);
#3197 = DIRECTION('',(1.,1.171879219399E-08,0.));
#3198 = ORIENTED_EDGE('',*,*,#3199,.T.);
#3199 = EDGE_CURVE('',#3192,#3200,#3202,.T.);
#3200 = VERTEX_POINT('',#3201);
#3201 = CARTESIAN_POINT('',(-1.098999999983,-1.705000047396,2.99));
#3202 = LINE('',#3203,#3204);
#3203 = CARTESIAN_POINT('',(-1.098999999986,-1.705000047396,2.8));
#3204 = VECTOR('',#3205,1.);
#3205 = DIRECTION('',(1.608070401984E-11,0.,1.));
#3206 = ORIENTED_EDGE('',*,*,#3207,.F.);
#3207 = EDGE_CURVE('',#3208,#3200,#3210,.T.);
#3208 = VERTEX_POINT('',#3209);
#3209 = CARTESIAN_POINT('',(1.100999999981,-1.705000047396,2.99));
#3210 = LINE('',#3211,#3212);
#3211 = CARTESIAN_POINT('',(1.100999999981,-1.705000047396,2.99));
#3212 = VECTOR('',#3213,1.);
#3213 = DIRECTION('',(-1.,0.,0.));
#3214 = ORIENTED_EDGE('',*,*,#3215,.F.);
#3215 = EDGE_CURVE('',#3216,#3208,#3218,.T.);
#3216 = VERTEX_POINT('',#3217);
#3217 = CARTESIAN_POINT('',(1.100999999989,-1.705000047396,2.80000000002
    ));
#3218 = LINE('',#3219,#3220);
#3219 = CARTESIAN_POINT('',(1.100999999989,-1.705000047396,2.80000000002
    ));
#3220 = VECTOR('',#3221,1.);
#3221 = DIRECTION('',(-4.280085058737E-11,0.,1.));
#3222 = ORIENTED_EDGE('',*,*,#3223,.T.);
#3223 = EDGE_CURVE('',#3216,#3224,#3226,.T.);
#3224 = VERTEX_POINT('',#3225);
#3225 = CARTESIAN_POINT('',(1.751000005469,-1.705000055599,2.80000000002
    ));
#3226 = LINE('',#3227,#3228);
#3227 = CARTESIAN_POINT('',(1.100999999989,-1.705000047396,2.80000000002
    ));
#3228 = VECTOR('',#3229,1.);
#3229 = DIRECTION('',(1.,-1.262023773983E-08,1.125936941021E-12));
#3230 = ORIENTED_EDGE('',*,*,#3231,.F.);
#3231 = EDGE_CURVE('',#2162,#3224,#3232,.T.);
#3232 = LINE('',#3233,#3234);
#3233 = CARTESIAN_POINT('',(1.751000005469,-1.705000055599,3.85));
#3234 = VECTOR('',#3235,1.);
#3235 = DIRECTION('',(0.,0.,-1.));
#3236 = ORIENTED_EDGE('',*,*,#2161,.F.);
#3237 = ORIENTED_EDGE('',*,*,#3238,.T.);
#3238 = EDGE_CURVE('',#2154,#3239,#3241,.T.);
#3239 = VERTEX_POINT('',#3240);
#3240 = CARTESIAN_POINT('',(2.201000007438,-1.705000045883,1.94566051254
    ));
#3241 = LINE('',#3242,#3243);
#3242 = CARTESIAN_POINT('',(2.201000004581,-1.705000054664,3.85));
#3243 = VECTOR('',#3244,1.);
#3244 = DIRECTION('',(1.500080697286E-09,4.611133366616E-09,-1.));
#3245 = ORIENTED_EDGE('',*,*,#3246,.T.);
#3246 = EDGE_CURVE('',#3239,#3247,#3249,.T.);
#3247 = VERTEX_POINT('',#3248);
#3248 = CARTESIAN_POINT('',(2.201000005336,-1.705000053909,1.));
#3249 = LINE('',#3250,#3251);
#3250 = CARTESIAN_POINT('',(2.201000007438,-1.705000045883,1.94566051254
    ));
#3251 = VECTOR('',#3252,1.);
#3252 = DIRECTION('',(-2.222794291807E-09,-8.487718633544E-09,-1.));
#3253 = ORIENTED_EDGE('',*,*,#3254,.T.);
#3254 = EDGE_CURVE('',#3247,#3255,#3257,.T.);
#3255 = VERTEX_POINT('',#3256);
#3256 = CARTESIAN_POINT('',(1.976,-1.705000041471,1.));
#3257 = LINE('',#3258,#3259);
#3258 = CARTESIAN_POINT('',(2.201000005336,-1.705000053909,1.));
#3259 = VECTOR('',#3260,1.);
#3260 = DIRECTION('',(-1.,5.527781558081E-08,0.));
#3261 = ORIENTED_EDGE('',*,*,#3262,.T.);
#3262 = EDGE_CURVE('',#3255,#3263,#3265,.T.);
#3263 = VERTEX_POINT('',#3264);
#3264 = CARTESIAN_POINT('',(1.976,-1.705000023698,0.77000008886));
#3265 = LINE('',#3266,#3267);
#3266 = CARTESIAN_POINT('',(1.976,-1.705000041471,1.));
#3267 = VECTOR('',#3268,1.);
#3268 = DIRECTION('',(0.,7.727613614386E-08,-1.));
#3269 = ORIENTED_EDGE('',*,*,#3270,.T.);
#3270 = EDGE_CURVE('',#3263,#3271,#3273,.T.);
#3271 = VERTEX_POINT('',#3272);
#3272 = CARTESIAN_POINT('',(1.030999894145,-1.705000004443,0.7700001022)
  );
#3273 = LINE('',#3274,#3275);
#3274 = CARTESIAN_POINT('',(1.976,-1.705000023698,0.77000008886));
#3275 = VECTOR('',#3276,1.);
#3276 = DIRECTION('',(-1.,2.037525522471E-08,1.410727179393E-08));
#3277 = ORIENTED_EDGE('',*,*,#3278,.F.);
#3278 = EDGE_CURVE('',#3164,#3271,#3279,.T.);
#3279 = LINE('',#3280,#3281);
#3280 = CARTESIAN_POINT('',(-1.029000141402,-1.70500001333,0.77000009331
    ));
#3281 = VECTOR('',#3282,1.);
#3282 = DIRECTION('',(1.,4.313958393247E-09,4.313960117866E-09));
#3283 = PLANE('',#3284);
#3284 = AXIS2_PLACEMENT_3D('',#3285,#3286,#3287);
#3285 = CARTESIAN_POINT('',(1.350999999725,-1.705,2.17500000002));
#3286 = DIRECTION('',(0.,-1.,0.));
#3287 = DIRECTION('',(1.,0.,0.));
#3288 = ADVANCED_FACE('',(#3289),#3372,.F.);
#3289 = FACE_BOUND('',#3290,.F.);
#3290 = EDGE_LOOP('',(#3291,#3301,#3307,#3308,#3309,#3310,#3318,#3326,
    #3334,#3342,#3350,#3358,#3366));
#3291 = ORIENTED_EDGE('',*,*,#3292,.T.);
#3292 = EDGE_CURVE('',#3293,#3295,#3297,.T.);
#3293 = VERTEX_POINT('',#3294);
#3294 = CARTESIAN_POINT('',(-0.823999999993,-1.605000106641,
    0.77000010269));
#3295 = VERTEX_POINT('',#3296);
#3296 = CARTESIAN_POINT('',(-1.974,-1.605000106641,0.7700000836));
#3297 = LINE('',#3298,#3299);
#3298 = CARTESIAN_POINT('',(-0.823999999993,-1.605000106641,
    0.77000010269));
#3299 = VECTOR('',#3300,1.);
#3300 = DIRECTION('',(-1.,0.,-1.660114519273E-08));
#3301 = ORIENTED_EDGE('',*,*,#3302,.T.);
#3302 = EDGE_CURVE('',#3295,#3166,#3303,.T.);
#3303 = LINE('',#3304,#3305);
#3304 = CARTESIAN_POINT('',(-1.974,-1.605000106641,0.7700000836));
#3305 = VECTOR('',#3306,1.);
#3306 = DIRECTION('',(0.,-1.,-1.250730823546E-07));
#3307 = ORIENTED_EDGE('',*,*,#3163,.F.);
#3308 = ORIENTED_EDGE('',*,*,#3278,.T.);
#3309 = ORIENTED_EDGE('',*,*,#3270,.F.);
#3310 = ORIENTED_EDGE('',*,*,#3311,.F.);
#3311 = EDGE_CURVE('',#3312,#3263,#3314,.T.);
#3312 = VERTEX_POINT('',#3313);
#3313 = CARTESIAN_POINT('',(1.976,-1.605000106641,0.77000008887));
#3314 = LINE('',#3315,#3316);
#3315 = CARTESIAN_POINT('',(1.976,-1.605000106641,0.77000008887));
#3316 = VECTOR('',#3317,1.);
#3317 = DIRECTION('',(0.,-1.,-9.947606551486E-12));
#3318 = ORIENTED_EDGE('',*,*,#3319,.T.);
#3319 = EDGE_CURVE('',#3312,#3320,#3322,.T.);
#3320 = VERTEX_POINT('',#3321);
#3321 = CARTESIAN_POINT('',(0.940999894145,-1.605000106641,0.77000010954
    ));
#3322 = LINE('',#3323,#3324);
#3323 = CARTESIAN_POINT('',(1.976,-1.605000106641,0.77000008887));
#3324 = VECTOR('',#3325,1.);
#3325 = DIRECTION('',(-1.,0.,1.997268147508E-08));
#3326 = ORIENTED_EDGE('',*,*,#3327,.T.);
#3327 = EDGE_CURVE('',#3320,#3328,#3330,.T.);
#3328 = VERTEX_POINT('',#3329);
#3329 = CARTESIAN_POINT('',(0.826000000007,-1.605000106641,0.77000011398
    ));
#3330 = LINE('',#3331,#3332);
#3331 = CARTESIAN_POINT('',(0.940999894145,-1.605000106641,0.77000010954
    ));
#3332 = VECTOR('',#3333,1.);
#3333 = DIRECTION('',(-1.,0.,3.863811381203E-08));
#3334 = ORIENTED_EDGE('',*,*,#3335,.T.);
#3335 = EDGE_CURVE('',#3328,#3336,#3338,.T.);
#3336 = VERTEX_POINT('',#3337);
#3337 = CARTESIAN_POINT('',(0.426000000007,-1.605000106641,0.77000010956
    ));
#3338 = LINE('',#3339,#3340);
#3339 = CARTESIAN_POINT('',(0.826000000007,-1.605000106641,0.77000011398
    ));
#3340 = VECTOR('',#3341,1.);
#3341 = DIRECTION('',(-1.,0.,-1.105478375507E-08));
#3342 = ORIENTED_EDGE('',*,*,#3343,.T.);
#3343 = EDGE_CURVE('',#3336,#3344,#3346,.T.);
#3344 = VERTEX_POINT('',#3345);
#3345 = CARTESIAN_POINT('',(0.310999894145,-1.605000106641,0.77000010956
    ));
#3346 = LINE('',#3347,#3348);
#3347 = CARTESIAN_POINT('',(0.426000000007,-1.605000106641,0.77000010956
    ));
#3348 = VECTOR('',#3349,1.);
#3349 = DIRECTION('',(-1.,1.544656699301E-14,0.));
#3350 = ORIENTED_EDGE('',*,*,#3351,.F.);
#3351 = EDGE_CURVE('',#3352,#3344,#3354,.T.);
#3352 = VERTEX_POINT('',#3353);
#3353 = CARTESIAN_POINT('',(-0.309000105855,-1.605000106641,
    0.77000010325));
#3354 = LINE('',#3355,#3356);
#3355 = CARTESIAN_POINT('',(-0.309000105855,-1.605000106641,
    0.77000010325));
#3356 = VECTOR('',#3357,1.);
#3357 = DIRECTION('',(1.,0.,1.01788570404E-08));
#3358 = ORIENTED_EDGE('',*,*,#3359,.T.);
#3359 = EDGE_CURVE('',#3352,#3360,#3362,.T.);
#3360 = VERTEX_POINT('',#3361);
#3361 = CARTESIAN_POINT('',(-0.423999999993,-1.605000106641,
    0.77000010325));
#3362 = LINE('',#3363,#3364);
#3363 = CARTESIAN_POINT('',(-0.309000105855,-1.605000106641,
    0.77000010325));
#3364 = VECTOR('',#3365,1.);
#3365 = DIRECTION('',(-1.,-1.544659543137E-14,0.));
#3366 = ORIENTED_EDGE('',*,*,#3367,.T.);
#3367 = EDGE_CURVE('',#3360,#3293,#3368,.T.);
#3368 = LINE('',#3369,#3370);
#3369 = CARTESIAN_POINT('',(-0.423999999993,-1.605000106641,
    0.77000010325));
#3370 = VECTOR('',#3371,1.);
#3371 = DIRECTION('',(-1.,0.,-1.395523696601E-09));
#3372 = PLANE('',#3373);
#3373 = AXIS2_PLACEMENT_3D('',#3374,#3375,#3376);
#3374 = CARTESIAN_POINT('',(4.425999894153,-1.755,0.77000010664));
#3375 = DIRECTION('',(0.,0.,1.));
#3376 = DIRECTION('',(1.,0.,0.));
#3377 = ADVANCED_FACE('',(#3378),#3543,.F.);
#3378 = FACE_BOUND('',#3379,.F.);
#3379 = EDGE_LOOP('',(#3380,#3386,#3387,#3395,#3403,#3411,#3419,#3427,
    #3435,#3443,#3451,#3457,#3458,#3466,#3474,#3482,#3490,#3498,#3506,
    #3514,#3522,#3528,#3529,#3535,#3536,#3537,#3538,#3539,#3540,#3541,
    #3542));
#3380 = ORIENTED_EDGE('',*,*,#3381,.F.);
#3381 = EDGE_CURVE('',#2370,#3312,#3382,.T.);
#3382 = LINE('',#3383,#3384);
#3383 = CARTESIAN_POINT('',(1.976,-1.605000102198,0.20000000443));
#3384 = VECTOR('',#3385,1.);
#3385 = DIRECTION('',(0.,-7.795246333666E-09,1.));
#3386 = ORIENTED_EDGE('',*,*,#2369,.F.);
#3387 = ORIENTED_EDGE('',*,*,#3388,.F.);
#3388 = EDGE_CURVE('',#3389,#2362,#3391,.T.);
#3389 = VERTEX_POINT('',#3390);
#3390 = CARTESIAN_POINT('',(1.065999946641,-1.605000085132,0.56000010664
    ));
#3391 = LINE('',#3392,#3393);
#3392 = CARTESIAN_POINT('',(1.065999946641,-1.605000085132,0.56000010664
    ));
#3393 = VECTOR('',#3394,1.);
#3394 = DIRECTION('',(4.136190847961E-08,-1.330846457821E-08,-1.));
#3395 = ORIENTED_EDGE('',*,*,#3396,.T.);
#3396 = EDGE_CURVE('',#3389,#3397,#3399,.T.);
#3397 = VERTEX_POINT('',#3398);
#3398 = CARTESIAN_POINT('',(0.940999894145,-1.605000102198,0.5600001065)
  );
#3399 = LINE('',#3400,#3401);
#3400 = CARTESIAN_POINT('',(1.065999946641,-1.605000085132,0.56000010664
    ));
#3401 = VECTOR('',#3402,1.);
#3402 = DIRECTION('',(-1.,-1.365280150652E-07,-1.081502433046E-09));
#3403 = ORIENTED_EDGE('',*,*,#3404,.F.);
#3404 = EDGE_CURVE('',#3405,#3397,#3407,.T.);
#3405 = VERTEX_POINT('',#3406);
#3406 = CARTESIAN_POINT('',(0.826000000007,-1.605000106641,0.56000010646
    ));
#3407 = LINE('',#3408,#3409);
#3408 = CARTESIAN_POINT('',(0.826000000007,-1.605000106641,0.56000010646
    ));
#3409 = VECTOR('',#3410,1.);
#3410 = DIRECTION('',(1.,3.863805974895E-08,3.919728056665E-10));
#3411 = ORIENTED_EDGE('',*,*,#3412,.F.);
#3412 = EDGE_CURVE('',#3413,#3405,#3415,.T.);
#3413 = VERTEX_POINT('',#3414);
#3414 = CARTESIAN_POINT('',(0.826000000007,-1.605000106641,0.6));
#3415 = LINE('',#3416,#3417);
#3416 = CARTESIAN_POINT('',(0.826000000007,-1.605000106641,0.6));
#3417 = VECTOR('',#3418,1.);
#3418 = DIRECTION('',(-2.220451958968E-14,0.,-1.));
#3419 = ORIENTED_EDGE('',*,*,#3420,.T.);
#3420 = EDGE_CURVE('',#3413,#3421,#3423,.T.);
#3421 = VERTEX_POINT('',#3422);
#3422 = CARTESIAN_POINT('',(0.426000000007,-1.605000106641,0.6));
#3423 = LINE('',#3424,#3425);
#3424 = CARTESIAN_POINT('',(0.826000000007,-1.605000106641,0.6));
#3425 = VECTOR('',#3426,1.);
#3426 = DIRECTION('',(-1.,0.,0.));
#3427 = ORIENTED_EDGE('',*,*,#3428,.T.);
#3428 = EDGE_CURVE('',#3421,#3429,#3431,.T.);
#3429 = VERTEX_POINT('',#3430);
#3430 = CARTESIAN_POINT('',(0.426000000007,-1.605000106641,0.56000010595
    ));
#3431 = LINE('',#3432,#3433);
#3432 = CARTESIAN_POINT('',(0.426000000007,-1.605000106641,0.6));
#3433 = VECTOR('',#3434,1.);
#3434 = DIRECTION('',(0.,0.,-1.));
#3435 = ORIENTED_EDGE('',*,*,#3436,.F.);
#3436 = EDGE_CURVE('',#3437,#3429,#3439,.T.);
#3437 = VERTEX_POINT('',#3438);
#3438 = CARTESIAN_POINT('',(0.310999894145,-1.605000106641,0.56000010612
    ));
#3439 = LINE('',#3440,#3441);
#3440 = CARTESIAN_POINT('',(0.310999894145,-1.605000106641,0.56000010612
    ));
#3441 = VECTOR('',#3442,1.);
#3442 = DIRECTION('',(1.,0.,-1.49776092191E-09));
#3443 = ORIENTED_EDGE('',*,*,#3444,.T.);
#3444 = EDGE_CURVE('',#3437,#3445,#3447,.T.);
#3445 = VERTEX_POINT('',#3446);
#3446 = CARTESIAN_POINT('',(0.185999958688,-1.605000112544,0.56000010664
    ));
#3447 = LINE('',#3448,#3449);
#3448 = CARTESIAN_POINT('',(0.310999894145,-1.605000106641,0.56000010612
    ));
#3449 = VECTOR('',#3450,1.);
#3450 = DIRECTION('',(-1.,-4.722323461439E-08,4.13376924083E-09));
#3451 = ORIENTED_EDGE('',*,*,#3452,.F.);
#3452 = EDGE_CURVE('',#2338,#3445,#3453,.T.);
#3453 = LINE('',#3454,#3455);
#3454 = CARTESIAN_POINT('',(0.185999986726,-1.605000111068,0.19999999557
    ));
#3455 = VECTOR('',#3456,1.);
#3456 = DIRECTION('',(-7.788567139471E-08,-4.099418304484E-09,1.));
#3457 = ORIENTED_EDGE('',*,*,#2337,.F.);
#3458 = ORIENTED_EDGE('',*,*,#3459,.F.);
#3459 = EDGE_CURVE('',#3460,#2330,#3462,.T.);
#3460 = VERTEX_POINT('',#3461);
#3461 = CARTESIAN_POINT('',(-0.183999999838,-1.605000106663,
    0.56000010664));
#3462 = LINE('',#3463,#3464);
#3463 = CARTESIAN_POINT('',(-0.183999999838,-1.605000106663,
    0.56000010664));
#3464 = VECTOR('',#3465,1.);
#3465 = DIRECTION('',(-2.905551481113E-10,1.524212403121E-11,-1.));
#3466 = ORIENTED_EDGE('',*,*,#3467,.T.);
#3467 = EDGE_CURVE('',#3460,#3468,#3470,.T.);
#3468 = VERTEX_POINT('',#3469);
#3469 = CARTESIAN_POINT('',(-0.309000105855,-1.605000106641,
    0.56000010558));
#3470 = LINE('',#3471,#3472);
#3471 = CARTESIAN_POINT('',(-0.183999999838,-1.605000106663,
    0.56000010664));
#3472 = VECTOR('',#3473,1.);
#3473 = DIRECTION('',(-1.,1.756175936229E-10,-8.489784780045E-09));
#3474 = ORIENTED_EDGE('',*,*,#3475,.F.);
#3475 = EDGE_CURVE('',#3476,#3468,#3478,.T.);
#3476 = VERTEX_POINT('',#3477);
#3477 = CARTESIAN_POINT('',(-0.423999999993,-1.605000106641,
    0.56000010523));
#3478 = LINE('',#3479,#3480);
#3479 = CARTESIAN_POINT('',(-0.423999999993,-1.605000106641,
    0.56000010523));
#3480 = VECTOR('',#3481,1.);
#3481 = DIRECTION('',(1.,0.,3.076035014203E-09));
#3482 = ORIENTED_EDGE('',*,*,#3483,.F.);
#3483 = EDGE_CURVE('',#3484,#3476,#3486,.T.);
#3484 = VERTEX_POINT('',#3485);
#3485 = CARTESIAN_POINT('',(-0.423999999993,-1.605000106641,0.6));
#3486 = LINE('',#3487,#3488);
#3487 = CARTESIAN_POINT('',(-0.423999999993,-1.605000106641,0.6));
#3488 = VECTOR('',#3489,1.);
#3489 = DIRECTION('',(0.,0.,-1.));
#3490 = ORIENTED_EDGE('',*,*,#3491,.T.);
#3491 = EDGE_CURVE('',#3484,#3492,#3494,.T.);
#3492 = VERTEX_POINT('',#3493);
#3493 = CARTESIAN_POINT('',(-0.823999999993,-1.605000106641,0.6));
#3494 = LINE('',#3495,#3496);
#3495 = CARTESIAN_POINT('',(-0.423999999993,-1.605000106641,0.6));
#3496 = VECTOR('',#3497,1.);
#3497 = DIRECTION('',(-1.,0.,0.));
#3498 = ORIENTED_EDGE('',*,*,#3499,.F.);
#3499 = EDGE_CURVE('',#3500,#3492,#3502,.T.);
#3500 = VERTEX_POINT('',#3501);
#3501 = CARTESIAN_POINT('',(-0.823999999993,-1.605000106641,
    0.56000010472));
#3502 = LINE('',#3503,#3504);
#3503 = CARTESIAN_POINT('',(-0.823999999993,-1.605000106641,
    0.56000010472));
#3504 = VECTOR('',#3505,1.);
#3505 = DIRECTION('',(-2.22045186219E-14,0.,1.));
#3506 = ORIENTED_EDGE('',*,*,#3507,.F.);
#3507 = EDGE_CURVE('',#3508,#3500,#3510,.T.);
#3508 = VERTEX_POINT('',#3509);
#3509 = CARTESIAN_POINT('',(-0.939000105855,-1.605000106624,0.5600001052
    ));
#3510 = LINE('',#3511,#3512);
#3511 = CARTESIAN_POINT('',(-0.939000105855,-1.605000106624,0.5600001052
    ));
#3512 = VECTOR('',#3513,1.);
#3513 = DIRECTION('',(1.,-1.437843688544E-10,-4.181941761419E-09));
#3514 = ORIENTED_EDGE('',*,*,#3515,.T.);
#3515 = EDGE_CURVE('',#3508,#3516,#3518,.T.);
#3516 = VERTEX_POINT('',#3517);
#3517 = CARTESIAN_POINT('',(-1.06400002709,-1.605000111726,0.56000010664
    ));
#3518 = LINE('',#3519,#3520);
#3519 = CARTESIAN_POINT('',(-0.939000105855,-1.605000106624,0.5600001052
    ));
#3520 = VECTOR('',#3521,1.);
#3521 = DIRECTION('',(-1.,-4.081088618465E-08,1.154194978569E-08));
#3522 = ORIENTED_EDGE('',*,*,#3523,.F.);
#3523 = EDGE_CURVE('',#2306,#3516,#3524,.T.);
#3524 = LINE('',#3525,#3526);
#3525 = CARTESIAN_POINT('',(-1.064000016448,-1.605000108793,
    0.19999999785));
#3526 = VECTOR('',#3527,1.);
#3527 = DIRECTION('',(-2.956003190187E-08,-8.147874972209E-09,1.));
#3528 = ORIENTED_EDGE('',*,*,#2305,.F.);
#3529 = ORIENTED_EDGE('',*,*,#3530,.T.);
#3530 = EDGE_CURVE('',#2298,#3295,#3531,.T.);
#3531 = LINE('',#3532,#3533);
#3532 = CARTESIAN_POINT('',(-1.974,-1.605000106624,0.20000000002));
#3533 = VECTOR('',#3534,1.);
#3534 = DIRECTION('',(0.,-2.900447487729E-11,1.));
#3535 = ORIENTED_EDGE('',*,*,#3292,.F.);
#3536 = ORIENTED_EDGE('',*,*,#3367,.F.);
#3537 = ORIENTED_EDGE('',*,*,#3359,.F.);
#3538 = ORIENTED_EDGE('',*,*,#3351,.T.);
#3539 = ORIENTED_EDGE('',*,*,#3343,.F.);
#3540 = ORIENTED_EDGE('',*,*,#3335,.F.);
#3541 = ORIENTED_EDGE('',*,*,#3327,.F.);
#3542 = ORIENTED_EDGE('',*,*,#3319,.F.);
#3543 = PLANE('',#3544);
#3544 = AXIS2_PLACEMENT_3D('',#3545,#3546,#3547);
#3545 = CARTESIAN_POINT('',(-4.999,-1.605000106641,2.05));
#3546 = DIRECTION('',(0.,1.,0.));
#3547 = DIRECTION('',(1.,0.,0.));
#3548 = ADVANCED_FACE('',(#3549),#3593,.F.);
#3549 = FACE_BOUND('',#3550,.F.);
#3550 = EDGE_LOOP('',(#3551,#3552,#3553,#3554,#3555,#3563,#3571,#3579,
    #3587));
#3551 = ORIENTED_EDGE('',*,*,#2377,.T.);
#3552 = ORIENTED_EDGE('',*,*,#3381,.T.);
#3553 = ORIENTED_EDGE('',*,*,#3311,.T.);
#3554 = ORIENTED_EDGE('',*,*,#3262,.F.);
#3555 = ORIENTED_EDGE('',*,*,#3556,.F.);
#3556 = EDGE_CURVE('',#3557,#3255,#3559,.T.);
#3557 = VERTEX_POINT('',#3558);
#3558 = CARTESIAN_POINT('',(1.976,-1.905000023698,1.));
#3559 = LINE('',#3560,#3561);
#3560 = CARTESIAN_POINT('',(1.976,-1.905000023698,1.));
#3561 = VECTOR('',#3562,1.);
#3562 = DIRECTION('',(0.,1.,0.));
#3563 = ORIENTED_EDGE('',*,*,#3564,.F.);
#3564 = EDGE_CURVE('',#3565,#3557,#3567,.T.);
#3565 = VERTEX_POINT('',#3566);
#3566 = CARTESIAN_POINT('',(1.976,-1.905000044434,0.14999998519));
#3567 = LINE('',#3568,#3569);
#3568 = CARTESIAN_POINT('',(1.976,-1.905000044434,0.14999998519));
#3569 = VECTOR('',#3570,1.);
#3570 = DIRECTION('',(0.,2.439501107598E-08,1.));
#3571 = ORIENTED_EDGE('',*,*,#3572,.F.);
#3572 = EDGE_CURVE('',#3573,#3565,#3575,.T.);
#3573 = VERTEX_POINT('',#3574);
#3574 = CARTESIAN_POINT('',(1.976,-1.855000106641,9.999999999999E-02));
#3575 = LINE('',#3576,#3577);
#3576 = CARTESIAN_POINT('',(1.976,-1.855000106641,9.999999999999E-02));
#3577 = VECTOR('',#3578,1.);
#3578 = DIRECTION('',(0.,-0.707106446046,0.707107116327));
#3579 = ORIENTED_EDGE('',*,*,#3580,.T.);
#3580 = EDGE_CURVE('',#3573,#3581,#3583,.T.);
#3581 = VERTEX_POINT('',#3582);
#3582 = CARTESIAN_POINT('',(1.976,-0.955000047396,9.999999999999E-02));
#3583 = LINE('',#3584,#3585);
#3584 = CARTESIAN_POINT('',(1.976,-1.855000106641,9.999999999999E-02));
#3585 = VECTOR('',#3586,1.);
#3586 = DIRECTION('',(0.,1.,0.));
#3587 = ORIENTED_EDGE('',*,*,#3588,.T.);
#3588 = EDGE_CURVE('',#3581,#2378,#3589,.T.);
#3589 = LINE('',#3590,#3591);
#3590 = CARTESIAN_POINT('',(1.976,-0.955000047396,9.999999999999E-02));
#3591 = VECTOR('',#3592,1.);
#3592 = DIRECTION('',(0.,5.92449289627E-08,1.));
#3593 = PLANE('',#3594);
#3594 = AXIS2_PLACEMENT_3D('',#3595,#3596,#3597);
#3595 = CARTESIAN_POINT('',(1.976,-0.755000106641,5.E-02));
#3596 = DIRECTION('',(1.,0.,0.));
#3597 = DIRECTION('',(0.,1.,0.));
#3598 = ADVANCED_FACE('',(#3599),#3649,.F.);
#3599 = FACE_BOUND('',#3600,.F.);
#3600 = EDGE_LOOP('',(#3601,#3611,#3617,#3618,#3619,#3627,#3635,#3643));
#3601 = ORIENTED_EDGE('',*,*,#3602,.F.);
#3602 = EDGE_CURVE('',#3603,#3605,#3607,.T.);
#3603 = VERTEX_POINT('',#3604);
#3604 = CARTESIAN_POINT('',(2.77599998667,-1.905000010368,1.));
#3605 = VERTEX_POINT('',#3606);
#3606 = CARTESIAN_POINT('',(2.876,-1.805,1.));
#3607 = LINE('',#3608,#3609);
#3608 = CARTESIAN_POINT('',(2.77599998667,-1.905000010368,1.));
#3609 = VECTOR('',#3610,1.);
#3610 = DIRECTION('',(0.70710679166,0.707106770713,0.));
#3611 = ORIENTED_EDGE('',*,*,#3612,.F.);
#3612 = EDGE_CURVE('',#3557,#3603,#3613,.T.);
#3613 = LINE('',#3614,#3615);
#3614 = CARTESIAN_POINT('',(1.976,-1.905000023698,1.));
#3615 = VECTOR('',#3616,1.);
#3616 = DIRECTION('',(1.,1.666264709552E-08,0.));
#3617 = ORIENTED_EDGE('',*,*,#3556,.T.);
#3618 = ORIENTED_EDGE('',*,*,#3254,.F.);
#3619 = ORIENTED_EDGE('',*,*,#3620,.F.);
#3620 = EDGE_CURVE('',#3621,#3247,#3623,.T.);
#3621 = VERTEX_POINT('',#3622);
#3622 = CARTESIAN_POINT('',(2.351,-1.555000106641,1.));
#3623 = LINE('',#3624,#3625);
#3624 = CARTESIAN_POINT('',(2.351,-1.555000106641,1.));
#3625 = VECTOR('',#3626,1.);
#3626 = DIRECTION('',(-0.7071068929,-0.707106669473,0.));
#3627 = ORIENTED_EDGE('',*,*,#3628,.T.);
#3628 = EDGE_CURVE('',#3621,#3629,#3631,.T.);
#3629 = VERTEX_POINT('',#3630);
#3630 = CARTESIAN_POINT('',(2.351,-0.955000106641,1.));
#3631 = LINE('',#3632,#3633);
#3632 = CARTESIAN_POINT('',(2.351,-1.555000106641,1.));
#3633 = VECTOR('',#3634,1.);
#3634 = DIRECTION('',(0.,1.,0.));
#3635 = ORIENTED_EDGE('',*,*,#3636,.F.);
#3636 = EDGE_CURVE('',#3637,#3629,#3639,.T.);
#3637 = VERTEX_POINT('',#3638);
#3638 = CARTESIAN_POINT('',(2.876,-0.955000100717,1.));
#3639 = LINE('',#3640,#3641);
#3640 = CARTESIAN_POINT('',(2.876,-0.955000100717,1.));
#3641 = VECTOR('',#3642,1.);
#3642 = DIRECTION('',(-1.,-1.128475175738E-08,0.));
#3643 = ORIENTED_EDGE('',*,*,#3644,.T.);
#3644 = EDGE_CURVE('',#3637,#3605,#3645,.T.);
#3645 = LINE('',#3646,#3647);
#3646 = CARTESIAN_POINT('',(2.876,-0.955000100717,1.));
#3647 = VECTOR('',#3648,1.);
#3648 = DIRECTION('',(0.,-1.,0.));
#3649 = PLANE('',#3650);
#3650 = AXIS2_PLACEMENT_3D('',#3651,#3652,#3653);
#3651 = CARTESIAN_POINT('',(2.826,-1.705000106641,1.));
#3652 = DIRECTION('',(0.,0.,-1.));
#3653 = DIRECTION('',(-1.,0.,0.));
#3654 = ADVANCED_FACE('',(#3655),#3688,.F.);
#3655 = FACE_BOUND('',#3656,.F.);
#3656 = EDGE_LOOP('',(#3657,#3658,#3666,#3674,#3682));
#3657 = ORIENTED_EDGE('',*,*,#3602,.T.);
#3658 = ORIENTED_EDGE('',*,*,#3659,.T.);
#3659 = EDGE_CURVE('',#3605,#3660,#3662,.T.);
#3660 = VERTEX_POINT('',#3661);
#3661 = CARTESIAN_POINT('',(2.876,-1.805,9.999999999999E-02));
#3662 = LINE('',#3663,#3664);
#3663 = CARTESIAN_POINT('',(2.876,-1.805,1.));
#3664 = VECTOR('',#3665,1.);
#3665 = DIRECTION('',(0.,-4.440892098506E-13,-1.));
#3666 = ORIENTED_EDGE('',*,*,#3667,.F.);
#3667 = EDGE_CURVE('',#3668,#3660,#3670,.T.);
#3668 = VERTEX_POINT('',#3669);
#3669 = CARTESIAN_POINT('',(2.850999994075,-1.830000026661,
    7.499997334E-02));
#3670 = LINE('',#3671,#3672);
#3671 = CARTESIAN_POINT('',(2.850999994075,-1.830000026661,
    7.499997334E-02));
#3672 = VECTOR('',#3673,1.);
#3673 = DIRECTION('',(0.577349949945,0.577350428812,0.577350428812));
#3674 = ORIENTED_EDGE('',*,*,#3675,.F.);
#3675 = EDGE_CURVE('',#3676,#3668,#3678,.T.);
#3676 = VERTEX_POINT('',#3677);
#3677 = CARTESIAN_POINT('',(2.775999983707,-1.905000031104,0.14999998667
    ));
#3678 = LINE('',#3679,#3680);
#3679 = CARTESIAN_POINT('',(2.775999983707,-1.905000031104,0.14999998667
    ));
#3680 = VECTOR('',#3681,1.);
#3681 = DIRECTION('',(0.577350276793,0.577350231183,-0.577350299593));
#3682 = ORIENTED_EDGE('',*,*,#3683,.F.);
#3683 = EDGE_CURVE('',#3603,#3676,#3684,.T.);
#3684 = LINE('',#3685,#3686);
#3685 = CARTESIAN_POINT('',(2.77599998667,-1.905000010368,1.));
#3686 = VECTOR('',#3687,1.);
#3687 = DIRECTION('',(-3.485205794752E-09,-2.439500902865E-08,-1.));
#3688 = PLANE('',#3689);
#3689 = AXIS2_PLACEMENT_3D('',#3690,#3691,#3692);
#3690 = CARTESIAN_POINT('',(2.826,-1.855,0.7));
#3691 = DIRECTION('',(-0.707106781187,0.707106781187,0.));
#3692 = DIRECTION('',(-0.707106781187,-0.707106781187,0.));
#3693 = ADVANCED_FACE('',(#3694),#3759,.T.);
#3694 = FACE_BOUND('',#3695,.F.);
#3695 = EDGE_LOOP('',(#3696,#3704,#3705,#3706,#3714,#3722,#3730,#3738,
    #3746,#3752,#3753));
#3696 = ORIENTED_EDGE('',*,*,#3697,.T.);
#3697 = EDGE_CURVE('',#3698,#3660,#3700,.T.);
#3698 = VERTEX_POINT('',#3699);
#3699 = CARTESIAN_POINT('',(2.876,-0.955000011849,9.999999999999E-02));
#3700 = LINE('',#3701,#3702);
#3701 = CARTESIAN_POINT('',(2.876,-0.955000011849,9.999999999999E-02));
#3702 = VECTOR('',#3703,1.);
#3703 = DIRECTION('',(0.,-1.,1.253898962938E-12));
#3704 = ORIENTED_EDGE('',*,*,#3659,.F.);
#3705 = ORIENTED_EDGE('',*,*,#3644,.F.);
#3706 = ORIENTED_EDGE('',*,*,#3707,.F.);
#3707 = EDGE_CURVE('',#3708,#3637,#3710,.T.);
#3708 = VERTEX_POINT('',#3709);
#3709 = CARTESIAN_POINT('',(2.876,-0.955000082943,3.75));
#3710 = LINE('',#3711,#3712);
#3711 = CARTESIAN_POINT('',(2.876,-0.955000082943,3.75));
#3712 = VECTOR('',#3713,1.);
#3713 = DIRECTION('',(0.,-6.463092848786E-09,-1.));
#3714 = ORIENTED_EDGE('',*,*,#3715,.F.);
#3715 = EDGE_CURVE('',#3716,#3708,#3718,.T.);
#3716 = VERTEX_POINT('',#3717);
#3717 = CARTESIAN_POINT('',(2.876,0.994999940755,3.75));
#3718 = LINE('',#3719,#3720);
#3719 = CARTESIAN_POINT('',(2.876,0.994999940755,3.75));
#3720 = VECTOR('',#3721,1.);
#3721 = DIRECTION('',(0.,-1.,0.));
#3722 = ORIENTED_EDGE('',*,*,#3723,.T.);
#3723 = EDGE_CURVE('',#3716,#3724,#3726,.T.);
#3724 = VERTEX_POINT('',#3725);
#3725 = CARTESIAN_POINT('',(2.876,0.994999940755,0.57));
#3726 = LINE('',#3727,#3728);
#3727 = CARTESIAN_POINT('',(2.876,0.994999940755,3.75));
#3728 = VECTOR('',#3729,1.);
#3729 = DIRECTION('',(0.,0.,-1.));
#3730 = ORIENTED_EDGE('',*,*,#3731,.F.);
#3731 = EDGE_CURVE('',#3732,#3724,#3734,.T.);
#3732 = VERTEX_POINT('',#3733);
#3733 = CARTESIAN_POINT('',(2.876,-0.205000005332,0.57));
#3734 = LINE('',#3735,#3736);
#3735 = CARTESIAN_POINT('',(2.876,-0.205000005332,0.57));
#3736 = VECTOR('',#3737,1.);
#3737 = DIRECTION('',(0.,1.,0.));
#3738 = ORIENTED_EDGE('',*,*,#3739,.F.);
#3739 = EDGE_CURVE('',#3740,#3732,#3742,.T.);
#3740 = VERTEX_POINT('',#3741);
#3741 = CARTESIAN_POINT('',(2.876,-0.205000037325,0.35000003377));
#3742 = LINE('',#3743,#3744);
#3743 = CARTESIAN_POINT('',(2.876,-0.205000037325,0.35000003377));
#3744 = VECTOR('',#3745,1.);
#3745 = DIRECTION('',(0.,1.454213901973E-07,1.));
#3746 = ORIENTED_EDGE('',*,*,#3747,.F.);
#3747 = EDGE_CURVE('',#2394,#3740,#3748,.T.);
#3748 = LINE('',#3749,#3750);
#3749 = CARTESIAN_POINT('',(2.876,-0.255000088275,0.20000000178));
#3750 = VECTOR('',#3751,1.);
#3751 = DIRECTION('',(0.,0.316227995335,0.948683221611));
#3752 = ORIENTED_EDGE('',*,*,#2393,.T.);
#3753 = ORIENTED_EDGE('',*,*,#3754,.F.);
#3754 = EDGE_CURVE('',#3698,#2386,#3755,.T.);
#3755 = LINE('',#3756,#3757);
#3756 = CARTESIAN_POINT('',(2.876,-0.955000011849,9.999999999999E-02));
#3757 = VECTOR('',#3758,1.);
#3758 = DIRECTION('',(0.,-1.184900089157E-07,1.));
#3759 = PLANE('',#3760);
#3760 = AXIS2_PLACEMENT_3D('',#3761,#3762,#3763);
#3761 = CARTESIAN_POINT('',(2.876,2.E-02,2.435));
#3762 = DIRECTION('',(1.,0.,0.));
#3763 = DIRECTION('',(0.,1.,0.));
#3764 = ADVANCED_FACE('',(#3765),#3791,.T.);
#3765 = FACE_BOUND('',#3766,.F.);
#3766 = EDGE_LOOP('',(#3767,#3768,#3769,#3777,#3785));
#3767 = ORIENTED_EDGE('',*,*,#3667,.T.);
#3768 = ORIENTED_EDGE('',*,*,#3697,.F.);
#3769 = ORIENTED_EDGE('',*,*,#3770,.T.);
#3770 = EDGE_CURVE('',#3698,#3771,#3773,.T.);
#3771 = VERTEX_POINT('',#3772);
#3772 = CARTESIAN_POINT('',(2.776000004443,-0.955000023698,
    1.479996569742E-09));
#3773 = LINE('',#3774,#3775);
#3774 = CARTESIAN_POINT('',(2.876,-0.955000011849,9.999999999999E-02));
#3775 = VECTOR('',#3776,1.);
#3776 = DIRECTION('',(-0.707106770713,-8.378499080318E-08,-0.70710679166
    ));
#3777 = ORIENTED_EDGE('',*,*,#3778,.T.);
#3778 = EDGE_CURVE('',#3771,#3779,#3781,.T.);
#3779 = VERTEX_POINT('',#3780);
#3780 = CARTESIAN_POINT('',(2.77600001333,-1.755000084424,
    -1.480003675169E-09));
#3781 = LINE('',#3782,#3783);
#3782 = CARTESIAN_POINT('',(2.776000004443,-0.955000023698,
    1.479996569742E-09));
#3783 = VECTOR('',#3784,1.);
#3784 = DIRECTION('',(1.110822988094E-08,-1.,-3.702806668874E-09));
#3785 = ORIENTED_EDGE('',*,*,#3786,.T.);
#3786 = EDGE_CURVE('',#3779,#3668,#3787,.T.);
#3787 = LINE('',#3788,#3789);
#3788 = CARTESIAN_POINT('',(2.77600001333,-1.755000084424,
    -1.480003675169E-09));
#3789 = VECTOR('',#3790,1.);
#3790 = DIRECTION('',(0.577350383201,-0.577350086765,0.577350337603));
#3791 = PLANE('',#3792);
#3792 = AXIS2_PLACEMENT_3D('',#3793,#3794,#3795);
#3793 = CARTESIAN_POINT('',(2.826,-1.13,5.E-02));
#3794 = DIRECTION('',(0.707106781187,0.,-0.707106781187));
#3795 = DIRECTION('',(-0.707106781187,0.,-0.707106781187));
#3796 = ADVANCED_FACE('',(#3797),#3817,.F.);
#3797 = FACE_BOUND('',#3798,.F.);
#3798 = EDGE_LOOP('',(#3799,#3800,#3801,#3802,#3810,#3816));
#3799 = ORIENTED_EDGE('',*,*,#3754,.T.);
#3800 = ORIENTED_EDGE('',*,*,#2385,.T.);
#3801 = ORIENTED_EDGE('',*,*,#3588,.F.);
#3802 = ORIENTED_EDGE('',*,*,#3803,.F.);
#3803 = EDGE_CURVE('',#3804,#3581,#3806,.T.);
#3804 = VERTEX_POINT('',#3805);
#3805 = CARTESIAN_POINT('',(2.076,-0.955000041471,0.));
#3806 = LINE('',#3807,#3808);
#3807 = CARTESIAN_POINT('',(2.076,-0.955000041471,0.));
#3808 = VECTOR('',#3809,1.);
#3809 = DIRECTION('',(-0.707106781187,-4.189258522599E-08,0.707106781186
    ));
#3810 = ORIENTED_EDGE('',*,*,#3811,.T.);
#3811 = EDGE_CURVE('',#3804,#3771,#3812,.T.);
#3812 = LINE('',#3813,#3814);
#3813 = CARTESIAN_POINT('',(2.076,-0.955000041471,0.));
#3814 = VECTOR('',#3815,1.);
#3815 = DIRECTION('',(1.,2.539070398121E-08,2.115884596947E-09));
#3816 = ORIENTED_EDGE('',*,*,#3770,.F.);
#3817 = PLANE('',#3818);
#3818 = AXIS2_PLACEMENT_3D('',#3819,#3820,#3821);
#3819 = CARTESIAN_POINT('',(2.876,-0.955,0.25));
#3820 = DIRECTION('',(0.,-1.,0.));
#3821 = DIRECTION('',(0.,0.,1.));
#3822 = ADVANCED_FACE('',(#3823),#3841,.F.);
#3823 = FACE_BOUND('',#3824,.F.);
#3824 = EDGE_LOOP('',(#3825,#3826,#3834,#3840));
#3825 = ORIENTED_EDGE('',*,*,#3580,.F.);
#3826 = ORIENTED_EDGE('',*,*,#3827,.T.);
#3827 = EDGE_CURVE('',#3573,#3828,#3830,.T.);
#3828 = VERTEX_POINT('',#3829);
#3829 = CARTESIAN_POINT('',(2.076000002962,-1.755000097754,
    -2.960000244911E-09));
#3830 = LINE('',#3831,#3832);
#3831 = CARTESIAN_POINT('',(1.976,-1.855000106641,9.999999999999E-02));
#3832 = VECTOR('',#3833,1.);
#3833 = DIRECTION('',(0.577350257788,0.577350291993,-0.577350257788));
#3834 = ORIENTED_EDGE('',*,*,#3835,.T.);
#3835 = EDGE_CURVE('',#3828,#3804,#3836,.T.);
#3836 = LINE('',#3837,#3838);
#3837 = CARTESIAN_POINT('',(2.076000002962,-1.755000097754,
    -2.960000244911E-09));
#3838 = VECTOR('',#3839,1.);
#3839 = DIRECTION('',(-3.702813350778E-09,1.,3.70280668944E-09));
#3840 = ORIENTED_EDGE('',*,*,#3803,.T.);
#3841 = PLANE('',#3842);
#3842 = AXIS2_PLACEMENT_3D('',#3843,#3844,#3845);
#3843 = CARTESIAN_POINT('',(2.026,-1.355000106641,5.E-02));
#3844 = DIRECTION('',(0.707106781187,0.,0.707106781187));
#3845 = DIRECTION('',(-0.707106781187,0.,0.707106781187));
#3846 = ADVANCED_FACE('',(#3847),#3865,.F.);
#3847 = FACE_BOUND('',#3848,.F.);
#3848 = EDGE_LOOP('',(#3849,#3850,#3856,#3857,#3858,#3864));
#3849 = ORIENTED_EDGE('',*,*,#3572,.T.);
#3850 = ORIENTED_EDGE('',*,*,#3851,.F.);
#3851 = EDGE_CURVE('',#3676,#3565,#3852,.T.);
#3852 = LINE('',#3853,#3854);
#3853 = CARTESIAN_POINT('',(2.775999983707,-1.905000031104,0.14999998667
    ));
#3854 = VECTOR('',#3855,1.);
#3855 = DIRECTION('',(-1.,-1.666264715722E-08,-1.851310253942E-09));
#3856 = ORIENTED_EDGE('',*,*,#3675,.T.);
#3857 = ORIENTED_EDGE('',*,*,#3786,.F.);
#3858 = ORIENTED_EDGE('',*,*,#3859,.T.);
#3859 = EDGE_CURVE('',#3779,#3828,#3860,.T.);
#3860 = LINE('',#3861,#3862);
#3861 = CARTESIAN_POINT('',(2.77600001333,-1.755000084424,
    -1.480003675169E-09));
#3862 = VECTOR('',#3863,1.);
#3863 = DIRECTION('',(-1.,-1.904292060891E-08,-2.11589472965E-09));
#3864 = ORIENTED_EDGE('',*,*,#3827,.F.);
#3865 = PLANE('',#3866);
#3866 = AXIS2_PLACEMENT_3D('',#3867,#3868,#3869);
#3867 = CARTESIAN_POINT('',(2.451,-1.830000106641,7.5E-02));
#3868 = DIRECTION('',(0.,0.707106781187,0.707106781187));
#3869 = DIRECTION('',(0.,-0.707106781187,0.707106781187));
#3870 = ADVANCED_FACE('',(#3871),#3877,.F.);
#3871 = FACE_BOUND('',#3872,.F.);
#3872 = EDGE_LOOP('',(#3873,#3874,#3875,#3876));
#3873 = ORIENTED_EDGE('',*,*,#3683,.T.);
#3874 = ORIENTED_EDGE('',*,*,#3851,.T.);
#3875 = ORIENTED_EDGE('',*,*,#3564,.T.);
#3876 = ORIENTED_EDGE('',*,*,#3612,.T.);
#3877 = PLANE('',#3878);
#3878 = AXIS2_PLACEMENT_3D('',#3879,#3880,#3881);
#3879 = CARTESIAN_POINT('',(2.876,-1.905,0.71));
#3880 = DIRECTION('',(0.,1.,0.));
#3881 = DIRECTION('',(0.,0.,-1.));
#3882 = ADVANCED_FACE('',(#3883),#3889,.T.);
#3883 = FACE_BOUND('',#3884,.F.);
#3884 = EDGE_LOOP('',(#3885,#3886,#3887,#3888));
#3885 = ORIENTED_EDGE('',*,*,#3811,.F.);
#3886 = ORIENTED_EDGE('',*,*,#3835,.F.);
#3887 = ORIENTED_EDGE('',*,*,#3859,.F.);
#3888 = ORIENTED_EDGE('',*,*,#3778,.F.);
#3889 = PLANE('',#3890);
#3890 = AXIS2_PLACEMENT_3D('',#3891,#3892,#3893);
#3891 = CARTESIAN_POINT('',(2.826,-0.955000106641,0.));
#3892 = DIRECTION('',(0.,0.,-1.));
#3893 = DIRECTION('',(0.,-1.,0.));
#3894 = ADVANCED_FACE('',(#3895,#3920),#3954,.T.);
#3895 = FACE_BOUND('',#3896,.F.);
#3896 = EDGE_LOOP('',(#3897,#3905,#3911,#3912,#3918,#3919));
#3897 = ORIENTED_EDGE('',*,*,#3898,.F.);
#3898 = EDGE_CURVE('',#3899,#3629,#3901,.T.);
#3899 = VERTEX_POINT('',#3900);
#3900 = CARTESIAN_POINT('',(2.351,-0.955000093311,2.8));
#3901 = LINE('',#3902,#3903);
#3902 = CARTESIAN_POINT('',(2.351,-0.955000093311,2.8));
#3903 = VECTOR('',#3904,1.);
#3904 = DIRECTION('',(0.,-7.405626729135E-09,-1.));
#3905 = ORIENTED_EDGE('',*,*,#3906,.T.);
#3906 = EDGE_CURVE('',#3899,#2138,#3907,.T.);
#3907 = LINE('',#3908,#3909);
#3908 = CARTESIAN_POINT('',(2.351,-0.955000093311,2.8));
#3909 = VECTOR('',#3910,1.);
#3910 = DIRECTION('',(0.,2.68013116462E-08,1.));
#3911 = ORIENTED_EDGE('',*,*,#2137,.T.);
#3912 = ORIENTED_EDGE('',*,*,#3913,.F.);
#3913 = EDGE_CURVE('',#3708,#2130,#3914,.T.);
#3914 = LINE('',#3915,#3916);
#3915 = CARTESIAN_POINT('',(2.876,-0.955000082943,3.75));
#3916 = VECTOR('',#3917,1.);
#3917 = DIRECTION('',(-0.707106781187,1.256776614723E-07,0.707106781187)
  );
#3918 = ORIENTED_EDGE('',*,*,#3707,.T.);
#3919 = ORIENTED_EDGE('',*,*,#3636,.T.);
#3920 = FACE_BOUND('',#3921,.F.);
#3921 = EDGE_LOOP('',(#3922,#3932,#3940,#3948));
#3922 = ORIENTED_EDGE('',*,*,#3923,.T.);
#3923 = EDGE_CURVE('',#3924,#3926,#3928,.T.);
#3924 = VERTEX_POINT('',#3925);
#3925 = CARTESIAN_POINT('',(2.378500001738,-0.95500005306,1.82000000581)
  );
#3926 = VERTEX_POINT('',#3927);
#3927 = CARTESIAN_POINT('',(2.548499998262,-0.95500005306,1.82000000581)
  );
#3928 = LINE('',#3929,#3930);
#3929 = CARTESIAN_POINT('',(2.378500001738,-0.95500005306,1.82000000581)
  );
#3930 = VECTOR('',#3931,1.);
#3931 = DIRECTION('',(1.,0.,-4.179663237004E-14));
#3932 = ORIENTED_EDGE('',*,*,#3933,.F.);
#3933 = EDGE_CURVE('',#3934,#3926,#3936,.T.);
#3934 = VERTEX_POINT('',#3935);
#3935 = CARTESIAN_POINT('',(2.548499998262,-0.95500005306,3.11999999397)
  );
#3936 = LINE('',#3937,#3938);
#3937 = CARTESIAN_POINT('',(2.548499998262,-0.95500005306,3.11999999397)
  );
#3938 = VECTOR('',#3939,1.);
#3939 = DIRECTION('',(0.,0.,-1.));
#3940 = ORIENTED_EDGE('',*,*,#3941,.F.);
#3941 = EDGE_CURVE('',#3942,#3934,#3944,.T.);
#3942 = VERTEX_POINT('',#3943);
#3943 = CARTESIAN_POINT('',(2.378500001738,-0.95500005306,3.11999999397)
  );
#3944 = LINE('',#3945,#3946);
#3945 = CARTESIAN_POINT('',(2.378500001738,-0.95500005306,3.11999999397)
  );
#3946 = VECTOR('',#3947,1.);
#3947 = DIRECTION('',(1.,0.,0.));
#3948 = ORIENTED_EDGE('',*,*,#3949,.T.);
#3949 = EDGE_CURVE('',#3942,#3924,#3950,.T.);
#3950 = LINE('',#3951,#3952);
#3951 = CARTESIAN_POINT('',(2.378500001738,-0.95500005306,3.11999999397)
  );
#3952 = VECTOR('',#3953,1.);
#3953 = DIRECTION('',(0.,0.,-1.));
#3954 = PLANE('',#3955);
#3955 = AXIS2_PLACEMENT_3D('',#3956,#3957,#3958);
#3956 = CARTESIAN_POINT('',(2.740999999893,-0.955000106641,2.375));
#3957 = DIRECTION('',(0.,-1.,0.));
#3958 = DIRECTION('',(1.,0.,0.));
#3959 = ADVANCED_FACE('',(#3960),#3972,.F.);
#3960 = FACE_BOUND('',#3961,.F.);
#3961 = EDGE_LOOP('',(#3962,#3963,#3964,#3965,#3966));
#3962 = ORIENTED_EDGE('',*,*,#2145,.F.);
#3963 = ORIENTED_EDGE('',*,*,#3906,.F.);
#3964 = ORIENTED_EDGE('',*,*,#3898,.T.);
#3965 = ORIENTED_EDGE('',*,*,#3628,.F.);
#3966 = ORIENTED_EDGE('',*,*,#3967,.F.);
#3967 = EDGE_CURVE('',#2146,#3621,#3968,.T.);
#3968 = LINE('',#3969,#3970);
#3969 = CARTESIAN_POINT('',(2.351,-1.555000106641,3.85));
#3970 = VECTOR('',#3971,1.);
#3971 = DIRECTION('',(0.,0.,-1.));
#3972 = PLANE('',#3973);
#3973 = AXIS2_PLACEMENT_3D('',#3974,#3975,#3976);
#3974 = CARTESIAN_POINT('',(2.351,-5.000106641E-03,1.74));
#3975 = DIRECTION('',(-1.,0.,0.));
#3976 = DIRECTION('',(0.,0.,1.));
#3977 = ADVANCED_FACE('',(#3978),#3985,.F.);
#3978 = FACE_BOUND('',#3979,.F.);
#3979 = EDGE_LOOP('',(#3980,#3981,#3982,#3983,#3984));
#3980 = ORIENTED_EDGE('',*,*,#3620,.T.);
#3981 = ORIENTED_EDGE('',*,*,#3246,.F.);
#3982 = ORIENTED_EDGE('',*,*,#3238,.F.);
#3983 = ORIENTED_EDGE('',*,*,#2153,.T.);
#3984 = ORIENTED_EDGE('',*,*,#3967,.T.);
#3985 = PLANE('',#3986);
#3986 = AXIS2_PLACEMENT_3D('',#3987,#3988,#3989);
#3987 = CARTESIAN_POINT('',(2.276,-1.630000106641,1.595));
#3988 = DIRECTION('',(-0.707106781187,0.707106781187,0.));
#3989 = DIRECTION('',(0.707106781187,0.707106781187,0.));
#3990 = ADVANCED_FACE('',(#3991),#4002,.F.);
#3991 = FACE_BOUND('',#3992,.F.);
#3992 = EDGE_LOOP('',(#3993,#3999,#4000,#4001));
#3993 = ORIENTED_EDGE('',*,*,#3994,.T.);
#3994 = EDGE_CURVE('',#2122,#3716,#3995,.T.);
#3995 = LINE('',#3996,#3997);
#3996 = CARTESIAN_POINT('',(2.776,0.99499993483,3.85));
#3997 = VECTOR('',#3998,1.);
#3998 = DIRECTION('',(0.707106781186,4.189257894562E-08,-0.707106781187)
  );
#3999 = ORIENTED_EDGE('',*,*,#3715,.T.);
#4000 = ORIENTED_EDGE('',*,*,#3913,.T.);
#4001 = ORIENTED_EDGE('',*,*,#2129,.F.);
#4002 = PLANE('',#4003);
#4003 = AXIS2_PLACEMENT_3D('',#4004,#4005,#4006);
#4004 = CARTESIAN_POINT('',(2.826,2.E-02,3.8));
#4005 = DIRECTION('',(-0.707106781187,0.,-0.707106781186));
#4006 = DIRECTION('',(-0.707106781186,0.,0.707106781187));
#4007 = ADVANCED_FACE('',(#4008),#4075,.T.);
#4008 = FACE_BOUND('',#4009,.F.);
#4009 = EDGE_LOOP('',(#4010,#4020,#4028,#4036,#4042,#4043,#4044,#4045,
    #4053,#4061,#4069));
#4010 = ORIENTED_EDGE('',*,*,#4011,.F.);
#4011 = EDGE_CURVE('',#4012,#4014,#4016,.T.);
#4012 = VERTEX_POINT('',#4013);
#4013 = CARTESIAN_POINT('',(2.3635,0.994999905208,3.74999999989));
#4014 = VERTEX_POINT('',#4015);
#4015 = CARTESIAN_POINT('',(2.3635,0.994999917057,0.57));
#4016 = LINE('',#4017,#4018);
#4017 = CARTESIAN_POINT('',(2.3635,0.994999905208,3.74999999989));
#4018 = VECTOR('',#4019,1.);
#4019 = DIRECTION('',(0.,3.726100350826E-09,-1.));
#4020 = ORIENTED_EDGE('',*,*,#4021,.F.);
#4021 = EDGE_CURVE('',#4022,#4012,#4024,.T.);
#4022 = VERTEX_POINT('',#4023);
#4023 = CARTESIAN_POINT('',(2.5635,0.994999905208,3.74999999989));
#4024 = LINE('',#4025,#4026);
#4025 = CARTESIAN_POINT('',(2.5635,0.994999905208,3.74999999989));
#4026 = VECTOR('',#4027,1.);
#4027 = DIRECTION('',(-1.,0.,0.));
#4028 = ORIENTED_EDGE('',*,*,#4029,.T.);
#4029 = EDGE_CURVE('',#4022,#4030,#4032,.T.);
#4030 = VERTEX_POINT('',#4031);
#4031 = CARTESIAN_POINT('',(2.5635,0.994999928906,0.57));
#4032 = LINE('',#4033,#4034);
#4033 = CARTESIAN_POINT('',(2.5635,0.994999905208,3.74999999989));
#4034 = VECTOR('',#4035,1.);
#4035 = DIRECTION('',(0.,7.452201260254E-09,-1.));
#4036 = ORIENTED_EDGE('',*,*,#4037,.T.);
#4037 = EDGE_CURVE('',#4030,#3724,#4038,.T.);
#4038 = LINE('',#4039,#4040);
#4039 = CARTESIAN_POINT('',(2.5635,0.994999928906,0.57));
#4040 = VECTOR('',#4041,1.);
#4041 = DIRECTION('',(1.,3.791680001086E-08,0.));
#4042 = ORIENTED_EDGE('',*,*,#3723,.F.);
#4043 = ORIENTED_EDGE('',*,*,#3994,.F.);
#4044 = ORIENTED_EDGE('',*,*,#2121,.T.);
#4045 = ORIENTED_EDGE('',*,*,#4046,.F.);
#4046 = EDGE_CURVE('',#4047,#2114,#4049,.T.);
#4047 = VERTEX_POINT('',#4048);
#4048 = CARTESIAN_POINT('',(2.351,0.994999922981,3.75));
#4049 = LINE('',#4050,#4051);
#4050 = CARTESIAN_POINT('',(2.351,0.994999922981,3.75));
#4051 = VECTOR('',#4052,1.);
#4052 = DIRECTION('',(-0.707106781186,0.,0.707106781187));
#4053 = ORIENTED_EDGE('',*,*,#4054,.F.);
#4054 = EDGE_CURVE('',#4055,#4047,#4057,.T.);
#4055 = VERTEX_POINT('',#4056);
#4056 = CARTESIAN_POINT('',(2.351,0.994999924463,3.46999998223));
#4057 = LINE('',#4058,#4059);
#4058 = CARTESIAN_POINT('',(2.351,0.994999924463,3.46999998223));
#4059 = VECTOR('',#4060,1.);
#4060 = DIRECTION('',(0.,-5.289736566696E-09,1.));
#4061 = ORIENTED_EDGE('',*,*,#4062,.T.);
#4062 = EDGE_CURVE('',#4055,#4063,#4065,.T.);
#4063 = VERTEX_POINT('',#4064);
#4064 = CARTESIAN_POINT('',(2.351,0.994999928906,0.57));
#4065 = LINE('',#4066,#4067);
#4066 = CARTESIAN_POINT('',(2.351,0.994999924463,3.46999998223));
#4067 = VECTOR('',#4068,1.);
#4068 = DIRECTION('',(0.,1.532199970168E-09,-1.));
#4069 = ORIENTED_EDGE('',*,*,#4070,.T.);
#4070 = EDGE_CURVE('',#4063,#4014,#4071,.T.);
#4071 = LINE('',#4072,#4073);
#4072 = CARTESIAN_POINT('',(2.351,0.994999928906,0.57));
#4073 = VECTOR('',#4074,1.);
#4074 = DIRECTION('',(1.,-9.47919929218E-07,0.));
#4075 = PLANE('',#4076);
#4076 = AXIS2_PLACEMENT_3D('',#4077,#4078,#4079);
#4077 = CARTESIAN_POINT('',(2.826,0.994999893359,-1.151353));
#4078 = DIRECTION('',(0.,1.,0.));
#4079 = DIRECTION('',(0.,0.,-1.));
#4080 = ADVANCED_FACE('',(#4081),#4147,.F.);
#4081 = FACE_BOUND('',#4082,.F.);
#4082 = EDGE_LOOP('',(#4083,#4091,#4099,#4107,#4115,#4124,#4132,#4140,
    #4146));
#4083 = ORIENTED_EDGE('',*,*,#4084,.T.);
#4084 = EDGE_CURVE('',#4014,#4085,#4087,.T.);
#4085 = VERTEX_POINT('',#4086);
#4086 = CARTESIAN_POINT('',(2.3635,-3.5E-02,0.57));
#4087 = LINE('',#4088,#4089);
#4088 = CARTESIAN_POINT('',(2.3635,0.994999917057,0.57));
#4089 = VECTOR('',#4090,1.);
#4090 = DIRECTION('',(0.,-1.,0.));
#4091 = ORIENTED_EDGE('',*,*,#4092,.F.);
#4092 = EDGE_CURVE('',#4093,#4085,#4095,.T.);
#4093 = VERTEX_POINT('',#4094);
#4094 = CARTESIAN_POINT('',(2.3635,-3.5E-02,0.14999999989));
#4095 = LINE('',#4096,#4097);
#4096 = CARTESIAN_POINT('',(2.3635,-3.5E-02,0.14999999989));
#4097 = VECTOR('',#4098,1.);
#4098 = DIRECTION('',(0.,0.,1.));
#4099 = ORIENTED_EDGE('',*,*,#4100,.F.);
#4100 = EDGE_CURVE('',#4101,#4093,#4103,.T.);
#4101 = VERTEX_POINT('',#4102);
#4102 = CARTESIAN_POINT('',(2.3635,1.365,0.14999999989));
#4103 = LINE('',#4104,#4105);
#4104 = CARTESIAN_POINT('',(2.3635,1.365,0.14999999989));
#4105 = VECTOR('',#4106,1.);
#4106 = DIRECTION('',(0.,-1.,0.));
#4107 = ORIENTED_EDGE('',*,*,#4108,.F.);
#4108 = EDGE_CURVE('',#4109,#4101,#4111,.T.);
#4109 = VERTEX_POINT('',#4110);
#4110 = CARTESIAN_POINT('',(2.3635,1.365,0.19999999989));
#4111 = LINE('',#4112,#4113);
#4112 = CARTESIAN_POINT('',(2.3635,1.365,0.19999999989));
#4113 = VECTOR('',#4114,1.);
#4114 = DIRECTION('',(0.,3.552713678801E-14,-1.));
#4115 = ORIENTED_EDGE('',*,*,#4116,.F.);
#4116 = EDGE_CURVE('',#4117,#4109,#4119,.T.);
#4117 = VERTEX_POINT('',#4118);
#4118 = CARTESIAN_POINT('',(2.3635,1.465,0.29999999989));
#4119 = CIRCLE('',#4120,0.1);
#4120 = AXIS2_PLACEMENT_3D('',#4121,#4122,#4123);
#4121 = CARTESIAN_POINT('',(2.3635,1.465,0.19999999989));
#4122 = DIRECTION('',(1.,0.,-0.));
#4123 = DIRECTION('',(0.,0.,1.));
#4124 = ORIENTED_EDGE('',*,*,#4125,.T.);
#4125 = EDGE_CURVE('',#4117,#4126,#4128,.T.);
#4126 = VERTEX_POINT('',#4127);
#4127 = CARTESIAN_POINT('',(2.3635,2.065,0.29999999989));
#4128 = LINE('',#4129,#4130);
#4129 = CARTESIAN_POINT('',(2.3635,1.465,0.29999999989));
#4130 = VECTOR('',#4131,1.);
#4131 = DIRECTION('',(0.,1.,0.));
#4132 = ORIENTED_EDGE('',*,*,#4133,.F.);
#4133 = EDGE_CURVE('',#4134,#4126,#4136,.T.);
#4134 = VERTEX_POINT('',#4135);
#4135 = CARTESIAN_POINT('',(2.3635,2.065,3.74999999989));
#4136 = LINE('',#4137,#4138);
#4137 = CARTESIAN_POINT('',(2.3635,2.065,3.74999999989));
#4138 = VECTOR('',#4139,1.);
#4139 = DIRECTION('',(0.,0.,-1.));
#4140 = ORIENTED_EDGE('',*,*,#4141,.T.);
#4141 = EDGE_CURVE('',#4134,#4012,#4142,.T.);
#4142 = LINE('',#4143,#4144);
#4143 = CARTESIAN_POINT('',(2.3635,2.065,3.74999999989));
#4144 = VECTOR('',#4145,1.);
#4145 = DIRECTION('',(0.,-1.,0.));
#4146 = ORIENTED_EDGE('',*,*,#4011,.T.);
#4147 = PLANE('',#4148);
#4148 = AXIS2_PLACEMENT_3D('',#4149,#4150,#4151);
#4149 = CARTESIAN_POINT('',(2.3635,-0.455,2.46999999989));
#4150 = DIRECTION('',(1.,0.,0.));
#4151 = DIRECTION('',(0.,1.,0.));
#4152 = ADVANCED_FACE('',(#4153),#4203,.F.);
#4153 = FACE_BOUND('',#4154,.F.);
#4154 = EDGE_LOOP('',(#4155,#4163,#4164,#4165,#4173,#4181,#4189,#4195,
    #4196,#4197));
#4155 = ORIENTED_EDGE('',*,*,#4156,.T.);
#4156 = EDGE_CURVE('',#4157,#3732,#4159,.T.);
#4157 = VERTEX_POINT('',#4158);
#4158 = CARTESIAN_POINT('',(2.351,-0.205000008168,0.57));
#4159 = LINE('',#4160,#4161);
#4160 = CARTESIAN_POINT('',(2.351,-0.205000008168,0.57));
#4161 = VECTOR('',#4162,1.);
#4162 = DIRECTION('',(1.,5.4024966511E-09,0.));
#4163 = ORIENTED_EDGE('',*,*,#3731,.T.);
#4164 = ORIENTED_EDGE('',*,*,#4037,.F.);
#4165 = ORIENTED_EDGE('',*,*,#4166,.T.);
#4166 = EDGE_CURVE('',#4030,#4167,#4169,.T.);
#4167 = VERTEX_POINT('',#4168);
#4168 = CARTESIAN_POINT('',(2.5635,-3.5E-02,0.57));
#4169 = LINE('',#4170,#4171);
#4170 = CARTESIAN_POINT('',(2.5635,0.994999928906,0.57));
#4171 = VECTOR('',#4172,1.);
#4172 = DIRECTION('',(0.,-1.,0.));
#4173 = ORIENTED_EDGE('',*,*,#4174,.F.);
#4174 = EDGE_CURVE('',#4175,#4167,#4177,.T.);
#4175 = VERTEX_POINT('',#4176);
#4176 = CARTESIAN_POINT('',(2.5335,-0.135,0.57));
#4177 = LINE('',#4178,#4179);
#4178 = CARTESIAN_POINT('',(2.5335,-0.135,0.57));
#4179 = VECTOR('',#4180,1.);
#4180 = DIRECTION('',(0.287347885566,0.957826285221,0.));
#4181 = ORIENTED_EDGE('',*,*,#4182,.T.);
#4182 = EDGE_CURVE('',#4175,#4183,#4185,.T.);
#4183 = VERTEX_POINT('',#4184);
#4184 = CARTESIAN_POINT('',(2.3935,-0.135,0.57));
#4185 = LINE('',#4186,#4187);
#4186 = CARTESIAN_POINT('',(2.5335,-0.135,0.57));
#4187 = VECTOR('',#4188,1.);
#4188 = DIRECTION('',(-1.,0.,0.));
#4189 = ORIENTED_EDGE('',*,*,#4190,.F.);
#4190 = EDGE_CURVE('',#4085,#4183,#4191,.T.);
#4191 = LINE('',#4192,#4193);
#4192 = CARTESIAN_POINT('',(2.3635,-3.5E-02,0.57));
#4193 = VECTOR('',#4194,1.);
#4194 = DIRECTION('',(0.287347885566,-0.957826285221,0.));
#4195 = ORIENTED_EDGE('',*,*,#4084,.F.);
#4196 = ORIENTED_EDGE('',*,*,#4070,.F.);
#4197 = ORIENTED_EDGE('',*,*,#4198,.T.);
#4198 = EDGE_CURVE('',#4063,#4157,#4199,.T.);
#4199 = LINE('',#4200,#4201);
#4200 = CARTESIAN_POINT('',(2.351,0.994999928906,0.57));
#4201 = VECTOR('',#4202,1.);
#4202 = DIRECTION('',(0.,-1.,0.));
#4203 = PLANE('',#4204);
#4204 = AXIS2_PLACEMENT_3D('',#4205,#4206,#4207);
#4205 = CARTESIAN_POINT('',(2.826,-0.605,0.57));
#4206 = DIRECTION('',(0.,0.,1.));
#4207 = DIRECTION('',(-1.,0.,0.));
#4208 = ADVANCED_FACE('',(#4209),#4227,.F.);
#4209 = FACE_BOUND('',#4210,.F.);
#4210 = EDGE_LOOP('',(#4211,#4219,#4225,#4226));
#4211 = ORIENTED_EDGE('',*,*,#4212,.F.);
#4212 = EDGE_CURVE('',#4213,#4157,#4215,.T.);
#4213 = VERTEX_POINT('',#4214);
#4214 = CARTESIAN_POINT('',(2.351,-0.205000040161,0.35000002526));
#4215 = LINE('',#4216,#4217);
#4216 = CARTESIAN_POINT('',(2.351,-0.205000040161,0.35000002526));
#4217 = VECTOR('',#4218,1.);
#4218 = DIRECTION('',(9.083643971586E-14,1.454213845717E-07,1.));
#4219 = ORIENTED_EDGE('',*,*,#4220,.F.);
#4220 = EDGE_CURVE('',#3740,#4213,#4221,.T.);
#4221 = LINE('',#4222,#4223);
#4222 = CARTESIAN_POINT('',(2.876,-0.205000037325,0.35000003377));
#4223 = VECTOR('',#4224,1.);
#4224 = DIRECTION('',(-1.,-5.402496651099E-09,-1.621059265658E-08));
#4225 = ORIENTED_EDGE('',*,*,#3739,.T.);
#4226 = ORIENTED_EDGE('',*,*,#4156,.F.);
#4227 = PLANE('',#4228);
#4228 = AXIS2_PLACEMENT_3D('',#4229,#4230,#4231);
#4229 = CARTESIAN_POINT('',(2.576,-0.205,0.245));
#4230 = DIRECTION('',(0.,-1.,0.));
#4231 = DIRECTION('',(1.,0.,0.));
#4232 = ADVANCED_FACE('',(#4233),#4260,.F.);
#4233 = FACE_BOUND('',#4234,.F.);
#4234 = EDGE_LOOP('',(#4235,#4236,#4242,#4243,#4251,#4257,#4258,#4259));
#4235 = ORIENTED_EDGE('',*,*,#4054,.T.);
#4236 = ORIENTED_EDGE('',*,*,#4237,.T.);
#4237 = EDGE_CURVE('',#4047,#2234,#4238,.T.);
#4238 = LINE('',#4239,#4240);
#4239 = CARTESIAN_POINT('',(2.351,0.994999922981,3.75));
#4240 = VECTOR('',#4241,1.);
#4241 = DIRECTION('',(0.,1.,-5.741759652692E-14));
#4242 = ORIENTED_EDGE('',*,*,#2233,.F.);
#4243 = ORIENTED_EDGE('',*,*,#4244,.F.);
#4244 = EDGE_CURVE('',#4245,#2226,#4247,.T.);
#4245 = VERTEX_POINT('',#4246);
#4246 = CARTESIAN_POINT('',(2.351,-0.221666748424,0.30000000355));
#4247 = LINE('',#4248,#4249);
#4248 = CARTESIAN_POINT('',(2.351,-0.221666748424,0.30000000355));
#4249 = VECTOR('',#4250,1.);
#4250 = DIRECTION('',(0.,1.,-1.610863726449E-09));
#4251 = ORIENTED_EDGE('',*,*,#4252,.F.);
#4252 = EDGE_CURVE('',#4213,#4245,#4253,.T.);
#4253 = LINE('',#4254,#4255);
#4254 = CARTESIAN_POINT('',(2.351,-0.205000040161,0.35000002526));
#4255 = VECTOR('',#4256,1.);
#4256 = DIRECTION('',(-5.055596958061E-14,-0.316228352804,
    -0.948683102455));
#4257 = ORIENTED_EDGE('',*,*,#4212,.T.);
#4258 = ORIENTED_EDGE('',*,*,#4198,.F.);
#4259 = ORIENTED_EDGE('',*,*,#4062,.F.);
#4260 = PLANE('',#4261);
#4261 = AXIS2_PLACEMENT_3D('',#4262,#4263,#4264);
#4262 = CARTESIAN_POINT('',(2.351,-5.000106641E-03,1.74));
#4263 = DIRECTION('',(-1.,0.,0.));
#4264 = DIRECTION('',(0.,0.,1.));
#4265 = ADVANCED_FACE('',(#4266),#4272,.F.);
#4266 = FACE_BOUND('',#4267,.F.);
#4267 = EDGE_LOOP('',(#4268,#4269,#4270,#4271));
#4268 = ORIENTED_EDGE('',*,*,#4046,.T.);
#4269 = ORIENTED_EDGE('',*,*,#2113,.T.);
#4270 = ORIENTED_EDGE('',*,*,#2241,.T.);
#4271 = ORIENTED_EDGE('',*,*,#4237,.F.);
#4272 = PLANE('',#4273);
#4273 = AXIS2_PLACEMENT_3D('',#4274,#4275,#4276);
#4274 = CARTESIAN_POINT('',(2.301,1.489999893359,3.8));
#4275 = DIRECTION('',(-0.707106781187,0.,-0.707106781187));
#4276 = DIRECTION('',(0.707106781187,0.,-0.707106781187));
#4277 = ADVANCED_FACE('',(#4278),#4289,.T.);
#4278 = FACE_BOUND('',#4279,.F.);
#4279 = EDGE_LOOP('',(#4280,#4281,#4282,#4288));
#4280 = ORIENTED_EDGE('',*,*,#2225,.F.);
#4281 = ORIENTED_EDGE('',*,*,#2409,.F.);
#4282 = ORIENTED_EDGE('',*,*,#4283,.F.);
#4283 = EDGE_CURVE('',#4245,#2402,#4284,.T.);
#4284 = LINE('',#4285,#4286);
#4285 = CARTESIAN_POINT('',(2.351,-0.221666748424,0.30000000355));
#4286 = VECTOR('',#4287,1.);
#4287 = DIRECTION('',(-0.68824716942,-0.229415853625,-0.688247193885));
#4288 = ORIENTED_EDGE('',*,*,#4244,.T.);
#4289 = PLANE('',#4290);
#4290 = AXIS2_PLACEMENT_3D('',#4291,#4292,#4293);
#4291 = CARTESIAN_POINT('',(2.301,0.864999893359,0.25));
#4292 = DIRECTION('',(0.707106781187,0.,-0.707106781187));
#4293 = DIRECTION('',(0.707106781187,0.,0.707106781187));
#4294 = ADVANCED_FACE('',(#4295),#4302,.T.);
#4295 = FACE_BOUND('',#4296,.F.);
#4296 = EDGE_LOOP('',(#4297,#4298,#4299,#4300,#4301));
#4297 = ORIENTED_EDGE('',*,*,#4283,.T.);
#4298 = ORIENTED_EDGE('',*,*,#2401,.F.);
#4299 = ORIENTED_EDGE('',*,*,#3747,.T.);
#4300 = ORIENTED_EDGE('',*,*,#4220,.T.);
#4301 = ORIENTED_EDGE('',*,*,#4252,.T.);
#4302 = PLANE('',#4303);
#4303 = AXIS2_PLACEMENT_3D('',#4304,#4305,#4306);
#4304 = CARTESIAN_POINT('',(2.551,-0.230000106641,0.275));
#4305 = DIRECTION('',(0.,0.948683298051,-0.316227766017));
#4306 = DIRECTION('',(0.,0.316227766017,0.948683298051));
#4307 = ADVANCED_FACE('',(#4308),#4367,.T.);
#4308 = FACE_BOUND('',#4309,.F.);
#4309 = EDGE_LOOP('',(#4310,#4320,#4328,#4337,#4345,#4353,#4359,#4360,
    #4361));
#4310 = ORIENTED_EDGE('',*,*,#4311,.T.);
#4311 = EDGE_CURVE('',#4312,#4314,#4316,.T.);
#4312 = VERTEX_POINT('',#4313);
#4313 = CARTESIAN_POINT('',(2.5635,2.065,3.74999999989));
#4314 = VERTEX_POINT('',#4315);
#4315 = CARTESIAN_POINT('',(2.5635,2.065,0.29999999989));
#4316 = LINE('',#4317,#4318);
#4317 = CARTESIAN_POINT('',(2.5635,2.065,3.74999999989));
#4318 = VECTOR('',#4319,1.);
#4319 = DIRECTION('',(0.,0.,-1.));
#4320 = ORIENTED_EDGE('',*,*,#4321,.T.);
#4321 = EDGE_CURVE('',#4314,#4322,#4324,.T.);
#4322 = VERTEX_POINT('',#4323);
#4323 = CARTESIAN_POINT('',(2.5635,1.465,0.29999999989));
#4324 = LINE('',#4325,#4326);
#4325 = CARTESIAN_POINT('',(2.5635,2.065,0.29999999989));
#4326 = VECTOR('',#4327,1.);
#4327 = DIRECTION('',(0.,-1.,0.));
#4328 = ORIENTED_EDGE('',*,*,#4329,.F.);
#4329 = EDGE_CURVE('',#4330,#4322,#4332,.T.);
#4330 = VERTEX_POINT('',#4331);
#4331 = CARTESIAN_POINT('',(2.5635,1.365,0.19999999989));
#4332 = CIRCLE('',#4333,0.1);
#4333 = AXIS2_PLACEMENT_3D('',#4334,#4335,#4336);
#4334 = CARTESIAN_POINT('',(2.5635,1.465,0.19999999989));
#4335 = DIRECTION('',(-1.,0.,0.));
#4336 = DIRECTION('',(-0.,-1.,-2.13162820728E-13));
#4337 = ORIENTED_EDGE('',*,*,#4338,.T.);
#4338 = EDGE_CURVE('',#4330,#4339,#4341,.T.);
#4339 = VERTEX_POINT('',#4340);
#4340 = CARTESIAN_POINT('',(2.5635,1.365,0.14999999989));
#4341 = LINE('',#4342,#4343);
#4342 = CARTESIAN_POINT('',(2.5635,1.365,0.19999999989));
#4343 = VECTOR('',#4344,1.);
#4344 = DIRECTION('',(-1.776356839401E-14,0.,-1.));
#4345 = ORIENTED_EDGE('',*,*,#4346,.T.);
#4346 = EDGE_CURVE('',#4339,#4347,#4349,.T.);
#4347 = VERTEX_POINT('',#4348);
#4348 = CARTESIAN_POINT('',(2.5635,-3.4999999999E-02,0.14999999989));
#4349 = LINE('',#4350,#4351);
#4350 = CARTESIAN_POINT('',(2.5635,1.365,0.14999999989));
#4351 = VECTOR('',#4352,1.);
#4352 = DIRECTION('',(0.,-1.,-9.592326932766E-13));
#4353 = ORIENTED_EDGE('',*,*,#4354,.T.);
#4354 = EDGE_CURVE('',#4347,#4167,#4355,.T.);
#4355 = LINE('',#4356,#4357);
#4356 = CARTESIAN_POINT('',(2.5635,-3.4999999999E-02,0.14999999989));
#4357 = VECTOR('',#4358,1.);
#4358 = DIRECTION('',(0.,-1.579688760334E-12,1.));
#4359 = ORIENTED_EDGE('',*,*,#4166,.F.);
#4360 = ORIENTED_EDGE('',*,*,#4029,.F.);
#4361 = ORIENTED_EDGE('',*,*,#4362,.F.);
#4362 = EDGE_CURVE('',#4312,#4022,#4363,.T.);
#4363 = LINE('',#4364,#4365);
#4364 = CARTESIAN_POINT('',(2.5635,2.065,3.74999999989));
#4365 = VECTOR('',#4366,1.);
#4366 = DIRECTION('',(0.,-1.,0.));
#4367 = PLANE('',#4368);
#4368 = AXIS2_PLACEMENT_3D('',#4369,#4370,#4371);
#4369 = CARTESIAN_POINT('',(2.5635,-0.455,2.46999999989));
#4370 = DIRECTION('',(1.,0.,0.));
#4371 = DIRECTION('',(0.,1.,0.));
#4372 = ADVANCED_FACE('',(#4373),#4389,.F.);
#4373 = FACE_BOUND('',#4374,.F.);
#4374 = EDGE_LOOP('',(#4375,#4381,#4382,#4388));
#4375 = ORIENTED_EDGE('',*,*,#4376,.T.);
#4376 = EDGE_CURVE('',#4312,#4134,#4377,.T.);
#4377 = LINE('',#4378,#4379);
#4378 = CARTESIAN_POINT('',(2.5635,2.065,3.74999999989));
#4379 = VECTOR('',#4380,1.);
#4380 = DIRECTION('',(-1.,0.,0.));
#4381 = ORIENTED_EDGE('',*,*,#4133,.T.);
#4382 = ORIENTED_EDGE('',*,*,#4383,.T.);
#4383 = EDGE_CURVE('',#4126,#4314,#4384,.T.);
#4384 = LINE('',#4385,#4386);
#4385 = CARTESIAN_POINT('',(2.3635,2.065,0.29999999989));
#4386 = VECTOR('',#4387,1.);
#4387 = DIRECTION('',(1.,0.,0.));
#4388 = ORIENTED_EDGE('',*,*,#4311,.F.);
#4389 = PLANE('',#4390);
#4390 = AXIS2_PLACEMENT_3D('',#4391,#4392,#4393);
#4391 = CARTESIAN_POINT('',(2.3635,2.065,-2.08349464882));
#4392 = DIRECTION('',(0.,-1.,0.));
#4393 = DIRECTION('',(0.,0.,-1.));
#4394 = ADVANCED_FACE('',(#4395),#4401,.T.);
#4395 = FACE_BOUND('',#4396,.F.);
#4396 = EDGE_LOOP('',(#4397,#4398,#4399,#4400));
#4397 = ORIENTED_EDGE('',*,*,#4362,.T.);
#4398 = ORIENTED_EDGE('',*,*,#4021,.T.);
#4399 = ORIENTED_EDGE('',*,*,#4141,.F.);
#4400 = ORIENTED_EDGE('',*,*,#4376,.F.);
#4401 = PLANE('',#4402);
#4402 = AXIS2_PLACEMENT_3D('',#4403,#4404,#4405);
#4403 = CARTESIAN_POINT('',(2.5635,3.145,3.74999999989));
#4404 = DIRECTION('',(0.,0.,1.));
#4405 = DIRECTION('',(0.,-1.,0.));
#4406 = ADVANCED_FACE('',(#4407),#4418,.F.);
#4407 = FACE_BOUND('',#4408,.F.);
#4408 = EDGE_LOOP('',(#4409,#4410,#4416,#4417));
#4409 = ORIENTED_EDGE('',*,*,#4125,.F.);
#4410 = ORIENTED_EDGE('',*,*,#4411,.T.);
#4411 = EDGE_CURVE('',#4117,#4322,#4412,.T.);
#4412 = LINE('',#4413,#4414);
#4413 = CARTESIAN_POINT('',(2.3635,1.465,0.29999999989));
#4414 = VECTOR('',#4415,1.);
#4415 = DIRECTION('',(1.,0.,0.));
#4416 = ORIENTED_EDGE('',*,*,#4321,.F.);
#4417 = ORIENTED_EDGE('',*,*,#4383,.F.);
#4418 = PLANE('',#4419);
#4419 = AXIS2_PLACEMENT_3D('',#4420,#4421,#4422);
#4420 = CARTESIAN_POINT('',(2.3434976,-7.5E-02,0.29999999989));
#4421 = DIRECTION('',(0.,0.,1.));
#4422 = DIRECTION('',(0.,1.,0.));
#4423 = ADVANCED_FACE('',(#4424),#4435,.F.);
#4424 = FACE_BOUND('',#4425,.F.);
#4425 = EDGE_LOOP('',(#4426,#4427,#4428,#4429));
#4426 = ORIENTED_EDGE('',*,*,#4329,.T.);
#4427 = ORIENTED_EDGE('',*,*,#4411,.F.);
#4428 = ORIENTED_EDGE('',*,*,#4116,.T.);
#4429 = ORIENTED_EDGE('',*,*,#4430,.F.);
#4430 = EDGE_CURVE('',#4330,#4109,#4431,.T.);
#4431 = LINE('',#4432,#4433);
#4432 = CARTESIAN_POINT('',(2.5635,1.365,0.19999999989));
#4433 = VECTOR('',#4434,1.);
#4434 = DIRECTION('',(-1.,0.,7.105427357601E-14));
#4435 = CYLINDRICAL_SURFACE('',#4436,0.1);
#4436 = AXIS2_PLACEMENT_3D('',#4437,#4438,#4439);
#4437 = CARTESIAN_POINT('',(2.5635,1.465,0.19999999989));
#4438 = DIRECTION('',(1.,0.,0.));
#4439 = DIRECTION('',(0.,1.,0.));
#4440 = ADVANCED_FACE('',(#4441),#4452,.F.);
#4441 = FACE_BOUND('',#4442,.F.);
#4442 = EDGE_LOOP('',(#4443,#4444,#4450,#4451));
#4443 = ORIENTED_EDGE('',*,*,#4108,.T.);
#4444 = ORIENTED_EDGE('',*,*,#4445,.F.);
#4445 = EDGE_CURVE('',#4339,#4101,#4446,.T.);
#4446 = LINE('',#4447,#4448);
#4447 = CARTESIAN_POINT('',(2.5635,1.365,0.14999999989));
#4448 = VECTOR('',#4449,1.);
#4449 = DIRECTION('',(-1.,0.,3.552713678801E-14));
#4450 = ORIENTED_EDGE('',*,*,#4338,.F.);
#4451 = ORIENTED_EDGE('',*,*,#4430,.T.);
#4452 = PLANE('',#4453);
#4453 = AXIS2_PLACEMENT_3D('',#4454,#4455,#4456);
#4454 = CARTESIAN_POINT('',(2.6315024,1.365,0.46999999989));
#4455 = DIRECTION('',(0.,-1.,0.));
#4456 = DIRECTION('',(0.,0.,-1.));
#4457 = ADVANCED_FACE('',(#4458),#4483,.F.);
#4458 = FACE_BOUND('',#4459,.F.);
#4459 = EDGE_LOOP('',(#4460,#4468,#4469,#4477));
#4460 = ORIENTED_EDGE('',*,*,#4461,.F.);
#4461 = EDGE_CURVE('',#4339,#4462,#4464,.T.);
#4462 = VERTEX_POINT('',#4463);
#4463 = CARTESIAN_POINT('',(2.5335,1.165,-5.000000011E-02));
#4464 = LINE('',#4465,#4466);
#4465 = CARTESIAN_POINT('',(2.5635,1.365,0.14999999989));
#4466 = VECTOR('',#4467,1.);
#4467 = DIRECTION('',(-0.10547438309,-0.703162553935,-0.703162553935));
#4468 = ORIENTED_EDGE('',*,*,#4445,.T.);
#4469 = ORIENTED_EDGE('',*,*,#4470,.T.);
#4470 = EDGE_CURVE('',#4101,#4471,#4473,.T.);
#4471 = VERTEX_POINT('',#4472);
#4472 = CARTESIAN_POINT('',(2.3935,1.165,-5.000000011E-02));
#4473 = LINE('',#4474,#4475);
#4474 = CARTESIAN_POINT('',(2.3635,1.365,0.14999999989));
#4475 = VECTOR('',#4476,1.);
#4476 = DIRECTION('',(0.10547438309,-0.703162553935,-0.703162553935));
#4477 = ORIENTED_EDGE('',*,*,#4478,.F.);
#4478 = EDGE_CURVE('',#4462,#4471,#4479,.T.);
#4479 = LINE('',#4480,#4481);
#4480 = CARTESIAN_POINT('',(2.5335,1.165,-5.000000011E-02));
#4481 = VECTOR('',#4482,1.);
#4482 = DIRECTION('',(-1.,0.,0.));
#4483 = PLANE('',#4484);
#4484 = AXIS2_PLACEMENT_3D('',#4485,#4486,#4487);
#4485 = CARTESIAN_POINT('',(2.4635,1.265,4.999999989E-02));
#4486 = DIRECTION('',(0.,-0.707106781187,0.707106781187));
#4487 = DIRECTION('',(0.,-0.707106781187,-0.707106781187));
#4488 = ADVANCED_FACE('',(#4489),#4515,.T.);
#4489 = FACE_BOUND('',#4490,.F.);
#4490 = EDGE_LOOP('',(#4491,#4492,#4500,#4508,#4514));
#4491 = ORIENTED_EDGE('',*,*,#4461,.T.);
#4492 = ORIENTED_EDGE('',*,*,#4493,.T.);
#4493 = EDGE_CURVE('',#4462,#4494,#4496,.T.);
#4494 = VERTEX_POINT('',#4495);
#4495 = CARTESIAN_POINT('',(2.5335,6.4999999999E-02,-5.000000011E-02));
#4496 = LINE('',#4497,#4498);
#4497 = CARTESIAN_POINT('',(2.5335,1.165,-5.000000011E-02));
#4498 = VECTOR('',#4499,1.);
#4499 = DIRECTION('',(8.397323240794E-14,-1.,0.));
#4500 = ORIENTED_EDGE('',*,*,#4501,.F.);
#4501 = EDGE_CURVE('',#4502,#4494,#4504,.T.);
#4502 = VERTEX_POINT('',#4503);
#4503 = CARTESIAN_POINT('',(2.5535,-6.8333333333E-02,8.333333322E-02));
#4504 = LINE('',#4505,#4506);
#4505 = CARTESIAN_POINT('',(2.5535,-6.8333333333E-02,8.333333322E-02));
#4506 = VECTOR('',#4507,1.);
#4507 = DIRECTION('',(-0.105474383091,0.703162553937,-0.703162553932));
#4508 = ORIENTED_EDGE('',*,*,#4509,.T.);
#4509 = EDGE_CURVE('',#4502,#4347,#4510,.T.);
#4510 = LINE('',#4511,#4512);
#4511 = CARTESIAN_POINT('',(2.5535,-6.8333333333E-02,8.333333322E-02));
#4512 = VECTOR('',#4513,1.);
#4513 = DIRECTION('',(0.132972662153,0.443242207168,0.886484414361));
#4514 = ORIENTED_EDGE('',*,*,#4346,.F.);
#4515 = PLANE('',#4516);
#4516 = AXIS2_PLACEMENT_3D('',#4517,#4518,#4519);
#4517 = CARTESIAN_POINT('',(2.5485,0.795,4.999999989E-02));
#4518 = DIRECTION('',(0.988936352868,0.,-0.14834045293));
#4519 = DIRECTION('',(-0.14834045293,0.,-0.988936352868));
#4520 = ADVANCED_FACE('',(#4521),#4539,.T.);
#4521 = FACE_BOUND('',#4522,.F.);
#4522 = EDGE_LOOP('',(#4523,#4531,#4537,#4538));
#4523 = ORIENTED_EDGE('',*,*,#4524,.T.);
#4524 = EDGE_CURVE('',#4471,#4525,#4527,.T.);
#4525 = VERTEX_POINT('',#4526);
#4526 = CARTESIAN_POINT('',(2.3935,6.4999999999E-02,-5.000000011E-02));
#4527 = LINE('',#4528,#4529);
#4528 = CARTESIAN_POINT('',(2.3935,1.165,-5.000000011E-02));
#4529 = VECTOR('',#4530,1.);
#4530 = DIRECTION('',(-8.397323240794E-14,-1.,0.));
#4531 = ORIENTED_EDGE('',*,*,#4532,.T.);
#4532 = EDGE_CURVE('',#4525,#4494,#4533,.T.);
#4533 = LINE('',#4534,#4535);
#4534 = CARTESIAN_POINT('',(2.3935,6.4999999999E-02,-5.000000011E-02));
#4535 = VECTOR('',#4536,1.);
#4536 = DIRECTION('',(1.,0.,0.));
#4537 = ORIENTED_EDGE('',*,*,#4493,.F.);
#4538 = ORIENTED_EDGE('',*,*,#4478,.T.);
#4539 = PLANE('',#4540);
#4540 = AXIS2_PLACEMENT_3D('',#4541,#4542,#4543);
#4541 = CARTESIAN_POINT('',(2.5635,-0.105,-5.000000011E-02));
#4542 = DIRECTION('',(0.,0.,-1.));
#4543 = DIRECTION('',(0.,1.,0.));
#4544 = ADVANCED_FACE('',(#4545),#4564,.F.);
#4545 = FACE_BOUND('',#4546,.F.);
#4546 = EDGE_LOOP('',(#4547,#4555,#4556,#4557,#4558));
#4547 = ORIENTED_EDGE('',*,*,#4548,.T.);
#4548 = EDGE_CURVE('',#4549,#4525,#4551,.T.);
#4549 = VERTEX_POINT('',#4550);
#4550 = CARTESIAN_POINT('',(2.3735,-6.8333333333E-02,8.333333322E-02));
#4551 = LINE('',#4552,#4553);
#4552 = CARTESIAN_POINT('',(2.3735,-6.8333333333E-02,8.333333322E-02));
#4553 = VECTOR('',#4554,1.);
#4554 = DIRECTION('',(0.10547438309,0.703162553937,-0.703162553932));
#4555 = ORIENTED_EDGE('',*,*,#4524,.F.);
#4556 = ORIENTED_EDGE('',*,*,#4470,.F.);
#4557 = ORIENTED_EDGE('',*,*,#4100,.T.);
#4558 = ORIENTED_EDGE('',*,*,#4559,.T.);
#4559 = EDGE_CURVE('',#4093,#4549,#4560,.T.);
#4560 = LINE('',#4561,#4562);
#4561 = CARTESIAN_POINT('',(2.3635,-3.5E-02,0.14999999989));
#4562 = VECTOR('',#4563,1.);
#4563 = DIRECTION('',(0.132972662153,-0.443242207168,-0.886484414361));
#4564 = PLANE('',#4565);
#4565 = AXIS2_PLACEMENT_3D('',#4566,#4567,#4568);
#4566 = CARTESIAN_POINT('',(2.3785,0.795,4.999999989E-02));
#4567 = DIRECTION('',(0.988936352868,0.,0.14834045293));
#4568 = DIRECTION('',(0.14834045293,0.,-0.988936352868));
#4569 = ADVANCED_FACE('',(#4570),#4597,.T.);
#4570 = FACE_BOUND('',#4571,.F.);
#4571 = EDGE_LOOP('',(#4572,#4573,#4574,#4575,#4583,#4591));
#4572 = ORIENTED_EDGE('',*,*,#4501,.T.);
#4573 = ORIENTED_EDGE('',*,*,#4532,.F.);
#4574 = ORIENTED_EDGE('',*,*,#4548,.F.);
#4575 = ORIENTED_EDGE('',*,*,#4576,.T.);
#4576 = EDGE_CURVE('',#4549,#4577,#4579,.T.);
#4577 = VERTEX_POINT('',#4578);
#4578 = CARTESIAN_POINT('',(2.3935,-0.135,0.14999999989));
#4579 = LINE('',#4580,#4581);
#4580 = CARTESIAN_POINT('',(2.3735,-6.8333333333E-02,8.333333322E-02));
#4581 = VECTOR('',#4582,1.);
#4582 = DIRECTION('',(0.207514339158,-0.691714463861,0.691714463871));
#4583 = ORIENTED_EDGE('',*,*,#4584,.T.);
#4584 = EDGE_CURVE('',#4577,#4585,#4587,.T.);
#4585 = VERTEX_POINT('',#4586);
#4586 = CARTESIAN_POINT('',(2.5335,-0.135,0.14999999989));
#4587 = LINE('',#4588,#4589);
#4588 = CARTESIAN_POINT('',(2.3935,-0.135,0.14999999989));
#4589 = VECTOR('',#4590,1.);
#4590 = DIRECTION('',(1.,0.,0.));
#4591 = ORIENTED_EDGE('',*,*,#4592,.F.);
#4592 = EDGE_CURVE('',#4502,#4585,#4593,.T.);
#4593 = LINE('',#4594,#4595);
#4594 = CARTESIAN_POINT('',(2.5535,-6.8333333333E-02,8.333333322E-02));
#4595 = VECTOR('',#4596,1.);
#4596 = DIRECTION('',(-0.207514339156,-0.691714463862,0.691714463872));
#4597 = PLANE('',#4598);
#4598 = AXIS2_PLACEMENT_3D('',#4599,#4600,#4601);
#4599 = CARTESIAN_POINT('',(2.4635,-3.5E-02,4.999999989E-02));
#4600 = DIRECTION('',(0.,-0.707106781187,-0.707106781187));
#4601 = DIRECTION('',(0.,-0.707106781187,0.707106781187));
#4602 = ADVANCED_FACE('',(#4603),#4615,.T.);
#4603 = FACE_BOUND('',#4604,.F.);
#4604 = EDGE_LOOP('',(#4605,#4606,#4612,#4613,#4614));
#4605 = ORIENTED_EDGE('',*,*,#4190,.T.);
#4606 = ORIENTED_EDGE('',*,*,#4607,.F.);
#4607 = EDGE_CURVE('',#4577,#4183,#4608,.T.);
#4608 = LINE('',#4609,#4610);
#4609 = CARTESIAN_POINT('',(2.3935,-0.135,0.14999999989));
#4610 = VECTOR('',#4611,1.);
#4611 = DIRECTION('',(-4.377450781651E-13,0.,1.));
#4612 = ORIENTED_EDGE('',*,*,#4576,.F.);
#4613 = ORIENTED_EDGE('',*,*,#4559,.F.);
#4614 = ORIENTED_EDGE('',*,*,#4092,.T.);
#4615 = PLANE('',#4616);
#4616 = AXIS2_PLACEMENT_3D('',#4617,#4618,#4619);
#4617 = CARTESIAN_POINT('',(2.3785,-8.5E-02,0.45999999989));
#4618 = DIRECTION('',(-0.957826285221,-0.287347885566,0.));
#4619 = DIRECTION('',(0.287347885566,-0.957826285221,0.));
#4620 = ADVANCED_FACE('',(#4621),#4632,.T.);
#4621 = FACE_BOUND('',#4622,.F.);
#4622 = EDGE_LOOP('',(#4623,#4624,#4630,#4631));
#4623 = ORIENTED_EDGE('',*,*,#4182,.F.);
#4624 = ORIENTED_EDGE('',*,*,#4625,.F.);
#4625 = EDGE_CURVE('',#4585,#4175,#4626,.T.);
#4626 = LINE('',#4627,#4628);
#4627 = CARTESIAN_POINT('',(2.5335,-0.135,0.14999999989));
#4628 = VECTOR('',#4629,1.);
#4629 = DIRECTION('',(4.398597886876E-13,0.,1.));
#4630 = ORIENTED_EDGE('',*,*,#4584,.F.);
#4631 = ORIENTED_EDGE('',*,*,#4607,.T.);
#4632 = PLANE('',#4633);
#4633 = AXIS2_PLACEMENT_3D('',#4634,#4635,#4636);
#4634 = CARTESIAN_POINT('',(2.5635,-0.135,2.11999999989));
#4635 = DIRECTION('',(0.,-1.,0.));
#4636 = DIRECTION('',(0.,0.,-1.));
#4637 = ADVANCED_FACE('',(#4638),#4645,.F.);
#4638 = FACE_BOUND('',#4639,.F.);
#4639 = EDGE_LOOP('',(#4640,#4641,#4642,#4643,#4644));
#4640 = ORIENTED_EDGE('',*,*,#4354,.F.);
#4641 = ORIENTED_EDGE('',*,*,#4509,.F.);
#4642 = ORIENTED_EDGE('',*,*,#4592,.T.);
#4643 = ORIENTED_EDGE('',*,*,#4625,.T.);
#4644 = ORIENTED_EDGE('',*,*,#4174,.T.);
#4645 = PLANE('',#4646);
#4646 = AXIS2_PLACEMENT_3D('',#4647,#4648,#4649);
#4647 = CARTESIAN_POINT('',(2.5485,-8.5E-02,0.45999999989));
#4648 = DIRECTION('',(-0.957826285221,0.287347885566,0.));
#4649 = DIRECTION('',(-0.287347885566,-0.957826285221,0.));
#4650 = ADVANCED_FACE('',(#4651),#4676,.F.);
#4651 = FACE_BOUND('',#4652,.F.);
#4652 = EDGE_LOOP('',(#4653,#4661,#4662,#4670));
#4653 = ORIENTED_EDGE('',*,*,#4654,.T.);
#4654 = EDGE_CURVE('',#4655,#3926,#4657,.T.);
#4655 = VERTEX_POINT('',#4656);
#4656 = CARTESIAN_POINT('',(2.5335,-1.055,1.91999999989));
#4657 = LINE('',#4658,#4659);
#4658 = CARTESIAN_POINT('',(2.5335,-1.055,1.91999999989));
#4659 = VECTOR('',#4660,1.);
#4660 = DIRECTION('',(0.105474401764,0.703162386815,-0.703162718253));
#4661 = ORIENTED_EDGE('',*,*,#3923,.F.);
#4662 = ORIENTED_EDGE('',*,*,#4663,.T.);
#4663 = EDGE_CURVE('',#3924,#4664,#4666,.T.);
#4664 = VERTEX_POINT('',#4665);
#4665 = CARTESIAN_POINT('',(2.3935,-1.055,1.91999999989));
#4666 = LINE('',#4667,#4668);
#4667 = CARTESIAN_POINT('',(2.378500001738,-0.95500005306,1.82000000581)
  );
#4668 = VECTOR('',#4669,1.);
#4669 = DIRECTION('',(0.105474401764,-0.703162386815,0.703162718253));
#4670 = ORIENTED_EDGE('',*,*,#4671,.F.);
#4671 = EDGE_CURVE('',#4655,#4664,#4672,.T.);
#4672 = LINE('',#4673,#4674);
#4673 = CARTESIAN_POINT('',(2.5335,-1.055,1.91999999989));
#4674 = VECTOR('',#4675,1.);
#4675 = DIRECTION('',(-1.,0.,1.015061051086E-13));
#4676 = PLANE('',#4677);
#4677 = AXIS2_PLACEMENT_3D('',#4678,#4679,#4680);
#4678 = CARTESIAN_POINT('',(2.4635,-0.955,1.81999999989));
#4679 = DIRECTION('',(0.,0.707106781187,0.707106781187));
#4680 = DIRECTION('',(0.,-0.707106781187,0.707106781187));
#4681 = ADVANCED_FACE('',(#4682),#4700,.T.);
#4682 = FACE_BOUND('',#4683,.F.);
#4683 = EDGE_LOOP('',(#4684,#4685,#4693,#4699));
#4684 = ORIENTED_EDGE('',*,*,#4654,.F.);
#4685 = ORIENTED_EDGE('',*,*,#4686,.F.);
#4686 = EDGE_CURVE('',#4687,#4655,#4689,.T.);
#4687 = VERTEX_POINT('',#4688);
#4688 = CARTESIAN_POINT('',(2.5335,-1.055,3.01999999989));
#4689 = LINE('',#4690,#4691);
#4690 = CARTESIAN_POINT('',(2.5335,-1.055,3.01999999989));
#4691 = VECTOR('',#4692,1.);
#4692 = DIRECTION('',(0.,0.,-1.));
#4693 = ORIENTED_EDGE('',*,*,#4694,.T.);
#4694 = EDGE_CURVE('',#4687,#3934,#4695,.T.);
#4695 = LINE('',#4696,#4697);
#4696 = CARTESIAN_POINT('',(2.5335,-1.055,3.01999999989));
#4697 = VECTOR('',#4698,1.);
#4698 = DIRECTION('',(0.105474401764,0.703162386815,0.703162718253));
#4699 = ORIENTED_EDGE('',*,*,#3933,.T.);
#4700 = PLANE('',#4701);
#4701 = AXIS2_PLACEMENT_3D('',#4702,#4703,#4704);
#4702 = CARTESIAN_POINT('',(2.5485,-0.955,2.46999999989));
#4703 = DIRECTION('',(0.988936352868,-0.14834045293,0.));
#4704 = DIRECTION('',(0.14834045293,0.988936352868,0.));
#4705 = ADVANCED_FACE('',(#4706),#4724,.T.);
#4706 = FACE_BOUND('',#4707,.F.);
#4707 = EDGE_LOOP('',(#4708,#4716,#4717,#4718));
#4708 = ORIENTED_EDGE('',*,*,#4709,.F.);
#4709 = EDGE_CURVE('',#4687,#4710,#4712,.T.);
#4710 = VERTEX_POINT('',#4711);
#4711 = CARTESIAN_POINT('',(2.3935,-1.055,3.01999999989));
#4712 = LINE('',#4713,#4714);
#4713 = CARTESIAN_POINT('',(2.5335,-1.055,3.01999999989));
#4714 = VECTOR('',#4715,1.);
#4715 = DIRECTION('',(-1.,0.,0.));
#4716 = ORIENTED_EDGE('',*,*,#4686,.T.);
#4717 = ORIENTED_EDGE('',*,*,#4671,.T.);
#4718 = ORIENTED_EDGE('',*,*,#4719,.T.);
#4719 = EDGE_CURVE('',#4664,#4710,#4720,.T.);
#4720 = LINE('',#4721,#4722);
#4721 = CARTESIAN_POINT('',(2.3935,-1.055,1.91999999989));
#4722 = VECTOR('',#4723,1.);
#4723 = DIRECTION('',(0.,0.,1.));
#4724 = PLANE('',#4725);
#4725 = AXIS2_PLACEMENT_3D('',#4726,#4727,#4728);
#4726 = CARTESIAN_POINT('',(2.5635,-1.055,3.41999999989));
#4727 = DIRECTION('',(0.,-1.,0.));
#4728 = DIRECTION('',(0.,0.,-1.));
#4729 = ADVANCED_FACE('',(#4730),#4741,.T.);
#4730 = FACE_BOUND('',#4731,.F.);
#4731 = EDGE_LOOP('',(#4732,#4738,#4739,#4740));
#4732 = ORIENTED_EDGE('',*,*,#4733,.T.);
#4733 = EDGE_CURVE('',#4710,#3942,#4734,.T.);
#4734 = LINE('',#4735,#4736);
#4735 = CARTESIAN_POINT('',(2.3935,-1.055,3.01999999989));
#4736 = VECTOR('',#4737,1.);
#4737 = DIRECTION('',(-0.105474401764,0.703162386815,0.703162718253));
#4738 = ORIENTED_EDGE('',*,*,#3941,.T.);
#4739 = ORIENTED_EDGE('',*,*,#4694,.F.);
#4740 = ORIENTED_EDGE('',*,*,#4709,.T.);
#4741 = PLANE('',#4742);
#4742 = AXIS2_PLACEMENT_3D('',#4743,#4744,#4745);
#4743 = CARTESIAN_POINT('',(2.4635,-0.955,3.11999999989));
#4744 = DIRECTION('',(0.,-0.707106781187,0.707106781187));
#4745 = DIRECTION('',(0.,-0.707106781187,-0.707106781187));
#4746 = ADVANCED_FACE('',(#4747),#4753,.F.);
#4747 = FACE_BOUND('',#4748,.F.);
#4748 = EDGE_LOOP('',(#4749,#4750,#4751,#4752));
#4749 = ORIENTED_EDGE('',*,*,#4663,.F.);
#4750 = ORIENTED_EDGE('',*,*,#3949,.F.);
#4751 = ORIENTED_EDGE('',*,*,#4733,.F.);
#4752 = ORIENTED_EDGE('',*,*,#4719,.F.);
#4753 = PLANE('',#4754);
#4754 = AXIS2_PLACEMENT_3D('',#4755,#4756,#4757);
#4755 = CARTESIAN_POINT('',(2.3785,-0.955,2.46999999989));
#4756 = DIRECTION('',(0.988936352868,0.14834045293,0.));
#4757 = DIRECTION('',(0.14834045293,-0.988936352868,0.));
#4758 = ADVANCED_FACE('',(#4759),#4784,.F.);
#4759 = FACE_BOUND('',#4760,.F.);
#4760 = EDGE_LOOP('',(#4761,#4771,#4777,#4778));
#4761 = ORIENTED_EDGE('',*,*,#4762,.F.);
#4762 = EDGE_CURVE('',#4763,#4765,#4767,.T.);
#4763 = VERTEX_POINT('',#4764);
#4764 = CARTESIAN_POINT('',(0.965999929575,-1.505000076841,0.56000010664
    ));
#4765 = VERTEX_POINT('',#4766);
#4766 = CARTESIAN_POINT('',(0.96599994794,-1.505000089437,0.30000001104)
  );
#4767 = LINE('',#4768,#4769);
#4768 = CARTESIAN_POINT('',(0.965999929575,-1.505000076841,0.56000010664
    ));
#4769 = VECTOR('',#4770,1.);
#4770 = DIRECTION('',(7.063828119535E-08,-4.844428033244E-08,-1.));
#4771 = ORIENTED_EDGE('',*,*,#4772,.T.);
#4772 = EDGE_CURVE('',#4763,#3389,#4773,.T.);
#4773 = LINE('',#4774,#4775);
#4774 = CARTESIAN_POINT('',(0.965999929575,-1.505000076841,0.56000010664
    ));
#4775 = VECTOR('',#4776,1.);
#4776 = DIRECTION('',(0.707106812216,-0.707106750157,0.));
#4777 = ORIENTED_EDGE('',*,*,#3388,.T.);
#4778 = ORIENTED_EDGE('',*,*,#4779,.T.);
#4779 = EDGE_CURVE('',#2362,#4765,#4780,.T.);
#4780 = LINE('',#4781,#4782);
#4781 = CARTESIAN_POINT('',(1.065999961532,-1.605000089923,0.20000001657
    ));
#4782 = VECTOR('',#4783,1.);
#4783 = DIRECTION('',(-0.577350331214,0.57735025555,0.577350220805));
#4784 = PLANE('',#4785);
#4785 = AXIS2_PLACEMENT_3D('',#4786,#4787,#4788);
#4786 = CARTESIAN_POINT('',(1.015999894161,-1.555,0.53500010664));
#4787 = DIRECTION('',(0.707106781187,0.707106781187,0.));
#4788 = DIRECTION('',(-0.707106781187,0.707106781187,0.));
#4789 = ADVANCED_FACE('',(#4790),#4815,.T.);
#4790 = FACE_BOUND('',#4791,.F.);
#4791 = EDGE_LOOP('',(#4792,#4802,#4808,#4809));
#4792 = ORIENTED_EDGE('',*,*,#4793,.T.);
#4793 = EDGE_CURVE('',#4794,#4796,#4798,.T.);
#4794 = VERTEX_POINT('',#4795);
#4795 = CARTESIAN_POINT('',(0.965999955356,-1.275000051099,0.30000000275
    ));
#4796 = VERTEX_POINT('',#4797);
#4797 = CARTESIAN_POINT('',(0.965999925052,-1.275000025179,0.56000010664
    ));
#4798 = LINE('',#4799,#4800);
#4799 = CARTESIAN_POINT('',(0.965999955356,-1.275000051099,0.30000000275
    ));
#4800 = VECTOR('',#4801,1.);
#4801 = DIRECTION('',(-1.165522016242E-07,9.969147674687E-08,1.));
#4802 = ORIENTED_EDGE('',*,*,#4803,.F.);
#4803 = EDGE_CURVE('',#4763,#4796,#4804,.T.);
#4804 = LINE('',#4805,#4806);
#4805 = CARTESIAN_POINT('',(0.965999929575,-1.505000076841,0.56000010664
    ));
#4806 = VECTOR('',#4807,1.);
#4807 = DIRECTION('',(-1.966166111604E-08,1.,0.));
#4808 = ORIENTED_EDGE('',*,*,#4762,.T.);
#4809 = ORIENTED_EDGE('',*,*,#4810,.T.);
#4810 = EDGE_CURVE('',#4765,#4794,#4811,.T.);
#4811 = LINE('',#4812,#4813);
#4812 = CARTESIAN_POINT('',(0.96599994794,-1.505000089437,0.30000001104)
  );
#4813 = VECTOR('',#4814,1.);
#4814 = DIRECTION('',(3.224104503501E-08,1.,-3.6018177601E-08));
#4815 = PLANE('',#4816);
#4816 = AXIS2_PLACEMENT_3D('',#4817,#4818,#4819);
#4817 = CARTESIAN_POINT('',(0.965999894161,-1.305,0.20000010664));
#4818 = DIRECTION('',(-1.,0.,0.));
#4819 = DIRECTION('',(0.,-1.,0.));
#4820 = ADVANCED_FACE('',(#4821),#4846,.T.);
#4821 = FACE_BOUND('',#4822,.F.);
#4822 = EDGE_LOOP('',(#4823,#4833,#4839,#4840));
#4823 = ORIENTED_EDGE('',*,*,#4824,.T.);
#4824 = EDGE_CURVE('',#4825,#4827,#4829,.T.);
#4825 = VERTEX_POINT('',#4826);
#4826 = CARTESIAN_POINT('',(0.28599994268,-1.275000036658,0.29999999561)
  );
#4827 = VERTEX_POINT('',#4828);
#4828 = CARTESIAN_POINT('',(0.285999908881,-1.275000014811,0.56000010664
    ));
#4829 = LINE('',#4830,#4831);
#4830 = CARTESIAN_POINT('',(0.28599994268,-1.275000036658,0.29999999561)
  );
#4831 = VECTOR('',#4832,1.);
#4832 = DIRECTION('',(-1.29997881689E-07,8.402589563075E-08,1.));
#4833 = ORIENTED_EDGE('',*,*,#4834,.F.);
#4834 = EDGE_CURVE('',#4796,#4827,#4835,.T.);
#4835 = LINE('',#4836,#4837);
#4836 = CARTESIAN_POINT('',(0.965999925052,-1.275000025179,0.56000010664
    ));
#4837 = VECTOR('',#4838,1.);
#4838 = DIRECTION('',(-1.,1.524675512953E-08,0.));
#4839 = ORIENTED_EDGE('',*,*,#4793,.F.);
#4840 = ORIENTED_EDGE('',*,*,#4841,.T.);
#4841 = EDGE_CURVE('',#4794,#4825,#4842,.T.);
#4842 = LINE('',#4843,#4844);
#4843 = CARTESIAN_POINT('',(0.965999955356,-1.275000051099,0.30000000275
    ));
#4844 = VECTOR('',#4845,1.);
#4845 = DIRECTION('',(-1.,2.123653762244E-08,-1.0498258276E-08));
#4846 = PLANE('',#4847);
#4847 = AXIS2_PLACEMENT_3D('',#4848,#4849,#4850);
#4848 = CARTESIAN_POINT('',(0.845999894161,-1.275,0.20000010664));
#4849 = DIRECTION('',(0.,-1.,0.));
#4850 = DIRECTION('',(1.,0.,0.));
#4851 = ADVANCED_FACE('',(#4852),#4877,.T.);
#4852 = FACE_BOUND('',#4853,.F.);
#4853 = EDGE_LOOP('',(#4854,#4862,#4863,#4871));
#4854 = ORIENTED_EDGE('',*,*,#4855,.F.);
#4855 = EDGE_CURVE('',#4827,#4856,#4858,.T.);
#4856 = VERTEX_POINT('',#4857);
#4857 = CARTESIAN_POINT('',(0.285999935454,-1.505000070873,0.56000010664
    ));
#4858 = LINE('',#4859,#4860);
#4859 = CARTESIAN_POINT('',(0.285999908881,-1.275000014811,0.56000010664
    ));
#4860 = VECTOR('',#4861,1.);
#4861 = DIRECTION('',(1.155361592188E-07,-1.,0.));
#4862 = ORIENTED_EDGE('',*,*,#4824,.F.);
#4863 = ORIENTED_EDGE('',*,*,#4864,.T.);
#4864 = EDGE_CURVE('',#4825,#4865,#4867,.T.);
#4865 = VERTEX_POINT('',#4866);
#4866 = CARTESIAN_POINT('',(0.285999957506,-1.505000078313,0.29999999276
    ));
#4867 = LINE('',#4868,#4869);
#4868 = CARTESIAN_POINT('',(0.28599994268,-1.275000036658,0.29999999561)
  );
#4869 = VECTOR('',#4870,1.);
#4870 = DIRECTION('',(6.446085395634E-08,-1.,-1.241561990498E-08));
#4871 = ORIENTED_EDGE('',*,*,#4872,.T.);
#4872 = EDGE_CURVE('',#4865,#4856,#4873,.T.);
#4873 = LINE('',#4874,#4875);
#4874 = CARTESIAN_POINT('',(0.285999957506,-1.505000078313,0.29999999276
    ));
#4875 = VECTOR('',#4876,1.);
#4876 = DIRECTION('',(-8.481588465727E-08,2.861474247646E-08,1.));
#4877 = PLANE('',#4878);
#4878 = AXIS2_PLACEMENT_3D('',#4879,#4880,#4881);
#4879 = CARTESIAN_POINT('',(0.285999894161,-1.005,0.20000010664));
#4880 = DIRECTION('',(1.,0.,0.));
#4881 = DIRECTION('',(0.,1.,0.));
#4882 = ADVANCED_FACE('',(#4883),#4921,.T.);
#4883 = FACE_BOUND('',#4884,.F.);
#4884 = EDGE_LOOP('',(#4885,#4893,#4901,#4907,#4908,#4909,#4910,#4911,
    #4912,#4913,#4919,#4920));
#4885 = ORIENTED_EDGE('',*,*,#4886,.F.);
#4886 = EDGE_CURVE('',#4887,#3429,#4889,.T.);
#4887 = VERTEX_POINT('',#4888);
#4888 = CARTESIAN_POINT('',(0.426000000007,-1.315,0.56000010664));
#4889 = LINE('',#4890,#4891);
#4890 = CARTESIAN_POINT('',(0.426000000007,-1.315,0.56000010664));
#4891 = VECTOR('',#4892,1.);
#4892 = DIRECTION('',(0.,-1.,-2.375711014136E-09));
#4893 = ORIENTED_EDGE('',*,*,#4894,.F.);
#4894 = EDGE_CURVE('',#4895,#4887,#4897,.T.);
#4895 = VERTEX_POINT('',#4896);
#4896 = CARTESIAN_POINT('',(0.826000000007,-1.315,0.56000010664));
#4897 = LINE('',#4898,#4899);
#4898 = CARTESIAN_POINT('',(0.826000000007,-1.315,0.56000010664));
#4899 = VECTOR('',#4900,1.);
#4900 = DIRECTION('',(-1.,0.,0.));
#4901 = ORIENTED_EDGE('',*,*,#4902,.T.);
#4902 = EDGE_CURVE('',#4895,#3405,#4903,.T.);
#4903 = LINE('',#4904,#4905);
#4904 = CARTESIAN_POINT('',(0.826000000007,-1.315,0.56000010664));
#4905 = VECTOR('',#4906,1.);
#4906 = DIRECTION('',(0.,-1.,-6.216021578416E-10));
#4907 = ORIENTED_EDGE('',*,*,#3404,.T.);
#4908 = ORIENTED_EDGE('',*,*,#3396,.F.);
#4909 = ORIENTED_EDGE('',*,*,#4772,.F.);
#4910 = ORIENTED_EDGE('',*,*,#4803,.T.);
#4911 = ORIENTED_EDGE('',*,*,#4834,.T.);
#4912 = ORIENTED_EDGE('',*,*,#4855,.T.);
#4913 = ORIENTED_EDGE('',*,*,#4914,.F.);
#4914 = EDGE_CURVE('',#3445,#4856,#4915,.T.);
#4915 = LINE('',#4916,#4917);
#4916 = CARTESIAN_POINT('',(0.185999958688,-1.605000112544,0.56000010664
    ));
#4917 = VECTOR('',#4918,1.);
#4918 = DIRECTION('',(0.707106551716,0.707107010657,0.));
#4919 = ORIENTED_EDGE('',*,*,#3444,.F.);
#4920 = ORIENTED_EDGE('',*,*,#3436,.T.);
#4921 = PLANE('',#4922);
#4922 = AXIS2_PLACEMENT_3D('',#4923,#4924,#4925);
#4923 = CARTESIAN_POINT('',(0.410999894145,-1.275,0.56000010664));
#4924 = DIRECTION('',(0.,0.,-1.));
#4925 = DIRECTION('',(-1.,0.,0.));
#4926 = ADVANCED_FACE('',(#4927),#4985,.F.);
#4927 = FACE_BOUND('',#4928,.F.);
#4928 = EDGE_LOOP('',(#4929,#4939,#4947,#4955,#4963,#4969,#4970,#4971,
    #4979));
#4929 = ORIENTED_EDGE('',*,*,#4930,.T.);
#4930 = EDGE_CURVE('',#4931,#4933,#4935,.T.);
#4931 = VERTEX_POINT('',#4932);
#4932 = CARTESIAN_POINT('',(0.426000000007,-1.965,0.5));
#4933 = VERTEX_POINT('',#4934);
#4934 = CARTESIAN_POINT('',(0.426000000007,-1.965,5.E-02));
#4935 = LINE('',#4936,#4937);
#4936 = CARTESIAN_POINT('',(0.426000000007,-1.965,0.5));
#4937 = VECTOR('',#4938,1.);
#4938 = DIRECTION('',(0.,0.,-1.));
#4939 = ORIENTED_EDGE('',*,*,#4940,.F.);
#4940 = EDGE_CURVE('',#4941,#4933,#4943,.T.);
#4941 = VERTEX_POINT('',#4942);
#4942 = CARTESIAN_POINT('',(0.426000000007,-1.865,-5.E-02));
#4943 = LINE('',#4944,#4945);
#4944 = CARTESIAN_POINT('',(0.426000000007,-1.865,-5.E-02));
#4945 = VECTOR('',#4946,1.);
#4946 = DIRECTION('',(0.,-0.707106781186,0.707106781187));
#4947 = ORIENTED_EDGE('',*,*,#4948,.T.);
#4948 = EDGE_CURVE('',#4941,#4949,#4951,.T.);
#4949 = VERTEX_POINT('',#4950);
#4950 = CARTESIAN_POINT('',(0.426000000007,-1.415,-5.E-02));
#4951 = LINE('',#4952,#4953);
#4952 = CARTESIAN_POINT('',(0.426000000007,-1.865,-5.E-02));
#4953 = VECTOR('',#4954,1.);
#4954 = DIRECTION('',(0.,1.,0.));
#4955 = ORIENTED_EDGE('',*,*,#4956,.F.);
#4956 = EDGE_CURVE('',#4957,#4949,#4959,.T.);
#4957 = VERTEX_POINT('',#4958);
#4958 = CARTESIAN_POINT('',(0.426000000007,-1.315,5.E-02));
#4959 = LINE('',#4960,#4961);
#4960 = CARTESIAN_POINT('',(0.426000000007,-1.315,5.E-02));
#4961 = VECTOR('',#4962,1.);
#4962 = DIRECTION('',(0.,-0.707106781186,-0.707106781187));
#4963 = ORIENTED_EDGE('',*,*,#4964,.T.);
#4964 = EDGE_CURVE('',#4957,#4887,#4965,.T.);
#4965 = LINE('',#4966,#4967);
#4966 = CARTESIAN_POINT('',(0.426000000007,-1.315,5.E-02));
#4967 = VECTOR('',#4968,1.);
#4968 = DIRECTION('',(0.,0.,1.));
#4969 = ORIENTED_EDGE('',*,*,#4886,.T.);
#4970 = ORIENTED_EDGE('',*,*,#3428,.F.);
#4971 = ORIENTED_EDGE('',*,*,#4972,.F.);
#4972 = EDGE_CURVE('',#4973,#3421,#4975,.T.);
#4973 = VERTEX_POINT('',#4974);
#4974 = CARTESIAN_POINT('',(0.426000000007,-1.865,0.6));
#4975 = LINE('',#4976,#4977);
#4976 = CARTESIAN_POINT('',(0.426000000007,-1.865,0.6));
#4977 = VECTOR('',#4978,1.);
#4978 = DIRECTION('',(0.,1.,0.));
#4979 = ORIENTED_EDGE('',*,*,#4980,.F.);
#4980 = EDGE_CURVE('',#4931,#4973,#4981,.T.);
#4981 = LINE('',#4982,#4983);
#4982 = CARTESIAN_POINT('',(0.426000000007,-1.965,0.5));
#4983 = VECTOR('',#4984,1.);
#4984 = DIRECTION('',(0.,0.707106781187,0.707106781186));
#4985 = PLANE('',#4986);
#4986 = AXIS2_PLACEMENT_3D('',#4987,#4988,#4989);
#4987 = CARTESIAN_POINT('',(0.426000000007,0.145,0.87));
#4988 = DIRECTION('',(1.,0.,0.));
#4989 = DIRECTION('',(0.,1.,0.));
#4990 = ADVANCED_FACE('',(#4991),#5016,.F.);
#4991 = FACE_BOUND('',#4992,.F.);
#4992 = EDGE_LOOP('',(#4993,#5003,#5009,#5010));
#4993 = ORIENTED_EDGE('',*,*,#4994,.F.);
#4994 = EDGE_CURVE('',#4995,#4997,#4999,.T.);
#4995 = VERTEX_POINT('',#4996);
#4996 = CARTESIAN_POINT('',(0.826000000007,-1.965,5.E-02));
#4997 = VERTEX_POINT('',#4998);
#4998 = CARTESIAN_POINT('',(0.826000000007,-1.965,0.5));
#4999 = LINE('',#5000,#5001);
#5000 = CARTESIAN_POINT('',(0.826000000007,-1.965,5.E-02));
#5001 = VECTOR('',#5002,1.);
#5002 = DIRECTION('',(0.,0.,1.));
#5003 = ORIENTED_EDGE('',*,*,#5004,.T.);
#5004 = EDGE_CURVE('',#4995,#4933,#5005,.T.);
#5005 = LINE('',#5006,#5007);
#5006 = CARTESIAN_POINT('',(0.826000000007,-1.965,5.E-02));
#5007 = VECTOR('',#5008,1.);
#5008 = DIRECTION('',(-1.,1.110223024625E-14,-1.7763568394E-14));
#5009 = ORIENTED_EDGE('',*,*,#4930,.F.);
#5010 = ORIENTED_EDGE('',*,*,#5011,.T.);
#5011 = EDGE_CURVE('',#4931,#4997,#5012,.T.);
#5012 = LINE('',#5013,#5014);
#5013 = CARTESIAN_POINT('',(0.426000000007,-1.965,0.5));
#5014 = VECTOR('',#5015,1.);
#5015 = DIRECTION('',(1.,-1.33226762955E-14,-3.552713678801E-14));
#5016 = PLANE('',#5017);
#5017 = AXIS2_PLACEMENT_3D('',#5018,#5019,#5020);
#5018 = CARTESIAN_POINT('',(0.826000000007,-1.965,0.65));
#5019 = DIRECTION('',(0.,1.,0.));
#5020 = DIRECTION('',(0.,0.,-1.));
#5021 = ADVANCED_FACE('',(#5022),#5071,.T.);
#5022 = FACE_BOUND('',#5023,.F.);
#5023 = EDGE_LOOP('',(#5024,#5032,#5033,#5034,#5042,#5050,#5058,#5064,
    #5065));
#5024 = ORIENTED_EDGE('',*,*,#5025,.T.);
#5025 = EDGE_CURVE('',#5026,#3413,#5028,.T.);
#5026 = VERTEX_POINT('',#5027);
#5027 = CARTESIAN_POINT('',(0.826000000007,-1.865,0.6));
#5028 = LINE('',#5029,#5030);
#5029 = CARTESIAN_POINT('',(0.826000000007,-1.865,0.6));
#5030 = VECTOR('',#5031,1.);
#5031 = DIRECTION('',(0.,1.,0.));
#5032 = ORIENTED_EDGE('',*,*,#3412,.T.);
#5033 = ORIENTED_EDGE('',*,*,#4902,.F.);
#5034 = ORIENTED_EDGE('',*,*,#5035,.F.);
#5035 = EDGE_CURVE('',#5036,#4895,#5038,.T.);
#5036 = VERTEX_POINT('',#5037);
#5037 = CARTESIAN_POINT('',(0.826000000007,-1.315,5.E-02));
#5038 = LINE('',#5039,#5040);
#5039 = CARTESIAN_POINT('',(0.826000000007,-1.315,5.E-02));
#5040 = VECTOR('',#5041,1.);
#5041 = DIRECTION('',(0.,0.,1.));
#5042 = ORIENTED_EDGE('',*,*,#5043,.F.);
#5043 = EDGE_CURVE('',#5044,#5036,#5046,.T.);
#5044 = VERTEX_POINT('',#5045);
#5045 = CARTESIAN_POINT('',(0.826000000007,-1.415,-5.E-02));
#5046 = LINE('',#5047,#5048);
#5047 = CARTESIAN_POINT('',(0.826000000007,-1.415,-5.E-02));
#5048 = VECTOR('',#5049,1.);
#5049 = DIRECTION('',(0.,0.707106781186,0.707106781187));
#5050 = ORIENTED_EDGE('',*,*,#5051,.F.);
#5051 = EDGE_CURVE('',#5052,#5044,#5054,.T.);
#5052 = VERTEX_POINT('',#5053);
#5053 = CARTESIAN_POINT('',(0.826000000007,-1.865,-5.E-02));
#5054 = LINE('',#5055,#5056);
#5055 = CARTESIAN_POINT('',(0.826000000007,-1.865,-5.E-02));
#5056 = VECTOR('',#5057,1.);
#5057 = DIRECTION('',(0.,1.,0.));
#5058 = ORIENTED_EDGE('',*,*,#5059,.F.);
#5059 = EDGE_CURVE('',#4995,#5052,#5060,.T.);
#5060 = LINE('',#5061,#5062);
#5061 = CARTESIAN_POINT('',(0.826000000007,-1.965,5.E-02));
#5062 = VECTOR('',#5063,1.);
#5063 = DIRECTION('',(0.,0.707106781186,-0.707106781187));
#5064 = ORIENTED_EDGE('',*,*,#4994,.T.);
#5065 = ORIENTED_EDGE('',*,*,#5066,.F.);
#5066 = EDGE_CURVE('',#5026,#4997,#5067,.T.);
#5067 = LINE('',#5068,#5069);
#5068 = CARTESIAN_POINT('',(0.826000000007,-1.865,0.6));
#5069 = VECTOR('',#5070,1.);
#5070 = DIRECTION('',(0.,-0.707106781186,-0.707106781187));
#5071 = PLANE('',#5072);
#5072 = AXIS2_PLACEMENT_3D('',#5073,#5074,#5075);
#5073 = CARTESIAN_POINT('',(0.826000000007,0.114223593596,0.87));
#5074 = DIRECTION('',(1.,0.,0.));
#5075 = DIRECTION('',(0.,1.,0.));
#5076 = ADVANCED_FACE('',(#5077),#5088,.F.);
#5077 = FACE_BOUND('',#5078,.F.);
#5078 = EDGE_LOOP('',(#5079,#5080,#5081,#5082));
#5079 = ORIENTED_EDGE('',*,*,#4972,.T.);
#5080 = ORIENTED_EDGE('',*,*,#3420,.F.);
#5081 = ORIENTED_EDGE('',*,*,#5025,.F.);
#5082 = ORIENTED_EDGE('',*,*,#5083,.T.);
#5083 = EDGE_CURVE('',#5026,#4973,#5084,.T.);
#5084 = LINE('',#5085,#5086);
#5085 = CARTESIAN_POINT('',(0.826000000007,-1.865,0.6));
#5086 = VECTOR('',#5087,1.);
#5087 = DIRECTION('',(-1.,0.,0.));
#5088 = PLANE('',#5089);
#5089 = AXIS2_PLACEMENT_3D('',#5090,#5091,#5092);
#5090 = CARTESIAN_POINT('',(0.826000000007,-1.855,0.6));
#5091 = DIRECTION('',(0.,0.,-1.));
#5092 = DIRECTION('',(0.,-1.,0.));
#5093 = ADVANCED_FACE('',(#5094),#5100,.F.);
#5094 = FACE_BOUND('',#5095,.F.);
#5095 = EDGE_LOOP('',(#5096,#5097,#5098,#5099));
#5096 = ORIENTED_EDGE('',*,*,#4980,.T.);
#5097 = ORIENTED_EDGE('',*,*,#5083,.F.);
#5098 = ORIENTED_EDGE('',*,*,#5066,.T.);
#5099 = ORIENTED_EDGE('',*,*,#5011,.F.);
#5100 = PLANE('',#5101);
#5101 = AXIS2_PLACEMENT_3D('',#5102,#5103,#5104);
#5102 = CARTESIAN_POINT('',(0.826000000007,-1.865,0.6));
#5103 = DIRECTION('',(0.,0.707106781187,-0.707106781186));
#5104 = DIRECTION('',(1.,0.,0.));
#5105 = ADVANCED_FACE('',(#5106),#5117,.F.);
#5106 = FACE_BOUND('',#5107,.F.);
#5107 = EDGE_LOOP('',(#5108,#5109,#5110,#5111));
#5108 = ORIENTED_EDGE('',*,*,#5035,.T.);
#5109 = ORIENTED_EDGE('',*,*,#4894,.T.);
#5110 = ORIENTED_EDGE('',*,*,#4964,.F.);
#5111 = ORIENTED_EDGE('',*,*,#5112,.T.);
#5112 = EDGE_CURVE('',#4957,#5036,#5113,.T.);
#5113 = LINE('',#5114,#5115);
#5114 = CARTESIAN_POINT('',(0.426000000007,-1.315,5.E-02));
#5115 = VECTOR('',#5116,1.);
#5116 = DIRECTION('',(1.,0.,-1.7763568394E-14));
#5117 = PLANE('',#5118);
#5118 = AXIS2_PLACEMENT_3D('',#5119,#5120,#5121);
#5119 = CARTESIAN_POINT('',(0.826000000007,-1.315,0.35));
#5120 = DIRECTION('',(0.,-1.,0.));
#5121 = DIRECTION('',(0.,0.,1.));
#5122 = ADVANCED_FACE('',(#5123),#5134,.F.);
#5123 = FACE_BOUND('',#5124,.F.);
#5124 = EDGE_LOOP('',(#5125,#5126,#5127,#5128));
#5125 = ORIENTED_EDGE('',*,*,#5043,.T.);
#5126 = ORIENTED_EDGE('',*,*,#5112,.F.);
#5127 = ORIENTED_EDGE('',*,*,#4956,.T.);
#5128 = ORIENTED_EDGE('',*,*,#5129,.F.);
#5129 = EDGE_CURVE('',#5044,#4949,#5130,.T.);
#5130 = LINE('',#5131,#5132);
#5131 = CARTESIAN_POINT('',(0.826000000007,-1.415,-5.E-02));
#5132 = VECTOR('',#5133,1.);
#5133 = DIRECTION('',(-1.,-1.110223024625E-14,0.));
#5134 = PLANE('',#5135);
#5135 = AXIS2_PLACEMENT_3D('',#5136,#5137,#5138);
#5136 = CARTESIAN_POINT('',(0.826000000007,-1.315,5.E-02));
#5137 = DIRECTION('',(0.,-0.707106781187,0.707106781186));
#5138 = DIRECTION('',(-1.,0.,0.));
#5139 = ADVANCED_FACE('',(#5140),#5151,.F.);
#5140 = FACE_BOUND('',#5141,.F.);
#5141 = EDGE_LOOP('',(#5142,#5143,#5144,#5145));
#5142 = ORIENTED_EDGE('',*,*,#5051,.T.);
#5143 = ORIENTED_EDGE('',*,*,#5129,.T.);
#5144 = ORIENTED_EDGE('',*,*,#4948,.F.);
#5145 = ORIENTED_EDGE('',*,*,#5146,.T.);
#5146 = EDGE_CURVE('',#4941,#5052,#5147,.T.);
#5147 = LINE('',#5148,#5149);
#5148 = CARTESIAN_POINT('',(0.426000000007,-1.865,-5.E-02));
#5149 = VECTOR('',#5150,1.);
#5150 = DIRECTION('',(1.,-1.33226762955E-14,0.));
#5151 = PLANE('',#5152);
#5152 = AXIS2_PLACEMENT_3D('',#5153,#5154,#5155);
#5153 = CARTESIAN_POINT('',(0.385997600007,-1.945,-5.E-02));
#5154 = DIRECTION('',(0.,0.,1.));
#5155 = DIRECTION('',(0.,1.,0.));
#5156 = ADVANCED_FACE('',(#5157),#5163,.F.);
#5157 = FACE_BOUND('',#5158,.F.);
#5158 = EDGE_LOOP('',(#5159,#5160,#5161,#5162));
#5159 = ORIENTED_EDGE('',*,*,#5059,.T.);
#5160 = ORIENTED_EDGE('',*,*,#5146,.F.);
#5161 = ORIENTED_EDGE('',*,*,#4940,.T.);
#5162 = ORIENTED_EDGE('',*,*,#5004,.F.);
#5163 = PLANE('',#5164);
#5164 = AXIS2_PLACEMENT_3D('',#5165,#5166,#5167);
#5165 = CARTESIAN_POINT('',(0.385997600007,-1.865,-5.E-02));
#5166 = DIRECTION('',(0.,0.707106781187,0.707106781186));
#5167 = DIRECTION('',(-1.,0.,0.));
#5168 = ADVANCED_FACE('',(#5169),#5180,.F.);
#5169 = FACE_BOUND('',#5170,.F.);
#5170 = EDGE_LOOP('',(#5171,#5177,#5178,#5179));
#5171 = ORIENTED_EDGE('',*,*,#5172,.T.);
#5172 = EDGE_CURVE('',#4865,#2338,#5173,.T.);
#5173 = LINE('',#5174,#5175);
#5174 = CARTESIAN_POINT('',(0.285999957506,-1.505000078313,0.29999999276
    ));
#5175 = VECTOR('',#5176,1.);
#5176 = DIRECTION('',(-0.577350099101,-0.577350456915,-0.577350251553));
#5177 = ORIENTED_EDGE('',*,*,#3452,.T.);
#5178 = ORIENTED_EDGE('',*,*,#4914,.T.);
#5179 = ORIENTED_EDGE('',*,*,#4872,.F.);
#5180 = PLANE('',#5181);
#5181 = AXIS2_PLACEMENT_3D('',#5182,#5183,#5184);
#5182 = CARTESIAN_POINT('',(0.236000000008,-1.555000106641,0.535));
#5183 = DIRECTION('',(-0.707106781187,0.707106781187,0.));
#5184 = DIRECTION('',(0.707106781187,0.707106781187,0.));
#5185 = ADVANCED_FACE('',(#5186),#5205,.F.);
#5186 = FACE_BOUND('',#5187,.F.);
#5187 = EDGE_LOOP('',(#5188,#5189,#5190,#5191,#5199));
#5188 = ORIENTED_EDGE('',*,*,#2345,.T.);
#5189 = ORIENTED_EDGE('',*,*,#5172,.F.);
#5190 = ORIENTED_EDGE('',*,*,#4864,.F.);
#5191 = ORIENTED_EDGE('',*,*,#5192,.F.);
#5192 = EDGE_CURVE('',#5193,#4825,#5195,.T.);
#5193 = VERTEX_POINT('',#5194);
#5194 = CARTESIAN_POINT('',(0.285999986776,-1.005000106641,0.29999999559
    ));
#5195 = LINE('',#5196,#5197);
#5196 = CARTESIAN_POINT('',(0.285999986776,-1.005000106641,0.29999999559
    ));
#5197 = VECTOR('',#5198,1.);
#5198 = DIRECTION('',(-1.633181618534E-07,-1.,9.021263442664E-11));
#5199 = ORIENTED_EDGE('',*,*,#5200,.T.);
#5200 = EDGE_CURVE('',#5193,#2346,#5201,.T.);
#5201 = LINE('',#5202,#5203);
#5202 = CARTESIAN_POINT('',(0.285999986776,-1.005000106641,0.29999999559
    ));
#5203 = VECTOR('',#5204,1.);
#5204 = DIRECTION('',(-0.707106749999,0.,-0.707106812374));
#5205 = PLANE('',#5206);
#5206 = AXIS2_PLACEMENT_3D('',#5207,#5208,#5209);
#5207 = CARTESIAN_POINT('',(0.236000000008,-1.255000106641,0.25));
#5208 = DIRECTION('',(-0.707106781187,0.,0.707106781186));
#5209 = DIRECTION('',(0.707106781186,0.,0.707106781187));
#5210 = ADVANCED_FACE('',(#5211),#5229,.T.);
#5211 = FACE_BOUND('',#5212,.F.);
#5212 = EDGE_LOOP('',(#5213,#5214,#5215,#5223));
#5213 = ORIENTED_EDGE('',*,*,#5192,.T.);
#5214 = ORIENTED_EDGE('',*,*,#4841,.F.);
#5215 = ORIENTED_EDGE('',*,*,#5216,.F.);
#5216 = EDGE_CURVE('',#5217,#4794,#5219,.T.);
#5217 = VERTEX_POINT('',#5218);
#5218 = CARTESIAN_POINT('',(0.965999993392,-1.005000106641,0.30000000221
    ));
#5219 = LINE('',#5220,#5221);
#5220 = CARTESIAN_POINT('',(0.965999993392,-1.005000106641,0.30000000221
    ));
#5221 = VECTOR('',#5222,1.);
#5222 = DIRECTION('',(-1.408726084243E-07,-1.,2.026152502418E-09));
#5223 = ORIENTED_EDGE('',*,*,#5224,.F.);
#5224 = EDGE_CURVE('',#5193,#5217,#5225,.T.);
#5225 = LINE('',#5226,#5227);
#5226 = CARTESIAN_POINT('',(0.285999986776,-1.005000106641,0.29999999559
    ));
#5227 = VECTOR('',#5228,1.);
#5228 = DIRECTION('',(1.,0.,9.72959742516E-09));
#5229 = PLANE('',#5230);
#5230 = AXIS2_PLACEMENT_3D('',#5231,#5232,#5233);
#5231 = CARTESIAN_POINT('',(-1.874,0.444999893359,0.3));
#5232 = DIRECTION('',(0.,0.,-1.));
#5233 = DIRECTION('',(1.,0.,0.));
#5234 = ADVANCED_FACE('',(#5235),#5247,.F.);
#5235 = FACE_BOUND('',#5236,.F.);
#5236 = EDGE_LOOP('',(#5237,#5238,#5239,#5240,#5241));
#5237 = ORIENTED_EDGE('',*,*,#5216,.T.);
#5238 = ORIENTED_EDGE('',*,*,#4810,.F.);
#5239 = ORIENTED_EDGE('',*,*,#4779,.F.);
#5240 = ORIENTED_EDGE('',*,*,#2361,.T.);
#5241 = ORIENTED_EDGE('',*,*,#5242,.T.);
#5242 = EDGE_CURVE('',#2354,#5217,#5243,.T.);
#5243 = LINE('',#5244,#5245);
#5244 = CARTESIAN_POINT('',(1.065999984564,-1.005000106641,0.20000000662
    ));
#5245 = VECTOR('',#5246,1.);
#5246 = DIRECTION('',(-0.707106765596,0.,0.707106796777));
#5247 = PLANE('',#5248);
#5248 = AXIS2_PLACEMENT_3D('',#5249,#5250,#5251);
#5249 = CARTESIAN_POINT('',(1.016000000008,-1.255000106641,0.25));
#5250 = DIRECTION('',(0.707106781186,0.,0.707106781187));
#5251 = DIRECTION('',(-0.707106781187,0.,0.707106781186));
#5252 = ADVANCED_FACE('',(#5253),#5259,.T.);
#5253 = FACE_BOUND('',#5254,.F.);
#5254 = EDGE_LOOP('',(#5255,#5256,#5257,#5258));
#5255 = ORIENTED_EDGE('',*,*,#5242,.F.);
#5256 = ORIENTED_EDGE('',*,*,#2353,.T.);
#5257 = ORIENTED_EDGE('',*,*,#5200,.F.);
#5258 = ORIENTED_EDGE('',*,*,#5224,.T.);
#5259 = PLANE('',#5260);
#5260 = AXIS2_PLACEMENT_3D('',#5261,#5262,#5263);
#5261 = CARTESIAN_POINT('',(0.896000000008,-1.005000106641,0.2));
#5262 = DIRECTION('',(0.,-1.,0.));
#5263 = DIRECTION('',(1.,0.,0.));
#5264 = ADVANCED_FACE('',(#5265),#5290,.F.);
#5265 = FACE_BOUND('',#5266,.F.);
#5266 = EDGE_LOOP('',(#5267,#5275,#5283,#5289));
#5267 = ORIENTED_EDGE('',*,*,#5268,.T.);
#5268 = EDGE_CURVE('',#2330,#5269,#5271,.T.);
#5269 = VERTEX_POINT('',#5270);
#5270 = CARTESIAN_POINT('',(-0.284000052203,-1.505000089668,
    0.30000001105));
#5271 = LINE('',#5272,#5273);
#5272 = CARTESIAN_POINT('',(-0.183999999943,-1.605000106657,
    0.19999999998));
#5273 = VECTOR('',#5274,1.);
#5274 = DIRECTION('',(-0.57735041635,0.577350212712,0.577350178507));
#5275 = ORIENTED_EDGE('',*,*,#5276,.F.);
#5276 = EDGE_CURVE('',#5277,#5269,#5279,.T.);
#5277 = VERTEX_POINT('',#5278);
#5278 = CARTESIAN_POINT('',(-0.28400007058,-1.505000077084,0.56000010664
    ));
#5279 = LINE('',#5280,#5281);
#5280 = CARTESIAN_POINT('',(-0.28400007058,-1.505000077084,0.56000010664
    ));
#5281 = VECTOR('',#5282,1.);
#5282 = DIRECTION('',(7.067985988948E-08,-4.840192107168E-08,-1.));
#5283 = ORIENTED_EDGE('',*,*,#5284,.T.);
#5284 = EDGE_CURVE('',#5277,#3460,#5285,.T.);
#5285 = LINE('',#5286,#5287);
#5286 = CARTESIAN_POINT('',(-0.28400007058,-1.505000077084,0.56000010664
    ));
#5287 = VECTOR('',#5288,1.);
#5288 = DIRECTION('',(0.707106926718,-0.707106635655,0.));
#5289 = ORIENTED_EDGE('',*,*,#3459,.T.);
#5290 = PLANE('',#5291);
#5291 = AXIS2_PLACEMENT_3D('',#5292,#5293,#5294);
#5292 = CARTESIAN_POINT('',(-0.233999999992,-1.555000106641,0.485));
#5293 = DIRECTION('',(0.707106781187,0.707106781187,0.));
#5294 = DIRECTION('',(-0.707106781187,0.707106781187,0.));
#5295 = ADVANCED_FACE('',(#5296),#5322,.F.);
#5296 = FACE_BOUND('',#5297,.F.);
#5297 = EDGE_LOOP('',(#5298,#5299,#5300,#5308,#5316));
#5298 = ORIENTED_EDGE('',*,*,#5268,.F.);
#5299 = ORIENTED_EDGE('',*,*,#2329,.T.);
#5300 = ORIENTED_EDGE('',*,*,#5301,.T.);
#5301 = EDGE_CURVE('',#2322,#5302,#5304,.T.);
#5302 = VERTEX_POINT('',#5303);
#5303 = CARTESIAN_POINT('',(-0.284000006609,-1.005000106641,
    0.30000000221));
#5304 = LINE('',#5305,#5306);
#5305 = CARTESIAN_POINT('',(-0.183999999992,-1.005000106641,0.2));
#5306 = VECTOR('',#5307,1.);
#5307 = DIRECTION('',(-0.707106796782,0.,0.707106765591));
#5308 = ORIENTED_EDGE('',*,*,#5309,.F.);
#5309 = EDGE_CURVE('',#5310,#5302,#5312,.T.);
#5310 = VERTEX_POINT('',#5311);
#5311 = CARTESIAN_POINT('',(-0.284000044648,-1.275000054432,
    0.30000000276));
#5312 = LINE('',#5313,#5314);
#5313 = CARTESIAN_POINT('',(-0.284000044648,-1.275000054432,
    0.30000000276));
#5314 = VECTOR('',#5315,1.);
#5315 = DIRECTION('',(1.408879771095E-07,1.,-2.041600205801E-09));
#5316 = ORIENTED_EDGE('',*,*,#5317,.F.);
#5317 = EDGE_CURVE('',#5269,#5310,#5318,.T.);
#5318 = LINE('',#5319,#5320);
#5319 = CARTESIAN_POINT('',(-0.284000052203,-1.505000089668,
    0.30000001105));
#5320 = VECTOR('',#5321,1.);
#5321 = DIRECTION('',(3.284647026594E-08,1.,-3.604999803906E-08));
#5322 = PLANE('',#5323);
#5323 = AXIS2_PLACEMENT_3D('',#5324,#5325,#5326);
#5324 = CARTESIAN_POINT('',(-0.233999999992,-1.305000106641,0.25));
#5325 = DIRECTION('',(0.707106781187,0.,0.707106781187));
#5326 = DIRECTION('',(-0.707106781187,0.,0.707106781187));
#5327 = ADVANCED_FACE('',(#5328),#5346,.T.);
#5328 = FACE_BOUND('',#5329,.F.);
#5329 = EDGE_LOOP('',(#5330,#5338,#5344,#5345));
#5330 = ORIENTED_EDGE('',*,*,#5331,.F.);
#5331 = EDGE_CURVE('',#5332,#2314,#5334,.T.);
#5332 = VERTEX_POINT('',#5333);
#5333 = CARTESIAN_POINT('',(-0.964000006608,-1.005000106641,
    0.29999999779));
#5334 = LINE('',#5335,#5336);
#5335 = CARTESIAN_POINT('',(-0.964000006608,-1.005000106641,
    0.29999999779));
#5336 = VECTOR('',#5337,1.);
#5337 = DIRECTION('',(-0.707106781126,0.,-0.707106781247));
#5338 = ORIENTED_EDGE('',*,*,#5339,.T.);
#5339 = EDGE_CURVE('',#5332,#5302,#5340,.T.);
#5340 = LINE('',#5341,#5342);
#5341 = CARTESIAN_POINT('',(-0.964000006608,-1.005000106641,
    0.29999999779));
#5342 = VECTOR('',#5343,1.);
#5343 = DIRECTION('',(1.,0.,6.486753617913E-09));
#5344 = ORIENTED_EDGE('',*,*,#5301,.F.);
#5345 = ORIENTED_EDGE('',*,*,#2321,.T.);
#5346 = PLANE('',#5347);
#5347 = AXIS2_PLACEMENT_3D('',#5348,#5349,#5350);
#5348 = CARTESIAN_POINT('',(-0.353999999992,-1.005000106641,0.2));
#5349 = DIRECTION('',(0.,-1.,0.));
#5350 = DIRECTION('',(1.,0.,0.));
#5351 = ADVANCED_FACE('',(#5352),#5378,.F.);
#5352 = FACE_BOUND('',#5353,.F.);
#5353 = EDGE_LOOP('',(#5354,#5355,#5356,#5364,#5372));
#5354 = ORIENTED_EDGE('',*,*,#5331,.T.);
#5355 = ORIENTED_EDGE('',*,*,#2313,.T.);
#5356 = ORIENTED_EDGE('',*,*,#5357,.T.);
#5357 = EDGE_CURVE('',#2306,#5358,#5360,.T.);
#5358 = VERTEX_POINT('',#5359);
#5359 = CARTESIAN_POINT('',(-0.964000052181,-1.505000123548,
    0.29999998897));
#5360 = LINE('',#5361,#5362);
#5361 = CARTESIAN_POINT('',(-1.064000016448,-1.605000108793,
    0.19999999785));
#5362 = VECTOR('',#5363,1.);
#5363 = DIRECTION('',(0.577350177129,0.577350298244,0.577350332195));
#5364 = ORIENTED_EDGE('',*,*,#5365,.F.);
#5365 = EDGE_CURVE('',#5366,#5358,#5368,.T.);
#5366 = VERTEX_POINT('',#5367);
#5367 = CARTESIAN_POINT('',(-0.964000044648,-1.275000054432,
    0.29999999724));
#5368 = LINE('',#5369,#5370);
#5369 = CARTESIAN_POINT('',(-0.964000044648,-1.275000054432,
    0.29999999724));
#5370 = VECTOR('',#5371,1.);
#5371 = DIRECTION('',(-3.275029118023E-08,-1.,-3.595215411285E-08));
#5372 = ORIENTED_EDGE('',*,*,#5373,.F.);
#5373 = EDGE_CURVE('',#5332,#5366,#5374,.T.);
#5374 = LINE('',#5375,#5376);
#5375 = CARTESIAN_POINT('',(-0.964000006608,-1.005000106641,
    0.29999999779));
#5376 = VECTOR('',#5377,1.);
#5377 = DIRECTION('',(-1.408880692169E-07,-1.,-2.041547572995E-09));
#5378 = PLANE('',#5379);
#5379 = AXIS2_PLACEMENT_3D('',#5380,#5381,#5382);
#5380 = CARTESIAN_POINT('',(-1.013999999992,-1.305000106641,0.25));
#5381 = DIRECTION('',(-0.707106781187,0.,0.707106781187));
#5382 = DIRECTION('',(0.707106781187,0.,0.707106781187));
#5383 = ADVANCED_FACE('',(#5384),#5402,.F.);
#5384 = FACE_BOUND('',#5385,.F.);
#5385 = EDGE_LOOP('',(#5386,#5387,#5388,#5396));
#5386 = ORIENTED_EDGE('',*,*,#5357,.F.);
#5387 = ORIENTED_EDGE('',*,*,#3523,.T.);
#5388 = ORIENTED_EDGE('',*,*,#5389,.T.);
#5389 = EDGE_CURVE('',#3516,#5390,#5392,.T.);
#5390 = VERTEX_POINT('',#5391);
#5391 = CARTESIAN_POINT('',(-0.964000070558,-1.505000136044,
    0.56000010664));
#5392 = LINE('',#5393,#5394);
#5393 = CARTESIAN_POINT('',(-1.06400002709,-1.605000111726,0.56000010664
    ));
#5394 = VECTOR('',#5395,1.);
#5395 = DIRECTION('',(0.707106713482,0.707106848891,0.));
#5396 = ORIENTED_EDGE('',*,*,#5397,.F.);
#5397 = EDGE_CURVE('',#5358,#5390,#5398,.T.);
#5398 = LINE('',#5399,#5400);
#5399 = CARTESIAN_POINT('',(-0.964000052181,-1.505000123548,
    0.29999998897));
#5400 = VECTOR('',#5401,1.);
#5401 = DIRECTION('',(-7.067970358173E-08,-4.806280376306E-08,1.));
#5402 = PLANE('',#5403);
#5403 = AXIS2_PLACEMENT_3D('',#5404,#5405,#5406);
#5404 = CARTESIAN_POINT('',(-1.013999999992,-1.555000106641,0.485));
#5405 = DIRECTION('',(-0.707106781187,0.707106781187,0.));
#5406 = DIRECTION('',(0.707106781187,0.707106781187,0.));
#5407 = ADVANCED_FACE('',(#5408),#5460,.T.);
#5408 = FACE_BOUND('',#5409,.F.);
#5409 = EDGE_LOOP('',(#5410,#5418,#5426,#5432,#5433,#5434,#5435,#5443,
    #5451,#5457,#5458,#5459));
#5410 = ORIENTED_EDGE('',*,*,#5411,.T.);
#5411 = EDGE_CURVE('',#3500,#5412,#5414,.T.);
#5412 = VERTEX_POINT('',#5413);
#5413 = CARTESIAN_POINT('',(-0.823999999993,-1.315,0.56000010664));
#5414 = LINE('',#5415,#5416);
#5415 = CARTESIAN_POINT('',(-0.823999999993,-1.605000106641,
    0.56000010472));
#5416 = VECTOR('',#5417,1.);
#5417 = DIRECTION('',(0.,1.,6.633330524114E-09));
#5418 = ORIENTED_EDGE('',*,*,#5419,.F.);
#5419 = EDGE_CURVE('',#5420,#5412,#5422,.T.);
#5420 = VERTEX_POINT('',#5421);
#5421 = CARTESIAN_POINT('',(-0.423999999993,-1.315,0.56000010664));
#5422 = LINE('',#5423,#5424);
#5423 = CARTESIAN_POINT('',(-0.423999999993,-1.315,0.56000010664));
#5424 = VECTOR('',#5425,1.);
#5425 = DIRECTION('',(-1.,0.,0.));
#5426 = ORIENTED_EDGE('',*,*,#5427,.T.);
#5427 = EDGE_CURVE('',#5420,#3476,#5428,.T.);
#5428 = LINE('',#5429,#5430);
#5429 = CARTESIAN_POINT('',(-0.423999999993,-1.315,0.56000010664));
#5430 = VECTOR('',#5431,1.);
#5431 = DIRECTION('',(0.,-1.,-4.87917266489E-09));
#5432 = ORIENTED_EDGE('',*,*,#3475,.T.);
#5433 = ORIENTED_EDGE('',*,*,#3467,.F.);
#5434 = ORIENTED_EDGE('',*,*,#5284,.F.);
#5435 = ORIENTED_EDGE('',*,*,#5436,.T.);
#5436 = EDGE_CURVE('',#5277,#5437,#5439,.T.);
#5437 = VERTEX_POINT('',#5438);
#5438 = CARTESIAN_POINT('',(-0.28400007497,-1.275000031104,0.56000010664
    ));
#5439 = LINE('',#5440,#5441);
#5440 = CARTESIAN_POINT('',(-0.28400007058,-1.505000077084,0.56000010664
    ));
#5441 = VECTOR('',#5442,1.);
#5442 = DIRECTION('',(-1.908629394405E-08,1.,0.));
#5443 = ORIENTED_EDGE('',*,*,#5444,.T.);
#5444 = EDGE_CURVE('',#5437,#5445,#5447,.T.);
#5445 = VERTEX_POINT('',#5446);
#5446 = CARTESIAN_POINT('',(-0.96400007497,-1.275000031104,0.56000010664
    ));
#5447 = LINE('',#5448,#5449);
#5448 = CARTESIAN_POINT('',(-0.28400007497,-1.275000031104,0.56000010664
    ));
#5449 = VECTOR('',#5450,1.);
#5450 = DIRECTION('',(-1.,0.,0.));
#5451 = ORIENTED_EDGE('',*,*,#5452,.T.);
#5452 = EDGE_CURVE('',#5445,#5390,#5453,.T.);
#5453 = LINE('',#5454,#5455);
#5454 = CARTESIAN_POINT('',(-0.96400007497,-1.275000031104,0.56000010664
    ));
#5455 = VECTOR('',#5456,1.);
#5456 = DIRECTION('',(1.918254823986E-08,-1.,0.));
#5457 = ORIENTED_EDGE('',*,*,#5389,.F.);
#5458 = ORIENTED_EDGE('',*,*,#3515,.F.);
#5459 = ORIENTED_EDGE('',*,*,#3507,.T.);
#5460 = PLANE('',#5461);
#5461 = AXIS2_PLACEMENT_3D('',#5462,#5463,#5464);
#5462 = CARTESIAN_POINT('',(-0.839000105855,-1.275,0.56000010664));
#5463 = DIRECTION('',(0.,0.,-1.));
#5464 = DIRECTION('',(-1.,0.,0.));
#5465 = ADVANCED_FACE('',(#5466),#5524,.T.);
#5466 = FACE_BOUND('',#5467,.F.);
#5467 = EDGE_LOOP('',(#5468,#5478,#5486,#5494,#5502,#5508,#5509,#5510,
    #5518));
#5468 = ORIENTED_EDGE('',*,*,#5469,.T.);
#5469 = EDGE_CURVE('',#5470,#5472,#5474,.T.);
#5470 = VERTEX_POINT('',#5471);
#5471 = CARTESIAN_POINT('',(-0.823999999993,-1.965,0.5));
#5472 = VERTEX_POINT('',#5473);
#5473 = CARTESIAN_POINT('',(-0.823999999993,-1.965,5.E-02));
#5474 = LINE('',#5475,#5476);
#5475 = CARTESIAN_POINT('',(-0.823999999993,-1.965,0.5));
#5476 = VECTOR('',#5477,1.);
#5477 = DIRECTION('',(0.,0.,-1.));
#5478 = ORIENTED_EDGE('',*,*,#5479,.F.);
#5479 = EDGE_CURVE('',#5480,#5472,#5482,.T.);
#5480 = VERTEX_POINT('',#5481);
#5481 = CARTESIAN_POINT('',(-0.823999999993,-1.865,-5.E-02));
#5482 = LINE('',#5483,#5484);
#5483 = CARTESIAN_POINT('',(-0.823999999993,-1.865,-5.E-02));
#5484 = VECTOR('',#5485,1.);
#5485 = DIRECTION('',(0.,-0.707106781186,0.707106781187));
#5486 = ORIENTED_EDGE('',*,*,#5487,.T.);
#5487 = EDGE_CURVE('',#5480,#5488,#5490,.T.);
#5488 = VERTEX_POINT('',#5489);
#5489 = CARTESIAN_POINT('',(-0.823999999993,-1.415,-5.E-02));
#5490 = LINE('',#5491,#5492);
#5491 = CARTESIAN_POINT('',(-0.823999999993,-1.865,-5.E-02));
#5492 = VECTOR('',#5493,1.);
#5493 = DIRECTION('',(0.,1.,0.));
#5494 = ORIENTED_EDGE('',*,*,#5495,.F.);
#5495 = EDGE_CURVE('',#5496,#5488,#5498,.T.);
#5496 = VERTEX_POINT('',#5497);
#5497 = CARTESIAN_POINT('',(-0.823999999993,-1.315,5.E-02));
#5498 = LINE('',#5499,#5500);
#5499 = CARTESIAN_POINT('',(-0.823999999993,-1.315,5.E-02));
#5500 = VECTOR('',#5501,1.);
#5501 = DIRECTION('',(0.,-0.707106781186,-0.707106781187));
#5502 = ORIENTED_EDGE('',*,*,#5503,.T.);
#5503 = EDGE_CURVE('',#5496,#5412,#5504,.T.);
#5504 = LINE('',#5505,#5506);
#5505 = CARTESIAN_POINT('',(-0.823999999993,-1.315,5.E-02));
#5506 = VECTOR('',#5507,1.);
#5507 = DIRECTION('',(0.,0.,1.));
#5508 = ORIENTED_EDGE('',*,*,#5411,.F.);
#5509 = ORIENTED_EDGE('',*,*,#3499,.T.);
#5510 = ORIENTED_EDGE('',*,*,#5511,.F.);
#5511 = EDGE_CURVE('',#5512,#3492,#5514,.T.);
#5512 = VERTEX_POINT('',#5513);
#5513 = CARTESIAN_POINT('',(-0.823999999993,-1.865,0.6));
#5514 = LINE('',#5515,#5516);
#5515 = CARTESIAN_POINT('',(-0.823999999993,-1.865,0.6));
#5516 = VECTOR('',#5517,1.);
#5517 = DIRECTION('',(0.,1.,0.));
#5518 = ORIENTED_EDGE('',*,*,#5519,.F.);
#5519 = EDGE_CURVE('',#5470,#5512,#5520,.T.);
#5520 = LINE('',#5521,#5522);
#5521 = CARTESIAN_POINT('',(-0.823999999993,-1.965,0.5));
#5522 = VECTOR('',#5523,1.);
#5523 = DIRECTION('',(0.,0.707106781186,0.707106781187));
#5524 = PLANE('',#5525);
#5525 = AXIS2_PLACEMENT_3D('',#5526,#5527,#5528);
#5526 = CARTESIAN_POINT('',(-0.823999999993,-0.405,1.65000000001));
#5527 = DIRECTION('',(-1.,0.,0.));
#5528 = DIRECTION('',(0.,0.,-1.));
#5529 = ADVANCED_FACE('',(#5530),#5555,.F.);
#5530 = FACE_BOUND('',#5531,.F.);
#5531 = EDGE_LOOP('',(#5532,#5542,#5548,#5549));
#5532 = ORIENTED_EDGE('',*,*,#5533,.F.);
#5533 = EDGE_CURVE('',#5534,#5536,#5538,.T.);
#5534 = VERTEX_POINT('',#5535);
#5535 = CARTESIAN_POINT('',(-0.423999999993,-1.965,5.E-02));
#5536 = VERTEX_POINT('',#5537);
#5537 = CARTESIAN_POINT('',(-0.423999999993,-1.965,0.5));
#5538 = LINE('',#5539,#5540);
#5539 = CARTESIAN_POINT('',(-0.423999999993,-1.965,5.E-02));
#5540 = VECTOR('',#5541,1.);
#5541 = DIRECTION('',(0.,0.,1.));
#5542 = ORIENTED_EDGE('',*,*,#5543,.T.);
#5543 = EDGE_CURVE('',#5534,#5472,#5544,.T.);
#5544 = LINE('',#5545,#5546);
#5545 = CARTESIAN_POINT('',(-0.423999999993,-1.965,5.E-02));
#5546 = VECTOR('',#5547,1.);
#5547 = DIRECTION('',(-1.,1.110223024625E-14,-1.7763568394E-14));
#5548 = ORIENTED_EDGE('',*,*,#5469,.F.);
#5549 = ORIENTED_EDGE('',*,*,#5550,.T.);
#5550 = EDGE_CURVE('',#5470,#5536,#5551,.T.);
#5551 = LINE('',#5552,#5553);
#5552 = CARTESIAN_POINT('',(-0.823999999993,-1.965,0.5));
#5553 = VECTOR('',#5554,1.);
#5554 = DIRECTION('',(1.,-1.33226762955E-14,0.));
#5555 = PLANE('',#5556);
#5556 = AXIS2_PLACEMENT_3D('',#5557,#5558,#5559);
#5557 = CARTESIAN_POINT('',(-0.423999999993,-1.965,0.65));
#5558 = DIRECTION('',(0.,1.,0.));
#5559 = DIRECTION('',(0.,0.,-1.));
#5560 = ADVANCED_FACE('',(#5561),#5610,.T.);
#5561 = FACE_BOUND('',#5562,.F.);
#5562 = EDGE_LOOP('',(#5563,#5571,#5572,#5573,#5581,#5589,#5597,#5603,
    #5604));
#5563 = ORIENTED_EDGE('',*,*,#5564,.T.);
#5564 = EDGE_CURVE('',#5565,#3484,#5567,.T.);
#5565 = VERTEX_POINT('',#5566);
#5566 = CARTESIAN_POINT('',(-0.423999999993,-1.865,0.6));
#5567 = LINE('',#5568,#5569);
#5568 = CARTESIAN_POINT('',(-0.423999999993,-1.865,0.6));
#5569 = VECTOR('',#5570,1.);
#5570 = DIRECTION('',(0.,1.,0.));
#5571 = ORIENTED_EDGE('',*,*,#3483,.T.);
#5572 = ORIENTED_EDGE('',*,*,#5427,.F.);
#5573 = ORIENTED_EDGE('',*,*,#5574,.F.);
#5574 = EDGE_CURVE('',#5575,#5420,#5577,.T.);
#5575 = VERTEX_POINT('',#5576);
#5576 = CARTESIAN_POINT('',(-0.423999999993,-1.315,5.E-02));
#5577 = LINE('',#5578,#5579);
#5578 = CARTESIAN_POINT('',(-0.423999999993,-1.315,5.E-02));
#5579 = VECTOR('',#5580,1.);
#5580 = DIRECTION('',(0.,0.,1.));
#5581 = ORIENTED_EDGE('',*,*,#5582,.F.);
#5582 = EDGE_CURVE('',#5583,#5575,#5585,.T.);
#5583 = VERTEX_POINT('',#5584);
#5584 = CARTESIAN_POINT('',(-0.423999999993,-1.415,-5.E-02));
#5585 = LINE('',#5586,#5587);
#5586 = CARTESIAN_POINT('',(-0.423999999993,-1.415,-5.E-02));
#5587 = VECTOR('',#5588,1.);
#5588 = DIRECTION('',(0.,0.707106781186,0.707106781187));
#5589 = ORIENTED_EDGE('',*,*,#5590,.F.);
#5590 = EDGE_CURVE('',#5591,#5583,#5593,.T.);
#5591 = VERTEX_POINT('',#5592);
#5592 = CARTESIAN_POINT('',(-0.423999999993,-1.865,-5.E-02));
#5593 = LINE('',#5594,#5595);
#5594 = CARTESIAN_POINT('',(-0.423999999993,-1.865,-5.E-02));
#5595 = VECTOR('',#5596,1.);
#5596 = DIRECTION('',(0.,1.,0.));
#5597 = ORIENTED_EDGE('',*,*,#5598,.F.);
#5598 = EDGE_CURVE('',#5534,#5591,#5599,.T.);
#5599 = LINE('',#5600,#5601);
#5600 = CARTESIAN_POINT('',(-0.423999999993,-1.965,5.E-02));
#5601 = VECTOR('',#5602,1.);
#5602 = DIRECTION('',(0.,0.707106781186,-0.707106781187));
#5603 = ORIENTED_EDGE('',*,*,#5533,.T.);
#5604 = ORIENTED_EDGE('',*,*,#5605,.F.);
#5605 = EDGE_CURVE('',#5565,#5536,#5606,.T.);
#5606 = LINE('',#5607,#5608);
#5607 = CARTESIAN_POINT('',(-0.423999999993,-1.865,0.6));
#5608 = VECTOR('',#5609,1.);
#5609 = DIRECTION('',(0.,-0.707106781186,-0.707106781187));
#5610 = PLANE('',#5611);
#5611 = AXIS2_PLACEMENT_3D('',#5612,#5613,#5614);
#5612 = CARTESIAN_POINT('',(-0.423999999993,0.114223593596,0.87));
#5613 = DIRECTION('',(1.,0.,0.));
#5614 = DIRECTION('',(0.,1.,0.));
#5615 = ADVANCED_FACE('',(#5616),#5627,.F.);
#5616 = FACE_BOUND('',#5617,.F.);
#5617 = EDGE_LOOP('',(#5618,#5619,#5620,#5621));
#5618 = ORIENTED_EDGE('',*,*,#5511,.T.);
#5619 = ORIENTED_EDGE('',*,*,#3491,.F.);
#5620 = ORIENTED_EDGE('',*,*,#5564,.F.);
#5621 = ORIENTED_EDGE('',*,*,#5622,.T.);
#5622 = EDGE_CURVE('',#5565,#5512,#5623,.T.);
#5623 = LINE('',#5624,#5625);
#5624 = CARTESIAN_POINT('',(-0.423999999993,-1.865,0.6));
#5625 = VECTOR('',#5626,1.);
#5626 = DIRECTION('',(-1.,0.,0.));
#5627 = PLANE('',#5628);
#5628 = AXIS2_PLACEMENT_3D('',#5629,#5630,#5631);
#5629 = CARTESIAN_POINT('',(-0.423999999993,-1.855,0.6));
#5630 = DIRECTION('',(0.,0.,-1.));
#5631 = DIRECTION('',(0.,-1.,0.));
#5632 = ADVANCED_FACE('',(#5633),#5639,.F.);
#5633 = FACE_BOUND('',#5634,.F.);
#5634 = EDGE_LOOP('',(#5635,#5636,#5637,#5638));
#5635 = ORIENTED_EDGE('',*,*,#5519,.T.);
#5636 = ORIENTED_EDGE('',*,*,#5622,.F.);
#5637 = ORIENTED_EDGE('',*,*,#5605,.T.);
#5638 = ORIENTED_EDGE('',*,*,#5550,.F.);
#5639 = PLANE('',#5640);
#5640 = AXIS2_PLACEMENT_3D('',#5641,#5642,#5643);
#5641 = CARTESIAN_POINT('',(-0.423999999993,-1.865,0.6));
#5642 = DIRECTION('',(0.,0.707106781187,-0.707106781186));
#5643 = DIRECTION('',(1.,0.,0.));
#5644 = ADVANCED_FACE('',(#5645),#5656,.F.);
#5645 = FACE_BOUND('',#5646,.F.);
#5646 = EDGE_LOOP('',(#5647,#5648,#5649,#5650));
#5647 = ORIENTED_EDGE('',*,*,#5574,.T.);
#5648 = ORIENTED_EDGE('',*,*,#5419,.T.);
#5649 = ORIENTED_EDGE('',*,*,#5503,.F.);
#5650 = ORIENTED_EDGE('',*,*,#5651,.T.);
#5651 = EDGE_CURVE('',#5496,#5575,#5652,.T.);
#5652 = LINE('',#5653,#5654);
#5653 = CARTESIAN_POINT('',(-0.823999999993,-1.315,5.E-02));
#5654 = VECTOR('',#5655,1.);
#5655 = DIRECTION('',(1.,0.,1.7763568394E-14));
#5656 = PLANE('',#5657);
#5657 = AXIS2_PLACEMENT_3D('',#5658,#5659,#5660);
#5658 = CARTESIAN_POINT('',(-0.423999999993,-1.315,0.35));
#5659 = DIRECTION('',(0.,-1.,0.));
#5660 = DIRECTION('',(0.,0.,1.));
#5661 = ADVANCED_FACE('',(#5662),#5673,.F.);
#5662 = FACE_BOUND('',#5663,.F.);
#5663 = EDGE_LOOP('',(#5664,#5665,#5666,#5667));
#5664 = ORIENTED_EDGE('',*,*,#5582,.T.);
#5665 = ORIENTED_EDGE('',*,*,#5651,.F.);
#5666 = ORIENTED_EDGE('',*,*,#5495,.T.);
#5667 = ORIENTED_EDGE('',*,*,#5668,.F.);
#5668 = EDGE_CURVE('',#5583,#5488,#5669,.T.);
#5669 = LINE('',#5670,#5671);
#5670 = CARTESIAN_POINT('',(-0.423999999993,-1.415,-5.E-02));
#5671 = VECTOR('',#5672,1.);
#5672 = DIRECTION('',(-1.,1.7763568394E-14,0.));
#5673 = PLANE('',#5674);
#5674 = AXIS2_PLACEMENT_3D('',#5675,#5676,#5677);
#5675 = CARTESIAN_POINT('',(-0.423999999993,-1.315,5.E-02));
#5676 = DIRECTION('',(0.,-0.707106781187,0.707106781186));
#5677 = DIRECTION('',(-1.,0.,0.));
#5678 = ADVANCED_FACE('',(#5679),#5690,.F.);
#5679 = FACE_BOUND('',#5680,.F.);
#5680 = EDGE_LOOP('',(#5681,#5682,#5683,#5684));
#5681 = ORIENTED_EDGE('',*,*,#5590,.T.);
#5682 = ORIENTED_EDGE('',*,*,#5668,.T.);
#5683 = ORIENTED_EDGE('',*,*,#5487,.F.);
#5684 = ORIENTED_EDGE('',*,*,#5685,.T.);
#5685 = EDGE_CURVE('',#5480,#5591,#5686,.T.);
#5686 = LINE('',#5687,#5688);
#5687 = CARTESIAN_POINT('',(-0.823999999993,-1.865,-5.E-02));
#5688 = VECTOR('',#5689,1.);
#5689 = DIRECTION('',(1.,0.,0.));
#5690 = PLANE('',#5691);
#5691 = AXIS2_PLACEMENT_3D('',#5692,#5693,#5694);
#5692 = CARTESIAN_POINT('',(-0.864002399993,-1.945,-5.E-02));
#5693 = DIRECTION('',(0.,0.,1.));
#5694 = DIRECTION('',(0.,1.,0.));
#5695 = ADVANCED_FACE('',(#5696),#5702,.F.);
#5696 = FACE_BOUND('',#5697,.F.);
#5697 = EDGE_LOOP('',(#5698,#5699,#5700,#5701));
#5698 = ORIENTED_EDGE('',*,*,#5598,.T.);
#5699 = ORIENTED_EDGE('',*,*,#5685,.F.);
#5700 = ORIENTED_EDGE('',*,*,#5479,.T.);
#5701 = ORIENTED_EDGE('',*,*,#5543,.F.);
#5702 = PLANE('',#5703);
#5703 = AXIS2_PLACEMENT_3D('',#5704,#5705,#5706);
#5704 = CARTESIAN_POINT('',(-0.864002399993,-1.865,-5.E-02));
#5705 = DIRECTION('',(0.,0.707106781187,0.707106781186));
#5706 = DIRECTION('',(-1.,0.,0.));
#5707 = ADVANCED_FACE('',(#5708),#5719,.T.);
#5708 = FACE_BOUND('',#5709,.F.);
#5709 = EDGE_LOOP('',(#5710,#5716,#5717,#5718));
#5710 = ORIENTED_EDGE('',*,*,#5711,.T.);
#5711 = EDGE_CURVE('',#5310,#5437,#5712,.T.);
#5712 = LINE('',#5713,#5714);
#5713 = CARTESIAN_POINT('',(-0.284000044648,-1.275000054432,
    0.30000000276));
#5714 = VECTOR('',#5715,1.);
#5715 = DIRECTION('',(-1.166203727086E-07,8.972236801683E-08,1.));
#5716 = ORIENTED_EDGE('',*,*,#5436,.F.);
#5717 = ORIENTED_EDGE('',*,*,#5276,.T.);
#5718 = ORIENTED_EDGE('',*,*,#5317,.T.);
#5719 = PLANE('',#5720);
#5720 = AXIS2_PLACEMENT_3D('',#5721,#5722,#5723);
#5721 = CARTESIAN_POINT('',(-0.284000105839,-1.305,0.20000010664));
#5722 = DIRECTION('',(-1.,0.,0.));
#5723 = DIRECTION('',(0.,-1.,0.));
#5724 = ADVANCED_FACE('',(#5725),#5741,.T.);
#5725 = FACE_BOUND('',#5726,.F.);
#5726 = EDGE_LOOP('',(#5727,#5733,#5734,#5735));
#5727 = ORIENTED_EDGE('',*,*,#5728,.T.);
#5728 = EDGE_CURVE('',#5366,#5445,#5729,.T.);
#5729 = LINE('',#5730,#5731);
#5730 = CARTESIAN_POINT('',(-0.964000044648,-1.275000054432,
    0.29999999724));
#5731 = VECTOR('',#5732,1.);
#5732 = DIRECTION('',(-1.1662028825E-07,8.972237294635E-08,1.));
#5733 = ORIENTED_EDGE('',*,*,#5444,.F.);
#5734 = ORIENTED_EDGE('',*,*,#5711,.F.);
#5735 = ORIENTED_EDGE('',*,*,#5736,.T.);
#5736 = EDGE_CURVE('',#5310,#5366,#5737,.T.);
#5737 = LINE('',#5738,#5739);
#5738 = CARTESIAN_POINT('',(-0.284000044648,-1.275000054432,
    0.30000000276));
#5739 = VECTOR('',#5740,1.);
#5740 = DIRECTION('',(-1.,0.,-8.108003157759E-09));
#5741 = PLANE('',#5742);
#5742 = AXIS2_PLACEMENT_3D('',#5743,#5744,#5745);
#5743 = CARTESIAN_POINT('',(-0.404000105839,-1.275,0.20000010664));
#5744 = DIRECTION('',(0.,-1.,0.));
#5745 = DIRECTION('',(1.,0.,0.));
#5746 = ADVANCED_FACE('',(#5747),#5753,.T.);
#5747 = FACE_BOUND('',#5748,.F.);
#5748 = EDGE_LOOP('',(#5749,#5750,#5751,#5752));
#5749 = ORIENTED_EDGE('',*,*,#5452,.F.);
#5750 = ORIENTED_EDGE('',*,*,#5728,.F.);
#5751 = ORIENTED_EDGE('',*,*,#5365,.T.);
#5752 = ORIENTED_EDGE('',*,*,#5397,.T.);
#5753 = PLANE('',#5754);
#5754 = AXIS2_PLACEMENT_3D('',#5755,#5756,#5757);
#5755 = CARTESIAN_POINT('',(-0.964000105839,-1.005,0.20000010664));
#5756 = DIRECTION('',(1.,0.,0.));
#5757 = DIRECTION('',(0.,1.,0.));
#5758 = ADVANCED_FACE('',(#5759),#5765,.T.);
#5759 = FACE_BOUND('',#5760,.F.);
#5760 = EDGE_LOOP('',(#5761,#5762,#5763,#5764));
#5761 = ORIENTED_EDGE('',*,*,#5339,.F.);
#5762 = ORIENTED_EDGE('',*,*,#5373,.T.);
#5763 = ORIENTED_EDGE('',*,*,#5736,.F.);
#5764 = ORIENTED_EDGE('',*,*,#5309,.T.);
#5765 = PLANE('',#5766);
#5766 = AXIS2_PLACEMENT_3D('',#5767,#5768,#5769);
#5767 = CARTESIAN_POINT('',(-3.124,0.444999893359,0.3));
#5768 = DIRECTION('',(0.,0.,-1.));
#5769 = DIRECTION('',(1.,0.,0.));
#5770 = ADVANCED_FACE('',(#5771),#5808,.T.);
#5771 = FACE_BOUND('',#5772,.F.);
#5772 = EDGE_LOOP('',(#5773,#5774,#5775,#5776,#5777,#5778,#5786,#5794,
    #5802));
#5773 = ORIENTED_EDGE('',*,*,#3024,.F.);
#5774 = ORIENTED_EDGE('',*,*,#3173,.T.);
#5775 = ORIENTED_EDGE('',*,*,#3302,.F.);
#5776 = ORIENTED_EDGE('',*,*,#3530,.F.);
#5777 = ORIENTED_EDGE('',*,*,#2297,.F.);
#5778 = ORIENTED_EDGE('',*,*,#5779,.F.);
#5779 = EDGE_CURVE('',#5780,#2290,#5782,.T.);
#5780 = VERTEX_POINT('',#5781);
#5781 = CARTESIAN_POINT('',(-1.973999998519,-0.955000100716,
    0.10000000444));
#5782 = LINE('',#5783,#5784);
#5783 = CARTESIAN_POINT('',(-1.973999998519,-0.955000100716,
    0.10000000444));
#5784 = VECTOR('',#5785,1.);
#5785 = DIRECTION('',(-1.480539312516E-08,0.,1.));
#5786 = ORIENTED_EDGE('',*,*,#5787,.F.);
#5787 = EDGE_CURVE('',#5788,#5780,#5790,.T.);
#5788 = VERTEX_POINT('',#5789);
#5789 = CARTESIAN_POINT('',(-1.973999998519,-1.855000072574,
    0.10000002222));
#5790 = LINE('',#5791,#5792);
#5791 = CARTESIAN_POINT('',(-1.973999998519,-1.855000072574,
    0.10000002222));
#5792 = VECTOR('',#5793,1.);
#5793 = DIRECTION('',(0.,1.,-1.974852540832E-08));
#5794 = ORIENTED_EDGE('',*,*,#5795,.F.);
#5795 = EDGE_CURVE('',#5796,#5788,#5798,.T.);
#5796 = VERTEX_POINT('',#5797);
#5797 = CARTESIAN_POINT('',(-1.974,-1.905000079981,0.15000002666));
#5798 = LINE('',#5799,#5800);
#5799 = CARTESIAN_POINT('',(-1.974,-1.905000079981,0.15000002666));
#5800 = VECTOR('',#5801,1.);
#5801 = DIRECTION('',(2.093798434229E-08,0.707106802132,-0.707106760241)
  );
#5802 = ORIENTED_EDGE('',*,*,#5803,.T.);
#5803 = EDGE_CURVE('',#5796,#3025,#5804,.T.);
#5804 = LINE('',#5805,#5806);
#5805 = CARTESIAN_POINT('',(-1.974,-1.905000079981,0.15000002666));
#5806 = VECTOR('',#5807,1.);
#5807 = DIRECTION('',(0.,-2.439499763739E-08,1.));
#5808 = PLANE('',#5809);
#5809 = AXIS2_PLACEMENT_3D('',#5810,#5811,#5812);
#5810 = CARTESIAN_POINT('',(-1.974,-0.755000106641,-0.2));
#5811 = DIRECTION('',(1.,0.,0.));
#5812 = DIRECTION('',(0.,1.,0.));
#5813 = ADVANCED_FACE('',(#5814),#5841,.F.);
#5814 = FACE_BOUND('',#5815,.F.);
#5815 = EDGE_LOOP('',(#5816,#5817,#5818,#5819,#5827,#5835));
#5816 = ORIENTED_EDGE('',*,*,#5779,.T.);
#5817 = ORIENTED_EDGE('',*,*,#2289,.T.);
#5818 = ORIENTED_EDGE('',*,*,#2947,.T.);
#5819 = ORIENTED_EDGE('',*,*,#5820,.F.);
#5820 = EDGE_CURVE('',#5821,#2940,#5823,.T.);
#5821 = VERTEX_POINT('',#5822);
#5822 = CARTESIAN_POINT('',(-2.774,-0.955000065169,0.));
#5823 = LINE('',#5824,#5825);
#5824 = CARTESIAN_POINT('',(-2.774,-0.955000065169,0.));
#5825 = VECTOR('',#5826,1.);
#5826 = DIRECTION('',(-0.707106781187,0.,0.707106781186));
#5827 = ORIENTED_EDGE('',*,*,#5828,.F.);
#5828 = EDGE_CURVE('',#5829,#5821,#5831,.T.);
#5829 = VERTEX_POINT('',#5830);
#5830 = CARTESIAN_POINT('',(-2.074000004444,-0.955000082943,
    -1.480003675169E-09));
#5831 = LINE('',#5832,#5833);
#5832 = CARTESIAN_POINT('',(-2.074000004444,-0.955000082943,
    -1.480003675169E-09));
#5833 = VECTOR('',#5834,1.);
#5834 = DIRECTION('',(-1.,2.539070684121E-08,2.116016581747E-09));
#5835 = ORIENTED_EDGE('',*,*,#5836,.F.);
#5836 = EDGE_CURVE('',#5780,#5829,#5837,.T.);
#5837 = LINE('',#5838,#5839);
#5838 = CARTESIAN_POINT('',(-1.973999998519,-0.955000100716,
    0.10000000444));
#5839 = VECTOR('',#5840,1.);
#5840 = DIRECTION('',(-0.707106781191,1.256776603083E-07,-0.707106781182
    ));
#5841 = PLANE('',#5842);
#5842 = AXIS2_PLACEMENT_3D('',#5843,#5844,#5845);
#5843 = CARTESIAN_POINT('',(-2.874,-0.955000106641,5.E-02));
#5844 = DIRECTION('',(0.,-1.,0.));
#5845 = DIRECTION('',(0.,0.,-1.));
#5846 = ADVANCED_FACE('',(#5847),#5873,.F.);
#5847 = FACE_BOUND('',#5848,.F.);
#5848 = EDGE_LOOP('',(#5849,#5859,#5865,#5866,#5867));
#5849 = ORIENTED_EDGE('',*,*,#5850,.F.);
#5850 = EDGE_CURVE('',#5851,#5853,#5855,.T.);
#5851 = VERTEX_POINT('',#5852);
#5852 = CARTESIAN_POINT('',(-2.774000002962,-1.755000008887,
    2.960000244911E-09));
#5853 = VERTEX_POINT('',#5854);
#5854 = CARTESIAN_POINT('',(-2.849000000001,-1.83,7.5E-02));
#5855 = LINE('',#5856,#5857);
#5856 = CARTESIAN_POINT('',(-2.774000002962,-1.755000008887,
    2.960000244911E-09));
#5857 = VECTOR('',#5858,1.);
#5858 = DIRECTION('',(-0.577350284394,-0.57735023878,0.577350284394));
#5859 = ORIENTED_EDGE('',*,*,#5860,.F.);
#5860 = EDGE_CURVE('',#5821,#5851,#5861,.T.);
#5861 = LINE('',#5862,#5863);
#5862 = CARTESIAN_POINT('',(-2.774,-0.955000065169,0.));
#5863 = VECTOR('',#5864,1.);
#5864 = DIRECTION('',(-3.702811651343E-09,-1.,3.702798328666E-09));
#5865 = ORIENTED_EDGE('',*,*,#5820,.T.);
#5866 = ORIENTED_EDGE('',*,*,#2939,.T.);
#5867 = ORIENTED_EDGE('',*,*,#5868,.T.);
#5868 = EDGE_CURVE('',#2932,#5853,#5869,.T.);
#5869 = LINE('',#5870,#5871);
#5870 = CARTESIAN_POINT('',(-2.874,-1.805,9.999999999999E-02));
#5871 = VECTOR('',#5872,1.);
#5872 = DIRECTION('',(0.577350269186,-0.577350269197,-0.577350269186));
#5873 = PLANE('',#5874);
#5874 = AXIS2_PLACEMENT_3D('',#5875,#5876,#5877);
#5875 = CARTESIAN_POINT('',(-2.824,-1.13,5.E-02));
#5876 = DIRECTION('',(0.707106781187,0.,0.707106781187));
#5877 = DIRECTION('',(0.707106781187,0.,-0.707106781187));
#5878 = ADVANCED_FACE('',(#5879),#5911,.F.);
#5879 = FACE_BOUND('',#5880,.F.);
#5880 = EDGE_LOOP('',(#5881,#5889,#5895,#5896,#5904,#5910));
#5881 = ORIENTED_EDGE('',*,*,#5882,.F.);
#5882 = EDGE_CURVE('',#5883,#5853,#5885,.T.);
#5883 = VERTEX_POINT('',#5884);
#5884 = CARTESIAN_POINT('',(-2.77399992002,-1.905000079981,0.15000003851
    ));
#5885 = LINE('',#5886,#5887);
#5886 = CARTESIAN_POINT('',(-2.77399992002,-1.905000079981,0.15000003851
    ));
#5887 = VECTOR('',#5888,1.);
#5888 = DIRECTION('',(-0.577350375605,0.577350375605,-0.577350056358));
#5889 = ORIENTED_EDGE('',*,*,#5890,.F.);
#5890 = EDGE_CURVE('',#5796,#5883,#5891,.T.);
#5891 = LINE('',#5892,#5893);
#5892 = CARTESIAN_POINT('',(-1.974,-1.905000079981,0.15000002666));
#5893 = VECTOR('',#5894,1.);
#5894 = DIRECTION('',(-1.,0.,1.481249937581E-08));
#5895 = ORIENTED_EDGE('',*,*,#5795,.T.);
#5896 = ORIENTED_EDGE('',*,*,#5897,.F.);
#5897 = EDGE_CURVE('',#5898,#5788,#5900,.T.);
#5898 = VERTEX_POINT('',#5899);
#5899 = CARTESIAN_POINT('',(-2.074000013331,-1.755000022217,
    1.479996569742E-09));
#5900 = LINE('',#5901,#5902);
#5901 = CARTESIAN_POINT('',(-2.074000013331,-1.755000022217,
    1.479996569742E-09));
#5902 = VECTOR('',#5903,1.);
#5903 = DIRECTION('',(0.577350189383,-0.577350394606,0.57735022358));
#5904 = ORIENTED_EDGE('',*,*,#5905,.T.);
#5905 = EDGE_CURVE('',#5898,#5851,#5906,.T.);
#5906 = LINE('',#5907,#5908);
#5907 = CARTESIAN_POINT('',(-2.074000013331,-1.755000022217,
    1.479996569742E-09));
#5908 = VECTOR('',#5909,1.);
#5909 = DIRECTION('',(-1.,1.90430404427E-08,2.116006449046E-09));
#5910 = ORIENTED_EDGE('',*,*,#5850,.T.);
#5911 = PLANE('',#5912);
#5912 = AXIS2_PLACEMENT_3D('',#5913,#5914,#5915);
#5913 = CARTESIAN_POINT('',(-2.449,-1.83,7.5E-02));
#5914 = DIRECTION('',(0.,0.707106781187,0.707106781187));
#5915 = DIRECTION('',(0.,-0.707106781187,0.707106781187));
#5916 = ADVANCED_FACE('',(#5917),#5929,.T.);
#5917 = FACE_BOUND('',#5918,.F.);
#5918 = EDGE_LOOP('',(#5919,#5920,#5926,#5927,#5928));
#5919 = ORIENTED_EDGE('',*,*,#3040,.T.);
#5920 = ORIENTED_EDGE('',*,*,#5921,.F.);
#5921 = EDGE_CURVE('',#5883,#3033,#5922,.T.);
#5922 = LINE('',#5923,#5924);
#5923 = CARTESIAN_POINT('',(-2.77399992002,-1.905000079981,0.15000003851
    ));
#5924 = VECTOR('',#5925,1.);
#5925 = DIRECTION('',(1.742558385749E-08,-2.439499797749E-08,1.));
#5926 = ORIENTED_EDGE('',*,*,#5882,.T.);
#5927 = ORIENTED_EDGE('',*,*,#5868,.F.);
#5928 = ORIENTED_EDGE('',*,*,#2931,.T.);
#5929 = PLANE('',#5930);
#5930 = AXIS2_PLACEMENT_3D('',#5931,#5932,#5933);
#5931 = CARTESIAN_POINT('',(-2.824,-1.855,0.7));
#5932 = DIRECTION('',(-0.707106781187,-0.707106781187,0.));
#5933 = DIRECTION('',(-0.707106781187,0.707106781187,0.));
#5934 = ADVANCED_FACE('',(#5935),#5941,.T.);
#5935 = FACE_BOUND('',#5936,.F.);
#5936 = EDGE_LOOP('',(#5937,#5938,#5939,#5940));
#5937 = ORIENTED_EDGE('',*,*,#5803,.F.);
#5938 = ORIENTED_EDGE('',*,*,#5890,.T.);
#5939 = ORIENTED_EDGE('',*,*,#5921,.T.);
#5940 = ORIENTED_EDGE('',*,*,#3032,.T.);
#5941 = PLANE('',#5942);
#5942 = AXIS2_PLACEMENT_3D('',#5943,#5944,#5945);
#5943 = CARTESIAN_POINT('',(7.551,-1.905000106641,1.645));
#5944 = DIRECTION('',(0.,-1.,0.));
#5945 = DIRECTION('',(1.,0.,0.));
#5946 = ADVANCED_FACE('',(#5947),#5958,.F.);
#5947 = FACE_BOUND('',#5948,.F.);
#5948 = EDGE_LOOP('',(#5949,#5950,#5951,#5952));
#5949 = ORIENTED_EDGE('',*,*,#5897,.T.);
#5950 = ORIENTED_EDGE('',*,*,#5787,.T.);
#5951 = ORIENTED_EDGE('',*,*,#5836,.T.);
#5952 = ORIENTED_EDGE('',*,*,#5953,.F.);
#5953 = EDGE_CURVE('',#5898,#5829,#5954,.T.);
#5954 = LINE('',#5955,#5956);
#5955 = CARTESIAN_POINT('',(-2.074000013331,-1.755000022217,
    1.479996569742E-09));
#5956 = VECTOR('',#5957,1.);
#5957 = DIRECTION('',(1.110865595013E-08,1.,-3.702807231017E-09));
#5958 = PLANE('',#5959);
#5959 = AXIS2_PLACEMENT_3D('',#5960,#5961,#5962);
#5960 = CARTESIAN_POINT('',(-2.024,-1.355000106641,5.E-02));
#5961 = DIRECTION('',(-0.707106781187,0.,0.707106781187));
#5962 = DIRECTION('',(-0.707106781187,0.,-0.707106781187));
#5963 = ADVANCED_FACE('',(#5964),#5970,.F.);
#5964 = FACE_BOUND('',#5965,.F.);
#5965 = EDGE_LOOP('',(#5966,#5967,#5968,#5969));
#5966 = ORIENTED_EDGE('',*,*,#5860,.T.);
#5967 = ORIENTED_EDGE('',*,*,#5905,.F.);
#5968 = ORIENTED_EDGE('',*,*,#5953,.T.);
#5969 = ORIENTED_EDGE('',*,*,#5828,.T.);
#5970 = PLANE('',#5971);
#5971 = AXIS2_PLACEMENT_3D('',#5972,#5973,#5974);
#5972 = CARTESIAN_POINT('',(-2.824,-0.955,0.));
#5973 = DIRECTION('',(0.,0.,1.));
#5974 = DIRECTION('',(0.,-1.,0.));
#5975 = ADVANCED_FACE('',(#5976),#5994,.T.);
#5976 = FACE_BOUND('',#5977,.F.);
#5977 = EDGE_LOOP('',(#5978,#5979,#5980,#5988));
#5978 = ORIENTED_EDGE('',*,*,#3183,.F.);
#5979 = ORIENTED_EDGE('',*,*,#2546,.T.);
#5980 = ORIENTED_EDGE('',*,*,#5981,.F.);
#5981 = EDGE_CURVE('',#5982,#2539,#5984,.T.);
#5982 = VERTEX_POINT('',#5983);
#5983 = CARTESIAN_POINT('',(-1.499,-1.905000106641,2.8));
#5984 = LINE('',#5985,#5986);
#5985 = CARTESIAN_POINT('',(-1.499,-1.905000106641,2.8));
#5986 = VECTOR('',#5987,1.);
#5987 = DIRECTION('',(0.,0.,1.));
#5988 = ORIENTED_EDGE('',*,*,#5989,.T.);
#5989 = EDGE_CURVE('',#5982,#3184,#5990,.T.);
#5990 = LINE('',#5991,#5992);
#5991 = CARTESIAN_POINT('',(-1.499,-1.905000106641,2.8));
#5992 = VECTOR('',#5993,1.);
#5993 = DIRECTION('',(-0.832050233667,0.554700287231,0.));
#5994 = PLANE('',#5995);
#5995 = AXIS2_PLACEMENT_3D('',#5996,#5997,#5998);
#5996 = CARTESIAN_POINT('',(-1.799,-1.705000106641,3.85));
#5997 = DIRECTION('',(-0.554700196225,-0.832050294338,0.));
#5998 = DIRECTION('',(-0.832050294338,0.554700196225,0.));
#5999 = ADVANCED_FACE('',(#6000),#6026,.T.);
#6000 = FACE_BOUND('',#6001,.F.);
#6001 = EDGE_LOOP('',(#6002,#6003,#6011,#6019,#6025));
#6002 = ORIENTED_EDGE('',*,*,#2538,.T.);
#6003 = ORIENTED_EDGE('',*,*,#6004,.F.);
#6004 = EDGE_CURVE('',#6005,#2531,#6007,.T.);
#6005 = VERTEX_POINT('',#6006);
#6006 = CARTESIAN_POINT('',(-1.098999999968,-1.905000106641,
    3.70000000006));
#6007 = LINE('',#6008,#6009);
#6008 = CARTESIAN_POINT('',(-1.098999999968,-1.905000106641,
    3.70000000006));
#6009 = VECTOR('',#6010,1.);
#6010 = DIRECTION('',(-0.707106781156,0.,0.707106781217));
#6011 = ORIENTED_EDGE('',*,*,#6012,.T.);
#6012 = EDGE_CURVE('',#6005,#6013,#6015,.T.);
#6013 = VERTEX_POINT('',#6014);
#6014 = CARTESIAN_POINT('',(-1.098999999975,-1.905000106641,2.8));
#6015 = LINE('',#6016,#6017);
#6016 = CARTESIAN_POINT('',(-1.098999999968,-1.905000106641,
    3.70000000006));
#6017 = VECTOR('',#6018,1.);
#6018 = DIRECTION('',(-6.728444961234E-12,0.,-1.));
#6019 = ORIENTED_EDGE('',*,*,#6020,.F.);
#6020 = EDGE_CURVE('',#5982,#6013,#6021,.T.);
#6021 = LINE('',#6022,#6023);
#6022 = CARTESIAN_POINT('',(-1.499,-1.905000106641,2.8));
#6023 = VECTOR('',#6024,1.);
#6024 = DIRECTION('',(1.,0.,0.));
#6025 = ORIENTED_EDGE('',*,*,#5981,.T.);
#6026 = PLANE('',#6027);
#6027 = AXIS2_PLACEMENT_3D('',#6028,#6029,#6030);
#6028 = CARTESIAN_POINT('',(7.551,-1.905000106641,1.645));
#6029 = DIRECTION('',(0.,-1.,0.));
#6030 = DIRECTION('',(1.,0.,0.));
#6031 = ADVANCED_FACE('',(#6032),#6051,.T.);
#6032 = FACE_BOUND('',#6033,.F.);
#6033 = EDGE_LOOP('',(#6034,#6042,#6048,#6049,#6050));
#6034 = ORIENTED_EDGE('',*,*,#6035,.T.);
#6035 = EDGE_CURVE('',#1524,#6036,#6038,.T.);
#6036 = VERTEX_POINT('',#6037);
#6037 = CARTESIAN_POINT('',(-1.098999999957,2.114999893388,3.70000000005
    ));
#6038 = LINE('',#6039,#6040);
#6039 = CARTESIAN_POINT('',(-1.21900000581,2.234999946679,3.81999999999)
  );
#6040 = VECTOR('',#6041,1.);
#6041 = DIRECTION('',(0.577350202602,-0.577350430835,-0.577350174132));
#6042 = ORIENTED_EDGE('',*,*,#6043,.F.);
#6043 = EDGE_CURVE('',#6005,#6036,#6044,.T.);
#6044 = LINE('',#6045,#6046);
#6045 = CARTESIAN_POINT('',(-1.098999999968,-1.905000106641,
    3.70000000006));
#6046 = VECTOR('',#6047,1.);
#6047 = DIRECTION('',(2.957280633731E-12,1.,-1.406945317564E-12));
#6048 = ORIENTED_EDGE('',*,*,#6004,.T.);
#6049 = ORIENTED_EDGE('',*,*,#2530,.T.);
#6050 = ORIENTED_EDGE('',*,*,#1523,.T.);
#6051 = PLANE('',#6052);
#6052 = AXIS2_PLACEMENT_3D('',#6053,#6054,#6055);
#6053 = CARTESIAN_POINT('',(-1.173999999886,-9.0000106641E-02,
    3.77499999999));
#6054 = DIRECTION('',(0.707106781187,0.,0.707106781187));
#6055 = DIRECTION('',(-0.707106781187,0.,0.707106781187));
#6056 = ADVANCED_FACE('',(#6057),#6087,.F.);
#6057 = FACE_BOUND('',#6058,.F.);
#6058 = EDGE_LOOP('',(#6059,#6060,#6068,#6080,#6086));
#6059 = ORIENTED_EDGE('',*,*,#1531,.F.);
#6060 = ORIENTED_EDGE('',*,*,#6061,.T.);
#6061 = EDGE_CURVE('',#1532,#6062,#6064,.T.);
#6062 = VERTEX_POINT('',#6063);
#6063 = CARTESIAN_POINT('',(-0.998999999886,2.014999893359,2.89));
#6064 = LINE('',#6065,#6066);
#6065 = CARTESIAN_POINT('',(-1.21900000581,2.23499994668,2.89));
#6066 = VECTOR('',#6067,1.);
#6067 = DIRECTION('',(0.707106705018,-0.707106857355,0.));
#6068 = ORIENTED_EDGE('',*,*,#6069,.T.);
#6069 = EDGE_CURVE('',#6062,#6070,#6072,.T.);
#6070 = VERTEX_POINT('',#6071);
#6071 = CARTESIAN_POINT('',(-1.098999999886,2.114999893359,2.99000000061
    ));
#6072 = B_SPLINE_CURVE_WITH_KNOTS('',3,(#6073,#6074,#6075,#6076,#6077,
    #6078,#6079),.UNSPECIFIED.,.F.,.F.,(4,1,1,1,4),(0.,0.25,0.5,0.75,1.)
  ,.QUASI_UNIFORM_KNOTS.);
#6073 = CARTESIAN_POINT('',(-0.998999999886,2.014999893359,2.89));
#6074 = CARTESIAN_POINT('',(-1.013225889816,2.029225783289,2.89));
#6075 = CARTESIAN_POINT('',(-1.037697918327,2.0536978118,2.89562821828)
  );
#6076 = CARTESIAN_POINT('',(-1.067300300907,2.08330019438,2.91411946663)
  );
#6077 = CARTESIAN_POINT('',(-1.089604327086,2.105604220559,2.94293214949
    ));
#6078 = CARTESIAN_POINT('',(-1.099000000008,2.114999893481,2.96988155413
    ));
#6079 = CARTESIAN_POINT('',(-1.098999999886,2.114999893359,2.99000000061
    ));
#6080 = ORIENTED_EDGE('',*,*,#6081,.F.);
#6081 = EDGE_CURVE('',#6036,#6070,#6082,.T.);
#6082 = LINE('',#6083,#6084);
#6083 = CARTESIAN_POINT('',(-1.098999999957,2.114999893388,3.70000000005
    ));
#6084 = VECTOR('',#6085,1.);
#6085 = DIRECTION('',(3.309903212921E-11,-1.648446637752E-11,-1.));
#6086 = ORIENTED_EDGE('',*,*,#6035,.F.);
#6087 = PLANE('',#6088);
#6088 = AXIS2_PLACEMENT_3D('',#6089,#6090,#6091);
#6089 = CARTESIAN_POINT('',(-1.158999999886,2.174999893359,3.22));
#6090 = DIRECTION('',(-0.707106781187,-0.707106781187,0.));
#6091 = DIRECTION('',(0.707106781187,-0.707106781187,0.));
#6092 = ADVANCED_FACE('',(#6093),#6127,.F.);
#6093 = FACE_BOUND('',#6094,.F.);
#6094 = EDGE_LOOP('',(#6095,#6103,#6111,#6119,#6125,#6126));
#6095 = ORIENTED_EDGE('',*,*,#6096,.F.);
#6096 = EDGE_CURVE('',#6097,#1540,#6099,.T.);
#6097 = VERTEX_POINT('',#6098);
#6098 = CARTESIAN_POINT('',(1.000999999947,2.014999893359,2.89));
#6099 = LINE('',#6100,#6101);
#6100 = CARTESIAN_POINT('',(1.000999999947,2.014999893359,2.89));
#6101 = VECTOR('',#6102,1.);
#6102 = DIRECTION('',(0.707106705018,0.707106857355,0.));
#6103 = ORIENTED_EDGE('',*,*,#6104,.T.);
#6104 = EDGE_CURVE('',#6097,#6105,#6107,.T.);
#6105 = VERTEX_POINT('',#6106);
#6106 = CARTESIAN_POINT('',(1.000999999947,1.544999893359,2.89));
#6107 = LINE('',#6108,#6109);
#6108 = CARTESIAN_POINT('',(1.000999999947,2.014999893359,2.89));
#6109 = VECTOR('',#6110,1.);
#6110 = DIRECTION('',(-4.025149008428E-13,-1.,-1.511793054809E-14));
#6111 = ORIENTED_EDGE('',*,*,#6112,.F.);
#6112 = EDGE_CURVE('',#6113,#6105,#6115,.T.);
#6113 = VERTEX_POINT('',#6114);
#6114 = CARTESIAN_POINT('',(-0.998999999886,1.544999893359,2.89));
#6115 = LINE('',#6116,#6117);
#6116 = CARTESIAN_POINT('',(-0.998999999886,1.544999893359,2.89));
#6117 = VECTOR('',#6118,1.);
#6118 = DIRECTION('',(1.,0.,0.));
#6119 = ORIENTED_EDGE('',*,*,#6120,.T.);
#6120 = EDGE_CURVE('',#6113,#6062,#6121,.T.);
#6121 = LINE('',#6122,#6123);
#6122 = CARTESIAN_POINT('',(-0.998999999886,1.544999893359,2.89));
#6123 = VECTOR('',#6124,1.);
#6124 = DIRECTION('',(-4.47868692487E-13,1.,1.511793054808E-14));
#6125 = ORIENTED_EDGE('',*,*,#6061,.F.);
#6126 = ORIENTED_EDGE('',*,*,#1539,.T.);
#6127 = PLANE('',#6128);
#6128 = AXIS2_PLACEMENT_3D('',#6129,#6130,#6131);
#6129 = CARTESIAN_POINT('',(-9.374,-2.165002506641,2.89));
#6130 = DIRECTION('',(0.,0.,-1.));
#6131 = DIRECTION('',(1.,0.,0.));
#6132 = ADVANCED_FACE('',(#6133),#6163,.T.);
#6133 = FACE_BOUND('',#6134,.F.);
#6134 = EDGE_LOOP('',(#6135,#6143,#6151,#6161,#6162));
#6135 = ORIENTED_EDGE('',*,*,#6136,.T.);
#6136 = EDGE_CURVE('',#1548,#6137,#6139,.T.);
#6137 = VERTEX_POINT('',#6138);
#6138 = CARTESIAN_POINT('',(1.10099999997,2.114999893365,3.7));
#6139 = LINE('',#6140,#6141);
#6140 = CARTESIAN_POINT('',(1.221000005872,2.23499994668,3.81999999999)
  );
#6141 = VECTOR('',#6142,1.);
#6142 = DIRECTION('',(-0.57735020263,-0.577350430748,-0.57735017419));
#6143 = ORIENTED_EDGE('',*,*,#6144,.T.);
#6144 = EDGE_CURVE('',#6137,#6145,#6147,.T.);
#6145 = VERTEX_POINT('',#6146);
#6146 = CARTESIAN_POINT('',(1.100999999965,2.114999893362,2.99000000004)
  );
#6147 = LINE('',#6148,#6149);
#6148 = CARTESIAN_POINT('',(1.10099999997,2.114999893365,3.7));
#6149 = VECTOR('',#6150,1.);
#6150 = DIRECTION('',(-8.213148471683E-12,-4.667940525792E-12,-1.));
#6151 = ORIENTED_EDGE('',*,*,#6152,.F.);
#6152 = EDGE_CURVE('',#6097,#6145,#6153,.T.);
#6153 = B_SPLINE_CURVE_WITH_KNOTS('',3,(#6154,#6155,#6156,#6157,#6158,
    #6159,#6160),.UNSPECIFIED.,.F.,.F.,(4,1,1,1,4),(0.,0.25,0.5,0.75,1.)
  ,.QUASI_UNIFORM_KNOTS.);
#6154 = CARTESIAN_POINT('',(1.000999999947,2.014999893359,2.89));
#6155 = CARTESIAN_POINT('',(1.015225889809,2.029225783221,2.89));
#6156 = CARTESIAN_POINT('',(1.039697918245,2.053697811657,2.89562821824)
  );
#6157 = CARTESIAN_POINT('',(1.069300300783,2.083300194195,2.91411946647)
  );
#6158 = CARTESIAN_POINT('',(1.091604326991,2.105604220403,2.9429321492)
  );
#6159 = CARTESIAN_POINT('',(1.100999999973,2.114999893385,2.96988155375)
  );
#6160 = CARTESIAN_POINT('',(1.100999999947,2.114999893359,2.99000000013)
  );
#6161 = ORIENTED_EDGE('',*,*,#6096,.T.);
#6162 = ORIENTED_EDGE('',*,*,#1547,.T.);
#6163 = PLANE('',#6164);
#6164 = AXIS2_PLACEMENT_3D('',#6165,#6166,#6167);
#6165 = CARTESIAN_POINT('',(1.160999999947,2.174999893359,3.22));
#6166 = DIRECTION('',(-0.707106781187,0.707106781187,0.));
#6167 = DIRECTION('',(-0.707106781187,-0.707106781187,0.));
#6168 = ADVANCED_FACE('',(#6169),#6188,.F.);
#6169 = FACE_BOUND('',#6170,.F.);
#6170 = EDGE_LOOP('',(#6171,#6172,#6173,#6181,#6187));
#6171 = ORIENTED_EDGE('',*,*,#1555,.T.);
#6172 = ORIENTED_EDGE('',*,*,#2185,.T.);
#6173 = ORIENTED_EDGE('',*,*,#6174,.T.);
#6174 = EDGE_CURVE('',#2178,#6175,#6177,.T.);
#6175 = VERTEX_POINT('',#6176);
#6176 = CARTESIAN_POINT('',(1.10099999998,-1.905000106641,3.70000000001)
  );
#6177 = LINE('',#6178,#6179);
#6178 = CARTESIAN_POINT('',(1.250999999954,-1.905000106641,3.85));
#6179 = VECTOR('',#6180,1.);
#6180 = DIRECTION('',(-0.707106781146,0.,-0.707106781227));
#6181 = ORIENTED_EDGE('',*,*,#6182,.T.);
#6182 = EDGE_CURVE('',#6175,#6137,#6183,.T.);
#6183 = LINE('',#6184,#6185);
#6184 = CARTESIAN_POINT('',(1.10099999998,-1.905000106641,3.70000000001)
  );
#6185 = VECTOR('',#6186,1.);
#6186 = DIRECTION('',(-2.484469236197E-12,1.,-2.191723861545E-12));
#6187 = ORIENTED_EDGE('',*,*,#6136,.F.);
#6188 = PLANE('',#6189);
#6189 = AXIS2_PLACEMENT_3D('',#6190,#6191,#6192);
#6190 = CARTESIAN_POINT('',(1.175999999947,-9.0000106641E-02,
    3.77499999999));
#6191 = DIRECTION('',(0.707106781187,0.,-0.707106781187));
#6192 = DIRECTION('',(0.707106781187,0.,0.707106781187));
#6193 = ADVANCED_FACE('',(#6194),#6220,.F.);
#6194 = FACE_BOUND('',#6195,.F.);
#6195 = EDGE_LOOP('',(#6196,#6197,#6205,#6213,#6219));
#6196 = ORIENTED_EDGE('',*,*,#2177,.F.);
#6197 = ORIENTED_EDGE('',*,*,#6198,.F.);
#6198 = EDGE_CURVE('',#6199,#2170,#6201,.T.);
#6199 = VERTEX_POINT('',#6200);
#6200 = CARTESIAN_POINT('',(1.451,-1.905000106641,2.80000000002));
#6201 = LINE('',#6202,#6203);
#6202 = CARTESIAN_POINT('',(1.451,-1.905000106641,2.80000000002));
#6203 = VECTOR('',#6204,1.);
#6204 = DIRECTION('',(0.,0.,1.));
#6205 = ORIENTED_EDGE('',*,*,#6206,.T.);
#6206 = EDGE_CURVE('',#6199,#6207,#6209,.T.);
#6207 = VERTEX_POINT('',#6208);
#6208 = CARTESIAN_POINT('',(1.100999999989,-1.905000106641,2.80000000002
    ));
#6209 = LINE('',#6210,#6211);
#6210 = CARTESIAN_POINT('',(1.451,-1.905000106641,2.80000000002));
#6211 = VECTOR('',#6212,1.);
#6212 = DIRECTION('',(-1.,0.,-2.091025765174E-12));
#6213 = ORIENTED_EDGE('',*,*,#6214,.T.);
#6214 = EDGE_CURVE('',#6207,#6175,#6215,.T.);
#6215 = LINE('',#6216,#6217);
#6216 = CARTESIAN_POINT('',(1.100999999989,-1.905000106641,2.80000000002
    ));
#6217 = VECTOR('',#6218,1.);
#6218 = DIRECTION('',(-1.018839333896E-11,0.,1.));
#6219 = ORIENTED_EDGE('',*,*,#6174,.F.);
#6220 = PLANE('',#6221);
#6221 = AXIS2_PLACEMENT_3D('',#6222,#6223,#6224);
#6222 = CARTESIAN_POINT('',(-7.549,-1.905000106641,1.645));
#6223 = DIRECTION('',(0.,1.,0.));
#6224 = DIRECTION('',(-1.,0.,0.));
#6225 = ADVANCED_FACE('',(#6226),#6237,.T.);
#6226 = FACE_BOUND('',#6227,.F.);
#6227 = EDGE_LOOP('',(#6228,#6234,#6235,#6236));
#6228 = ORIENTED_EDGE('',*,*,#6229,.T.);
#6229 = EDGE_CURVE('',#3224,#6199,#6230,.T.);
#6230 = LINE('',#6231,#6232);
#6231 = CARTESIAN_POINT('',(1.751000005469,-1.705000055599,2.80000000002
    ));
#6232 = VECTOR('',#6233,1.);
#6233 = DIRECTION('',(-0.832050233667,-0.554700287231,
    -7.232435218173E-12));
#6234 = ORIENTED_EDGE('',*,*,#6198,.T.);
#6235 = ORIENTED_EDGE('',*,*,#2169,.T.);
#6236 = ORIENTED_EDGE('',*,*,#3231,.T.);
#6237 = PLANE('',#6238);
#6238 = AXIS2_PLACEMENT_3D('',#6239,#6240,#6241);
#6239 = CARTESIAN_POINT('',(1.451,-1.905000106641,3.85));
#6240 = DIRECTION('',(0.554700196225,-0.832050294338,0.));
#6241 = DIRECTION('',(-0.832050294338,-0.554700196225,0.));
#6242 = ADVANCED_FACE('',(#6243),#6254,.T.);
#6243 = FACE_BOUND('',#6244,.F.);
#6244 = EDGE_LOOP('',(#6245,#6246,#6247,#6253));
#6245 = ORIENTED_EDGE('',*,*,#6229,.F.);
#6246 = ORIENTED_EDGE('',*,*,#3223,.F.);
#6247 = ORIENTED_EDGE('',*,*,#6248,.F.);
#6248 = EDGE_CURVE('',#6207,#3216,#6249,.T.);
#6249 = LINE('',#6250,#6251);
#6250 = CARTESIAN_POINT('',(1.100999999989,-1.905000106641,2.80000000002
    ));
#6251 = VECTOR('',#6252,1.);
#6252 = DIRECTION('',(0.,1.,1.300292821262E-11));
#6253 = ORIENTED_EDGE('',*,*,#6206,.F.);
#6254 = PLANE('',#6255);
#6255 = AXIS2_PLACEMENT_3D('',#6256,#6257,#6258);
#6256 = CARTESIAN_POINT('',(1.326,-1.705000106641,2.80000000002));
#6257 = DIRECTION('',(0.,0.,-1.));
#6258 = DIRECTION('',(-1.,0.,0.));
#6259 = ADVANCED_FACE('',(#6260),#6281,.F.);
#6260 = FACE_BOUND('',#6261,.F.);
#6261 = EDGE_LOOP('',(#6262,#6263,#6264,#6265,#6266,#6267,#6275));
#6262 = ORIENTED_EDGE('',*,*,#6144,.F.);
#6263 = ORIENTED_EDGE('',*,*,#6182,.F.);
#6264 = ORIENTED_EDGE('',*,*,#6214,.F.);
#6265 = ORIENTED_EDGE('',*,*,#6248,.T.);
#6266 = ORIENTED_EDGE('',*,*,#3215,.T.);
#6267 = ORIENTED_EDGE('',*,*,#6268,.T.);
#6268 = EDGE_CURVE('',#3208,#6269,#6271,.T.);
#6269 = VERTEX_POINT('',#6270);
#6270 = CARTESIAN_POINT('',(1.100999999963,1.367222115581,2.99));
#6271 = LINE('',#6272,#6273);
#6272 = CARTESIAN_POINT('',(1.100999999981,-1.705000047396,2.99));
#6273 = VECTOR('',#6274,1.);
#6274 = DIRECTION('',(-5.84617356766E-12,1.,1.387678425713E-14));
#6275 = ORIENTED_EDGE('',*,*,#6276,.T.);
#6276 = EDGE_CURVE('',#6269,#6145,#6277,.T.);
#6277 = LINE('',#6278,#6279);
#6278 = CARTESIAN_POINT('',(1.100999999963,1.367222115581,2.99));
#6279 = VECTOR('',#6280,1.);
#6280 = DIRECTION('',(1.47994543811E-12,1.,5.761097394069E-11));
#6281 = PLANE('',#6282);
#6282 = AXIS2_PLACEMENT_3D('',#6283,#6284,#6285);
#6283 = CARTESIAN_POINT('',(1.100999999992,-1.665000106641,2.65000000002
    ));
#6284 = DIRECTION('',(1.,0.,0.));
#6285 = DIRECTION('',(0.,0.,-1.));
#6286 = ADVANCED_FACE('',(#6287),#6361,.F.);
#6287 = FACE_BOUND('',#6288,.F.);
#6288 = EDGE_LOOP('',(#6289,#6297,#6305,#6313,#6325,#6333,#6345,#6353,
    #6359,#6360));
#6289 = ORIENTED_EDGE('',*,*,#6290,.F.);
#6290 = EDGE_CURVE('',#6291,#3200,#6293,.T.);
#6291 = VERTEX_POINT('',#6292);
#6292 = CARTESIAN_POINT('',(-1.098999999932,1.367222115581,2.99));
#6293 = LINE('',#6294,#6295);
#6294 = CARTESIAN_POINT('',(-1.098999999932,1.367222115581,2.99));
#6295 = VECTOR('',#6296,1.);
#6296 = DIRECTION('',(-1.653216474467E-11,-1.,-1.156398688094E-14));
#6297 = ORIENTED_EDGE('',*,*,#6298,.T.);
#6298 = EDGE_CURVE('',#6291,#6299,#6301,.T.);
#6299 = VERTEX_POINT('',#6300);
#6300 = CARTESIAN_POINT('',(-0.42399999997,1.367222115581,2.99));
#6301 = LINE('',#6302,#6303);
#6302 = CARTESIAN_POINT('',(-1.098999999932,1.367222115581,2.99));
#6303 = VECTOR('',#6304,1.);
#6304 = DIRECTION('',(1.,-1.315819881111E-14,0.));
#6305 = ORIENTED_EDGE('',*,*,#6306,.T.);
#6306 = EDGE_CURVE('',#6299,#6307,#6309,.T.);
#6307 = VERTEX_POINT('',#6308);
#6308 = CARTESIAN_POINT('',(-0.42399999997,0.396015147814,2.99));
#6309 = LINE('',#6310,#6311);
#6310 = CARTESIAN_POINT('',(-0.42399999997,1.367222115581,2.99));
#6311 = VECTOR('',#6312,1.);
#6312 = DIRECTION('',(0.,-1.,-2.926431787835E-14));
#6313 = ORIENTED_EDGE('',*,*,#6314,.T.);
#6314 = EDGE_CURVE('',#6307,#6315,#6317,.T.);
#6315 = VERTEX_POINT('',#6316);
#6316 = CARTESIAN_POINT('',(-0.323999999971,0.294999893359,2.99));
#6317 = B_SPLINE_CURVE_WITH_KNOTS('',3,(#6318,#6319,#6320,#6321,#6322,
    #6323,#6324),.UNSPECIFIED.,.F.,.F.,(4,1,1,1,4),(0.,0.25,0.5,0.75,1.)
  ,.QUASI_UNIFORM_KNOTS.);
#6318 = CARTESIAN_POINT('',(-0.42399999997,0.396015147814,2.99));
#6319 = CARTESIAN_POINT('',(-0.42399999997,0.37926387661,2.99));
#6320 = CARTESIAN_POINT('',(-0.416820254455,0.352941079716,2.99));
#6321 = CARTESIAN_POINT('',(-0.396295192578,0.323212327979,2.99));
#6322 = CARTESIAN_POINT('',(-0.366890189529,0.302363517414,2.99));
#6323 = CARTESIAN_POINT('',(-0.340751271175,0.294999893359,2.99));
#6324 = CARTESIAN_POINT('',(-0.323999999971,0.294999893359,2.99));
#6325 = ORIENTED_EDGE('',*,*,#6326,.F.);
#6326 = EDGE_CURVE('',#6327,#6315,#6329,.T.);
#6327 = VERTEX_POINT('',#6328);
#6328 = CARTESIAN_POINT('',(0.32600000003,0.294999893359,2.99));
#6329 = LINE('',#6330,#6331);
#6330 = CARTESIAN_POINT('',(0.32600000003,0.294999893359,2.99));
#6331 = VECTOR('',#6332,1.);
#6332 = DIRECTION('',(-1.,0.,0.));
#6333 = ORIENTED_EDGE('',*,*,#6334,.T.);
#6334 = EDGE_CURVE('',#6327,#6335,#6337,.T.);
#6335 = VERTEX_POINT('',#6336);
#6336 = CARTESIAN_POINT('',(0.42600000003,0.396015147814,2.99));
#6337 = B_SPLINE_CURVE_WITH_KNOTS('',3,(#6338,#6339,#6340,#6341,#6342,
    #6343,#6344),.UNSPECIFIED.,.F.,.F.,(4,1,1,1,4),(0.,0.25,0.5,0.75,1.)
  ,.QUASI_UNIFORM_KNOTS.);
#6338 = CARTESIAN_POINT('',(0.326000000031,0.294999893359,2.99));
#6339 = CARTESIAN_POINT('',(0.342751271235,0.294999893359,2.99));
#6340 = CARTESIAN_POINT('',(0.368890189589,0.302363517414,2.99));
#6341 = CARTESIAN_POINT('',(0.398295192638,0.323212327979,2.99));
#6342 = CARTESIAN_POINT('',(0.418820254515,0.352941079716,2.99));
#6343 = CARTESIAN_POINT('',(0.42600000003,0.37926387661,2.99));
#6344 = CARTESIAN_POINT('',(0.42600000003,0.396015147814,2.99));
#6345 = ORIENTED_EDGE('',*,*,#6346,.F.);
#6346 = EDGE_CURVE('',#6347,#6335,#6349,.T.);
#6347 = VERTEX_POINT('',#6348);
#6348 = CARTESIAN_POINT('',(0.42600000003,1.367222115581,2.99));
#6349 = LINE('',#6350,#6351);
#6350 = CARTESIAN_POINT('',(0.42600000003,1.367222115581,2.99));
#6351 = VECTOR('',#6352,1.);
#6352 = DIRECTION('',(0.,-1.,-2.926431787835E-14));
#6353 = ORIENTED_EDGE('',*,*,#6354,.T.);
#6354 = EDGE_CURVE('',#6347,#6269,#6355,.T.);
#6355 = LINE('',#6356,#6357);
#6356 = CARTESIAN_POINT('',(0.42600000003,1.367222115581,2.99));
#6357 = VECTOR('',#6358,1.);
#6358 = DIRECTION('',(1.,7.763337298886E-14,1.052655904934E-14));
#6359 = ORIENTED_EDGE('',*,*,#6268,.F.);
#6360 = ORIENTED_EDGE('',*,*,#3207,.T.);
#6361 = PLANE('',#6362);
#6362 = AXIS2_PLACEMENT_3D('',#6363,#6364,#6365);
#6363 = CARTESIAN_POINT('',(0.426000007016,0.374999893359,2.99));
#6364 = DIRECTION('',(0.,2.22044604925E-14,-1.));
#6365 = DIRECTION('',(0.,-1.,-2.22044604925E-14));
#6366 = ADVANCED_FACE('',(#6367),#6386,.T.);
#6367 = FACE_BOUND('',#6368,.F.);
#6368 = EDGE_LOOP('',(#6369,#6370,#6376,#6377,#6378,#6384,#6385));
#6369 = ORIENTED_EDGE('',*,*,#6081,.T.);
#6370 = ORIENTED_EDGE('',*,*,#6371,.T.);
#6371 = EDGE_CURVE('',#6070,#6291,#6372,.T.);
#6372 = LINE('',#6373,#6374);
#6373 = CARTESIAN_POINT('',(-1.098999999933,2.114999893377,2.9900000002)
  );
#6374 = VECTOR('',#6375,1.);
#6375 = DIRECTION('',(9.822751824178E-13,-1.,-2.706566026214E-10));
#6376 = ORIENTED_EDGE('',*,*,#6290,.T.);
#6377 = ORIENTED_EDGE('',*,*,#3199,.F.);
#6378 = ORIENTED_EDGE('',*,*,#6379,.F.);
#6379 = EDGE_CURVE('',#6013,#3192,#6380,.T.);
#6380 = LINE('',#6381,#6382);
#6381 = CARTESIAN_POINT('',(-1.098999999975,-1.905000106641,2.8));
#6382 = VECTOR('',#6383,1.);
#6383 = DIRECTION('',(-5.833554132546E-11,1.,0.));
#6384 = ORIENTED_EDGE('',*,*,#6012,.F.);
#6385 = ORIENTED_EDGE('',*,*,#6043,.T.);
#6386 = PLANE('',#6387);
#6387 = AXIS2_PLACEMENT_3D('',#6388,#6389,#6390);
#6388 = CARTESIAN_POINT('',(-1.098999999992,-1.665000106641,
    2.65000000002));
#6389 = DIRECTION('',(1.,0.,0.));
#6390 = DIRECTION('',(0.,0.,-1.));
#6391 = ADVANCED_FACE('',(#6392),#6408,.F.);
#6392 = FACE_BOUND('',#6393,.F.);
#6393 = EDGE_LOOP('',(#6394,#6395,#6396,#6407));
#6394 = ORIENTED_EDGE('',*,*,#6069,.F.);
#6395 = ORIENTED_EDGE('',*,*,#6120,.F.);
#6396 = ORIENTED_EDGE('',*,*,#6397,.F.);
#6397 = EDGE_CURVE('',#6291,#6113,#6398,.T.);
#6398 = B_SPLINE_CURVE_WITH_KNOTS('',3,(#6399,#6400,#6401,#6402,#6403,
    #6404,#6405,#6406),.UNSPECIFIED.,.F.,.F.,(4,1,1,1,1,4),(0.,0.25,0.5,
    0.75,0.875,1.),.UNSPECIFIED.);
#6399 = CARTESIAN_POINT('',(-1.098999999886,1.367222115581,2.99));
#6400 = CARTESIAN_POINT('',(-1.098999999886,1.389300059872,2.97758115634
    ));
#6401 = CARTESIAN_POINT('',(-1.094601677645,1.429622478384,2.95489979592
    ));
#6402 = CARTESIAN_POINT('',(-1.078028103437,1.481411189415,2.92576864597
    ));
#6403 = CARTESIAN_POINT('',(-1.055741452418,1.51718155031,2.90564781797)
  );
#6404 = CARTESIAN_POINT('',(-1.02921388783,1.538216662536,2.89381556734)
  );
#6405 = CARTESIAN_POINT('',(-1.011665536807,1.544999893359,2.89));
#6406 = CARTESIAN_POINT('',(-0.998999999886,1.544999893359,2.89));
#6407 = ORIENTED_EDGE('',*,*,#6371,.F.);
#6408 = CYLINDRICAL_SURFACE('',#6409,0.1);
#6409 = AXIS2_PLACEMENT_3D('',#6410,#6411,#6412);
#6410 = CARTESIAN_POINT('',(-0.998999999886,-1.015000106641,2.99));
#6411 = DIRECTION('',(0.,1.,0.));
#6412 = DIRECTION('',(1.,0.,0.));
#6413 = ADVANCED_FACE('',(#6414),#6453,.F.);
#6414 = FACE_BOUND('',#6415,.F.);
#6415 = EDGE_LOOP('',(#6416,#6426,#6432,#6433,#6434,#6435,#6446,#6447));
#6416 = ORIENTED_EDGE('',*,*,#6417,.T.);
#6417 = EDGE_CURVE('',#6418,#6420,#6422,.T.);
#6418 = VERTEX_POINT('',#6419);
#6419 = CARTESIAN_POINT('',(0.42600000003,0.744999893359,3.34));
#6420 = VERTEX_POINT('',#6421);
#6421 = CARTESIAN_POINT('',(-0.42399999997,0.744999893359,3.34));
#6422 = LINE('',#6423,#6424);
#6423 = CARTESIAN_POINT('',(0.42600000003,0.744999893359,3.34));
#6424 = VECTOR('',#6425,1.);
#6425 = DIRECTION('',(-1.,5.747036833354E-14,0.));
#6426 = ORIENTED_EDGE('',*,*,#6427,.T.);
#6427 = EDGE_CURVE('',#6420,#6299,#6428,.T.);
#6428 = LINE('',#6429,#6430);
#6429 = CARTESIAN_POINT('',(-0.42399999997,0.744999893359,3.34));
#6430 = VECTOR('',#6431,1.);
#6431 = DIRECTION('',(0.,0.871575537124,-0.490261239633));
#6432 = ORIENTED_EDGE('',*,*,#6298,.F.);
#6433 = ORIENTED_EDGE('',*,*,#6397,.T.);
#6434 = ORIENTED_EDGE('',*,*,#6112,.T.);
#6435 = ORIENTED_EDGE('',*,*,#6436,.F.);
#6436 = EDGE_CURVE('',#6269,#6105,#6437,.T.);
#6437 = B_SPLINE_CURVE_WITH_KNOTS('',3,(#6438,#6439,#6440,#6441,#6442,
    #6443,#6444,#6445),.UNSPECIFIED.,.F.,.F.,(4,1,1,1,1,4),(0.,0.25,0.5,
    0.75,0.875,1.),.UNSPECIFIED.);
#6438 = CARTESIAN_POINT('',(1.100999999947,1.367222115581,2.99));
#6439 = CARTESIAN_POINT('',(1.100999999947,1.389300059872,2.97758115634)
  );
#6440 = CARTESIAN_POINT('',(1.096601677706,1.429622478384,2.95489979592)
  );
#6441 = CARTESIAN_POINT('',(1.080028103498,1.481411189415,2.92576864597)
  );
#6442 = CARTESIAN_POINT('',(1.057741452479,1.51718155031,2.90564781797)
  );
#6443 = CARTESIAN_POINT('',(1.031213887891,1.538216662536,2.89381556734)
  );
#6444 = CARTESIAN_POINT('',(1.013665536868,1.544999893359,2.89));
#6445 = CARTESIAN_POINT('',(1.000999999947,1.544999893359,2.89));
#6446 = ORIENTED_EDGE('',*,*,#6354,.F.);
#6447 = ORIENTED_EDGE('',*,*,#6448,.T.);
#6448 = EDGE_CURVE('',#6347,#6418,#6449,.T.);
#6449 = LINE('',#6450,#6451);
#6450 = CARTESIAN_POINT('',(0.42600000003,1.367222115581,2.99));
#6451 = VECTOR('',#6452,1.);
#6452 = DIRECTION('',(0.,-0.871575537124,0.490261239633));
#6453 = PLANE('',#6454);
#6454 = AXIS2_PLACEMENT_3D('',#6455,#6456,#6457);
#6455 = CARTESIAN_POINT('',(1.000000167E-03,1.144999893359,3.115));
#6456 = DIRECTION('',(0.,-0.490261239633,-0.871575537124));
#6457 = DIRECTION('',(0.,-0.871575537124,0.490261239633));
#6458 = ADVANCED_FACE('',(#6459),#6508,.T.);
#6459 = FACE_BOUND('',#6460,.F.);
#6460 = EDGE_LOOP('',(#6461,#6475,#6481,#6482,#6490,#6502));
#6461 = ORIENTED_EDGE('',*,*,#6462,.T.);
#6462 = EDGE_CURVE('',#6463,#6465,#6467,.T.);
#6463 = VERTEX_POINT('',#6464);
#6464 = CARTESIAN_POINT('',(-0.32399999997,0.344999893359,3.34));
#6465 = VERTEX_POINT('',#6466);
#6466 = CARTESIAN_POINT('',(-0.42399999997,0.446015147814,3.34));
#6467 = B_SPLINE_CURVE_WITH_KNOTS('',3,(#6468,#6469,#6470,#6471,#6472,
    #6473,#6474),.UNSPECIFIED.,.F.,.F.,(4,1,1,1,4),(0.,0.25,0.5,0.75,1.)
  ,.QUASI_UNIFORM_KNOTS.);
#6468 = CARTESIAN_POINT('',(-0.323999999971,0.344999893359,3.34));
#6469 = CARTESIAN_POINT('',(-0.340751271175,0.344999893359,3.34));
#6470 = CARTESIAN_POINT('',(-0.366890189529,0.352363517414,3.34));
#6471 = CARTESIAN_POINT('',(-0.396295192578,0.373212327979,3.34));
#6472 = CARTESIAN_POINT('',(-0.416820254455,0.402941079716,3.34));
#6473 = CARTESIAN_POINT('',(-0.42399999997,0.42926387661,3.34));
#6474 = CARTESIAN_POINT('',(-0.42399999997,0.446015147814,3.34));
#6475 = ORIENTED_EDGE('',*,*,#6476,.F.);
#6476 = EDGE_CURVE('',#6420,#6465,#6477,.T.);
#6477 = LINE('',#6478,#6479);
#6478 = CARTESIAN_POINT('',(-0.42399999997,0.744999893359,3.34));
#6479 = VECTOR('',#6480,1.);
#6480 = DIRECTION('',(0.,-1.,-2.37651835536E-14));
#6481 = ORIENTED_EDGE('',*,*,#6417,.F.);
#6482 = ORIENTED_EDGE('',*,*,#6483,.T.);
#6483 = EDGE_CURVE('',#6418,#6484,#6486,.T.);
#6484 = VERTEX_POINT('',#6485);
#6485 = CARTESIAN_POINT('',(0.42600000003,0.446015147814,3.34));
#6486 = LINE('',#6487,#6488);
#6487 = CARTESIAN_POINT('',(0.42600000003,0.744999893359,3.34));
#6488 = VECTOR('',#6489,1.);
#6489 = DIRECTION('',(0.,-1.,-2.37651835536E-14));
#6490 = ORIENTED_EDGE('',*,*,#6491,.T.);
#6491 = EDGE_CURVE('',#6484,#6492,#6494,.T.);
#6492 = VERTEX_POINT('',#6493);
#6493 = CARTESIAN_POINT('',(0.32600000003,0.344999893359,3.34));
#6494 = B_SPLINE_CURVE_WITH_KNOTS('',3,(#6495,#6496,#6497,#6498,#6499,
    #6500,#6501),.UNSPECIFIED.,.F.,.F.,(4,1,1,1,4),(0.,0.25,0.5,0.75,1.)
  ,.QUASI_UNIFORM_KNOTS.);
#6495 = CARTESIAN_POINT('',(0.42600000003,0.446015147814,3.34));
#6496 = CARTESIAN_POINT('',(0.42600000003,0.42926387661,3.34));
#6497 = CARTESIAN_POINT('',(0.418820254515,0.402941079716,3.34));
#6498 = CARTESIAN_POINT('',(0.398295192638,0.373212327979,3.34));
#6499 = CARTESIAN_POINT('',(0.368890189589,0.352363517414,3.34));
#6500 = CARTESIAN_POINT('',(0.342751271235,0.344999893359,3.34));
#6501 = CARTESIAN_POINT('',(0.326000000031,0.344999893359,3.34));
#6502 = ORIENTED_EDGE('',*,*,#6503,.F.);
#6503 = EDGE_CURVE('',#6463,#6492,#6504,.T.);
#6504 = LINE('',#6505,#6506);
#6505 = CARTESIAN_POINT('',(-0.32399999997,0.344999893359,3.34));
#6506 = VECTOR('',#6507,1.);
#6507 = DIRECTION('',(1.,0.,0.));
#6508 = PLANE('',#6509);
#6509 = AXIS2_PLACEMENT_3D('',#6510,#6511,#6512);
#6510 = CARTESIAN_POINT('',(-1.94899999997,0.644999893359,3.34));
#6511 = DIRECTION('',(0.,0.,1.));
#6512 = DIRECTION('',(0.,-1.,0.));
#6513 = ADVANCED_FACE('',(#6514),#6530,.T.);
#6514 = FACE_BOUND('',#6515,.T.);
#6515 = EDGE_LOOP('',(#6516,#6522,#6523,#6529));
#6516 = ORIENTED_EDGE('',*,*,#6517,.T.);
#6517 = EDGE_CURVE('',#6315,#6463,#6518,.T.);
#6518 = LINE('',#6519,#6520);
#6519 = CARTESIAN_POINT('',(-0.32399999997,0.294999893359,2.99));
#6520 = VECTOR('',#6521,1.);
#6521 = DIRECTION('',(0.,0.141421356237,0.989949493661));
#6522 = ORIENTED_EDGE('',*,*,#6462,.T.);
#6523 = ORIENTED_EDGE('',*,*,#6524,.F.);
#6524 = EDGE_CURVE('',#6307,#6465,#6525,.T.);
#6525 = LINE('',#6526,#6527);
#6526 = CARTESIAN_POINT('',(-0.42399999997,0.396015147814,2.99));
#6527 = VECTOR('',#6528,1.);
#6528 = DIRECTION('',(0.,0.141421356237,0.989949493661));
#6529 = ORIENTED_EDGE('',*,*,#6314,.T.);
#6530 = CYLINDRICAL_SURFACE('',#6531,0.1);
#6531 = AXIS2_PLACEMENT_3D('',#6532,#6533,#6534);
#6532 = CARTESIAN_POINT('',(-0.32399999997,0.213158004957,1.71));
#6533 = DIRECTION('',(0.,-0.141421356237,-0.989949493661));
#6534 = DIRECTION('',(0.,0.989949493661,-0.141421356237));
#6535 = ADVANCED_FACE('',(#6536),#6542,.T.);
#6536 = FACE_BOUND('',#6537,.F.);
#6537 = EDGE_LOOP('',(#6538,#6539,#6540,#6541));
#6538 = ORIENTED_EDGE('',*,*,#6476,.T.);
#6539 = ORIENTED_EDGE('',*,*,#6524,.F.);
#6540 = ORIENTED_EDGE('',*,*,#6306,.F.);
#6541 = ORIENTED_EDGE('',*,*,#6427,.F.);
#6542 = PLANE('',#6543);
#6543 = AXIS2_PLACEMENT_3D('',#6544,#6545,#6546);
#6544 = CARTESIAN_POINT('',(-0.42399999997,0.644999893359,2.94));
#6545 = DIRECTION('',(-1.,0.,0.));
#6546 = DIRECTION('',(0.,1.,0.));
#6547 = ADVANCED_FACE('',(#6548),#6559,.F.);
#6548 = FACE_BOUND('',#6549,.F.);
#6549 = EDGE_LOOP('',(#6550,#6551,#6552,#6558));
#6550 = ORIENTED_EDGE('',*,*,#6517,.T.);
#6551 = ORIENTED_EDGE('',*,*,#6503,.T.);
#6552 = ORIENTED_EDGE('',*,*,#6553,.T.);
#6553 = EDGE_CURVE('',#6492,#6327,#6554,.T.);
#6554 = LINE('',#6555,#6556);
#6555 = CARTESIAN_POINT('',(0.32600000003,0.344999893359,3.34));
#6556 = VECTOR('',#6557,1.);
#6557 = DIRECTION('',(0.,-0.141421356237,-0.989949493661));
#6558 = ORIENTED_EDGE('',*,*,#6326,.T.);
#6559 = PLANE('',#6560);
#6560 = AXIS2_PLACEMENT_3D('',#6561,#6562,#6563);
#6561 = CARTESIAN_POINT('',(0.42600000003,0.294999893359,2.99));
#6562 = DIRECTION('',(0.,0.989949493661,-0.141421356237));
#6563 = DIRECTION('',(0.,-0.141421356237,-0.989949493661));
#6564 = ADVANCED_FACE('',(#6565),#6576,.T.);
#6565 = FACE_BOUND('',#6566,.T.);
#6566 = EDGE_LOOP('',(#6567,#6568,#6569,#6575));
#6567 = ORIENTED_EDGE('',*,*,#6553,.T.);
#6568 = ORIENTED_EDGE('',*,*,#6334,.T.);
#6569 = ORIENTED_EDGE('',*,*,#6570,.F.);
#6570 = EDGE_CURVE('',#6484,#6335,#6571,.T.);
#6571 = LINE('',#6572,#6573);
#6572 = CARTESIAN_POINT('',(0.42600000003,0.446015147814,3.34));
#6573 = VECTOR('',#6574,1.);
#6574 = DIRECTION('',(0.,-0.141421356237,-0.989949493661));
#6575 = ORIENTED_EDGE('',*,*,#6491,.T.);
#6576 = CYLINDRICAL_SURFACE('',#6577,0.1);
#6577 = AXIS2_PLACEMENT_3D('',#6578,#6579,#6580);
#6578 = CARTESIAN_POINT('',(0.32600000003,0.213158004957,1.71));
#6579 = DIRECTION('',(0.,-0.141421356237,-0.989949493661));
#6580 = DIRECTION('',(0.,0.989949493661,-0.141421356237));
#6581 = ADVANCED_FACE('',(#6582),#6588,.F.);
#6582 = FACE_BOUND('',#6583,.F.);
#6583 = EDGE_LOOP('',(#6584,#6585,#6586,#6587));
#6584 = ORIENTED_EDGE('',*,*,#6346,.T.);
#6585 = ORIENTED_EDGE('',*,*,#6570,.F.);
#6586 = ORIENTED_EDGE('',*,*,#6483,.F.);
#6587 = ORIENTED_EDGE('',*,*,#6448,.F.);
#6588 = PLANE('',#6589);
#6589 = AXIS2_PLACEMENT_3D('',#6590,#6591,#6592);
#6590 = CARTESIAN_POINT('',(0.42600000003,0.644999893359,2.94));
#6591 = DIRECTION('',(-1.,0.,0.));
#6592 = DIRECTION('',(0.,1.,0.));
#6593 = ADVANCED_FACE('',(#6594),#6600,.F.);
#6594 = FACE_BOUND('',#6595,.F.);
#6595 = EDGE_LOOP('',(#6596,#6597,#6598,#6599));
#6596 = ORIENTED_EDGE('',*,*,#6152,.T.);
#6597 = ORIENTED_EDGE('',*,*,#6276,.F.);
#6598 = ORIENTED_EDGE('',*,*,#6436,.T.);
#6599 = ORIENTED_EDGE('',*,*,#6104,.F.);
#6600 = CYLINDRICAL_SURFACE('',#6601,0.1);
#6601 = AXIS2_PLACEMENT_3D('',#6602,#6603,#6604);
#6602 = CARTESIAN_POINT('',(1.000999999947,-1.015000106641,2.99));
#6603 = DIRECTION('',(0.,1.,0.));
#6604 = DIRECTION('',(-1.,0.,0.));
#6605 = ADVANCED_FACE('',(#6606),#6612,.T.);
#6606 = FACE_BOUND('',#6607,.F.);
#6607 = EDGE_LOOP('',(#6608,#6609,#6610,#6611));
#6608 = ORIENTED_EDGE('',*,*,#6020,.T.);
#6609 = ORIENTED_EDGE('',*,*,#6379,.T.);
#6610 = ORIENTED_EDGE('',*,*,#3191,.F.);
#6611 = ORIENTED_EDGE('',*,*,#5989,.F.);
#6612 = PLANE('',#6613);
#6613 = AXIS2_PLACEMENT_3D('',#6614,#6615,#6616);
#6614 = CARTESIAN_POINT('',(-2.824,-1.855000106641,2.8));
#6615 = DIRECTION('',(0.,0.,-1.));
#6616 = DIRECTION('',(-1.,0.,0.));
#6617 = ADVANCED_FACE('',(#6618),#6624,.T.);
#6618 = FACE_BOUND('',#6619,.F.);
#6619 = EDGE_LOOP('',(#6620,#6621,#6622,#6623));
#6620 = ORIENTED_EDGE('',*,*,#3065,.T.);
#6621 = ORIENTED_EDGE('',*,*,#2970,.F.);
#6622 = ORIENTED_EDGE('',*,*,#2649,.T.);
#6623 = ORIENTED_EDGE('',*,*,#2586,.T.);
#6624 = PLANE('',#6625);
#6625 = AXIS2_PLACEMENT_3D('',#6626,#6627,#6628);
#6626 = CARTESIAN_POINT('',(-2.824,2.E-02,3.8));
#6627 = DIRECTION('',(-0.707106781186,0.,0.707106781187));
#6628 = DIRECTION('',(0.707106781187,0.,0.707106781186));
#6629 = ADVANCED_FACE('',(#6630),#6655,.F.);
#6630 = FACE_BOUND('',#6631,.F.);
#6631 = EDGE_LOOP('',(#6632,#6640,#6641,#6649));
#6632 = ORIENTED_EDGE('',*,*,#6633,.T.);
#6633 = EDGE_CURVE('',#6634,#3083,#6636,.T.);
#6634 = VERTEX_POINT('',#6635);
#6635 = CARTESIAN_POINT('',(-2.3915,-1.055,1.91999999989));
#6636 = LINE('',#6637,#6638);
#6637 = CARTESIAN_POINT('',(-2.3915,-1.055,1.91999999989));
#6638 = VECTOR('',#6639,1.);
#6639 = DIRECTION('',(0.10547438309,0.703162553935,-0.703162553935));
#6640 = ORIENTED_EDGE('',*,*,#3080,.F.);
#6641 = ORIENTED_EDGE('',*,*,#6642,.T.);
#6642 = EDGE_CURVE('',#3081,#6643,#6645,.T.);
#6643 = VERTEX_POINT('',#6644);
#6644 = CARTESIAN_POINT('',(-2.5315,-1.055,1.91999999989));
#6645 = LINE('',#6646,#6647);
#6646 = CARTESIAN_POINT('',(-2.5465,-0.955,1.81999999989));
#6647 = VECTOR('',#6648,1.);
#6648 = DIRECTION('',(0.10547438309,-0.703162553935,0.703162553935));
#6649 = ORIENTED_EDGE('',*,*,#6650,.F.);
#6650 = EDGE_CURVE('',#6634,#6643,#6651,.T.);
#6651 = LINE('',#6652,#6653);
#6652 = CARTESIAN_POINT('',(-2.3915,-1.055,1.91999999989));
#6653 = VECTOR('',#6654,1.);
#6654 = DIRECTION('',(-1.,0.,0.));
#6655 = PLANE('',#6656);
#6656 = AXIS2_PLACEMENT_3D('',#6657,#6658,#6659);
#6657 = CARTESIAN_POINT('',(-2.4615,-0.955,1.81999999989));
#6658 = DIRECTION('',(0.,0.707106781187,0.707106781187));
#6659 = DIRECTION('',(0.,-0.707106781187,0.707106781187));
#6660 = ADVANCED_FACE('',(#6661),#6679,.T.);
#6661 = FACE_BOUND('',#6662,.F.);
#6662 = EDGE_LOOP('',(#6663,#6664,#6672,#6678));
#6663 = ORIENTED_EDGE('',*,*,#6633,.F.);
#6664 = ORIENTED_EDGE('',*,*,#6665,.F.);
#6665 = EDGE_CURVE('',#6666,#6634,#6668,.T.);
#6666 = VERTEX_POINT('',#6667);
#6667 = CARTESIAN_POINT('',(-2.3915,-1.055,3.01999999989));
#6668 = LINE('',#6669,#6670);
#6669 = CARTESIAN_POINT('',(-2.3915,-1.055,3.01999999989));
#6670 = VECTOR('',#6671,1.);
#6671 = DIRECTION('',(0.,0.,-1.));
#6672 = ORIENTED_EDGE('',*,*,#6673,.T.);
#6673 = EDGE_CURVE('',#6666,#3091,#6674,.T.);
#6674 = LINE('',#6675,#6676);
#6675 = CARTESIAN_POINT('',(-2.3915,-1.055,3.01999999989));
#6676 = VECTOR('',#6677,1.);
#6677 = DIRECTION('',(0.10547438309,0.703162553935,0.703162553935));
#6678 = ORIENTED_EDGE('',*,*,#3090,.T.);
#6679 = PLANE('',#6680);
#6680 = AXIS2_PLACEMENT_3D('',#6681,#6682,#6683);
#6681 = CARTESIAN_POINT('',(-2.3765,-0.955,2.46999999989));
#6682 = DIRECTION('',(0.988936352868,-0.14834045293,0.));
#6683 = DIRECTION('',(0.14834045293,0.988936352868,0.));
#6684 = ADVANCED_FACE('',(#6685),#6703,.T.);
#6685 = FACE_BOUND('',#6686,.F.);
#6686 = EDGE_LOOP('',(#6687,#6695,#6696,#6697));
#6687 = ORIENTED_EDGE('',*,*,#6688,.F.);
#6688 = EDGE_CURVE('',#6666,#6689,#6691,.T.);
#6689 = VERTEX_POINT('',#6690);
#6690 = CARTESIAN_POINT('',(-2.5315,-1.055,3.01999999989));
#6691 = LINE('',#6692,#6693);
#6692 = CARTESIAN_POINT('',(-2.3915,-1.055,3.01999999989));
#6693 = VECTOR('',#6694,1.);
#6694 = DIRECTION('',(-1.,0.,0.));
#6695 = ORIENTED_EDGE('',*,*,#6665,.T.);
#6696 = ORIENTED_EDGE('',*,*,#6650,.T.);
#6697 = ORIENTED_EDGE('',*,*,#6698,.T.);
#6698 = EDGE_CURVE('',#6643,#6689,#6699,.T.);
#6699 = LINE('',#6700,#6701);
#6700 = CARTESIAN_POINT('',(-2.5315,-1.055,1.91999999989));
#6701 = VECTOR('',#6702,1.);
#6702 = DIRECTION('',(0.,0.,1.));
#6703 = PLANE('',#6704);
#6704 = AXIS2_PLACEMENT_3D('',#6705,#6706,#6707);
#6705 = CARTESIAN_POINT('',(-2.3615,-1.055,3.41999999989));
#6706 = DIRECTION('',(0.,-1.,0.));
#6707 = DIRECTION('',(0.,0.,-1.));
#6708 = ADVANCED_FACE('',(#6709),#6720,.T.);
#6709 = FACE_BOUND('',#6710,.F.);
#6710 = EDGE_LOOP('',(#6711,#6717,#6718,#6719));
#6711 = ORIENTED_EDGE('',*,*,#6712,.T.);
#6712 = EDGE_CURVE('',#6689,#3099,#6713,.T.);
#6713 = LINE('',#6714,#6715);
#6714 = CARTESIAN_POINT('',(-2.5315,-1.055,3.01999999989));
#6715 = VECTOR('',#6716,1.);
#6716 = DIRECTION('',(-0.10547438309,0.703162553935,0.703162553935));
#6717 = ORIENTED_EDGE('',*,*,#3098,.T.);
#6718 = ORIENTED_EDGE('',*,*,#6673,.F.);
#6719 = ORIENTED_EDGE('',*,*,#6688,.T.);
#6720 = PLANE('',#6721);
#6721 = AXIS2_PLACEMENT_3D('',#6722,#6723,#6724);
#6722 = CARTESIAN_POINT('',(-2.4615,-0.955,3.11999999989));
#6723 = DIRECTION('',(0.,-0.707106781187,0.707106781187));
#6724 = DIRECTION('',(0.,-0.707106781187,-0.707106781187));
#6725 = ADVANCED_FACE('',(#6726),#6732,.F.);
#6726 = FACE_BOUND('',#6727,.F.);
#6727 = EDGE_LOOP('',(#6728,#6729,#6730,#6731));
#6728 = ORIENTED_EDGE('',*,*,#6642,.F.);
#6729 = ORIENTED_EDGE('',*,*,#3106,.F.);
#6730 = ORIENTED_EDGE('',*,*,#6712,.F.);
#6731 = ORIENTED_EDGE('',*,*,#6698,.F.);
#6732 = PLANE('',#6733);
#6733 = AXIS2_PLACEMENT_3D('',#6734,#6735,#6736);
#6734 = CARTESIAN_POINT('',(-2.5465,-0.955,2.46999999989));
#6735 = DIRECTION('',(0.988936352868,0.14834045293,0.));
#6736 = DIRECTION('',(0.14834045293,-0.988936352868,0.));
#6737 = ADVANCED_FACE('',(#6738),#6764,.T.);
#6738 = FACE_BOUND('',#6739,.F.);
#6739 = EDGE_LOOP('',(#6740,#6741,#6749,#6757,#6763));
#6740 = ORIENTED_EDGE('',*,*,#2273,.T.);
#6741 = ORIENTED_EDGE('',*,*,#6742,.F.);
#6742 = EDGE_CURVE('',#6743,#2266,#6745,.T.);
#6743 = VERTEX_POINT('',#6744);
#6744 = CARTESIAN_POINT('',(-2.349,-0.221666748425,0.30000000355));
#6745 = LINE('',#6746,#6747);
#6746 = CARTESIAN_POINT('',(-2.349,-0.221666748425,0.30000000355));
#6747 = VECTOR('',#6748,1.);
#6748 = DIRECTION('',(0.6882472029,-0.229415689446,-0.688247215132));
#6749 = ORIENTED_EDGE('',*,*,#6750,.T.);
#6750 = EDGE_CURVE('',#6743,#6751,#6753,.T.);
#6751 = VERTEX_POINT('',#6752);
#6752 = CARTESIAN_POINT('',(-2.349,-0.205000040161,0.35000002526));
#6753 = LINE('',#6754,#6755);
#6754 = CARTESIAN_POINT('',(-2.349,-0.221666748425,0.30000000355));
#6755 = VECTOR('',#6756,1.);
#6756 = DIRECTION('',(0.,0.316228352804,0.948683102455));
#6757 = ORIENTED_EDGE('',*,*,#6758,.F.);
#6758 = EDGE_CURVE('',#2955,#6751,#6759,.T.);
#6759 = LINE('',#6760,#6761);
#6760 = CARTESIAN_POINT('',(-2.874,-0.205000037325,0.35000003377));
#6761 = VECTOR('',#6762,1.);
#6762 = DIRECTION('',(1.,-5.402073708995E-09,-1.620249923646E-08));
#6763 = ORIENTED_EDGE('',*,*,#2954,.T.);
#6764 = PLANE('',#6765);
#6765 = AXIS2_PLACEMENT_3D('',#6766,#6767,#6768);
#6766 = CARTESIAN_POINT('',(-2.549,-0.230000106641,0.275));
#6767 = DIRECTION('',(0.,0.948683298051,-0.316227766017));
#6768 = DIRECTION('',(0.,-0.316227766017,-0.948683298051));
#6769 = ADVANCED_FACE('',(#6770),#6781,.F.);
#6770 = FACE_BOUND('',#6771,.F.);
#6771 = EDGE_LOOP('',(#6772,#6773,#6774,#6775));
#6772 = ORIENTED_EDGE('',*,*,#6742,.T.);
#6773 = ORIENTED_EDGE('',*,*,#2265,.T.);
#6774 = ORIENTED_EDGE('',*,*,#2497,.F.);
#6775 = ORIENTED_EDGE('',*,*,#6776,.F.);
#6776 = EDGE_CURVE('',#6743,#2490,#6777,.T.);
#6777 = LINE('',#6778,#6779);
#6778 = CARTESIAN_POINT('',(-2.349,-0.221666748425,0.30000000355));
#6779 = VECTOR('',#6780,1.);
#6780 = DIRECTION('',(0.,1.,-1.610873386395E-09));
#6781 = PLANE('',#6782);
#6782 = AXIS2_PLACEMENT_3D('',#6783,#6784,#6785);
#6783 = CARTESIAN_POINT('',(-2.299,0.864999893359,0.25));
#6784 = DIRECTION('',(0.707106781187,0.,0.707106781187));
#6785 = DIRECTION('',(-0.707106781187,0.,0.707106781187));
#6786 = ADVANCED_FACE('',(#6787),#6807,.T.);
#6787 = FACE_BOUND('',#6788,.F.);
#6788 = EDGE_LOOP('',(#6789,#6795,#6796,#6797,#6798,#6804,#6805,#6806));
#6789 = ORIENTED_EDGE('',*,*,#6790,.F.);
#6790 = EDGE_CURVE('',#2635,#2482,#6791,.T.);
#6791 = LINE('',#6792,#6793);
#6792 = CARTESIAN_POINT('',(-2.349,0.994999922982,3.75));
#6793 = VECTOR('',#6794,1.);
#6794 = DIRECTION('',(0.,1.,0.));
#6795 = ORIENTED_EDGE('',*,*,#2634,.T.);
#6796 = ORIENTED_EDGE('',*,*,#2626,.F.);
#6797 = ORIENTED_EDGE('',*,*,#2882,.T.);
#6798 = ORIENTED_EDGE('',*,*,#6799,.T.);
#6799 = EDGE_CURVE('',#2875,#6751,#6800,.T.);
#6800 = LINE('',#6801,#6802);
#6801 = CARTESIAN_POINT('',(-2.349,-0.205000008168,0.57));
#6802 = VECTOR('',#6803,1.);
#6803 = DIRECTION('',(-8.07435019705E-14,-1.454213805361E-07,-1.));
#6804 = ORIENTED_EDGE('',*,*,#6750,.F.);
#6805 = ORIENTED_EDGE('',*,*,#6776,.T.);
#6806 = ORIENTED_EDGE('',*,*,#2489,.T.);
#6807 = PLANE('',#6808);
#6808 = AXIS2_PLACEMENT_3D('',#6809,#6810,#6811);
#6809 = CARTESIAN_POINT('',(-2.349,-5.000106641E-03,1.74));
#6810 = DIRECTION('',(-1.,0.,0.));
#6811 = DIRECTION('',(0.,0.,1.));
#6812 = ADVANCED_FACE('',(#6813),#6819,.T.);
#6813 = FACE_BOUND('',#6814,.F.);
#6814 = EDGE_LOOP('',(#6815,#6816,#6817,#6818));
#6815 = ORIENTED_EDGE('',*,*,#2481,.T.);
#6816 = ORIENTED_EDGE('',*,*,#2522,.F.);
#6817 = ORIENTED_EDGE('',*,*,#2642,.T.);
#6818 = ORIENTED_EDGE('',*,*,#6790,.T.);
#6819 = PLANE('',#6820);
#6820 = AXIS2_PLACEMENT_3D('',#6821,#6822,#6823);
#6821 = CARTESIAN_POINT('',(-2.299,1.489999893359,3.8));
#6822 = DIRECTION('',(-0.707106781187,0.,0.707106781187));
#6823 = DIRECTION('',(-0.707106781187,0.,-0.707106781187));
#6824 = ADVANCED_FACE('',(#6825),#6831,.T.);
#6825 = FACE_BOUND('',#6826,.F.);
#6826 = EDGE_LOOP('',(#6827,#6828,#6829,#6830));
#6827 = ORIENTED_EDGE('',*,*,#2874,.T.);
#6828 = ORIENTED_EDGE('',*,*,#2962,.T.);
#6829 = ORIENTED_EDGE('',*,*,#6758,.T.);
#6830 = ORIENTED_EDGE('',*,*,#6799,.F.);
#6831 = PLANE('',#6832);
#6832 = AXIS2_PLACEMENT_3D('',#6833,#6834,#6835);
#6833 = CARTESIAN_POINT('',(-2.574,-0.205,0.245));
#6834 = DIRECTION('',(0.,1.,0.));
#6835 = DIRECTION('',(-1.,0.,0.));
#6836 = ADVANCED_FACE('',(#6837),#6863,.F.);
#6837 = FACE_BOUND('',#6838,.F.);
#6838 = EDGE_LOOP('',(#6839,#6840,#6841,#6849,#6857));
#6839 = ORIENTED_EDGE('',*,*,#2890,.T.);
#6840 = ORIENTED_EDGE('',*,*,#2760,.F.);
#6841 = ORIENTED_EDGE('',*,*,#6842,.F.);
#6842 = EDGE_CURVE('',#6843,#2753,#6845,.T.);
#6843 = VERTEX_POINT('',#6844);
#6844 = CARTESIAN_POINT('',(-2.3715,-6.8333333333E-02,8.333333322E-02));
#6845 = LINE('',#6846,#6847);
#6846 = CARTESIAN_POINT('',(-2.3715,-6.8333333333E-02,8.333333322E-02));
#6847 = VECTOR('',#6848,1.);
#6848 = DIRECTION('',(0.132972662153,0.443242207168,0.886484414361));
#6849 = ORIENTED_EDGE('',*,*,#6850,.T.);
#6850 = EDGE_CURVE('',#6843,#6851,#6853,.T.);
#6851 = VERTEX_POINT('',#6852);
#6852 = CARTESIAN_POINT('',(-2.3915,-0.135,0.14999999989));
#6853 = LINE('',#6854,#6855);
#6854 = CARTESIAN_POINT('',(-2.3715,-6.8333333333E-02,8.333333322E-02));
#6855 = VECTOR('',#6856,1.);
#6856 = DIRECTION('',(-0.207514339156,-0.691714463862,0.691714463872));
#6857 = ORIENTED_EDGE('',*,*,#6858,.T.);
#6858 = EDGE_CURVE('',#6851,#2891,#6859,.T.);
#6859 = LINE('',#6860,#6861);
#6860 = CARTESIAN_POINT('',(-2.3915,-0.135,0.14999999989));
#6861 = VECTOR('',#6862,1.);
#6862 = DIRECTION('',(4.398597886876E-13,0.,1.));
#6863 = PLANE('',#6864);
#6864 = AXIS2_PLACEMENT_3D('',#6865,#6866,#6867);
#6865 = CARTESIAN_POINT('',(-2.3765,-8.5E-02,0.45999999989));
#6866 = DIRECTION('',(-0.957826285221,0.287347885566,0.));
#6867 = DIRECTION('',(-0.287347885566,-0.957826285221,0.));
#6868 = ADVANCED_FACE('',(#6869),#6895,.T.);
#6869 = FACE_BOUND('',#6870,.F.);
#6870 = EDGE_LOOP('',(#6871,#6879,#6887,#6893,#6894));
#6871 = ORIENTED_EDGE('',*,*,#6872,.T.);
#6872 = EDGE_CURVE('',#2745,#6873,#6875,.T.);
#6873 = VERTEX_POINT('',#6874);
#6874 = CARTESIAN_POINT('',(-2.3915,1.165,-5.000000011E-02));
#6875 = LINE('',#6876,#6877);
#6876 = CARTESIAN_POINT('',(-2.3615,1.365,0.14999999989));
#6877 = VECTOR('',#6878,1.);
#6878 = DIRECTION('',(-0.10547438309,-0.703162553935,-0.703162553935));
#6879 = ORIENTED_EDGE('',*,*,#6880,.T.);
#6880 = EDGE_CURVE('',#6873,#6881,#6883,.T.);
#6881 = VERTEX_POINT('',#6882);
#6882 = CARTESIAN_POINT('',(-2.3915,6.4999999999E-02,-5.000000011E-02));
#6883 = LINE('',#6884,#6885);
#6884 = CARTESIAN_POINT('',(-2.3915,1.165,-5.000000011E-02));
#6885 = VECTOR('',#6886,1.);
#6886 = DIRECTION('',(8.397323240794E-14,-1.,0.));
#6887 = ORIENTED_EDGE('',*,*,#6888,.F.);
#6888 = EDGE_CURVE('',#6843,#6881,#6889,.T.);
#6889 = LINE('',#6890,#6891);
#6890 = CARTESIAN_POINT('',(-2.3715,-6.8333333333E-02,8.333333322E-02));
#6891 = VECTOR('',#6892,1.);
#6892 = DIRECTION('',(-0.105474383091,0.703162553937,-0.703162553932));
#6893 = ORIENTED_EDGE('',*,*,#6842,.T.);
#6894 = ORIENTED_EDGE('',*,*,#2752,.F.);
#6895 = PLANE('',#6896);
#6896 = AXIS2_PLACEMENT_3D('',#6897,#6898,#6899);
#6897 = CARTESIAN_POINT('',(-2.3765,0.795,4.999999989E-02));
#6898 = DIRECTION('',(0.988936352868,0.,-0.14834045293));
#6899 = DIRECTION('',(-0.14834045293,0.,-0.988936352868));
#6900 = ADVANCED_FACE('',(#6901),#6924,.F.);
#6901 = FACE_BOUND('',#6902,.F.);
#6902 = EDGE_LOOP('',(#6903,#6904,#6910,#6918));
#6903 = ORIENTED_EDGE('',*,*,#6872,.F.);
#6904 = ORIENTED_EDGE('',*,*,#6905,.T.);
#6905 = EDGE_CURVE('',#2745,#2827,#6906,.T.);
#6906 = LINE('',#6907,#6908);
#6907 = CARTESIAN_POINT('',(-2.3615,1.365,0.14999999989));
#6908 = VECTOR('',#6909,1.);
#6909 = DIRECTION('',(-1.,0.,0.));
#6910 = ORIENTED_EDGE('',*,*,#6911,.T.);
#6911 = EDGE_CURVE('',#2827,#6912,#6914,.T.);
#6912 = VERTEX_POINT('',#6913);
#6913 = CARTESIAN_POINT('',(-2.5315,1.165,-5.000000011E-02));
#6914 = LINE('',#6915,#6916);
#6915 = CARTESIAN_POINT('',(-2.5615,1.365,0.14999999989));
#6916 = VECTOR('',#6917,1.);
#6917 = DIRECTION('',(0.10547438309,-0.703162553935,-0.703162553935));
#6918 = ORIENTED_EDGE('',*,*,#6919,.F.);
#6919 = EDGE_CURVE('',#6873,#6912,#6920,.T.);
#6920 = LINE('',#6921,#6922);
#6921 = CARTESIAN_POINT('',(-2.3915,1.165,-5.000000011E-02));
#6922 = VECTOR('',#6923,1.);
#6923 = DIRECTION('',(-1.,0.,0.));
#6924 = PLANE('',#6925);
#6925 = AXIS2_PLACEMENT_3D('',#6926,#6927,#6928);
#6926 = CARTESIAN_POINT('',(-2.4615,1.265,4.999999989E-02));
#6927 = DIRECTION('',(0.,-0.707106781187,0.707106781187));
#6928 = DIRECTION('',(0.,-0.707106781187,-0.707106781187));
#6929 = ADVANCED_FACE('',(#6930),#6941,.F.);
#6930 = FACE_BOUND('',#6931,.F.);
#6931 = EDGE_LOOP('',(#6932,#6933,#6934,#6935));
#6932 = ORIENTED_EDGE('',*,*,#2834,.T.);
#6933 = ORIENTED_EDGE('',*,*,#6905,.F.);
#6934 = ORIENTED_EDGE('',*,*,#2744,.F.);
#6935 = ORIENTED_EDGE('',*,*,#6936,.T.);
#6936 = EDGE_CURVE('',#2736,#2835,#6937,.T.);
#6937 = LINE('',#6938,#6939);
#6938 = CARTESIAN_POINT('',(-2.3615,1.365,0.19999999989));
#6939 = VECTOR('',#6940,1.);
#6940 = DIRECTION('',(-1.,0.,7.105427357601E-14));
#6941 = PLANE('',#6942);
#6942 = AXIS2_PLACEMENT_3D('',#6943,#6944,#6945);
#6943 = CARTESIAN_POINT('',(-2.2934976,1.365,0.46999999989));
#6944 = DIRECTION('',(0.,-1.,0.));
#6945 = DIRECTION('',(0.,0.,-1.));
#6946 = ADVANCED_FACE('',(#6947),#6958,.F.);
#6947 = FACE_BOUND('',#6948,.F.);
#6948 = EDGE_LOOP('',(#6949,#6950,#6956,#6957));
#6949 = ORIENTED_EDGE('',*,*,#2735,.T.);
#6950 = ORIENTED_EDGE('',*,*,#6951,.F.);
#6951 = EDGE_CURVE('',#2843,#2728,#6952,.T.);
#6952 = LINE('',#6953,#6954);
#6953 = CARTESIAN_POINT('',(-2.5615,1.465,0.29999999989));
#6954 = VECTOR('',#6955,1.);
#6955 = DIRECTION('',(1.,0.,0.));
#6956 = ORIENTED_EDGE('',*,*,#2842,.T.);
#6957 = ORIENTED_EDGE('',*,*,#6936,.F.);
#6958 = CYLINDRICAL_SURFACE('',#6959,0.1);
#6959 = AXIS2_PLACEMENT_3D('',#6960,#6961,#6962);
#6960 = CARTESIAN_POINT('',(-2.3615,1.465,0.19999999989));
#6961 = DIRECTION('',(1.,0.,0.));
#6962 = DIRECTION('',(0.,1.,0.));
#6963 = ADVANCED_FACE('',(#6964),#6970,.F.);
#6964 = FACE_BOUND('',#6965,.F.);
#6965 = EDGE_LOOP('',(#6966,#6967,#6968,#6969));
#6966 = ORIENTED_EDGE('',*,*,#2851,.F.);
#6967 = ORIENTED_EDGE('',*,*,#6951,.T.);
#6968 = ORIENTED_EDGE('',*,*,#2727,.F.);
#6969 = ORIENTED_EDGE('',*,*,#2792,.F.);
#6970 = PLANE('',#6971);
#6971 = AXIS2_PLACEMENT_3D('',#6972,#6973,#6974);
#6972 = CARTESIAN_POINT('',(-2.5815024,-7.5E-02,0.29999999989));
#6973 = DIRECTION('',(0.,0.,1.));
#6974 = DIRECTION('',(0.,1.,0.));
#6975 = ADVANCED_FACE('',(#6976),#7002,.F.);
#6976 = FACE_BOUND('',#6977,.F.);
#6977 = EDGE_LOOP('',(#6978,#6988,#6994,#6995,#6996));
#6978 = ORIENTED_EDGE('',*,*,#6979,.T.);
#6979 = EDGE_CURVE('',#6980,#6982,#6984,.T.);
#6980 = VERTEX_POINT('',#6981);
#6981 = CARTESIAN_POINT('',(-2.5515,-6.8333333333E-02,8.333333322E-02));
#6982 = VERTEX_POINT('',#6983);
#6983 = CARTESIAN_POINT('',(-2.5315,6.4999999999E-02,-5.000000011E-02));
#6984 = LINE('',#6985,#6986);
#6985 = CARTESIAN_POINT('',(-2.5515,-6.8333333333E-02,8.333333322E-02));
#6986 = VECTOR('',#6987,1.);
#6987 = DIRECTION('',(0.10547438309,0.703162553937,-0.703162553932));
#6988 = ORIENTED_EDGE('',*,*,#6989,.F.);
#6989 = EDGE_CURVE('',#6912,#6982,#6990,.T.);
#6990 = LINE('',#6991,#6992);
#6991 = CARTESIAN_POINT('',(-2.5315,1.165,-5.000000011E-02));
#6992 = VECTOR('',#6993,1.);
#6993 = DIRECTION('',(-8.397323240794E-14,-1.,0.));
#6994 = ORIENTED_EDGE('',*,*,#6911,.F.);
#6995 = ORIENTED_EDGE('',*,*,#2826,.T.);
#6996 = ORIENTED_EDGE('',*,*,#6997,.T.);
#6997 = EDGE_CURVE('',#2819,#6980,#6998,.T.);
#6998 = LINE('',#6999,#7000);
#6999 = CARTESIAN_POINT('',(-2.5615,-3.5E-02,0.14999999989));
#7000 = VECTOR('',#7001,1.);
#7001 = DIRECTION('',(0.132972662153,-0.443242207168,-0.886484414361));
#7002 = PLANE('',#7003);
#7003 = AXIS2_PLACEMENT_3D('',#7004,#7005,#7006);
#7004 = CARTESIAN_POINT('',(-2.5465,0.795,4.999999989E-02));
#7005 = DIRECTION('',(0.988936352868,0.,0.14834045293));
#7006 = DIRECTION('',(0.14834045293,0.,-0.988936352868));
#7007 = ADVANCED_FACE('',(#7008),#7033,.T.);
#7008 = FACE_BOUND('',#7009,.F.);
#7009 = EDGE_LOOP('',(#7010,#7011,#7017,#7018,#7026,#7032));
#7010 = ORIENTED_EDGE('',*,*,#6888,.T.);
#7011 = ORIENTED_EDGE('',*,*,#7012,.F.);
#7012 = EDGE_CURVE('',#6982,#6881,#7013,.T.);
#7013 = LINE('',#7014,#7015);
#7014 = CARTESIAN_POINT('',(-2.5315,6.4999999999E-02,-5.000000011E-02));
#7015 = VECTOR('',#7016,1.);
#7016 = DIRECTION('',(1.,-3.172065784639E-14,0.));
#7017 = ORIENTED_EDGE('',*,*,#6979,.F.);
#7018 = ORIENTED_EDGE('',*,*,#7019,.T.);
#7019 = EDGE_CURVE('',#6980,#7020,#7022,.T.);
#7020 = VERTEX_POINT('',#7021);
#7021 = CARTESIAN_POINT('',(-2.5315,-0.135,0.14999999989));
#7022 = LINE('',#7023,#7024);
#7023 = CARTESIAN_POINT('',(-2.5515,-6.8333333333E-02,8.333333322E-02));
#7024 = VECTOR('',#7025,1.);
#7025 = DIRECTION('',(0.207514339158,-0.691714463861,0.691714463871));
#7026 = ORIENTED_EDGE('',*,*,#7027,.T.);
#7027 = EDGE_CURVE('',#7020,#6851,#7028,.T.);
#7028 = LINE('',#7029,#7030);
#7029 = CARTESIAN_POINT('',(-2.5315,-0.135,0.14999999989));
#7030 = VECTOR('',#7031,1.);
#7031 = DIRECTION('',(1.,0.,0.));
#7032 = ORIENTED_EDGE('',*,*,#6850,.F.);
#7033 = PLANE('',#7034);
#7034 = AXIS2_PLACEMENT_3D('',#7035,#7036,#7037);
#7035 = CARTESIAN_POINT('',(-2.4615,-3.5E-02,4.999999989E-02));
#7036 = DIRECTION('',(0.,-0.707106781187,-0.707106781187));
#7037 = DIRECTION('',(0.,-0.707106781187,0.707106781187));
#7038 = ADVANCED_FACE('',(#7039),#7045,.T.);
#7039 = FACE_BOUND('',#7040,.F.);
#7040 = EDGE_LOOP('',(#7041,#7042,#7043,#7044));
#7041 = ORIENTED_EDGE('',*,*,#6989,.T.);
#7042 = ORIENTED_EDGE('',*,*,#7012,.T.);
#7043 = ORIENTED_EDGE('',*,*,#6880,.F.);
#7044 = ORIENTED_EDGE('',*,*,#6919,.T.);
#7045 = PLANE('',#7046);
#7046 = AXIS2_PLACEMENT_3D('',#7047,#7048,#7049);
#7047 = CARTESIAN_POINT('',(-2.3615,-0.105,-5.000000011E-02));
#7048 = DIRECTION('',(0.,0.,-1.));
#7049 = DIRECTION('',(0.,1.,0.));
#7050 = ADVANCED_FACE('',(#7051),#7063,.T.);
#7051 = FACE_BOUND('',#7052,.F.);
#7052 = EDGE_LOOP('',(#7053,#7059,#7060,#7061,#7062));
#7053 = ORIENTED_EDGE('',*,*,#7054,.F.);
#7054 = EDGE_CURVE('',#7020,#2899,#7055,.T.);
#7055 = LINE('',#7056,#7057);
#7056 = CARTESIAN_POINT('',(-2.5315,-0.135,0.14999999989));
#7057 = VECTOR('',#7058,1.);
#7058 = DIRECTION('',(-4.440892097327E-13,0.,1.));
#7059 = ORIENTED_EDGE('',*,*,#7019,.F.);
#7060 = ORIENTED_EDGE('',*,*,#6997,.F.);
#7061 = ORIENTED_EDGE('',*,*,#2818,.T.);
#7062 = ORIENTED_EDGE('',*,*,#2906,.T.);
#7063 = PLANE('',#7064);
#7064 = AXIS2_PLACEMENT_3D('',#7065,#7066,#7067);
#7065 = CARTESIAN_POINT('',(-2.5465,-8.5E-02,0.45999999989));
#7066 = DIRECTION('',(-0.957826285221,-0.287347885566,0.));
#7067 = DIRECTION('',(0.287347885566,-0.957826285221,0.));
#7068 = ADVANCED_FACE('',(#7069),#7075,.T.);
#7069 = FACE_BOUND('',#7070,.F.);
#7070 = EDGE_LOOP('',(#7071,#7072,#7073,#7074));
#7071 = ORIENTED_EDGE('',*,*,#6858,.F.);
#7072 = ORIENTED_EDGE('',*,*,#7027,.F.);
#7073 = ORIENTED_EDGE('',*,*,#7054,.T.);
#7074 = ORIENTED_EDGE('',*,*,#2898,.T.);
#7075 = PLANE('',#7076);
#7076 = AXIS2_PLACEMENT_3D('',#7077,#7078,#7079);
#7077 = CARTESIAN_POINT('',(-2.3615,-0.135,2.11999999989));
#7078 = DIRECTION('',(0.,-1.,0.));
#7079 = DIRECTION('',(0.,0.,-1.));
#7080 = ADVANCED_FACE('',(#7081),#7099,.T.);
#7081 = FACE_BOUND('',#7082,.F.);
#7082 = EDGE_LOOP('',(#7083,#7091,#7097,#7098));
#7083 = ORIENTED_EDGE('',*,*,#7084,.T.);
#7084 = EDGE_CURVE('',#1436,#7085,#7087,.T.);
#7085 = VERTEX_POINT('',#7086);
#7086 = CARTESIAN_POINT('',(1.636,-0.265000106641,0.));
#7087 = LINE('',#7088,#7089);
#7088 = CARTESIAN_POINT('',(1.636,2.234999952604,0.));
#7089 = VECTOR('',#7090,1.);
#7090 = DIRECTION('',(0.,-1.,0.));
#7091 = ORIENTED_EDGE('',*,*,#7092,.T.);
#7092 = EDGE_CURVE('',#7085,#2418,#7093,.T.);
#7093 = LINE('',#7094,#7095);
#7094 = CARTESIAN_POINT('',(1.636,-0.265000106641,0.));
#7095 = VECTOR('',#7096,1.);
#7096 = DIRECTION('',(0.707106781187,0.,0.707106781187));
#7097 = ORIENTED_EDGE('',*,*,#2417,.F.);
#7098 = ORIENTED_EDGE('',*,*,#1435,.T.);
#7099 = PLANE('',#7100);
#7100 = AXIS2_PLACEMENT_3D('',#7101,#7102,#7103);
#7101 = CARTESIAN_POINT('',(1.736,-0.605000106641,9.999999999999E-02));
#7102 = DIRECTION('',(0.707106781187,0.,-0.707106781187));
#7103 = DIRECTION('',(0.707106781187,0.,0.707106781187));
#7104 = ADVANCED_FACE('',(#7105),#7123,.T.);
#7105 = FACE_BOUND('',#7106,.F.);
#7106 = EDGE_LOOP('',(#7107,#7108,#7116,#7122));
#7107 = ORIENTED_EDGE('',*,*,#1443,.T.);
#7108 = ORIENTED_EDGE('',*,*,#7109,.T.);
#7109 = EDGE_CURVE('',#1444,#7110,#7112,.T.);
#7110 = VERTEX_POINT('',#7111);
#7111 = CARTESIAN_POINT('',(1.251,-0.265000106641,0.));
#7112 = LINE('',#7113,#7114);
#7113 = CARTESIAN_POINT('',(1.251,2.234999952604,0.));
#7114 = VECTOR('',#7115,1.);
#7115 = DIRECTION('',(0.,-1.,0.));
#7116 = ORIENTED_EDGE('',*,*,#7117,.T.);
#7117 = EDGE_CURVE('',#7110,#7085,#7118,.T.);
#7118 = LINE('',#7119,#7120);
#7119 = CARTESIAN_POINT('',(1.251,-0.265000106641,0.));
#7120 = VECTOR('',#7121,1.);
#7121 = DIRECTION('',(1.,0.,0.));
#7122 = ORIENTED_EDGE('',*,*,#7084,.F.);
#7123 = PLANE('',#7124);
#7124 = AXIS2_PLACEMENT_3D('',#7125,#7126,#7127);
#7125 = CARTESIAN_POINT('',(2.826,-0.955000106641,0.));
#7126 = DIRECTION('',(0.,0.,-1.));
#7127 = DIRECTION('',(0.,-1.,0.));
#7128 = ADVANCED_FACE('',(#7129),#7140,.F.);
#7129 = FACE_BOUND('',#7130,.F.);
#7130 = EDGE_LOOP('',(#7131,#7137,#7138,#7139));
#7131 = ORIENTED_EDGE('',*,*,#7132,.T.);
#7132 = EDGE_CURVE('',#2426,#7110,#7133,.T.);
#7133 = LINE('',#7134,#7135);
#7134 = CARTESIAN_POINT('',(1.051,-0.265000106641,0.2));
#7135 = VECTOR('',#7136,1.);
#7136 = DIRECTION('',(0.707106781187,0.,-0.707106781187));
#7137 = ORIENTED_EDGE('',*,*,#7109,.F.);
#7138 = ORIENTED_EDGE('',*,*,#1451,.T.);
#7139 = ORIENTED_EDGE('',*,*,#2433,.F.);
#7140 = PLANE('',#7141);
#7141 = AXIS2_PLACEMENT_3D('',#7142,#7143,#7144);
#7142 = CARTESIAN_POINT('',(1.101,1.069999893359,0.15));
#7143 = DIRECTION('',(0.707106781187,0.,0.707106781187));
#7144 = DIRECTION('',(-0.707106781187,0.,0.707106781187));
#7145 = ADVANCED_FACE('',(#7146),#7152,.F.);
#7146 = FACE_BOUND('',#7147,.F.);
#7147 = EDGE_LOOP('',(#7148,#7149,#7150,#7151));
#7148 = ORIENTED_EDGE('',*,*,#7132,.F.);
#7149 = ORIENTED_EDGE('',*,*,#2425,.F.);
#7150 = ORIENTED_EDGE('',*,*,#7092,.F.);
#7151 = ORIENTED_EDGE('',*,*,#7117,.F.);
#7152 = PLANE('',#7153);
#7153 = AXIS2_PLACEMENT_3D('',#7154,#7155,#7156);
#7154 = CARTESIAN_POINT('',(1.201,-0.265000106641,5.E-02));
#7155 = DIRECTION('',(0.,1.,0.));
#7156 = DIRECTION('',(-1.,0.,0.));
#7157 = ADVANCED_FACE('',(#7158),#7176,.T.);
#7158 = FACE_BOUND('',#7159,.F.);
#7159 = EDGE_LOOP('',(#7160,#7168,#7174,#7175));
#7160 = ORIENTED_EDGE('',*,*,#7161,.F.);
#7161 = EDGE_CURVE('',#7162,#1468,#7164,.T.);
#7162 = VERTEX_POINT('',#7163);
#7163 = CARTESIAN_POINT('',(-1.249,-0.265000106641,0.));
#7164 = LINE('',#7165,#7166);
#7165 = CARTESIAN_POINT('',(-1.249,-0.265000106641,0.));
#7166 = VECTOR('',#7167,1.);
#7167 = DIRECTION('',(0.,1.,0.));
#7168 = ORIENTED_EDGE('',*,*,#7169,.T.);
#7169 = EDGE_CURVE('',#7162,#2441,#7170,.T.);
#7170 = LINE('',#7171,#7172);
#7171 = CARTESIAN_POINT('',(-1.249,-0.265000106641,0.));
#7172 = VECTOR('',#7173,1.);
#7173 = DIRECTION('',(0.707106781187,0.,0.707106781187));
#7174 = ORIENTED_EDGE('',*,*,#2440,.T.);
#7175 = ORIENTED_EDGE('',*,*,#1467,.T.);
#7176 = PLANE('',#7177);
#7177 = AXIS2_PLACEMENT_3D('',#7178,#7179,#7180);
#7178 = CARTESIAN_POINT('',(-1.099,1.069999893359,0.15));
#7179 = DIRECTION('',(0.707106781187,0.,-0.707106781187));
#7180 = DIRECTION('',(0.707106781187,0.,0.707106781187));
#7181 = ADVANCED_FACE('',(#7182),#7200,.F.);
#7182 = FACE_BOUND('',#7183,.F.);
#7183 = EDGE_LOOP('',(#7184,#7192,#7198,#7199));
#7184 = ORIENTED_EDGE('',*,*,#7185,.F.);
#7185 = EDGE_CURVE('',#7186,#1476,#7188,.T.);
#7186 = VERTEX_POINT('',#7187);
#7187 = CARTESIAN_POINT('',(-1.634,-0.265000106641,0.));
#7188 = LINE('',#7189,#7190);
#7189 = CARTESIAN_POINT('',(-1.634,-0.265000106641,0.));
#7190 = VECTOR('',#7191,1.);
#7191 = DIRECTION('',(0.,1.,0.));
#7192 = ORIENTED_EDGE('',*,*,#7193,.F.);
#7193 = EDGE_CURVE('',#7162,#7186,#7194,.T.);
#7194 = LINE('',#7195,#7196);
#7195 = CARTESIAN_POINT('',(-1.249,-0.265000106641,0.));
#7196 = VECTOR('',#7197,1.);
#7197 = DIRECTION('',(-1.,0.,0.));
#7198 = ORIENTED_EDGE('',*,*,#7161,.T.);
#7199 = ORIENTED_EDGE('',*,*,#1475,.F.);
#7200 = PLANE('',#7201);
#7201 = AXIS2_PLACEMENT_3D('',#7202,#7203,#7204);
#7202 = CARTESIAN_POINT('',(-2.824,-0.955000106641,0.));
#7203 = DIRECTION('',(0.,0.,1.));
#7204 = DIRECTION('',(0.,-1.,0.));
#7205 = ADVANCED_FACE('',(#7206),#7217,.F.);
#7206 = FACE_BOUND('',#7207,.F.);
#7207 = EDGE_LOOP('',(#7208,#7209,#7210,#7216));
#7208 = ORIENTED_EDGE('',*,*,#1483,.T.);
#7209 = ORIENTED_EDGE('',*,*,#2456,.T.);
#7210 = ORIENTED_EDGE('',*,*,#7211,.T.);
#7211 = EDGE_CURVE('',#2449,#7186,#7212,.T.);
#7212 = LINE('',#7213,#7214);
#7213 = CARTESIAN_POINT('',(-1.834,-0.265000106641,0.2));
#7214 = VECTOR('',#7215,1.);
#7215 = DIRECTION('',(0.707106781187,0.,-0.707106781187));
#7216 = ORIENTED_EDGE('',*,*,#7185,.T.);
#7217 = PLANE('',#7218);
#7218 = AXIS2_PLACEMENT_3D('',#7219,#7220,#7221);
#7219 = CARTESIAN_POINT('',(-1.734,-0.605000106641,9.999999999999E-02));
#7220 = DIRECTION('',(0.707106781187,0.,0.707106781187));
#7221 = DIRECTION('',(-0.707106781187,0.,0.707106781187));
#7222 = ADVANCED_FACE('',(#7223),#7229,.F.);
#7223 = FACE_BOUND('',#7224,.F.);
#7224 = EDGE_LOOP('',(#7225,#7226,#7227,#7228));
#7225 = ORIENTED_EDGE('',*,*,#7211,.F.);
#7226 = ORIENTED_EDGE('',*,*,#2448,.F.);
#7227 = ORIENTED_EDGE('',*,*,#7169,.F.);
#7228 = ORIENTED_EDGE('',*,*,#7193,.T.);
#7229 = PLANE('',#7230);
#7230 = AXIS2_PLACEMENT_3D('',#7231,#7232,#7233);
#7231 = CARTESIAN_POINT('',(-0.999,-0.265000106641,0.25));
#7232 = DIRECTION('',(0.,1.,0.));
#7233 = DIRECTION('',(-1.,0.,0.));
#7234 = ADVANCED_FACE('',(#7235),#7246,.F.);
#7235 = FACE_BOUND('',#7236,.F.);
#7236 = EDGE_LOOP('',(#7237,#7238,#7239,#7245));
#7237 = ORIENTED_EDGE('',*,*,#1571,.T.);
#7238 = ORIENTED_EDGE('',*,*,#2001,.T.);
#7239 = ORIENTED_EDGE('',*,*,#7240,.T.);
#7240 = EDGE_CURVE('',#1994,#2193,#7241,.T.);
#7241 = LINE('',#7242,#7243);
#7242 = CARTESIAN_POINT('',(1.639333054965,2.134999893359,3.37333333333)
  );
#7243 = VECTOR('',#7244,1.);
#7244 = DIRECTION('',(-0.447213595499,3.374857618115E-13,0.894427191));
#7245 = ORIENTED_EDGE('',*,*,#2192,.F.);
#7246 = PLANE('',#7247);
#7247 = AXIS2_PLACEMENT_3D('',#7248,#7249,#7250);
#7248 = CARTESIAN_POINT('',(1.350999721627,2.134999893359,3.95000000001)
  );
#7249 = DIRECTION('',(-0.894427191,0.,-0.4472135955));
#7250 = DIRECTION('',(0.4472135955,0.,-0.894427191));
#7251 = ADVANCED_FACE('',(#7252),#7258,.T.);
#7252 = FACE_BOUND('',#7253,.F.);
#7253 = EDGE_LOOP('',(#7254,#7255,#7256,#7257));
#7254 = ORIENTED_EDGE('',*,*,#7240,.F.);
#7255 = ORIENTED_EDGE('',*,*,#1993,.F.);
#7256 = ORIENTED_EDGE('',*,*,#2091,.F.);
#7257 = ORIENTED_EDGE('',*,*,#2200,.F.);
#7258 = PLANE('',#7259);
#7259 = AXIS2_PLACEMENT_3D('',#7260,#7261,#7262);
#7260 = CARTESIAN_POINT('',(1.625999721627,2.134999893359,3.80000000001)
  );
#7261 = DIRECTION('',(0.,1.,0.));
#7262 = DIRECTION('',(0.,0.,-1.));
#7263 = ( GEOMETRIC_REPRESENTATION_CONTEXT(3) 
GLOBAL_UNCERTAINTY_ASSIGNED_CONTEXT((#7267)) 
GLOBAL_UNIT_ASSIGNED_CONTEXT((#7264,#7265,#7266)) REPRESENTATION_CONTEXT
('Context #1','3D Context with UNIT and UNCERTAINTY') );
#7264 = ( LENGTH_UNIT() NAMED_UNIT(*) SI_UNIT(.MILLI.,.METRE.) );
#7265 = ( NAMED_UNIT(*) PLANE_ANGLE_UNIT() SI_UNIT($,.RADIAN.) );
#7266 = ( NAMED_UNIT(*) SI_UNIT($,.STERADIAN.) SOLID_ANGLE_UNIT() );
#7267 = UNCERTAINTY_MEASURE_WITH_UNIT(LENGTH_MEASURE(5.E-06),#7264,
  'distance_accuracy_value','confusion accuracy');
#7268 = PRODUCT_RELATED_PRODUCT_CATEGORY('part',$,(#7));
#7269 = MECHANICAL_DESIGN_GEOMETRIC_PRESENTATION_REPRESENTATION('',(
    #7270),#7263);
#7270 = STYLED_ITEM('color',(#7271),#15);
#7271 = PRESENTATION_STYLE_ASSIGNMENT((#7272,#7278));
#7272 = SURFACE_STYLE_USAGE(.BOTH.,#7273);
#7273 = SURFACE_SIDE_STYLE('',(#7274));
#7274 = SURFACE_STYLE_FILL_AREA(#7275);
#7275 = FILL_AREA_STYLE('',(#7276));
#7276 = FILL_AREA_STYLE_COLOUR('',#7277);
#7277 = COLOUR_RGB('',0.800000011921,0.800000011921,0.800000011921);
#7278 = CURVE_STYLE('',#7279,POSITIVE_LENGTH_MEASURE(0.1),#7277);
#7279 = DRAUGHTING_PRE_DEFINED_CURVE_FONT('continuous');
ENDSEC;
END-ISO-10303-21;
