ISO-10303-21;
HEADER;
FILE_DESCRIPTION(('STEP AP214'),'1');
FILE_NAME('D:/Entwicklung/CB_SVN/HW_Altium/AD_Libraries/STEP/CB_CentLib_STEP/SMD_discrete/tmp0.stp','2014-08-15T07:41:12',(' '),(' '),'Spatial InterOp 3D',' ',' ');
FILE_SCHEMA(('automotive_design'));
ENDSEC;
DATA;
#1=MECHANICAL_DESIGN_GEOMETRIC_PRESENTATION_REPRESENTATION(' ',(#10,#11,#12,#13,#14,#15,#16,#17,#18,#19,#20,#21,#22,#23,#24,#25,#26,#27,#28,#29,#30,#31,#32,#33,#34,#35,#36,#37,#38,#39,#40,#41,#42,#43,#44,#45,#46,#47,#48,#49,#50,#51,#52,#53,#54,#55,#56,#57,#58,#59,#60,#61,#62,#63,#64,#65,#66,#67,#68,#69,#70,#71,#72,#73,#74,#75,#76,#77,#78,#79,#80,#81,#82,#83,#84,#85,#86,#87,#88,#89,#90,#91,#92,#93,#94,#95,#96,#97,#98,#99,#100,#101,#102,#103,#104,#105,#106,#107,#108,#109,#110,#111,#112,#113,#114,#115,#116,#117,#118,#119,#120,#121,#122,#123,#124,#125,#126,#127,#128,#129,#130,#131,#132,#133,#134,#135,#136,#137,#138,#139,#140,#141,#142,#143,#144,#145,#146,#147,#148,#149,#150,#151,#152,#153,#154,#155,#156,#157,#158,#159,#160,#161,#162,#163,#164,#165,#166,#167,#168,#169,#170,#171,#172,#173,#174,#175,#176,#177,#178,#179,#180,#181,#182,#183,#184,#185,#186,#187,#188,#189,#190,#191,#192,#193,#194,#195,#196,#197,#198,#199,#200,#201,#202,#203,#204,#205,#206,#207,#208,#209,#210,#211,#212,#213,#214,#215,#216,#217,#218,#219,#220,#221,#222,#223,#224,#225,#226,#227,#228,#229,#230,#231,#232,#233,#234,#235,#236,#237,#238,#239,#240,#241,#242,#243,#244,#245,#246,#247,#248,#249,#250,#251,#252,#253,#254,#255,#256,#257,#258,#259,#260,#261,#262,#263,#264,#265,#266,#267,#268,#269,#270,#271,#272,#273,#274,#275,#276,#277,#278,#279,#280,#281,#282,#283,#284,#285,#286,#287,#288,#289,#290,#291,#292,#293,#294,#295,#296,#297,#298,#299,#300,#301,#302,#303,#304,#305,#306,#307,#308,#309,#310,#311,#312,#313,#314,#315,#316,#317,#318,#319,#320,#321,#322,#323,#324,#325,#326,#327,#328,#329,#330,#331,#332,#333,#334,#335,#336,#337,#338,#339,#340,#341,#342,#343,#344,#345,#346,#347,#348,#349,#350,#351,#352,#353,#354,#355,#356,#357,#358,#359,#360,#361,#362,#363,#364,#365,#366,#367,#368,#369,#370,#371,#372,#373,#374,#375,#376,#377,#378,#379,#380,#381,#382,#383,#384,#385,#386,#387,#388,#389,#390,#391,#392,#393,#394,#395,#396,#397,#398,#399,#400,#401,#402,#403,#404,#405,#406,#407,#408,#409,#410,#411,#412,#413),#6);
#2=PRODUCT_DEFINITION_CONTEXT('',#414,'design');
#3=APPLICATION_PROTOCOL_DEFINITION('INTERNATIONAL STANDARD','automotive_design',1994,#414);
#4=PRODUCT_CATEGORY_RELATIONSHIP('NONE','NONE',#415,#416);
#5=SHAPE_DEFINITION_REPRESENTATION(#417,#418);
#6= (GEOMETRIC_REPRESENTATION_CONTEXT(3)GLOBAL_UNCERTAINTY_ASSIGNED_CONTEXT((#421))GLOBAL_UNIT_ASSIGNED_CONTEXT((#423,#424,#425))REPRESENTATION_CONTEXT('NONE','WORKSPACE'));
#10=STYLED_ITEM('',(#427),#428);
#11=STYLED_ITEM('',(#429),#430);
#12=STYLED_ITEM('',(#431),#432);
#13=STYLED_ITEM('',(#433),#434);
#14=STYLED_ITEM('',(#435),#436);
#15=STYLED_ITEM('',(#437),#438);
#16=STYLED_ITEM('',(#439),#440);
#17=STYLED_ITEM('',(#441),#442);
#18=STYLED_ITEM('',(#443),#444);
#19=STYLED_ITEM('',(#445),#446);
#20=STYLED_ITEM('',(#447),#448);
#21=STYLED_ITEM('',(#449),#450);
#22=STYLED_ITEM('',(#451),#452);
#23=STYLED_ITEM('',(#453),#454);
#24=STYLED_ITEM('',(#455),#456);
#25=STYLED_ITEM('',(#457),#458);
#26=STYLED_ITEM('',(#459),#460);
#27=STYLED_ITEM('',(#461),#462);
#28=STYLED_ITEM('',(#463),#464);
#29=STYLED_ITEM('',(#465),#466);
#30=STYLED_ITEM('',(#467),#468);
#31=STYLED_ITEM('',(#469),#470);
#32=STYLED_ITEM('',(#471),#472);
#33=STYLED_ITEM('',(#473),#474);
#34=STYLED_ITEM('',(#475),#476);
#35=STYLED_ITEM('',(#477),#478);
#36=STYLED_ITEM('',(#479),#480);
#37=STYLED_ITEM('',(#481),#482);
#38=STYLED_ITEM('',(#483),#484);
#39=STYLED_ITEM('',(#485),#486);
#40=STYLED_ITEM('',(#487),#488);
#41=STYLED_ITEM('',(#489),#490);
#42=STYLED_ITEM('',(#491),#492);
#43=STYLED_ITEM('',(#493),#494);
#44=STYLED_ITEM('',(#495),#496);
#45=STYLED_ITEM('',(#497),#498);
#46=STYLED_ITEM('',(#499),#500);
#47=STYLED_ITEM('',(#501),#502);
#48=STYLED_ITEM('',(#503),#504);
#49=STYLED_ITEM('',(#505),#506);
#50=STYLED_ITEM('',(#507),#508);
#51=STYLED_ITEM('',(#509),#510);
#52=STYLED_ITEM('',(#511),#512);
#53=STYLED_ITEM('',(#513),#514);
#54=STYLED_ITEM('',(#515),#516);
#55=STYLED_ITEM('',(#517),#518);
#56=STYLED_ITEM('',(#519),#520);
#57=STYLED_ITEM('',(#521),#522);
#58=STYLED_ITEM('',(#523),#524);
#59=STYLED_ITEM('',(#525),#526);
#60=STYLED_ITEM('',(#527),#528);
#61=STYLED_ITEM('',(#529),#530);
#62=STYLED_ITEM('',(#531),#532);
#63=STYLED_ITEM('',(#533),#534);
#64=STYLED_ITEM('',(#535),#536);
#65=STYLED_ITEM('',(#537),#538);
#66=STYLED_ITEM('',(#539),#540);
#67=STYLED_ITEM('',(#541),#542);
#68=STYLED_ITEM('',(#543),#544);
#69=STYLED_ITEM('',(#545),#546);
#70=STYLED_ITEM('',(#547),#548);
#71=STYLED_ITEM('',(#549),#550);
#72=STYLED_ITEM('',(#551),#552);
#73=STYLED_ITEM('',(#553),#554);
#74=STYLED_ITEM('',(#555),#556);
#75=STYLED_ITEM('',(#557),#558);
#76=STYLED_ITEM('',(#559),#560);
#77=STYLED_ITEM('',(#561),#562);
#78=STYLED_ITEM('',(#563),#564);
#79=STYLED_ITEM('',(#565),#566);
#80=STYLED_ITEM('',(#567),#568);
#81=STYLED_ITEM('',(#569),#570);
#82=STYLED_ITEM('',(#571),#572);
#83=STYLED_ITEM('',(#573),#574);
#84=STYLED_ITEM('',(#575),#576);
#85=STYLED_ITEM('',(#577),#578);
#86=STYLED_ITEM('',(#579),#580);
#87=STYLED_ITEM('',(#581),#582);
#88=STYLED_ITEM('',(#583),#584);
#89=STYLED_ITEM('',(#585),#586);
#90=STYLED_ITEM('',(#587),#588);
#91=STYLED_ITEM('',(#589),#590);
#92=STYLED_ITEM('',(#591),#592);
#93=STYLED_ITEM('',(#593),#594);
#94=STYLED_ITEM('',(#595),#596);
#95=STYLED_ITEM('',(#597),#598);
#96=STYLED_ITEM('',(#599),#600);
#97=STYLED_ITEM('',(#601),#602);
#98=STYLED_ITEM('',(#603),#604);
#99=STYLED_ITEM('',(#605),#606);
#100=STYLED_ITEM('',(#607),#608);
#101=STYLED_ITEM('',(#609),#610);
#102=STYLED_ITEM('',(#611),#612);
#103=STYLED_ITEM('',(#613),#614);
#104=STYLED_ITEM('',(#615),#616);
#105=STYLED_ITEM('',(#617),#618);
#106=STYLED_ITEM('',(#619),#620);
#107=STYLED_ITEM('',(#621),#622);
#108=STYLED_ITEM('',(#623),#624);
#109=STYLED_ITEM('',(#625),#626);
#110=STYLED_ITEM('',(#627),#628);
#111=STYLED_ITEM('',(#629),#630);
#112=STYLED_ITEM('',(#631),#632);
#113=STYLED_ITEM('',(#633),#634);
#114=STYLED_ITEM('',(#635),#636);
#115=STYLED_ITEM('',(#637),#638);
#116=STYLED_ITEM('',(#639),#640);
#117=STYLED_ITEM('',(#641),#642);
#118=STYLED_ITEM('',(#643),#644);
#119=STYLED_ITEM('',(#645),#646);
#120=STYLED_ITEM('',(#647),#648);
#121=STYLED_ITEM('',(#649),#650);
#122=STYLED_ITEM('',(#651),#652);
#123=STYLED_ITEM('',(#653),#654);
#124=STYLED_ITEM('',(#655),#656);
#125=STYLED_ITEM('',(#657),#658);
#126=STYLED_ITEM('',(#659),#660);
#127=STYLED_ITEM('',(#661),#662);
#128=STYLED_ITEM('',(#663),#664);
#129=STYLED_ITEM('',(#665),#666);
#130=STYLED_ITEM('',(#667),#668);
#131=STYLED_ITEM('',(#669),#670);
#132=STYLED_ITEM('',(#671),#672);
#133=STYLED_ITEM('',(#673),#674);
#134=STYLED_ITEM('',(#675),#676);
#135=STYLED_ITEM('',(#677),#678);
#136=STYLED_ITEM('',(#679),#680);
#137=STYLED_ITEM('',(#681),#682);
#138=STYLED_ITEM('',(#683),#684);
#139=STYLED_ITEM('',(#685),#686);
#140=STYLED_ITEM('',(#687),#688);
#141=STYLED_ITEM('',(#689),#690);
#142=STYLED_ITEM('',(#691),#692);
#143=STYLED_ITEM('',(#693),#694);
#144=STYLED_ITEM('',(#695),#696);
#145=STYLED_ITEM('',(#697),#698);
#146=STYLED_ITEM('',(#699),#700);
#147=STYLED_ITEM('',(#701),#702);
#148=STYLED_ITEM('',(#703),#704);
#149=STYLED_ITEM('',(#705),#706);
#150=STYLED_ITEM('',(#707),#708);
#151=STYLED_ITEM('',(#709),#710);
#152=STYLED_ITEM('',(#711),#712);
#153=STYLED_ITEM('',(#713),#714);
#154=STYLED_ITEM('',(#715),#716);
#155=STYLED_ITEM('',(#717),#718);
#156=STYLED_ITEM('',(#719),#720);
#157=STYLED_ITEM('',(#721),#722);
#158=STYLED_ITEM('',(#723),#724);
#159=STYLED_ITEM('',(#725),#726);
#160=STYLED_ITEM('',(#727),#728);
#161=STYLED_ITEM('',(#729),#730);
#162=STYLED_ITEM('',(#731),#732);
#163=STYLED_ITEM('',(#733),#734);
#164=STYLED_ITEM('',(#735),#736);
#165=STYLED_ITEM('',(#737),#738);
#166=STYLED_ITEM('',(#739),#740);
#167=STYLED_ITEM('',(#741),#742);
#168=STYLED_ITEM('',(#743),#744);
#169=STYLED_ITEM('',(#745),#746);
#170=STYLED_ITEM('',(#747),#748);
#171=STYLED_ITEM('',(#749),#750);
#172=STYLED_ITEM('',(#751),#752);
#173=STYLED_ITEM('',(#753),#754);
#174=STYLED_ITEM('',(#755),#756);
#175=STYLED_ITEM('',(#757),#758);
#176=STYLED_ITEM('',(#759),#760);
#177=STYLED_ITEM('',(#761),#762);
#178=STYLED_ITEM('',(#763),#764);
#179=STYLED_ITEM('',(#765),#766);
#180=STYLED_ITEM('',(#767),#768);
#181=STYLED_ITEM('',(#769),#770);
#182=STYLED_ITEM('',(#771),#772);
#183=STYLED_ITEM('',(#773),#774);
#184=STYLED_ITEM('',(#775),#776);
#185=STYLED_ITEM('',(#777),#778);
#186=STYLED_ITEM('',(#779),#780);
#187=STYLED_ITEM('',(#781),#782);
#188=STYLED_ITEM('',(#783),#784);
#189=STYLED_ITEM('',(#785),#786);
#190=STYLED_ITEM('',(#787),#788);
#191=STYLED_ITEM('',(#789),#790);
#192=STYLED_ITEM('',(#791),#792);
#193=STYLED_ITEM('',(#793),#794);
#194=STYLED_ITEM('',(#795),#796);
#195=STYLED_ITEM('',(#797),#798);
#196=STYLED_ITEM('',(#799),#800);
#197=STYLED_ITEM('',(#801),#802);
#198=STYLED_ITEM('',(#803),#804);
#199=STYLED_ITEM('',(#805),#806);
#200=STYLED_ITEM('',(#807),#808);
#201=STYLED_ITEM('',(#809),#810);
#202=STYLED_ITEM('',(#811),#812);
#203=STYLED_ITEM('',(#813),#814);
#204=STYLED_ITEM('',(#815),#816);
#205=STYLED_ITEM('',(#817),#818);
#206=STYLED_ITEM('',(#819),#820);
#207=STYLED_ITEM('',(#821),#822);
#208=STYLED_ITEM('',(#823),#824);
#209=STYLED_ITEM('',(#825),#826);
#210=STYLED_ITEM('',(#827),#828);
#211=STYLED_ITEM('',(#829),#830);
#212=STYLED_ITEM('',(#831),#832);
#213=STYLED_ITEM('',(#833),#834);
#214=STYLED_ITEM('',(#835),#836);
#215=STYLED_ITEM('',(#837),#838);
#216=STYLED_ITEM('',(#839),#840);
#217=STYLED_ITEM('',(#841),#842);
#218=STYLED_ITEM('',(#843),#844);
#219=STYLED_ITEM('',(#845),#846);
#220=STYLED_ITEM('',(#847),#848);
#221=STYLED_ITEM('',(#849),#850);
#222=STYLED_ITEM('',(#851),#852);
#223=STYLED_ITEM('',(#853),#854);
#224=STYLED_ITEM('',(#855),#856);
#225=STYLED_ITEM('',(#857),#858);
#226=STYLED_ITEM('',(#859),#860);
#227=STYLED_ITEM('',(#861),#862);
#228=STYLED_ITEM('',(#863),#864);
#229=STYLED_ITEM('',(#865),#866);
#230=STYLED_ITEM('',(#867),#868);
#231=STYLED_ITEM('',(#869),#870);
#232=STYLED_ITEM('',(#871),#872);
#233=STYLED_ITEM('',(#873),#874);
#234=STYLED_ITEM('',(#875),#876);
#235=STYLED_ITEM('',(#877),#878);
#236=STYLED_ITEM('',(#879),#880);
#237=STYLED_ITEM('',(#881),#882);
#238=STYLED_ITEM('',(#883),#884);
#239=STYLED_ITEM('',(#885),#886);
#240=STYLED_ITEM('',(#887),#888);
#241=STYLED_ITEM('',(#889),#890);
#242=STYLED_ITEM('',(#891),#892);
#243=STYLED_ITEM('',(#893),#894);
#244=STYLED_ITEM('',(#895),#896);
#245=STYLED_ITEM('',(#897),#898);
#246=STYLED_ITEM('',(#899),#900);
#247=STYLED_ITEM('',(#901),#902);
#248=STYLED_ITEM('',(#903),#904);
#249=STYLED_ITEM('',(#905),#906);
#250=STYLED_ITEM('',(#907),#908);
#251=STYLED_ITEM('',(#909),#910);
#252=STYLED_ITEM('',(#911),#912);
#253=STYLED_ITEM('',(#913),#914);
#254=STYLED_ITEM('',(#915),#916);
#255=STYLED_ITEM('',(#917),#918);
#256=STYLED_ITEM('',(#919),#920);
#257=STYLED_ITEM('',(#921),#922);
#258=STYLED_ITEM('',(#923),#924);
#259=STYLED_ITEM('',(#925),#926);
#260=STYLED_ITEM('',(#927),#928);
#261=STYLED_ITEM('',(#929),#930);
#262=STYLED_ITEM('',(#931),#932);
#263=STYLED_ITEM('',(#933),#934);
#264=STYLED_ITEM('',(#935),#936);
#265=STYLED_ITEM('',(#937),#938);
#266=STYLED_ITEM('',(#939),#940);
#267=STYLED_ITEM('',(#941),#942);
#268=STYLED_ITEM('',(#943),#944);
#269=STYLED_ITEM('',(#945),#946);
#270=STYLED_ITEM('',(#947),#948);
#271=STYLED_ITEM('',(#949),#950);
#272=STYLED_ITEM('',(#951),#952);
#273=STYLED_ITEM('',(#953),#954);
#274=STYLED_ITEM('',(#955),#956);
#275=STYLED_ITEM('',(#957),#958);
#276=STYLED_ITEM('',(#959),#960);
#277=STYLED_ITEM('',(#961),#962);
#278=STYLED_ITEM('',(#963),#964);
#279=STYLED_ITEM('',(#965),#966);
#280=STYLED_ITEM('',(#967),#968);
#281=STYLED_ITEM('',(#969),#970);
#282=STYLED_ITEM('',(#971),#972);
#283=STYLED_ITEM('',(#973),#974);
#284=STYLED_ITEM('',(#975),#976);
#285=STYLED_ITEM('',(#977),#978);
#286=STYLED_ITEM('',(#979),#980);
#287=STYLED_ITEM('',(#981),#982);
#288=STYLED_ITEM('',(#983),#984);
#289=STYLED_ITEM('',(#985),#986);
#290=STYLED_ITEM('',(#987),#988);
#291=STYLED_ITEM('',(#989),#990);
#292=STYLED_ITEM('',(#991),#992);
#293=STYLED_ITEM('',(#993),#994);
#294=STYLED_ITEM('',(#995),#996);
#295=STYLED_ITEM('',(#997),#998);
#296=STYLED_ITEM('',(#999),#1000);
#297=STYLED_ITEM('',(#1001),#1002);
#298=STYLED_ITEM('',(#1003),#1004);
#299=STYLED_ITEM('',(#1005),#1006);
#300=STYLED_ITEM('',(#1007),#1008);
#301=STYLED_ITEM('',(#1009),#1010);
#302=STYLED_ITEM('',(#1011),#1012);
#303=STYLED_ITEM('',(#1013),#1014);
#304=STYLED_ITEM('',(#1015),#1016);
#305=STYLED_ITEM('',(#1017),#1018);
#306=STYLED_ITEM('',(#1019),#1020);
#307=STYLED_ITEM('',(#1021),#1022);
#308=STYLED_ITEM('',(#1023),#1024);
#309=STYLED_ITEM('',(#1025),#1026);
#310=STYLED_ITEM('',(#1027),#1028);
#311=STYLED_ITEM('',(#1029),#1030);
#312=STYLED_ITEM('',(#1031),#1032);
#313=STYLED_ITEM('',(#1033),#1034);
#314=STYLED_ITEM('',(#1035),#1036);
#315=STYLED_ITEM('',(#1037),#1038);
#316=STYLED_ITEM('',(#1039),#1040);
#317=STYLED_ITEM('',(#1041),#1042);
#318=STYLED_ITEM('',(#1043),#1044);
#319=STYLED_ITEM('',(#1045),#1046);
#320=STYLED_ITEM('',(#1047),#1048);
#321=STYLED_ITEM('',(#1049),#1050);
#322=STYLED_ITEM('',(#1051),#1052);
#323=STYLED_ITEM('',(#1053),#1054);
#324=STYLED_ITEM('',(#1055),#1056);
#325=STYLED_ITEM('',(#1057),#1058);
#326=STYLED_ITEM('',(#1059),#1060);
#327=STYLED_ITEM('',(#1061),#1062);
#328=STYLED_ITEM('',(#1063),#1064);
#329=STYLED_ITEM('',(#1065),#1066);
#330=STYLED_ITEM('',(#1067),#1068);
#331=STYLED_ITEM('',(#1069),#1070);
#332=STYLED_ITEM('',(#1071),#1072);
#333=STYLED_ITEM('',(#1073),#1074);
#334=STYLED_ITEM('',(#1075),#1076);
#335=STYLED_ITEM('',(#1077),#1078);
#336=STYLED_ITEM('',(#1079),#1080);
#337=STYLED_ITEM('',(#1081),#1082);
#338=STYLED_ITEM('',(#1083),#1084);
#339=STYLED_ITEM('',(#1085),#1086);
#340=STYLED_ITEM('',(#1087),#1088);
#341=STYLED_ITEM('',(#1089),#1090);
#342=STYLED_ITEM('',(#1091),#1092);
#343=STYLED_ITEM('',(#1093),#1094);
#344=STYLED_ITEM('',(#1095),#1096);
#345=STYLED_ITEM('',(#1097),#1098);
#346=STYLED_ITEM('',(#1099),#1100);
#347=STYLED_ITEM('',(#1101),#1102);
#348=STYLED_ITEM('',(#1103),#1104);
#349=STYLED_ITEM('',(#1105),#1106);
#350=STYLED_ITEM('',(#1107),#1108);
#351=STYLED_ITEM('',(#1109),#1110);
#352=STYLED_ITEM('',(#1111),#1112);
#353=STYLED_ITEM('',(#1113),#1114);
#354=STYLED_ITEM('',(#1115),#1116);
#355=STYLED_ITEM('',(#1117),#1118);
#356=STYLED_ITEM('',(#1119),#1120);
#357=STYLED_ITEM('',(#1121),#1122);
#358=STYLED_ITEM('',(#1123),#1124);
#359=STYLED_ITEM('',(#1125),#1126);
#360=STYLED_ITEM('',(#1127),#1128);
#361=STYLED_ITEM('',(#1129),#1130);
#362=STYLED_ITEM('',(#1131),#1132);
#363=STYLED_ITEM('',(#1133),#1134);
#364=STYLED_ITEM('',(#1135),#1136);
#365=STYLED_ITEM('',(#1137),#1138);
#366=STYLED_ITEM('',(#1139),#1140);
#367=STYLED_ITEM('',(#1141),#1142);
#368=STYLED_ITEM('',(#1143),#1144);
#369=STYLED_ITEM('',(#1145),#1146);
#370=STYLED_ITEM('',(#1147),#1148);
#371=STYLED_ITEM('',(#1149),#1150);
#372=STYLED_ITEM('',(#1151),#1152);
#373=STYLED_ITEM('',(#1153),#1154);
#374=STYLED_ITEM('',(#1155),#1156);
#375=STYLED_ITEM('',(#1157),#1158);
#376=STYLED_ITEM('',(#1159),#1160);
#377=STYLED_ITEM('',(#1161),#1162);
#378=STYLED_ITEM('',(#1163),#1164);
#379=STYLED_ITEM('',(#1165),#1166);
#380=STYLED_ITEM('',(#1167),#1168);
#381=STYLED_ITEM('',(#1169),#1170);
#382=STYLED_ITEM('',(#1171),#1172);
#383=STYLED_ITEM('',(#1173),#1174);
#384=STYLED_ITEM('',(#1175),#1176);
#385=STYLED_ITEM('',(#1177),#1178);
#386=STYLED_ITEM('',(#1179),#1180);
#387=STYLED_ITEM('',(#1181),#1182);
#388=STYLED_ITEM('',(#1183),#1184);
#389=STYLED_ITEM('',(#1185),#1186);
#390=STYLED_ITEM('',(#1187),#1188);
#391=STYLED_ITEM('',(#1189),#1190);
#392=STYLED_ITEM('',(#1191),#1192);
#393=STYLED_ITEM('',(#1193),#1194);
#394=STYLED_ITEM('',(#1195),#1196);
#395=STYLED_ITEM('',(#1197),#1198);
#396=STYLED_ITEM('',(#1199),#1200);
#397=STYLED_ITEM('',(#1201),#1202);
#398=STYLED_ITEM('',(#1203),#1204);
#399=STYLED_ITEM('',(#1205),#1206);
#400=STYLED_ITEM('',(#1207),#1208);
#401=STYLED_ITEM('',(#1209),#1210);
#402=STYLED_ITEM('',(#1211),#1212);
#403=STYLED_ITEM('',(#1213),#1214);
#404=STYLED_ITEM('',(#1215),#1216);
#405=STYLED_ITEM('',(#1217),#1218);
#406=STYLED_ITEM('',(#1219),#1220);
#407=STYLED_ITEM('',(#1221),#1222);
#408=STYLED_ITEM('',(#1223),#1224);
#409=STYLED_ITEM('',(#1225),#1226);
#410=STYLED_ITEM('',(#1227),#1228);
#411=STYLED_ITEM('',(#1229),#1230);
#412=STYLED_ITEM('',(#1231),#1232);
#413=STYLED_ITEM('',(#1233),#1234);
#414=APPLICATION_CONTEXT(' ');
#415=PRODUCT_CATEGORY('part','NONE');
#416=PRODUCT_RELATED_PRODUCT_CATEGORY('detail',' ',(#1235));
#417=PRODUCT_DEFINITION_SHAPE('NONE','NONE',#1236);
#418=ADVANCED_BREP_SHAPE_REPRESENTATION('MF05A_ASM|Next assembly relationship#LEAD_MF05F;LEAD_MF05F',(#926,#1237),#6);
#421=UNCERTAINTY_MEASURE_WITH_UNIT(LENGTH_MEASURE(1.0E-006),#423,'','');
#423= (CONVERSION_BASED_UNIT('MILLIMETRE',#1240)LENGTH_UNIT()NAMED_UNIT(#1243));
#424= (NAMED_UNIT(#1245)PLANE_ANGLE_UNIT()SI_UNIT($,.RADIAN.));
#425= (NAMED_UNIT(#1245)SOLID_ANGLE_UNIT()SI_UNIT($,.STERADIAN.));
#427=PRESENTATION_STYLE_ASSIGNMENT((#1251));
#428=EDGE_CURVE('',#1252,#1253,#1254,.T.);
#429=PRESENTATION_STYLE_ASSIGNMENT((#1255));
#430=EDGE_CURVE('',#1256,#1257,#1258,.T.);
#431=PRESENTATION_STYLE_ASSIGNMENT((#1259));
#432=EDGE_CURVE('',#1260,#1261,#1262,.T.);
#433=PRESENTATION_STYLE_ASSIGNMENT((#1263));
#434=ADVANCED_FACE('',(#1264),#1265,.F.);
#435=PRESENTATION_STYLE_ASSIGNMENT((#1266));
#436=ADVANCED_FACE('',(#1267),#1268,.T.);
#437=PRESENTATION_STYLE_ASSIGNMENT((#1269));
#438=EDGE_CURVE('',#1270,#1271,#1272,.T.);
#439=PRESENTATION_STYLE_ASSIGNMENT((#1273));
#440=EDGE_CURVE('',#1274,#1275,#1276,.T.);
#441=PRESENTATION_STYLE_ASSIGNMENT((#1277));
#442=EDGE_CURVE('',#1278,#1279,#1280,.T.);
#443=PRESENTATION_STYLE_ASSIGNMENT((#1281));
#444=EDGE_CURVE('',#1282,#1283,#1284,.T.);
#445=PRESENTATION_STYLE_ASSIGNMENT((#1285));
#446=EDGE_CURVE('',#1257,#1286,#1287,.T.);
#447=PRESENTATION_STYLE_ASSIGNMENT((#1288));
#448=EDGE_CURVE('',#1289,#1290,#1291,.T.);
#449=PRESENTATION_STYLE_ASSIGNMENT((#1292));
#450=EDGE_CURVE('',#1252,#1293,#1294,.T.);
#451=PRESENTATION_STYLE_ASSIGNMENT((#1295));
#452=EDGE_CURVE('',#1296,#1297,#1298,.T.);
#453=PRESENTATION_STYLE_ASSIGNMENT((#1299));
#454=ADVANCED_FACE('',(#1300),#1301,.T.);
#455=PRESENTATION_STYLE_ASSIGNMENT((#1302));
#456=ADVANCED_FACE('',(#1303),#1304,.T.);
#457=PRESENTATION_STYLE_ASSIGNMENT((#1305));
#458=ADVANCED_FACE('',(#1306),#1307,.T.);
#459=PRESENTATION_STYLE_ASSIGNMENT((#1308));
#460=EDGE_CURVE('',#1309,#1310,#1311,.T.);
#461=PRESENTATION_STYLE_ASSIGNMENT((#1312));
#462=EDGE_CURVE('',#1313,#1314,#1315,.T.);
#463=PRESENTATION_STYLE_ASSIGNMENT((#1316));
#464=ADVANCED_FACE('',(#1317),#1318,.T.);
#465=PRESENTATION_STYLE_ASSIGNMENT((#1319));
#466=EDGE_CURVE('',#1320,#1321,#1322,.T.);
#467=PRESENTATION_STYLE_ASSIGNMENT((#1323));
#468=EDGE_CURVE('',#1297,#1270,#1324,.T.);
#469=PRESENTATION_STYLE_ASSIGNMENT((#1325));
#470=EDGE_CURVE('',#1326,#1327,#1328,.T.);
#471=PRESENTATION_STYLE_ASSIGNMENT((#1329));
#472=EDGE_CURVE('',#1330,#1331,#1332,.T.);
#473=PRESENTATION_STYLE_ASSIGNMENT((#1333));
#474=EDGE_CURVE('',#1334,#1335,#1336,.T.);
#475=PRESENTATION_STYLE_ASSIGNMENT((#1337));
#476=ADVANCED_FACE('',(#1338),#1339,.T.);
#477=PRESENTATION_STYLE_ASSIGNMENT((#1340));
#478=EDGE_CURVE('',#1341,#1342,#1343,.T.);
#479=PRESENTATION_STYLE_ASSIGNMENT((#1344));
#480=EDGE_CURVE('',#1290,#1345,#1346,.T.);
#481=PRESENTATION_STYLE_ASSIGNMENT((#1347));
#482=EDGE_CURVE('',#1348,#1349,#1350,.T.);
#483=PRESENTATION_STYLE_ASSIGNMENT((#1351));
#484=EDGE_CURVE('',#1352,#1353,#1354,.T.);
#485=PRESENTATION_STYLE_ASSIGNMENT((#1355));
#486=EDGE_CURVE('',#1356,#1357,#1358,.T.);
#487=PRESENTATION_STYLE_ASSIGNMENT((#1359));
#488=ADVANCED_FACE('',(#1360),#1361,.T.);
#489=PRESENTATION_STYLE_ASSIGNMENT((#1362));
#490=ADVANCED_FACE('',(#1363),#1364,.T.);
#491=PRESENTATION_STYLE_ASSIGNMENT((#1365));
#492=ADVANCED_FACE('',(#1366),#1367,.T.);
#493=PRESENTATION_STYLE_ASSIGNMENT((#1368));
#494=EDGE_CURVE('',#1369,#1283,#1370,.T.);
#495=PRESENTATION_STYLE_ASSIGNMENT((#1371));
#496=EDGE_CURVE('',#1372,#1373,#1374,.T.);
#497=PRESENTATION_STYLE_ASSIGNMENT((#1375));
#498=ADVANCED_FACE('',(#1376),#1377,.F.);
#499=PRESENTATION_STYLE_ASSIGNMENT((#1378));
#500=EDGE_CURVE('',#1379,#1380,#1381,.T.);
#501=PRESENTATION_STYLE_ASSIGNMENT((#1382));
#502=EDGE_CURVE('',#1379,#1383,#1384,.T.);
#503=PRESENTATION_STYLE_ASSIGNMENT((#1385));
#504=EDGE_CURVE('',#1386,#1314,#1387,.T.);
#505=PRESENTATION_STYLE_ASSIGNMENT((#1388));
#506=EDGE_CURVE('',#1313,#1389,#1390,.T.);
#507=PRESENTATION_STYLE_ASSIGNMENT((#1391));
#508=EDGE_CURVE('',#1293,#1392,#1393,.T.);
#509=PRESENTATION_STYLE_ASSIGNMENT((#1394));
#510=EDGE_CURVE('',#1395,#1396,#1397,.T.);
#511=PRESENTATION_STYLE_ASSIGNMENT((#1398));
#512=EDGE_CURVE('',#1309,#1399,#1400,.T.);
#513=PRESENTATION_STYLE_ASSIGNMENT((#1401));
#514=EDGE_CURVE('',#1402,#1403,#1404,.T.);
#515=PRESENTATION_STYLE_ASSIGNMENT((#1405));
#516=ADVANCED_FACE('',(#1406),#1407,.T.);
#517=PRESENTATION_STYLE_ASSIGNMENT((#1408));
#518=EDGE_CURVE('',#1409,#1331,#1410,.T.);
#519=PRESENTATION_STYLE_ASSIGNMENT((#1411));
#520=EDGE_CURVE('',#1412,#1413,#1414,.T.);
#521=PRESENTATION_STYLE_ASSIGNMENT((#1415));
#522=EDGE_CURVE('',#1416,#1275,#1417,.T.);
#523=PRESENTATION_STYLE_ASSIGNMENT((#1418));
#524=EDGE_CURVE('',#1419,#1420,#1421,.T.);
#525=PRESENTATION_STYLE_ASSIGNMENT((#1422));
#526=EDGE_CURVE('',#1423,#1352,#1424,.T.);
#527=PRESENTATION_STYLE_ASSIGNMENT((#1425));
#528=EDGE_CURVE('',#1283,#1286,#1426,.T.);
#529=PRESENTATION_STYLE_ASSIGNMENT((#1427));
#530=EDGE_CURVE('',#1428,#1429,#1430,.T.);
#531=PRESENTATION_STYLE_ASSIGNMENT((#1431));
#532=EDGE_CURVE('',#1432,#1348,#1433,.T.);
#533=PRESENTATION_STYLE_ASSIGNMENT((#1434));
#534=EDGE_CURVE('',#1416,#1435,#1436,.T.);
#535=PRESENTATION_STYLE_ASSIGNMENT((#1437));
#536=EDGE_CURVE('',#1438,#1439,#1440,.T.);
#537=PRESENTATION_STYLE_ASSIGNMENT((#1441));
#538=EDGE_CURVE('',#1310,#1442,#1443,.T.);
#539=PRESENTATION_STYLE_ASSIGNMENT((#1444));
#540=EDGE_CURVE('',#1435,#1445,#1446,.T.);
#541=PRESENTATION_STYLE_ASSIGNMENT((#1447));
#542=EDGE_CURVE('',#1448,#1403,#1449,.T.);
#543=PRESENTATION_STYLE_ASSIGNMENT((#1450));
#544=EDGE_CURVE('',#1451,#1452,#1453,.T.);
#545=PRESENTATION_STYLE_ASSIGNMENT((#1454));
#546=EDGE_CURVE('',#1455,#1260,#1456,.T.);
#547=PRESENTATION_STYLE_ASSIGNMENT((#1457));
#548=EDGE_CURVE('',#1253,#1256,#1458,.T.);
#549=PRESENTATION_STYLE_ASSIGNMENT((#1459));
#550=EDGE_CURVE('',#1445,#1460,#1461,.T.);
#551=PRESENTATION_STYLE_ASSIGNMENT((#1462));
#552=EDGE_CURVE('',#1463,#1464,#1465,.T.);
#553=PRESENTATION_STYLE_ASSIGNMENT((#1466));
#554=EDGE_CURVE('',#1467,#1455,#1468,.T.);
#555=PRESENTATION_STYLE_ASSIGNMENT((#1469));
#556=EDGE_CURVE('',#1470,#1471,#1472,.T.);
#557=PRESENTATION_STYLE_ASSIGNMENT((#1473));
#558=EDGE_CURVE('',#1399,#1474,#1475,.T.);
#559=PRESENTATION_STYLE_ASSIGNMENT((#1476));
#560=EDGE_CURVE('',#1477,#1478,#1479,.T.);
#561=PRESENTATION_STYLE_ASSIGNMENT((#1480));
#562=ADVANCED_FACE('',(#1481),#1482,.T.);
#563=PRESENTATION_STYLE_ASSIGNMENT((#1483));
#564=ADVANCED_FACE('',(#1484),#1485,.T.);
#565=PRESENTATION_STYLE_ASSIGNMENT((#1486));
#566=EDGE_CURVE('',#1252,#1487,#1488,.T.);
#567=PRESENTATION_STYLE_ASSIGNMENT((#1489));
#568=ADVANCED_FACE('',(#1490),#1491,.F.);
#569=PRESENTATION_STYLE_ASSIGNMENT((#1492));
#570=EDGE_CURVE('',#1493,#1494,#1495,.T.);
#571=PRESENTATION_STYLE_ASSIGNMENT((#1496));
#572=EDGE_CURVE('',#1252,#1386,#1497,.T.);
#573=PRESENTATION_STYLE_ASSIGNMENT((#1498));
#574=EDGE_CURVE('',#1499,#1494,#1500,.T.);
#575=PRESENTATION_STYLE_ASSIGNMENT((#1501));
#576=EDGE_CURVE('',#1502,#1389,#1503,.T.);
#577=PRESENTATION_STYLE_ASSIGNMENT((#1504));
#578=ADVANCED_FACE('',(#1505),#1506,.T.);
#579=PRESENTATION_STYLE_ASSIGNMENT((#1507));
#580=ADVANCED_FACE('',(#1508),#1509,.T.);
#581=PRESENTATION_STYLE_ASSIGNMENT((#1510));
#582=ADVANCED_FACE('',(#1511),#1512,.T.);
#583=PRESENTATION_STYLE_ASSIGNMENT((#1513));
#584=ADVANCED_FACE('',(#1514),#1515,.T.);
#585=PRESENTATION_STYLE_ASSIGNMENT((#1516));
#586=ADVANCED_FACE('',(#1517),#1518,.T.);
#587=PRESENTATION_STYLE_ASSIGNMENT((#1519));
#588=ADVANCED_FACE('',(#1520),#1521,.T.);
#589=PRESENTATION_STYLE_ASSIGNMENT((#1522));
#590=EDGE_CURVE('',#1282,#1523,#1524,.T.);
#591=PRESENTATION_STYLE_ASSIGNMENT((#1525));
#592=EDGE_CURVE('',#1257,#1392,#1526,.T.);
#593=PRESENTATION_STYLE_ASSIGNMENT((#1527));
#594=ADVANCED_FACE('',(#1528),#1529,.T.);
#595=PRESENTATION_STYLE_ASSIGNMENT((#1530));
#596=EDGE_CURVE('',#1531,#1296,#1532,.T.);
#597=PRESENTATION_STYLE_ASSIGNMENT((#1533));
#598=EDGE_CURVE('',#1290,#1341,#1534,.T.);
#599=PRESENTATION_STYLE_ASSIGNMENT((#1535));
#600=ADVANCED_FACE('',(#1536),#1537,.T.);
#601=PRESENTATION_STYLE_ASSIGNMENT((#1538));
#602=EDGE_CURVE('',#1539,#1356,#1540,.T.);
#603=PRESENTATION_STYLE_ASSIGNMENT((#1541));
#604=ADVANCED_FACE('',(#1542),#1543,.T.);
#605=PRESENTATION_STYLE_ASSIGNMENT((#1544));
#606=EDGE_CURVE('',#1402,#1439,#1545,.T.);
#607=PRESENTATION_STYLE_ASSIGNMENT((#1546));
#608=EDGE_CURVE('',#1439,#1420,#1547,.T.);
#609=PRESENTATION_STYLE_ASSIGNMENT((#1548));
#610=ADVANCED_FACE('',(#1549),#1550,.T.);
#611=PRESENTATION_STYLE_ASSIGNMENT((#1551));
#612=EDGE_CURVE('',#1552,#1553,#1554,.T.);
#613=PRESENTATION_STYLE_ASSIGNMENT((#1555));
#614=EDGE_CURVE('',#1334,#1556,#1557,.T.);
#615=PRESENTATION_STYLE_ASSIGNMENT((#1558));
#616=EDGE_CURVE('',#1559,#1327,#1560,.T.);
#617=PRESENTATION_STYLE_ASSIGNMENT((#1561));
#618=EDGE_CURVE('',#1494,#1562,#1563,.T.);
#619=PRESENTATION_STYLE_ASSIGNMENT((#1564));
#620=ADVANCED_FACE('',(#1565),#1566,.T.);
#621=PRESENTATION_STYLE_ASSIGNMENT((#1567));
#622=EDGE_CURVE('',#1372,#1553,#1568,.T.);
#623=PRESENTATION_STYLE_ASSIGNMENT((#1569));
#624=ADVANCED_FACE('',(#1570),#1571,.T.);
#625=PRESENTATION_STYLE_ASSIGNMENT((#1572));
#626=ADVANCED_FACE('',(#1573),#1574,.T.);
#627=PRESENTATION_STYLE_ASSIGNMENT((#1575));
#628=EDGE_CURVE('',#1373,#1502,#1576,.T.);
#629=PRESENTATION_STYLE_ASSIGNMENT((#1577));
#630=EDGE_CURVE('',#1380,#1578,#1579,.T.);
#631=PRESENTATION_STYLE_ASSIGNMENT((#1580));
#632=EDGE_CURVE('',#1581,#1423,#1582,.T.);
#633=PRESENTATION_STYLE_ASSIGNMENT((#1583));
#634=EDGE_CURVE('',#1310,#1584,#1585,.T.);
#635=PRESENTATION_STYLE_ASSIGNMENT((#1586));
#636=ADVANCED_FACE('',(#1587),#1588,.T.);
#637=PRESENTATION_STYLE_ASSIGNMENT((#1589));
#638=ADVANCED_FACE('',(#1590),#1591,.T.);
#639=PRESENTATION_STYLE_ASSIGNMENT((#1592));
#640=EDGE_CURVE('',#1396,#1438,#1593,.T.);
#641=PRESENTATION_STYLE_ASSIGNMENT((#1594));
#642=ADVANCED_FACE('',(#1595),#1596,.T.);
#643=PRESENTATION_STYLE_ASSIGNMENT((#1597));
#644=EDGE_CURVE('',#1282,#1598,#1599,.T.);
#645=PRESENTATION_STYLE_ASSIGNMENT((#1600));
#646=ADVANCED_FACE('',(#1601),#1602,.T.);
#647=PRESENTATION_STYLE_ASSIGNMENT((#1603));
#648=ADVANCED_FACE('',(#1604),#1605,.T.);
#649=PRESENTATION_STYLE_ASSIGNMENT((#1606));
#650=EDGE_CURVE('',#1607,#1608,#1609,.T.);
#651=PRESENTATION_STYLE_ASSIGNMENT((#1610));
#652=EDGE_CURVE('',#1470,#1409,#1611,.T.);
#653=PRESENTATION_STYLE_ASSIGNMENT((#1612));
#654=EDGE_CURVE('',#1256,#1293,#1613,.T.);
#655=PRESENTATION_STYLE_ASSIGNMENT((#1614));
#656=EDGE_CURVE('',#1615,#1616,#1617,.T.);
#657=PRESENTATION_STYLE_ASSIGNMENT((#1618));
#658=EDGE_CURVE('',#1392,#1608,#1619,.T.);
#659=PRESENTATION_STYLE_ASSIGNMENT((#1620));
#660=ADVANCED_FACE('',(#1621),#1622,.T.);
#661=PRESENTATION_STYLE_ASSIGNMENT((#1623));
#662=EDGE_CURVE('',#1428,#1624,#1625,.T.);
#663=PRESENTATION_STYLE_ASSIGNMENT((#1626));
#664=ADVANCED_FACE('',(#1627),#1628,.F.);
#665=PRESENTATION_STYLE_ASSIGNMENT((#1629));
#666=EDGE_CURVE('',#1348,#1423,#1630,.T.);
#667=PRESENTATION_STYLE_ASSIGNMENT((#1631));
#668=ADVANCED_FACE('',(#1632),#1633,.T.);
#669=PRESENTATION_STYLE_ASSIGNMENT((#1634));
#670=EDGE_CURVE('',#1403,#1420,#1635,.T.);
#671=PRESENTATION_STYLE_ASSIGNMENT((#1636));
#672=ADVANCED_FACE('',(#1637),#1638,.T.);
#673=PRESENTATION_STYLE_ASSIGNMENT((#1639));
#674=EDGE_CURVE('',#1640,#1261,#1641,.T.);
#675=PRESENTATION_STYLE_ASSIGNMENT((#1642));
#676=EDGE_CURVE('',#1643,#1271,#1644,.T.);
#677=PRESENTATION_STYLE_ASSIGNMENT((#1645));
#678=EDGE_CURVE('',#1474,#1310,#1646,.T.);
#679=PRESENTATION_STYLE_ASSIGNMENT((#1647));
#680=ADVANCED_FACE('',(#1648),#1649,.T.);
#681=PRESENTATION_STYLE_ASSIGNMENT((#1650));
#682=ADVANCED_FACE('',(#1651),#1652,.T.);
#683=PRESENTATION_STYLE_ASSIGNMENT((#1653));
#684=EDGE_CURVE('',#1654,#1655,#1656,.T.);
#685=PRESENTATION_STYLE_ASSIGNMENT((#1657));
#686=ADVANCED_FACE('',(#1658),#1659,.T.);
#687=PRESENTATION_STYLE_ASSIGNMENT((#1660));
#688=ADVANCED_FACE('',(#1661),#1662,.T.);
#689=PRESENTATION_STYLE_ASSIGNMENT((#1663));
#690=ADVANCED_FACE('',(#1664),#1665,.T.);
#691=PRESENTATION_STYLE_ASSIGNMENT((#1666));
#692=ADVANCED_FACE('',(#1667),#1668,.T.);
#693=PRESENTATION_STYLE_ASSIGNMENT((#1669));
#694=EDGE_CURVE('',#1670,#1671,#1672,.T.);
#695=PRESENTATION_STYLE_ASSIGNMENT((#1673));
#696=EDGE_CURVE('',#1296,#1674,#1675,.T.);
#697=PRESENTATION_STYLE_ASSIGNMENT((#1676));
#698=EDGE_CURVE('',#1677,#1598,#1678,.T.);
#699=PRESENTATION_STYLE_ASSIGNMENT((#1679));
#700=EDGE_CURVE('',#1467,#1680,#1681,.T.);
#701=PRESENTATION_STYLE_ASSIGNMENT((#1682));
#702=EDGE_CURVE('',#1683,#1684,#1685,.T.);
#703=PRESENTATION_STYLE_ASSIGNMENT((#1686));
#704=ADVANCED_FACE('',(#1687),#1688,.T.);
#705=PRESENTATION_STYLE_ASSIGNMENT((#1689));
#706=EDGE_CURVE('',#1690,#1399,#1691,.T.);
#707=PRESENTATION_STYLE_ASSIGNMENT((#1692));
#708=EDGE_CURVE('',#1578,#1474,#1693,.T.);
#709=PRESENTATION_STYLE_ASSIGNMENT((#1694));
#710=EDGE_CURVE('',#1438,#1373,#1695,.T.);
#711=PRESENTATION_STYLE_ASSIGNMENT((#1696));
#712=EDGE_CURVE('',#1607,#1697,#1698,.T.);
#713=PRESENTATION_STYLE_ASSIGNMENT((#1699));
#714=EDGE_CURVE('',#1313,#1700,#1701,.T.);
#715=PRESENTATION_STYLE_ASSIGNMENT((#1702));
#716=EDGE_CURVE('',#1703,#1704,#1705,.T.);
#717=PRESENTATION_STYLE_ASSIGNMENT((#1706));
#718=EDGE_CURVE('',#1707,#1708,#1709,.T.);
#719=PRESENTATION_STYLE_ASSIGNMENT((#1710));
#720=EDGE_CURVE('',#1711,#1712,#1713,.T.);
#721=PRESENTATION_STYLE_ASSIGNMENT((#1714));
#722=EDGE_CURVE('',#1715,#1270,#1716,.T.);
#723=PRESENTATION_STYLE_ASSIGNMENT((#1717));
#724=EDGE_CURVE('',#1718,#1451,#1719,.T.);
#725=PRESENTATION_STYLE_ASSIGNMENT((#1720));
#726=EDGE_CURVE('',#1718,#1326,#1721,.T.);
#727=PRESENTATION_STYLE_ASSIGNMENT((#1722));
#728=EDGE_CURVE('',#1409,#1712,#1723,.T.);
#729=PRESENTATION_STYLE_ASSIGNMENT((#1724));
#730=EDGE_CURVE('',#1471,#1331,#1725,.T.);
#731=PRESENTATION_STYLE_ASSIGNMENT((#1726));
#732=EDGE_CURVE('',#1581,#1727,#1728,.T.);
#733=PRESENTATION_STYLE_ASSIGNMENT((#1729));
#734=EDGE_CURVE('',#1442,#1474,#1730,.T.);
#735=PRESENTATION_STYLE_ASSIGNMENT((#1731));
#736=EDGE_CURVE('',#1732,#1671,#1733,.T.);
#737=PRESENTATION_STYLE_ASSIGNMENT((#1734));
#738=EDGE_CURVE('',#1499,#1735,#1736,.T.);
#739=PRESENTATION_STYLE_ASSIGNMENT((#1737));
#740=EDGE_CURVE('',#1703,#1282,#1738,.T.);
#741=PRESENTATION_STYLE_ASSIGNMENT((#1739));
#742=EDGE_CURVE('',#1718,#1559,#1740,.T.);
#743=PRESENTATION_STYLE_ASSIGNMENT((#1741));
#744=EDGE_CURVE('',#1341,#1353,#1742,.T.);
#745=PRESENTATION_STYLE_ASSIGNMENT((#1743));
#746=EDGE_CURVE('',#1429,#1342,#1744,.T.);
#747=PRESENTATION_STYLE_ASSIGNMENT((#1745));
#748=EDGE_CURVE('',#1429,#1746,#1747,.T.);
#749=PRESENTATION_STYLE_ASSIGNMENT((#1748));
#750=EDGE_CURVE('',#1749,#1750,#1751,.T.);
#751=PRESENTATION_STYLE_ASSIGNMENT((#1752));
#752=ADVANCED_FACE('',(#1753),#1754,.T.);
#753=PRESENTATION_STYLE_ASSIGNMENT((#1755));
#754=EDGE_CURVE('',#1655,#1349,#1756,.T.);
#755=PRESENTATION_STYLE_ASSIGNMENT((#1757));
#756=EDGE_CURVE('',#1369,#1379,#1758,.T.);
#757=PRESENTATION_STYLE_ASSIGNMENT((#1759));
#758=EDGE_CURVE('',#1727,#1352,#1760,.T.);
#759=PRESENTATION_STYLE_ASSIGNMENT((#1761));
#760=EDGE_CURVE('',#1762,#1763,#1764,.T.);
#761=PRESENTATION_STYLE_ASSIGNMENT((#1765));
#762=ADVANCED_FACE('',(#1766),#1767,.T.);
#763=PRESENTATION_STYLE_ASSIGNMENT((#1768));
#764=ADVANCED_FACE('',(#1769),#1770,.F.);
#765=PRESENTATION_STYLE_ASSIGNMENT((#1771));
#766=EDGE_CURVE('',#1386,#1772,#1773,.T.);
#767=PRESENTATION_STYLE_ASSIGNMENT((#1774));
#768=EDGE_CURVE('',#1700,#1493,#1775,.T.);
#769=PRESENTATION_STYLE_ASSIGNMENT((#1776));
#770=EDGE_CURVE('',#1777,#1778,#1779,.T.);
#771=PRESENTATION_STYLE_ASSIGNMENT((#1780));
#772=EDGE_CURVE('',#1781,#1712,#1782,.T.);
#773=PRESENTATION_STYLE_ASSIGNMENT((#1783));
#774=EDGE_CURVE('',#1279,#1275,#1784,.T.);
#775=PRESENTATION_STYLE_ASSIGNMENT((#1785));
#776=EDGE_CURVE('',#1624,#1746,#1786,.T.);
#777=PRESENTATION_STYLE_ASSIGNMENT((#1787));
#778=ADVANCED_FACE('',(#1788),#1789,.F.);
#779=PRESENTATION_STYLE_ASSIGNMENT((#1790));
#780=EDGE_CURVE('',#1399,#1772,#1791,.T.);
#781=PRESENTATION_STYLE_ASSIGNMENT((#1792));
#782=ADVANCED_FACE('',(#1793),#1794,.T.);
#783=PRESENTATION_STYLE_ASSIGNMENT((#1795));
#784=EDGE_CURVE('',#1677,#1680,#1796,.T.);
#785=PRESENTATION_STYLE_ASSIGNMENT((#1797));
#786=EDGE_CURVE('',#1746,#1493,#1798,.T.);
#787=PRESENTATION_STYLE_ASSIGNMENT((#1799));
#788=EDGE_CURVE('',#1369,#1800,#1801,.T.);
#789=PRESENTATION_STYLE_ASSIGNMENT((#1802));
#790=EDGE_CURVE('',#1803,#1349,#1804,.T.);
#791=PRESENTATION_STYLE_ASSIGNMENT((#1805));
#792=EDGE_CURVE('',#1735,#1562,#1806,.T.);
#793=PRESENTATION_STYLE_ASSIGNMENT((#1807));
#794=ADVANCED_FACE('',(#1808),#1809,.T.);
#795=PRESENTATION_STYLE_ASSIGNMENT((#1810));
#796=EDGE_CURVE('',#1578,#1439,#1811,.T.);
#797=PRESENTATION_STYLE_ASSIGNMENT((#1812));
#798=EDGE_CURVE('',#1813,#1556,#1814,.T.);
#799=PRESENTATION_STYLE_ASSIGNMENT((#1815));
#800=EDGE_CURVE('',#1749,#1615,#1816,.T.);
#801=PRESENTATION_STYLE_ASSIGNMENT((#1817));
#802=EDGE_CURVE('',#1578,#1373,#1818,.T.);
#803=PRESENTATION_STYLE_ASSIGNMENT((#1819));
#804=EDGE_CURVE('',#1608,#1820,#1821,.T.);
#805=PRESENTATION_STYLE_ASSIGNMENT((#1822));
#806=EDGE_CURVE('',#1523,#1823,#1824,.T.);
#807=PRESENTATION_STYLE_ASSIGNMENT((#1825));
#808=EDGE_CURVE('',#1826,#1827,#1828,.T.);
#809=PRESENTATION_STYLE_ASSIGNMENT((#1829));
#810=EDGE_CURVE('',#1670,#1830,#1831,.T.);
#811=PRESENTATION_STYLE_ASSIGNMENT((#1832));
#812=EDGE_CURVE('',#1640,#1335,#1833,.T.);
#813=PRESENTATION_STYLE_ASSIGNMENT((#1834));
#814=EDGE_CURVE('',#1477,#1677,#1835,.T.);
#815=PRESENTATION_STYLE_ASSIGNMENT((#1836));
#816=EDGE_CURVE('',#1837,#1838,#1839,.T.);
#817=PRESENTATION_STYLE_ASSIGNMENT((#1840));
#818=ADVANCED_FACE('',(#1841),#1842,.T.);
#819=PRESENTATION_STYLE_ASSIGNMENT((#1843));
#820=EDGE_CURVE('',#1844,#1715,#1845,.T.);
#821=PRESENTATION_STYLE_ASSIGNMENT((#1846));
#822=EDGE_CURVE('',#1320,#1412,#1847,.T.);
#823=PRESENTATION_STYLE_ASSIGNMENT((#1848));
#824=EDGE_CURVE('',#1356,#1271,#1849,.T.);
#825=PRESENTATION_STYLE_ASSIGNMENT((#1850));
#826=EDGE_CURVE('',#1395,#1851,#1852,.T.);
#827=PRESENTATION_STYLE_ASSIGNMENT((#1853));
#828=EDGE_CURVE('',#1854,#1274,#1855,.T.);
#829=PRESENTATION_STYLE_ASSIGNMENT((#1856));
#830=EDGE_CURVE('',#1677,#1320,#1857,.T.);
#831=PRESENTATION_STYLE_ASSIGNMENT((#1858));
#832=EDGE_CURVE('',#1451,#1448,#1859,.T.);
#833=PRESENTATION_STYLE_ASSIGNMENT((#1860));
#834=EDGE_CURVE('',#1624,#1700,#1861,.T.);
#835=PRESENTATION_STYLE_ASSIGNMENT((#1862));
#836=EDGE_CURVE('',#1432,#1803,#1863,.T.);
#837=PRESENTATION_STYLE_ASSIGNMENT((#1864));
#838=EDGE_CURVE('',#1683,#1670,#1865,.T.);
#839=PRESENTATION_STYLE_ASSIGNMENT((#1866));
#840=ADVANCED_FACE('',(#1867),#1868,.T.);
#841=PRESENTATION_STYLE_ASSIGNMENT((#1869));
#842=ADVANCED_FACE('',(#1870),#1871,.T.);
#843=PRESENTATION_STYLE_ASSIGNMENT((#1872));
#844=EDGE_CURVE('',#1838,#1762,#1873,.T.);
#845=PRESENTATION_STYLE_ASSIGNMENT((#1874));
#846=EDGE_CURVE('',#1851,#1402,#1875,.T.);
#847=PRESENTATION_STYLE_ASSIGNMENT((#1876));
#848=EDGE_CURVE('',#1778,#1445,#1877,.T.);
#849=PRESENTATION_STYLE_ASSIGNMENT((#1878));
#850=EDGE_CURVE('',#1823,#1320,#1879,.T.);
#851=PRESENTATION_STYLE_ASSIGNMENT((#1880));
#852=EDGE_CURVE('',#1881,#1261,#1882,.T.);
#853=PRESENTATION_STYLE_ASSIGNMENT((#1883));
#854=EDGE_CURVE('',#1455,#1881,#1884,.T.);
#855=PRESENTATION_STYLE_ASSIGNMENT((#1885));
#856=EDGE_CURVE('',#1539,#1643,#1886,.T.);
#857=PRESENTATION_STYLE_ASSIGNMENT((#1887));
#858=EDGE_CURVE('',#1531,#1844,#1888,.T.);
#859=PRESENTATION_STYLE_ASSIGNMENT((#1889));
#860=EDGE_CURVE('',#1274,#1278,#1890,.T.);
#861=PRESENTATION_STYLE_ASSIGNMENT((#1891));
#862=EDGE_CURVE('',#1826,#1671,#1892,.T.);
#863=PRESENTATION_STYLE_ASSIGNMENT((#1893));
#864=EDGE_CURVE('',#1327,#1330,#1894,.T.);
#865=PRESENTATION_STYLE_ASSIGNMENT((#1895));
#866=EDGE_CURVE('',#1762,#1896,#1897,.T.);
#867=PRESENTATION_STYLE_ASSIGNMENT((#1898));
#868=EDGE_CURVE('',#1278,#1899,#1900,.T.);
#869=PRESENTATION_STYLE_ASSIGNMENT((#1901));
#870=EDGE_CURVE('',#1253,#1902,#1903,.T.);
#871=PRESENTATION_STYLE_ASSIGNMENT((#1904));
#872=EDGE_CURVE('',#1838,#1905,#1906,.T.);
#873=PRESENTATION_STYLE_ASSIGNMENT((#1907));
#874=EDGE_CURVE('',#1896,#1905,#1908,.T.);
#875=PRESENTATION_STYLE_ASSIGNMENT((#1909));
#876=EDGE_CURVE('',#1763,#1460,#1910,.T.);
#877=PRESENTATION_STYLE_ASSIGNMENT((#1911));
#878=EDGE_CURVE('',#1707,#1912,#1913,.T.);
#879=PRESENTATION_STYLE_ASSIGNMENT((#1914));
#880=EDGE_CURVE('',#1830,#1915,#1916,.T.);
#881=PRESENTATION_STYLE_ASSIGNMENT((#1917));
#882=EDGE_CURVE('',#1707,#1477,#1918,.T.);
#883=PRESENTATION_STYLE_ASSIGNMENT((#1919));
#884=EDGE_CURVE('',#1690,#1386,#1920,.T.);
#885=PRESENTATION_STYLE_ASSIGNMENT((#1921));
#886=EDGE_CURVE('',#1442,#1383,#1922,.T.);
#887=PRESENTATION_STYLE_ASSIGNMENT((#1923));
#888=EDGE_CURVE('',#1321,#1413,#1924,.T.);
#889=PRESENTATION_STYLE_ASSIGNMENT((#1925));
#890=ADVANCED_FACE('',(#1926),#1927,.T.);
#891=PRESENTATION_STYLE_ASSIGNMENT((#1928));
#892=EDGE_CURVE('',#1684,#1830,#1929,.T.);
#893=PRESENTATION_STYLE_ASSIGNMENT((#1930));
#894=EDGE_CURVE('',#1523,#1899,#1931,.T.);
#895=PRESENTATION_STYLE_ASSIGNMENT((#1932));
#896=EDGE_CURVE('',#1837,#1703,#1933,.T.);
#897=PRESENTATION_STYLE_ASSIGNMENT((#1934));
#898=ADVANCED_FACE('',(#1935),#1936,.T.);
#899=PRESENTATION_STYLE_ASSIGNMENT((#1937));
#900=EDGE_CURVE('',#1584,#1938,#1939,.T.);
#901=PRESENTATION_STYLE_ASSIGNMENT((#1940));
#902=ADVANCED_FACE('',(#1941),#1942,.T.);
#903=PRESENTATION_STYLE_ASSIGNMENT((#1943));
#904=ADVANCED_FACE('',(#1944),#1945,.T.);
#905=PRESENTATION_STYLE_ASSIGNMENT((#1946));
#906=ADVANCED_FACE('',(#1947),#1948,.T.);
#907=PRESENTATION_STYLE_ASSIGNMENT((#1949));
#908=ADVANCED_FACE('',(#1950),#1951,.T.);
#909=PRESENTATION_STYLE_ASSIGNMENT((#1952));
#910=ADVANCED_FACE('',(#1953),#1954,.T.);
#911=PRESENTATION_STYLE_ASSIGNMENT((#1955));
#912=EDGE_CURVE('',#1820,#1552,#1956,.T.);
#913=PRESENTATION_STYLE_ASSIGNMENT((#1957));
#914=EDGE_CURVE('',#1286,#1820,#1958,.T.);
#915=PRESENTATION_STYLE_ASSIGNMENT((#1959));
#916=EDGE_CURVE('',#1912,#1357,#1960,.T.);
#917=PRESENTATION_STYLE_ASSIGNMENT((#1961));
#918=EDGE_CURVE('',#1844,#1297,#1962,.T.);
#919=PRESENTATION_STYLE_ASSIGNMENT((#1963));
#920=EDGE_CURVE('',#1478,#1680,#1964,.T.);
#921=PRESENTATION_STYLE_ASSIGNMENT((#1965));
#922=EDGE_CURVE('',#1966,#1471,#1967,.T.);
#923=PRESENTATION_STYLE_ASSIGNMENT((#1968));
#924=EDGE_CURVE('',#1711,#1396,#1969,.T.);
#925=PRESENTATION_STYLE_ASSIGNMENT((#1970));
#926=MANIFOLD_SOLID_BREP('MF05A_ASM|Next assembly relationship#LEAD_MF05F;LEAD_MF05F',#1971);
#927=PRESENTATION_STYLE_ASSIGNMENT((#1972));
#928=ADVANCED_FACE('',(#1973),#1974,.F.);
#929=PRESENTATION_STYLE_ASSIGNMENT((#1975));
#930=EDGE_CURVE('',#1345,#1353,#1976,.T.);
#931=PRESENTATION_STYLE_ASSIGNMENT((#1977));
#932=ADVANCED_FACE('',(#1978),#1979,.T.);
#933=PRESENTATION_STYLE_ASSIGNMENT((#1980));
#934=ADVANCED_FACE('',(#1981),#1982,.T.);
#935=PRESENTATION_STYLE_ASSIGNMENT((#1983));
#936=EDGE_CURVE('',#1938,#1487,#1984,.T.);
#937=PRESENTATION_STYLE_ASSIGNMENT((#1985));
#938=EDGE_CURVE('',#1552,#1286,#1986,.T.);
#939=PRESENTATION_STYLE_ASSIGNMENT((#1987));
#940=EDGE_CURVE('',#1988,#1260,#1989,.T.);
#941=PRESENTATION_STYLE_ASSIGNMENT((#1990));
#942=EDGE_CURVE('',#1464,#1991,#1992,.T.);
#943=PRESENTATION_STYLE_ASSIGNMENT((#1993));
#944=EDGE_CURVE('',#1256,#1915,#1994,.T.);
#945=PRESENTATION_STYLE_ASSIGNMENT((#1995));
#946=ADVANCED_FACE('',(#1996),#1997,.T.);
#947=PRESENTATION_STYLE_ASSIGNMENT((#1998));
#948=EDGE_CURVE('',#1727,#1345,#1999,.T.);
#949=PRESENTATION_STYLE_ASSIGNMENT((#2000));
#950=EDGE_CURVE('',#1487,#1772,#2001,.T.);
#951=PRESENTATION_STYLE_ASSIGNMENT((#2002));
#952=EDGE_CURVE('',#1704,#1598,#2003,.T.);
#953=PRESENTATION_STYLE_ASSIGNMENT((#2004));
#954=EDGE_CURVE('',#1772,#1309,#2005,.T.);
#955=PRESENTATION_STYLE_ASSIGNMENT((#2006));
#956=EDGE_CURVE('',#2007,#1781,#2008,.T.);
#957=PRESENTATION_STYLE_ASSIGNMENT((#2009));
#958=ADVANCED_FACE('',(#2010),#2011,.T.);
#959=PRESENTATION_STYLE_ASSIGNMENT((#2012));
#960=EDGE_CURVE('',#1823,#2013,#2014,.T.);
#961=PRESENTATION_STYLE_ASSIGNMENT((#2015));
#962=ADVANCED_FACE('',(#2016),#2017,.T.);
#963=PRESENTATION_STYLE_ASSIGNMENT((#2018));
#964=ADVANCED_FACE('',(#2019),#2020,.T.);
#965=PRESENTATION_STYLE_ASSIGNMENT((#2021));
#966=ADVANCED_FACE('',(#2022),#2023,.T.);
#967=PRESENTATION_STYLE_ASSIGNMENT((#2024));
#968=ADVANCED_FACE('',(#2025),#2026,.T.);
#969=PRESENTATION_STYLE_ASSIGNMENT((#2027));
#970=EDGE_CURVE('',#1938,#1309,#2028,.T.);
#971=PRESENTATION_STYLE_ASSIGNMENT((#2029));
#972=EDGE_CURVE('',#1467,#1915,#2030,.T.);
#973=PRESENTATION_STYLE_ASSIGNMENT((#2031));
#974=ADVANCED_FACE('',(#2032),#2033,.T.);
#975=PRESENTATION_STYLE_ASSIGNMENT((#2034));
#976=ADVANCED_FACE('',(#2035),#2036,.T.);
#977=PRESENTATION_STYLE_ASSIGNMENT((#2037));
#978=ADVANCED_FACE('',(#2038),#2039,.T.);
#979=PRESENTATION_STYLE_ASSIGNMENT((#2040));
#980=EDGE_CURVE('',#2041,#1502,#2042,.T.);
#981=PRESENTATION_STYLE_ASSIGNMENT((#2043));
#982=EDGE_CURVE('',#1902,#1938,#2044,.T.);
#983=PRESENTATION_STYLE_ASSIGNMENT((#2045));
#984=EDGE_CURVE('',#1700,#1499,#2046,.T.);
#985=PRESENTATION_STYLE_ASSIGNMENT((#2047));
#986=ADVANCED_FACE('',(#2048),#2049,.F.);
#987=PRESENTATION_STYLE_ASSIGNMENT((#2050));
#988=EDGE_CURVE('',#1608,#1257,#2051,.T.);
#989=PRESENTATION_STYLE_ASSIGNMENT((#2052));
#990=EDGE_CURVE('',#1800,#1902,#2053,.T.);
#991=PRESENTATION_STYLE_ASSIGNMENT((#2054));
#992=EDGE_CURVE('',#1293,#1314,#2055,.T.);
#993=PRESENTATION_STYLE_ASSIGNMENT((#2056));
#994=EDGE_CURVE('',#1428,#1289,#2057,.T.);
#995=PRESENTATION_STYLE_ASSIGNMENT((#2058));
#996=EDGE_CURVE('',#1553,#2041,#2059,.T.);
#997=PRESENTATION_STYLE_ASSIGNMENT((#2060));
#998=EDGE_CURVE('',#2007,#1395,#2061,.T.);
#999=PRESENTATION_STYLE_ASSIGNMENT((#2062));
#1000=EDGE_CURVE('',#1708,#1357,#2063,.T.);
#1001=PRESENTATION_STYLE_ASSIGNMENT((#2064));
#1002=EDGE_CURVE('',#1487,#1902,#2065,.T.);
#1003=PRESENTATION_STYLE_ASSIGNMENT((#2066));
#1004=EDGE_CURVE('',#1820,#2041,#2067,.T.);
#1005=PRESENTATION_STYLE_ASSIGNMENT((#2068));
#1006=EDGE_CURVE('',#1655,#1562,#2069,.T.);
#1007=PRESENTATION_STYLE_ASSIGNMENT((#2070));
#1008=EDGE_CURVE('',#1432,#1581,#2071,.T.);
#1009=PRESENTATION_STYLE_ASSIGNMENT((#2072));
#1010=ADVANCED_FACE('',(#2073),#2074,.T.);
#1011=PRESENTATION_STYLE_ASSIGNMENT((#2075));
#1012=EDGE_CURVE('',#1464,#1412,#2076,.T.);
#1013=PRESENTATION_STYLE_ASSIGNMENT((#2077));
#1014=EDGE_CURVE('',#1531,#1463,#2078,.T.);
#1015=PRESENTATION_STYLE_ASSIGNMENT((#2079));
#1016=ADVANCED_FACE('',(#2080),#2081,.T.);
#1017=PRESENTATION_STYLE_ASSIGNMENT((#2082));
#1018=EDGE_CURVE('',#1800,#1383,#2083,.T.);
#1019=PRESENTATION_STYLE_ASSIGNMENT((#2084));
#1020=ADVANCED_FACE('',(#2085),#2086,.T.);
#1021=PRESENTATION_STYLE_ASSIGNMENT((#2087));
#1022=ADVANCED_FACE('',(#2088),#2089,.F.);
#1023=PRESENTATION_STYLE_ASSIGNMENT((#2090));
#1024=ADVANCED_FACE('',(#2091),#2092,.T.);
#1025=PRESENTATION_STYLE_ASSIGNMENT((#2093));
#1026=ADVANCED_FACE('',(#2094),#2095,.T.);
#1027=PRESENTATION_STYLE_ASSIGNMENT((#2096));
#1028=EDGE_CURVE('',#1326,#1452,#2097,.T.);
#1029=PRESENTATION_STYLE_ASSIGNMENT((#2098));
#1030=ADVANCED_FACE('',(#2099),#2100,.T.);
#1031=PRESENTATION_STYLE_ASSIGNMENT((#2101));
#1032=EDGE_CURVE('',#1915,#1881,#2102,.T.);
#1033=PRESENTATION_STYLE_ASSIGNMENT((#2103));
#1034=EDGE_CURVE('',#1369,#1523,#2104,.T.);
#1035=PRESENTATION_STYLE_ASSIGNMENT((#2105));
#1036=EDGE_CURVE('',#1383,#1584,#2106,.T.);
#1037=PRESENTATION_STYLE_ASSIGNMENT((#2107));
#1038=EDGE_CURVE('',#1556,#1615,#2108,.T.);
#1039=PRESENTATION_STYLE_ASSIGNMENT((#2109));
#1040=EDGE_CURVE('',#1708,#1478,#2110,.T.);
#1041=PRESENTATION_STYLE_ASSIGNMENT((#2111));
#1042=EDGE_CURVE('',#1991,#1674,#2112,.T.);
#1043=PRESENTATION_STYLE_ASSIGNMENT((#2113));
#1044=ADVANCED_FACE('',(#2114),#2115,.F.);
#1045=PRESENTATION_STYLE_ASSIGNMENT((#2116));
#1046=EDGE_CURVE('',#1389,#1607,#2117,.T.);
#1047=PRESENTATION_STYLE_ASSIGNMENT((#2118));
#1048=ADVANCED_FACE('',(#2119),#2120,.T.);
#1049=PRESENTATION_STYLE_ASSIGNMENT((#2121));
#1050=EDGE_CURVE('',#1781,#1470,#2122,.T.);
#1051=PRESENTATION_STYLE_ASSIGNMENT((#2123));
#1052=ADVANCED_FACE('',(#2124),#2125,.T.);
#1053=PRESENTATION_STYLE_ASSIGNMENT((#2126));
#1054=EDGE_CURVE('',#1966,#1330,#2127,.T.);
#1055=PRESENTATION_STYLE_ASSIGNMENT((#2128));
#1056=EDGE_CURVE('',#1912,#1539,#2129,.T.);
#1057=PRESENTATION_STYLE_ASSIGNMENT((#2130));
#1058=EDGE_CURVE('',#1750,#1616,#2131,.T.);
#1059=PRESENTATION_STYLE_ASSIGNMENT((#2132));
#1060=ADVANCED_FACE('',(#2133),#2134,.T.);
#1061=PRESENTATION_STYLE_ASSIGNMENT((#2135));
#1062=EDGE_CURVE('',#2136,#1905,#2137,.T.);
#1063=PRESENTATION_STYLE_ASSIGNMENT((#2138));
#1064=EDGE_CURVE('',#1283,#2139,#2140,.T.);
#1065=PRESENTATION_STYLE_ASSIGNMENT((#2141));
#1066=ADVANCED_FACE('',(#2142),#2143,.T.);
#1067=PRESENTATION_STYLE_ASSIGNMENT((#2144));
#1068=ADVANCED_FACE('',(#2145),#2146,.T.);
#1069=PRESENTATION_STYLE_ASSIGNMENT((#2147));
#1070=EDGE_CURVE('',#1683,#1826,#2148,.T.);
#1071=PRESENTATION_STYLE_ASSIGNMENT((#2149));
#1072=ADVANCED_FACE('',(#2150),#2151,.T.);
#1073=PRESENTATION_STYLE_ASSIGNMENT((#2152));
#1074=EDGE_CURVE('',#1321,#1455,#2153,.T.);
#1075=PRESENTATION_STYLE_ASSIGNMENT((#2154));
#1076=ADVANCED_FACE('',(#2155),#2156,.F.);
#1077=PRESENTATION_STYLE_ASSIGNMENT((#2157));
#1078=EDGE_CURVE('',#1380,#1372,#2158,.T.);
#1079=PRESENTATION_STYLE_ASSIGNMENT((#2159));
#1080=EDGE_CURVE('',#2139,#1372,#2160,.T.);
#1081=PRESENTATION_STYLE_ASSIGNMENT((#2161));
#1082=EDGE_CURVE('',#1379,#2139,#2162,.T.);
#1083=PRESENTATION_STYLE_ASSIGNMENT((#2163));
#1084=EDGE_CURVE('',#1851,#1438,#2164,.T.);
#1085=PRESENTATION_STYLE_ASSIGNMENT((#2165));
#1086=EDGE_CURVE('',#1896,#1460,#2166,.T.);
#1087=PRESENTATION_STYLE_ASSIGNMENT((#2167));
#1088=ADVANCED_FACE('',(#2168,#2169),#2170,.T.);
#1089=PRESENTATION_STYLE_ASSIGNMENT((#2171));
#1090=EDGE_CURVE('',#1697,#1389,#2172,.T.);
#1091=PRESENTATION_STYLE_ASSIGNMENT((#2173));
#1092=EDGE_CURVE('',#1279,#2013,#2174,.T.);
#1093=PRESENTATION_STYLE_ASSIGNMENT((#2175));
#1094=ADVANCED_FACE('',(#2176),#2177,.T.);
#1095=PRESENTATION_STYLE_ASSIGNMENT((#2178));
#1096=EDGE_CURVE('',#1837,#2136,#2179,.T.);
#1097=PRESENTATION_STYLE_ASSIGNMENT((#2180));
#1098=EDGE_CURVE('',#1448,#1419,#2181,.T.);
#1099=PRESENTATION_STYLE_ASSIGNMENT((#2182));
#1100=EDGE_CURVE('',#1732,#1616,#2183,.T.);
#1101=PRESENTATION_STYLE_ASSIGNMENT((#2184));
#1102=ADVANCED_FACE('',(#2185),#2186,.T.);
#1103=PRESENTATION_STYLE_ASSIGNMENT((#2187));
#1104=EDGE_CURVE('',#1827,#1732,#2188,.T.);
#1105=PRESENTATION_STYLE_ASSIGNMENT((#2189));
#1106=ADVANCED_FACE('',(#2190),#2191,.T.);
#1107=PRESENTATION_STYLE_ASSIGNMENT((#2192));
#1108=EDGE_CURVE('',#2193,#1335,#2194,.T.);
#1109=PRESENTATION_STYLE_ASSIGNMENT((#2195));
#1110=EDGE_CURVE('',#1598,#1823,#2196,.T.);
#1111=PRESENTATION_STYLE_ASSIGNMENT((#2197));
#1112=EDGE_CURVE('',#1419,#1452,#2198,.T.);
#1113=PRESENTATION_STYLE_ASSIGNMENT((#2199));
#1114=ADVANCED_FACE('',(#2200),#2201,.T.);
#1115=PRESENTATION_STYLE_ASSIGNMENT((#2202));
#1116=EDGE_CURVE('',#1499,#1690,#2203,.T.);
#1117=PRESENTATION_STYLE_ASSIGNMENT((#2204));
#1118=EDGE_CURVE('',#2007,#1711,#2205,.T.);
#1119=PRESENTATION_STYLE_ASSIGNMENT((#2206));
#1120=EDGE_CURVE('',#2041,#1607,#2207,.T.);
#1121=PRESENTATION_STYLE_ASSIGNMENT((#2208));
#1122=EDGE_CURVE('',#1502,#1553,#2209,.T.);
#1123=PRESENTATION_STYLE_ASSIGNMENT((#2210));
#1124=EDGE_CURVE('',#1684,#1467,#2211,.T.);
#1125=PRESENTATION_STYLE_ASSIGNMENT((#2212));
#1126=ADVANCED_FACE('',(#2213),#2214,.T.);
#1127=PRESENTATION_STYLE_ASSIGNMENT((#2215));
#1128=ADVANCED_FACE('',(#2216),#2217,.T.);
#1129=PRESENTATION_STYLE_ASSIGNMENT((#2218));
#1130=EDGE_CURVE('',#1690,#1313,#2219,.T.);
#1131=PRESENTATION_STYLE_ASSIGNMENT((#2220));
#1132=EDGE_CURVE('',#1314,#1697,#2221,.T.);
#1133=PRESENTATION_STYLE_ASSIGNMENT((#2222));
#1134=EDGE_CURVE('',#1988,#1640,#2223,.T.);
#1135=PRESENTATION_STYLE_ASSIGNMENT((#2224));
#1136=ADVANCED_FACE('',(#2225),#2226,.T.);
#1137=PRESENTATION_STYLE_ASSIGNMENT((#2227));
#1138=ADVANCED_FACE('',(#2228),#2229,.T.);
#1139=PRESENTATION_STYLE_ASSIGNMENT((#2230));
#1140=EDGE_CURVE('',#2193,#1988,#2231,.T.);
#1141=PRESENTATION_STYLE_ASSIGNMENT((#2232));
#1142=ADVANCED_FACE('',(#2233),#2234,.T.);
#1143=PRESENTATION_STYLE_ASSIGNMENT((#2235));
#1144=EDGE_CURVE('',#1827,#1750,#2236,.T.);
#1145=PRESENTATION_STYLE_ASSIGNMENT((#2237));
#1146=EDGE_CURVE('',#1654,#1735,#2238,.T.);
#1147=PRESENTATION_STYLE_ASSIGNMENT((#2239));
#1148=ADVANCED_FACE('',(#2240),#2241,.T.);
#1149=PRESENTATION_STYLE_ASSIGNMENT((#2242));
#1150=EDGE_CURVE('',#1991,#1413,#2243,.T.);
#1151=PRESENTATION_STYLE_ASSIGNMENT((#2244));
#1152=EDGE_CURVE('',#1289,#1342,#2245,.T.);
#1153=PRESENTATION_STYLE_ASSIGNMENT((#2246));
#1154=EDGE_CURVE('',#1813,#1749,#2247,.T.);
#1155=PRESENTATION_STYLE_ASSIGNMENT((#2248));
#1156=ADVANCED_FACE('',(#2249),#2250,.T.);
#1157=PRESENTATION_STYLE_ASSIGNMENT((#2251));
#1158=EDGE_CURVE('',#2136,#1704,#2252,.T.);
#1159=PRESENTATION_STYLE_ASSIGNMENT((#2253));
#1160=ADVANCED_FACE('',(#2254),#2255,.T.);
#1161=PRESENTATION_STYLE_ASSIGNMENT((#2256));
#1162=ADVANCED_FACE('',(#2257),#2258,.T.);
#1163=PRESENTATION_STYLE_ASSIGNMENT((#2259));
#1164=ADVANCED_FACE('',(#2260),#2261,.T.);
#1165=PRESENTATION_STYLE_ASSIGNMENT((#2262));
#1166=ADVANCED_FACE('',(#2263),#2264,.T.);
#1167=PRESENTATION_STYLE_ASSIGNMENT((#2265));
#1168=ADVANCED_FACE('',(#2266),#2267,.T.);
#1169=PRESENTATION_STYLE_ASSIGNMENT((#2268));
#1170=ADVANCED_FACE('',(#2269),#2270,.F.);
#1171=PRESENTATION_STYLE_ASSIGNMENT((#2271));
#1172=ADVANCED_FACE('',(#2272),#2273,.T.);
#1173=PRESENTATION_STYLE_ASSIGNMENT((#2274));
#1174=ADVANCED_FACE('',(#2275),#2276,.T.);
#1175=PRESENTATION_STYLE_ASSIGNMENT((#2277));
#1176=ADVANCED_FACE('',(#2278),#2279,.T.);
#1177=PRESENTATION_STYLE_ASSIGNMENT((#2280));
#1178=EDGE_CURVE('',#1584,#1800,#2281,.T.);
#1179=PRESENTATION_STYLE_ASSIGNMENT((#2282));
#1180=EDGE_CURVE('',#2283,#1334,#2284,.T.);
#1181=PRESENTATION_STYLE_ASSIGNMENT((#2285));
#1182=EDGE_CURVE('',#1803,#1654,#2286,.T.);
#1183=PRESENTATION_STYLE_ASSIGNMENT((#2287));
#1184=ADVANCED_FACE('',(#2288),#2289,.T.);
#1185=PRESENTATION_STYLE_ASSIGNMENT((#2290));
#1186=EDGE_CURVE('',#1559,#1966,#2291,.T.);
#1187=PRESENTATION_STYLE_ASSIGNMENT((#2292));
#1188=EDGE_CURVE('',#1493,#1851,#2293,.T.);
#1189=PRESENTATION_STYLE_ASSIGNMENT((#2294));
#1190=ADVANCED_FACE('',(#2295),#2296,.T.);
#1191=PRESENTATION_STYLE_ASSIGNMENT((#2297));
#1192=ADVANCED_FACE('',(#2298),#2299,.T.);
#1193=PRESENTATION_STYLE_ASSIGNMENT((#2300));
#1194=EDGE_CURVE('',#2283,#1813,#2301,.T.);
#1195=PRESENTATION_STYLE_ASSIGNMENT((#2302));
#1196=ADVANCED_FACE('',(#2303),#2304,.F.);
#1197=PRESENTATION_STYLE_ASSIGNMENT((#2305));
#1198=ADVANCED_FACE('',(#2306),#2307,.F.);
#1199=PRESENTATION_STYLE_ASSIGNMENT((#2308));
#1200=EDGE_CURVE('',#1854,#1777,#2309,.T.);
#1201=PRESENTATION_STYLE_ASSIGNMENT((#2310));
#1202=EDGE_CURVE('',#2283,#2193,#2311,.T.);
#1203=PRESENTATION_STYLE_ASSIGNMENT((#2312));
#1204=EDGE_CURVE('',#1463,#1674,#2313,.T.);
#1205=PRESENTATION_STYLE_ASSIGNMENT((#2314));
#1206=EDGE_CURVE('',#1402,#1494,#2315,.T.);
#1207=PRESENTATION_STYLE_ASSIGNMENT((#2316));
#1208=ADVANCED_FACE('',(#2317),#2318,.F.);
#1209=PRESENTATION_STYLE_ASSIGNMENT((#2319));
#1210=EDGE_CURVE('',#1680,#1321,#2320,.T.);
#1211=PRESENTATION_STYLE_ASSIGNMENT((#2321));
#1212=EDGE_CURVE('',#2139,#1552,#2322,.T.);
#1213=PRESENTATION_STYLE_ASSIGNMENT((#2323));
#1214=ADVANCED_FACE('',(#2324),#2325,.T.);
#1215=PRESENTATION_STYLE_ASSIGNMENT((#2326));
#1216=EDGE_CURVE('',#1854,#1416,#2327,.T.);
#1217=PRESENTATION_STYLE_ASSIGNMENT((#2328));
#1218=EDGE_CURVE('',#1778,#1763,#2329,.T.);
#1219=PRESENTATION_STYLE_ASSIGNMENT((#2330));
#1220=EDGE_CURVE('',#1715,#1643,#2331,.T.);
#1221=PRESENTATION_STYLE_ASSIGNMENT((#2332));
#1222=ADVANCED_FACE('',(#2333),#2334,.T.);
#1223=PRESENTATION_STYLE_ASSIGNMENT((#2335));
#1224=EDGE_CURVE('',#1777,#1435,#2336,.T.);
#1225=PRESENTATION_STYLE_ASSIGNMENT((#2337));
#1226=EDGE_CURVE('',#1697,#1392,#2338,.T.);
#1227=PRESENTATION_STYLE_ASSIGNMENT((#2339));
#1228=EDGE_CURVE('',#1881,#1253,#2340,.T.);
#1229=PRESENTATION_STYLE_ASSIGNMENT((#2341));
#1230=EDGE_CURVE('',#1380,#1442,#2342,.T.);
#1231=PRESENTATION_STYLE_ASSIGNMENT((#2343));
#1232=ADVANCED_FACE('',(#2344),#2345,.T.);
#1233=PRESENTATION_STYLE_ASSIGNMENT((#2346));
#1234=EDGE_CURVE('',#1899,#2013,#2347,.T.);
#1235=PRODUCT('MF05A_ASM|Next assembly relationship#LEAD_MF05F;LEAD_MF05F','MF05A_ASM|Next assembly relationship#LEAD_MF05F;LEAD_MF05F','PART-MF05A_ASM|Next assembly relationship#LEAD_MF05F;LEAD_MF05F-DESC',(#2348));
#1236=PRODUCT_DEFINITION('NONE','NONE',#2349,#2);
#1237=AXIS2_PLACEMENT_3D('',#2350,#2351,#2352);
#1240=LENGTH_MEASURE_WITH_UNIT(LENGTH_MEASURE(1.0),#2353);
#1243=DIMENSIONAL_EXPONENTS(1.0,0.0,0.0,0.0,0.0,0.0,0.0);
#1245=DIMENSIONAL_EXPONENTS(0.0,0.0,0.0,0.0,0.0,0.0,0.0);
#1251=CURVE_STYLE('',#2354,POSITIVE_LENGTH_MEASURE(0.02),#2355);
#1252=VERTEX_POINT('',#2356);
#1253=VERTEX_POINT('',#2357);
#1254=B_SPLINE_CURVE_WITH_KNOTS('',3,(#2358,#2359,#2360,#2361,#2362),.UNSPECIFIED.,.F.,.F.,(4,1,4),(1.06244884585659E-012,0.499896511677576,0.999999999998039),.UNSPECIFIED.);
#1255=CURVE_STYLE('',#2363,POSITIVE_LENGTH_MEASURE(0.02),#2364);
#1256=VERTEX_POINT('',#2365);
#1257=VERTEX_POINT('',#2366);
#1258=LINE('',#2367,#2368);
#1259=CURVE_STYLE('',#2369,POSITIVE_LENGTH_MEASURE(0.02),#2370);
#1260=VERTEX_POINT('',#2371);
#1261=VERTEX_POINT('',#2372);
#1262=LINE('',#2373,#2374);
#1263=SURFACE_STYLE_USAGE(.BOTH.,#2375);
#1264=FACE_OUTER_BOUND('',#2376,.T.);
#1265=PLANE('',#2377);
#1266=SURFACE_STYLE_USAGE(.BOTH.,#2378);
#1267=FACE_OUTER_BOUND('',#2379,.T.);
#1268=PLANE('',#2380);
#1269=CURVE_STYLE('',#2381,POSITIVE_LENGTH_MEASURE(0.02),#2382);
#1270=VERTEX_POINT('',#2383);
#1271=VERTEX_POINT('',#2384);
#1272=LINE('',#2385,#2386);
#1273=CURVE_STYLE('',#2387,POSITIVE_LENGTH_MEASURE(0.02),#2388);
#1274=VERTEX_POINT('',#2389);
#1275=VERTEX_POINT('',#2390);
#1276=LINE('',#2391,#2392);
#1277=CURVE_STYLE('',#2393,POSITIVE_LENGTH_MEASURE(0.02),#2394);
#1278=VERTEX_POINT('',#2395);
#1279=VERTEX_POINT('',#2396);
#1280=LINE('',#2397,#2398);
#1281=CURVE_STYLE('',#2399,POSITIVE_LENGTH_MEASURE(0.02),#2400);
#1282=VERTEX_POINT('',#2401);
#1283=VERTEX_POINT('',#2402);
#1284=LINE('',#2403,#2404);
#1285=CURVE_STYLE('',#2405,POSITIVE_LENGTH_MEASURE(0.02),#2406);
#1286=VERTEX_POINT('',#2407);
#1287=LINE('',#2408,#2409);
#1288=CURVE_STYLE('',#2410,POSITIVE_LENGTH_MEASURE(0.02),#2411);
#1289=VERTEX_POINT('',#2412);
#1290=VERTEX_POINT('',#2413);
#1291=LINE('',#2414,#2415);
#1292=CURVE_STYLE('',#2416,POSITIVE_LENGTH_MEASURE(0.02),#2417);
#1293=VERTEX_POINT('',#2418);
#1294=LINE('',#2419,#2420);
#1295=CURVE_STYLE('',#2421,POSITIVE_LENGTH_MEASURE(0.02),#2422);
#1296=VERTEX_POINT('',#2423);
#1297=VERTEX_POINT('',#2424);
#1298=LINE('',#2425,#2426);
#1299=SURFACE_STYLE_USAGE(.BOTH.,#2427);
#1300=FACE_OUTER_BOUND('',#2428,.T.);
#1301=B_SPLINE_SURFACE_WITH_KNOTS('',3,3,((#2429,#2430,#2431,#2432,#2433),(#2434,#2435,#2436,#2437,#2438),(#2439,#2440,#2441,#2442,#2443),(#2444,#2445,#2446,#2447,#2448)),.UNSPECIFIED.,.F.,.F.,.F.,(4,4),(4,1,4),(-0.0530756058075239,2.05305953359591),(-1.58915872624163,-0.789253172113287,0.0106523820150529),.UNSPECIFIED.);
#1302=SURFACE_STYLE_USAGE(.BOTH.,#2449);
#1303=FACE_OUTER_BOUND('',#2450,.T.);
#1304=B_SPLINE_SURFACE_WITH_KNOTS('',3,3,((#2451,#2452,#2453,#2454,#2455),(#2456,#2457,#2458,#2459,#2460),(#2461,#2462,#2463,#2464,#2465),(#2466,#2467,#2468,#2469,#2470)),.UNSPECIFIED.,.F.,.F.,.F.,(4,4),(4,1,4),(0.986188510213333,36.6496512011467),(-1.39626340159549,-0.698131700797746,0.0),.UNSPECIFIED.);
#1305=SURFACE_STYLE_USAGE(.BOTH.,#2471);
#1306=FACE_OUTER_BOUND('',#2472,.T.);
#1307=PLANE('',#2473);
#1308=CURVE_STYLE('',#2474,POSITIVE_LENGTH_MEASURE(0.02),#2475);
#1309=VERTEX_POINT('',#2476);
#1310=VERTEX_POINT('',#2477);
#1311=LINE('',#2478,#2479);
#1312=CURVE_STYLE('',#2480,POSITIVE_LENGTH_MEASURE(0.02),#2481);
#1313=VERTEX_POINT('',#2482);
#1314=VERTEX_POINT('',#2483);
#1315=B_SPLINE_CURVE_WITH_KNOTS('',3,(#2484,#2485,#2486,#2487,#2488),.UNSPECIFIED.,.F.,.F.,(4,1,4),(1.97866430062704E-012,0.500103488322296,0.999999999998937),.UNSPECIFIED.);
#1316=SURFACE_STYLE_USAGE(.BOTH.,#2489);
#1317=FACE_OUTER_BOUND('',#2490,.T.);
#1318=PLANE('',#2491);
#1319=CURVE_STYLE('',#2492,POSITIVE_LENGTH_MEASURE(0.02),#2493);
#1320=VERTEX_POINT('',#2494);
#1321=VERTEX_POINT('',#2495);
#1322=LINE('',#2496,#2497);
#1323=CURVE_STYLE('',#2498,POSITIVE_LENGTH_MEASURE(0.02),#2499);
#1324=LINE('',#2500,#2501);
#1325=CURVE_STYLE('',#2502,POSITIVE_LENGTH_MEASURE(0.02),#2503);
#1326=VERTEX_POINT('',#2504);
#1327=VERTEX_POINT('',#2505);
#1328=LINE('',#2506,#2507);
#1329=CURVE_STYLE('',#2508,POSITIVE_LENGTH_MEASURE(0.02),#2509);
#1330=VERTEX_POINT('',#2510);
#1331=VERTEX_POINT('',#2511);
#1332=LINE('',#2512,#2513);
#1333=CURVE_STYLE('',#2514,POSITIVE_LENGTH_MEASURE(0.02),#2515);
#1334=VERTEX_POINT('',#2516);
#1335=VERTEX_POINT('',#2517);
#1336=ELLIPSE('',#2518,0.136464025330347,0.102040816326563);
#1337=SURFACE_STYLE_USAGE(.BOTH.,#2519);
#1338=FACE_OUTER_BOUND('',#2520,.T.);
#1339=B_SPLINE_SURFACE_WITH_KNOTS('',3,3,((#2521,#2522,#2523,#2524,#2525),(#2526,#2527,#2528,#2529,#2530),(#2531,#2532,#2533,#2534,#2535),(#2536,#2537,#2538,#2539,#2540)),.UNSPECIFIED.,.F.,.F.,.F.,(4,4),(4,1,4),(-2.9051398543075,0.0143852155712224),(-1.55353667150799,-0.774816178749226,0.00390431400953301),.UNSPECIFIED.);
#1340=CURVE_STYLE('',#2541,POSITIVE_LENGTH_MEASURE(0.02),#2542);
#1341=VERTEX_POINT('',#2543);
#1342=VERTEX_POINT('',#2544);
#1343=LINE('',#2545,#2546);
#1344=CURVE_STYLE('',#2547,POSITIVE_LENGTH_MEASURE(0.02),#2548);
#1345=VERTEX_POINT('',#2549);
#1346=ELLIPSE('',#2550,0.341160063325834,0.255102040816372);
#1347=CURVE_STYLE('',#2551,POSITIVE_LENGTH_MEASURE(0.02),#2552);
#1348=VERTEX_POINT('',#2553);
#1349=VERTEX_POINT('',#2554);
#1350=ELLIPSE('',#2555,0.136464025330347,0.102040816326563);
#1351=CURVE_STYLE('',#2556,POSITIVE_LENGTH_MEASURE(0.02),#2557);
#1352=VERTEX_POINT('',#2558);
#1353=VERTEX_POINT('',#2559);
#1354=LINE('',#2560,#2561);
#1355=CURVE_STYLE('',#2562,POSITIVE_LENGTH_MEASURE(0.02),#2563);
#1356=VERTEX_POINT('',#2564);
#1357=VERTEX_POINT('',#2565);
#1358=LINE('',#2566,#2567);
#1359=SURFACE_STYLE_USAGE(.BOTH.,#2568);
#1360=FACE_OUTER_BOUND('',#2569,.T.);
#1361=PLANE('',#2570);
#1362=SURFACE_STYLE_USAGE(.BOTH.,#2571);
#1363=FACE_OUTER_BOUND('',#2572,.T.);
#1364=B_SPLINE_SURFACE_WITH_KNOTS('',3,3,((#2573,#2574,#2575,#2576,#2577),(#2578,#2579,#2580,#2581,#2582),(#2583,#2584,#2585,#2586,#2587),(#2588,#2589,#2590,#2591,#2592)),.UNSPECIFIED.,.F.,.F.,.F.,(4,4),(4,1,4),(-1.575,0.0),(-1.44862327915532,-0.724311639577642,3.74542813115617E-014),.UNSPECIFIED.);
#1365=SURFACE_STYLE_USAGE(.BOTH.,#2593);
#1366=FACE_OUTER_BOUND('',#2594,.T.);
#1367=B_SPLINE_SURFACE_WITH_KNOTS('',3,3,((#2595,#2596,#2597,#2598,#2599),(#2600,#2601,#2602,#2603,#2604),(#2605,#2606,#2607,#2608,#2609),(#2610,#2611,#2612,#2613,#2614)),.UNSPECIFIED.,.F.,.F.,.F.,(4,4),(4,1,4),(-1.575,0.0),(-1.51843644923507,-0.759218224617536,-3.44169825973451E-017),.UNSPECIFIED.);
#1368=CURVE_STYLE('',#2615,POSITIVE_LENGTH_MEASURE(0.02),#2616);
#1369=VERTEX_POINT('',#2617);
#1370=LINE('',#2618,#2619);
#1371=CURVE_STYLE('',#2620,POSITIVE_LENGTH_MEASURE(0.02),#2621);
#1372=VERTEX_POINT('',#2622);
#1373=VERTEX_POINT('',#2623);
#1374=B_SPLINE_CURVE_WITH_KNOTS('',3,(#2624,#2625,#2626,#2627,#2628),.UNSPECIFIED.,.F.,.F.,(4,1,4),(1.0633800758382E-012,0.499896511677597,0.999999999998011),.UNSPECIFIED.);
#1375=SURFACE_STYLE_USAGE(.BOTH.,#2629);
#1376=FACE_OUTER_BOUND('',#2630,.T.);
#1377=B_SPLINE_SURFACE_WITH_KNOTS('',3,3,((#2631,#2632,#2633,#2634,#2635),(#2636,#2637,#2638,#2639,#2640),(#2641,#2642,#2643,#2644,#2645),(#2646,#2647,#2648,#2649,#2650)),.UNSPECIFIED.,.F.,.F.,.F.,(4,4),(4,1,4),(0.0,3.9375),(-1.51843644923551,-0.759218224617753,0.0),.UNSPECIFIED.);
#1378=CURVE_STYLE('',#2651,POSITIVE_LENGTH_MEASURE(0.02),#2652);
#1379=VERTEX_POINT('',#2653);
#1380=VERTEX_POINT('',#2654);
#1381=LINE('',#2655,#2656);
#1382=CURVE_STYLE('',#2657,POSITIVE_LENGTH_MEASURE(0.02),#2658);
#1383=VERTEX_POINT('',#2659);
#1384=LINE('',#2660,#2661);
#1385=CURVE_STYLE('',#2662,POSITIVE_LENGTH_MEASURE(0.02),#2663);
#1386=VERTEX_POINT('',#2664);
#1387=LINE('',#2665,#2666);
#1388=CURVE_STYLE('',#2667,POSITIVE_LENGTH_MEASURE(0.02),#2668);
#1389=VERTEX_POINT('',#2669);
#1390=LINE('',#2670,#2671);
#1391=CURVE_STYLE('',#2672,POSITIVE_LENGTH_MEASURE(0.02),#2673);
#1392=VERTEX_POINT('',#2674);
#1393=LINE('',#2675,#2676);
#1394=CURVE_STYLE('',#2677,POSITIVE_LENGTH_MEASURE(0.02),#2678);
#1395=VERTEX_POINT('',#2679);
#1396=VERTEX_POINT('',#2680);
#1397=LINE('',#2681,#2682);
#1398=CURVE_STYLE('',#2683,POSITIVE_LENGTH_MEASURE(0.02),#2684);
#1399=VERTEX_POINT('',#2685);
#1400=ELLIPSE('',#2686,0.0976531557409257,0.0833333333332907);
#1401=CURVE_STYLE('',#2687,POSITIVE_LENGTH_MEASURE(0.02),#2688);
#1402=VERTEX_POINT('',#2689);
#1403=VERTEX_POINT('',#2690);
#1404=LINE('',#2691,#2692);
#1405=SURFACE_STYLE_USAGE(.BOTH.,#2693);
#1406=FACE_OUTER_BOUND('',#2694,.T.);
#1407=PLANE('',#2695);
#1408=CURVE_STYLE('',#2696,POSITIVE_LENGTH_MEASURE(0.02),#2697);
#1409=VERTEX_POINT('',#2698);
#1410=ELLIPSE('',#2699,0.341160063325847,0.255102040816381);
#1411=CURVE_STYLE('',#2700,POSITIVE_LENGTH_MEASURE(0.02),#2701);
#1412=VERTEX_POINT('',#2702);
#1413=VERTEX_POINT('',#2703);
#1414=LINE('',#2704,#2705);
#1415=CURVE_STYLE('',#2706,POSITIVE_LENGTH_MEASURE(0.02),#2707);
#1416=VERTEX_POINT('',#2708);
#1417=ELLIPSE('',#2709,0.136464025330347,0.102040816326563);
#1418=CURVE_STYLE('',#2710,POSITIVE_LENGTH_MEASURE(0.02),#2711);
#1419=VERTEX_POINT('',#2712);
#1420=VERTEX_POINT('',#2713);
#1421=ELLIPSE('',#2714,0.341160063325723,0.255102040816304);
#1422=CURVE_STYLE('',#2715,POSITIVE_LENGTH_MEASURE(0.02),#2716);
#1423=VERTEX_POINT('',#2717);
#1424=LINE('',#2718,#2719);
#1425=CURVE_STYLE('',#2720,POSITIVE_LENGTH_MEASURE(0.02),#2721);
#1426=LINE('',#2722,#2723);
#1427=CURVE_STYLE('',#2724,POSITIVE_LENGTH_MEASURE(0.02),#2725);
#1428=VERTEX_POINT('',#2726);
#1429=VERTEX_POINT('',#2727);
#1430=LINE('',#2728,#2729);
#1431=CURVE_STYLE('',#2730,POSITIVE_LENGTH_MEASURE(0.02),#2731);
#1432=VERTEX_POINT('',#2732);
#1433=LINE('',#2733,#2734);
#1434=CURVE_STYLE('',#2735,POSITIVE_LENGTH_MEASURE(0.02),#2736);
#1435=VERTEX_POINT('',#2737);
#1436=LINE('',#2738,#2739);
#1437=CURVE_STYLE('',#2740,POSITIVE_LENGTH_MEASURE(0.02),#2741);
#1438=VERTEX_POINT('',#2742);
#1439=VERTEX_POINT('',#2743);
#1440=LINE('',#2744,#2745);
#1441=CURVE_STYLE('',#2746,POSITIVE_LENGTH_MEASURE(0.02),#2747);
#1442=VERTEX_POINT('',#2748);
#1443=ELLIPSE('',#2749,0.0976531557410033,0.0795652173913282);
#1444=CURVE_STYLE('',#2750,POSITIVE_LENGTH_MEASURE(0.02),#2751);
#1445=VERTEX_POINT('',#2752);
#1446=LINE('',#2753,#2754);
#1447=CURVE_STYLE('',#2755,POSITIVE_LENGTH_MEASURE(0.02),#2756);
#1448=VERTEX_POINT('',#2757);
#1449=ELLIPSE('',#2758,0.341160063325723,0.255102040816304);
#1450=CURVE_STYLE('',#2759,POSITIVE_LENGTH_MEASURE(0.02),#2760);
#1451=VERTEX_POINT('',#2761);
#1452=VERTEX_POINT('',#2762);
#1453=LINE('',#2763,#2764);
#1454=CURVE_STYLE('',#2765,POSITIVE_LENGTH_MEASURE(0.02),#2766);
#1455=VERTEX_POINT('',#2767);
#1456=LINE('',#2768,#2769);
#1457=CURVE_STYLE('',#2770,POSITIVE_LENGTH_MEASURE(0.02),#2771);
#1458=LINE('',#2772,#2773);
#1459=CURVE_STYLE('',#2774,POSITIVE_LENGTH_MEASURE(0.02),#2775);
#1460=VERTEX_POINT('',#2776);
#1461=LINE('',#2777,#2778);
#1462=CURVE_STYLE('',#2779,POSITIVE_LENGTH_MEASURE(0.02),#2780);
#1463=VERTEX_POINT('',#2781);
#1464=VERTEX_POINT('',#2782);
#1465=LINE('',#2783,#2784);
#1466=CURVE_STYLE('',#2785,POSITIVE_LENGTH_MEASURE(0.02),#2786);
#1467=VERTEX_POINT('',#2787);
#1468=LINE('',#2788,#2789);
#1469=CURVE_STYLE('',#2790,POSITIVE_LENGTH_MEASURE(0.02),#2791);
#1470=VERTEX_POINT('',#2792);
#1471=VERTEX_POINT('',#2793);
#1472=ELLIPSE('',#2794,0.341160063325847,0.255102040816381);
#1473=CURVE_STYLE('',#2795,POSITIVE_LENGTH_MEASURE(0.02),#2796);
#1474=VERTEX_POINT('',#2797);
#1475=LINE('',#2798,#2799);
#1476=CURVE_STYLE('',#2800,POSITIVE_LENGTH_MEASURE(0.02),#2801);
#1477=VERTEX_POINT('',#2802);
#1478=VERTEX_POINT('',#2803);
#1479=LINE('',#2804,#2805);
#1480=SURFACE_STYLE_USAGE(.BOTH.,#2806);
#1481=FACE_OUTER_BOUND('',#2807,.T.);
#1482=B_SPLINE_SURFACE_WITH_KNOTS('',3,3,((#2808,#2809,#2810,#2811,#2812),(#2813,#2814,#2815,#2816,#2817),(#2818,#2819,#2820,#2821,#2822),(#2823,#2824,#2825,#2826,#2827),(#2828,#2829,#2830,#2831,#2832)),.UNSPECIFIED.,.F.,.F.,.F.,(4,1,4),(4,1,4),(-0.0355462939434794,0.681181392748193,1.39790907943987),(-0.810362472691576,-0.0109173143931745,0.788527843905227),.UNSPECIFIED.);
#1483=SURFACE_STYLE_USAGE(.BOTH.,#2833);
#1484=FACE_OUTER_BOUND('',#2834,.T.);
#1485=PLANE('',#2835);
#1486=CURVE_STYLE('',#2836,POSITIVE_LENGTH_MEASURE(0.02),#2837);
#1487=VERTEX_POINT('',#2838);
#1488=LINE('',#2839,#2840);
#1489=SURFACE_STYLE_USAGE(.BOTH.,#2841);
#1490=FACE_OUTER_BOUND('',#2842,.T.);
#1491=PLANE('',#2843);
#1492=CURVE_STYLE('',#2844,POSITIVE_LENGTH_MEASURE(0.02),#2845);
#1493=VERTEX_POINT('',#2846);
#1494=VERTEX_POINT('',#2847);
#1495=LINE('',#2848,#2849);
#1496=CURVE_STYLE('',#2850,POSITIVE_LENGTH_MEASURE(0.02),#2851);
#1497=LINE('',#2852,#2853);
#1498=CURVE_STYLE('',#2854,POSITIVE_LENGTH_MEASURE(0.02),#2855);
#1499=VERTEX_POINT('',#2856);
#1500=LINE('',#2857,#2858);
#1501=CURVE_STYLE('',#2859,POSITIVE_LENGTH_MEASURE(0.02),#2860);
#1502=VERTEX_POINT('',#2861);
#1503=LINE('',#2862,#2863);
#1504=SURFACE_STYLE_USAGE(.BOTH.,#2864);
#1505=FACE_OUTER_BOUND('',#2865,.T.);
#1506=PLANE('',#2866);
#1507=SURFACE_STYLE_USAGE(.BOTH.,#2867);
#1508=FACE_OUTER_BOUND('',#2868,.T.);
#1509=PLANE('',#2869);
#1510=SURFACE_STYLE_USAGE(.BOTH.,#2870);
#1511=FACE_OUTER_BOUND('',#2871,.T.);
#1512=PLANE('',#2872);
#1513=SURFACE_STYLE_USAGE(.BOTH.,#2873);
#1514=FACE_OUTER_BOUND('',#2874,.T.);
#1515=PLANE('',#2875);
#1516=SURFACE_STYLE_USAGE(.BOTH.,#2876);
#1517=FACE_OUTER_BOUND('',#2877,.T.);
#1518=PLANE('',#2878);
#1519=SURFACE_STYLE_USAGE(.BOTH.,#2879);
#1520=FACE_OUTER_BOUND('',#2880,.T.);
#1521=PLANE('',#2881);
#1522=CURVE_STYLE('',#2882,POSITIVE_LENGTH_MEASURE(0.02),#2883);
#1523=VERTEX_POINT('',#2884);
#1524=LINE('',#2885,#2886);
#1525=CURVE_STYLE('',#2887,POSITIVE_LENGTH_MEASURE(0.02),#2888);
#1526=ELLIPSE('',#2889,0.0838268465372904,0.0798207045767385);
#1527=SURFACE_STYLE_USAGE(.BOTH.,#2890);
#1528=FACE_OUTER_BOUND('',#2891,.T.);
#1529=PLANE('',#2892);
#1530=CURVE_STYLE('',#2893,POSITIVE_LENGTH_MEASURE(0.02),#2894);
#1531=VERTEX_POINT('',#2895);
#1532=LINE('',#2896,#2897);
#1533=CURVE_STYLE('',#2898,POSITIVE_LENGTH_MEASURE(0.02),#2899);
#1534=LINE('',#2900,#2901);
#1535=SURFACE_STYLE_USAGE(.BOTH.,#2902);
#1536=FACE_OUTER_BOUND('',#2903,.T.);
#1537=PLANE('',#2904);
#1538=CURVE_STYLE('',#2905,POSITIVE_LENGTH_MEASURE(0.02),#2906);
#1539=VERTEX_POINT('',#2907);
#1540=LINE('',#2908,#2909);
#1541=SURFACE_STYLE_USAGE(.BOTH.,#2910);
#1542=FACE_OUTER_BOUND('',#2911,.T.);
#1543=PLANE('',#2912);
#1544=CURVE_STYLE('',#2913,POSITIVE_LENGTH_MEASURE(0.02),#2914);
#1545=LINE('',#2915,#2916);
#1546=CURVE_STYLE('',#2917,POSITIVE_LENGTH_MEASURE(0.02),#2918);
#1547=LINE('',#2919,#2920);
#1548=SURFACE_STYLE_USAGE(.BOTH.,#2921);
#1549=FACE_OUTER_BOUND('',#2922,.T.);
#1550=PLANE('',#2923);
#1551=CURVE_STYLE('',#2924,POSITIVE_LENGTH_MEASURE(0.02),#2925);
#1552=VERTEX_POINT('',#2926);
#1553=VERTEX_POINT('',#2927);
#1554=LINE('',#2928,#2929);
#1555=CURVE_STYLE('',#2930,POSITIVE_LENGTH_MEASURE(0.02),#2931);
#1556=VERTEX_POINT('',#2932);
#1557=LINE('',#2933,#2934);
#1558=CURVE_STYLE('',#2935,POSITIVE_LENGTH_MEASURE(0.02),#2936);
#1559=VERTEX_POINT('',#2937);
#1560=LINE('',#2938,#2939);
#1561=CURVE_STYLE('',#2940,POSITIVE_LENGTH_MEASURE(0.02),#2941);
#1562=VERTEX_POINT('',#2942);
#1563=LINE('',#2943,#2944);
#1564=SURFACE_STYLE_USAGE(.BOTH.,#2945);
#1565=FACE_OUTER_BOUND('',#2946,.T.);
#1566=PLANE('',#2947);
#1567=CURVE_STYLE('',#2948,POSITIVE_LENGTH_MEASURE(0.02),#2949);
#1568=LINE('',#2950,#2951);
#1569=SURFACE_STYLE_USAGE(.BOTH.,#2952);
#1570=FACE_OUTER_BOUND('',#2953,.T.);
#1571=PLANE('',#2954);
#1572=SURFACE_STYLE_USAGE(.BOTH.,#2955);
#1573=FACE_OUTER_BOUND('',#2956,.T.);
#1574=PLANE('',#2957);
#1575=CURVE_STYLE('',#2958,POSITIVE_LENGTH_MEASURE(0.02),#2959);
#1576=LINE('',#2960,#2961);
#1577=CURVE_STYLE('',#2962,POSITIVE_LENGTH_MEASURE(0.02),#2963);
#1578=VERTEX_POINT('',#2964);
#1579=B_SPLINE_CURVE_WITH_KNOTS('',3,(#2965,#2966,#2967,#2968,#2969),.UNSPECIFIED.,.F.,.F.,(4,1,4),(1.06213032212039E-012,0.499882305401587,0.999999999998038),.UNSPECIFIED.);
#1580=CURVE_STYLE('',#2970,POSITIVE_LENGTH_MEASURE(0.02),#2971);
#1581=VERTEX_POINT('',#2972);
#1582=LINE('',#2973,#2974);
#1583=CURVE_STYLE('',#2975,POSITIVE_LENGTH_MEASURE(0.02),#2976);
#1584=VERTEX_POINT('',#2977);
#1585=LINE('',#2978,#2979);
#1586=SURFACE_STYLE_USAGE(.BOTH.,#2980);
#1587=FACE_OUTER_BOUND('',#2981,.T.);
#1588=PLANE('',#2982);
#1589=SURFACE_STYLE_USAGE(.BOTH.,#2983);
#1590=FACE_OUTER_BOUND('',#2984,.T.);
#1591=PLANE('',#2985);
#1592=CURVE_STYLE('',#2986,POSITIVE_LENGTH_MEASURE(0.02),#2987);
#1593=LINE('',#2988,#2989);
#1594=SURFACE_STYLE_USAGE(.BOTH.,#2990);
#1595=FACE_OUTER_BOUND('',#2991,.T.);
#1596=B_SPLINE_SURFACE_WITH_KNOTS('',3,3,((#2992,#2993,#2994,#2995,#2996),(#2997,#2998,#2999,#3000,#3001),(#3002,#3003,#3004,#3005,#3006),(#3007,#3008,#3009,#3010,#3011),(#3012,#3013,#3014,#3015,#3016)),.UNSPECIFIED.,.F.,.F.,.F.,(4,1,4),(4,1,4),(-0.0123549178861977,0.738506905513284,1.48936872891277),(-0.710486618684041,-0.000981532868367607,0.708523552947305),.UNSPECIFIED.);
#1597=CURVE_STYLE('',#3017,POSITIVE_LENGTH_MEASURE(1.0E-006),#3018);
#1598=VERTEX_POINT('',#3019);
#1599=LINE('',#3020,#3021);
#1600=SURFACE_STYLE_USAGE(.BOTH.,#3022);
#1601=FACE_OUTER_BOUND('',#3023,.T.);
#1602=PLANE('',#3024);
#1603=SURFACE_STYLE_USAGE(.BOTH.,#3025);
#1604=FACE_OUTER_BOUND('',#3026,.T.);
#1605=PLANE('',#3027);
#1606=CURVE_STYLE('',#3028,POSITIVE_LENGTH_MEASURE(0.02),#3029);
#1607=VERTEX_POINT('',#3030);
#1608=VERTEX_POINT('',#3031);
#1609=LINE('',#3032,#3033);
#1610=CURVE_STYLE('',#3034,POSITIVE_LENGTH_MEASURE(0.02),#3035);
#1611=LINE('',#3036,#3037);
#1612=CURVE_STYLE('',#3038,POSITIVE_LENGTH_MEASURE(0.02),#3039);
#1613=B_SPLINE_CURVE_WITH_KNOTS('',3,(#3040,#3041,#3042,#3043,#3044),.UNSPECIFIED.,.F.,.F.,(4,1,4),(1.98808215896419E-012,0.500117694598533,0.999999999998935),.UNSPECIFIED.);
#1614=CURVE_STYLE('',#3045,POSITIVE_LENGTH_MEASURE(0.02),#3046);
#1615=VERTEX_POINT('',#3047);
#1616=VERTEX_POINT('',#3048);
#1617=LINE('',#3049,#3050);
#1618=CURVE_STYLE('',#3051,POSITIVE_LENGTH_MEASURE(0.02),#3052);
#1619=ELLIPSE('',#3053,0.0976531557410386,0.0795652173913481);
#1620=SURFACE_STYLE_USAGE(.BOTH.,#3054);
#1621=FACE_OUTER_BOUND('',#3055,.T.);
#1622=PLANE('',#3056);
#1623=CURVE_STYLE('',#3057,POSITIVE_LENGTH_MEASURE(0.02),#3058);
#1624=VERTEX_POINT('',#3059);
#1625=LINE('',#3060,#3061);
#1626=SURFACE_STYLE_USAGE(.BOTH.,#3062);
#1627=FACE_OUTER_BOUND('',#3063,.T.);
#1628=B_SPLINE_SURFACE_WITH_KNOTS('',3,3,((#3064,#3065,#3066,#3067,#3068),(#3069,#3070,#3071,#3072,#3073),(#3074,#3075,#3076,#3077,#3078),(#3079,#3080,#3081,#3082,#3083)),.UNSPECIFIED.,.F.,.F.,.F.,(4,4),(4,1,4),(0.0,3.9375),(-1.44862327915523,-0.724311639577551,1.24170020026994E-013),.UNSPECIFIED.);
#1629=CURVE_STYLE('',#3084,POSITIVE_LENGTH_MEASURE(0.02),#3085);
#1630=LINE('',#3086,#3087);
#1631=SURFACE_STYLE_USAGE(.BOTH.,#3088);
#1632=FACE_OUTER_BOUND('',#3089,.T.);
#1633=PLANE('',#3090);
#1634=CURVE_STYLE('',#3091,POSITIVE_LENGTH_MEASURE(0.02),#3092);
#1635=LINE('',#3093,#3094);
#1636=SURFACE_STYLE_USAGE(.BOTH.,#3095);
#1637=FACE_OUTER_BOUND('',#3096,.T.);
#1638=PLANE('',#3097);
#1639=CURVE_STYLE('',#3098,POSITIVE_LENGTH_MEASURE(0.02),#3099);
#1640=VERTEX_POINT('',#3100);
#1641=ELLIPSE('',#3101,0.341160063325748,0.255102040816321);
#1642=CURVE_STYLE('',#3102,POSITIVE_LENGTH_MEASURE(0.02),#3103);
#1643=VERTEX_POINT('',#3104);
#1644=LINE('',#3105,#3106);
#1645=CURVE_STYLE('',#3107,POSITIVE_LENGTH_MEASURE(0.02),#3108);
#1646=ELLIPSE('',#3109,0.097653155740996,0.0833333333333467);
#1647=SURFACE_STYLE_USAGE(.BOTH.,#3110);
#1648=FACE_OUTER_BOUND('',#3111,.T.);
#1649=B_SPLINE_SURFACE_WITH_KNOTS('',3,3,((#3112,#3113,#3114,#3115,#3116),(#3117,#3118,#3119,#3120,#3121),(#3122,#3123,#3124,#3125,#3126),(#3127,#3128,#3129,#3130,#3131)),.UNSPECIFIED.,.F.,.F.,.F.,(4,4),(4,1,4),(0.0,34.6811862037133),(-1.39626340159592,-0.698131700797959,0.0),.UNSPECIFIED.);
#1650=SURFACE_STYLE_USAGE(.BOTH.,#3132);
#1651=FACE_OUTER_BOUND('',#3133,.T.);
#1652=B_SPLINE_SURFACE_WITH_KNOTS('',3,3,((#3134,#3135,#3136,#3137,#3138),(#3139,#3140,#3141,#3142,#3143),(#3144,#3145,#3146,#3147,#3148),(#3149,#3150,#3151,#3152,#3153)),.UNSPECIFIED.,.F.,.F.,.F.,(4,4),(4,1,4),(0.83909963118,17.45721999796),(-1.44862327915534,-0.724311639577669,0.0),.UNSPECIFIED.);
#1653=CURVE_STYLE('',#3154,POSITIVE_LENGTH_MEASURE(0.02),#3155);
#1654=VERTEX_POINT('',#3156);
#1655=VERTEX_POINT('',#3157);
#1656=LINE('',#3158,#3159);
#1657=SURFACE_STYLE_USAGE(.BOTH.,#3160);
#1658=FACE_OUTER_BOUND('',#3161,.T.);
#1659=PLANE('',#3162);
#1660=SURFACE_STYLE_USAGE(.BOTH.,#3163);
#1661=FACE_OUTER_BOUND('',#3164,.T.);
#1662=PLANE('',#3165);
#1663=SURFACE_STYLE_USAGE(.BOTH.,#3166);
#1664=FACE_OUTER_BOUND('',#3167,.T.);
#1665=PLANE('',#3168);
#1666=SURFACE_STYLE_USAGE(.BOTH.,#3169);
#1667=FACE_OUTER_BOUND('',#3170,.T.);
#1668=PLANE('',#3171);
#1669=CURVE_STYLE('',#3172,POSITIVE_LENGTH_MEASURE(0.02),#3173);
#1670=VERTEX_POINT('',#3174);
#1671=VERTEX_POINT('',#3175);
#1672=ELLIPSE('',#3176,0.136464025330357,0.102040816326569);
#1673=CURVE_STYLE('',#3177,POSITIVE_LENGTH_MEASURE(0.02),#3178);
#1674=VERTEX_POINT('',#3179);
#1675=ELLIPSE('',#3180,0.136464025330347,0.102040816326563);
#1676=CURVE_STYLE('',#3181,POSITIVE_LENGTH_MEASURE(0.02),#3182);
#1677=VERTEX_POINT('',#3183);
#1678=LINE('',#3184,#3185);
#1679=CURVE_STYLE('',#3186,POSITIVE_LENGTH_MEASURE(0.02),#3187);
#1680=VERTEX_POINT('',#3188);
#1681=LINE('',#3189,#3190);
#1682=CURVE_STYLE('',#3191,POSITIVE_LENGTH_MEASURE(0.02),#3192);
#1683=VERTEX_POINT('',#3193);
#1684=VERTEX_POINT('',#3194);
#1685=LINE('',#3195,#3196);
#1686=SURFACE_STYLE_USAGE(.BOTH.,#3197);
#1687=FACE_OUTER_BOUND('',#3198,.T.);
#1688=B_SPLINE_SURFACE_WITH_KNOTS('',3,3,((#3199,#3200,#3201,#3202,#3203),(#3204,#3205,#3206,#3207,#3208),(#3209,#3210,#3211,#3212,#3213),(#3214,#3215,#3216,#3217,#3218)),.UNSPECIFIED.,.F.,.F.,.F.,(4,4),(4,1,4),(-6.99643256448641,0.0143852155715702),(-1.55353667150834,-0.774816178749229,0.00390431400988465),.UNSPECIFIED.);
#1689=CURVE_STYLE('',#3219,POSITIVE_LENGTH_MEASURE(0.02),#3220);
#1690=VERTEX_POINT('',#3221);
#1691=LINE('',#3222,#3223);
#1692=CURVE_STYLE('',#3224,POSITIVE_LENGTH_MEASURE(0.02),#3225);
#1693=LINE('',#3226,#3227);
#1694=CURVE_STYLE('',#3228,POSITIVE_LENGTH_MEASURE(0.02),#3229);
#1695=LINE('',#3230,#3231);
#1696=CURVE_STYLE('',#3232,POSITIVE_LENGTH_MEASURE(0.02),#3233);
#1697=VERTEX_POINT('',#3234);
#1698=ELLIPSE('',#3235,0.0976531557409091,0.0795652173912495);
#1699=CURVE_STYLE('',#3236,POSITIVE_LENGTH_MEASURE(0.02),#3237);
#1700=VERTEX_POINT('',#3238);
#1701=LINE('',#3239,#3240);
#1702=CURVE_STYLE('',#3241,POSITIVE_LENGTH_MEASURE(0.02),#3242);
#1703=VERTEX_POINT('',#3243);
#1704=VERTEX_POINT('',#3244);
#1705=LINE('',#3245,#3246);
#1706=CURVE_STYLE('',#3247,POSITIVE_LENGTH_MEASURE(0.02),#3248);
#1707=VERTEX_POINT('',#3249);
#1708=VERTEX_POINT('',#3250);
#1709=LINE('',#3251,#3252);
#1710=CURVE_STYLE('',#3253,POSITIVE_LENGTH_MEASURE(0.02),#3254);
#1711=VERTEX_POINT('',#3255);
#1712=VERTEX_POINT('',#3256);
#1713=ELLIPSE('',#3257,0.136464025330355,0.102040816326567);
#1714=CURVE_STYLE('',#3258,POSITIVE_LENGTH_MEASURE(0.02),#3259);
#1715=VERTEX_POINT('',#3260);
#1716=LINE('',#3261,#3262);
#1717=CURVE_STYLE('',#3263,POSITIVE_LENGTH_MEASURE(0.02),#3264);
#1718=VERTEX_POINT('',#3265);
#1719=ELLIPSE('',#3266,0.136464025330341,0.102040816326559);
#1720=CURVE_STYLE('',#3267,POSITIVE_LENGTH_MEASURE(0.02),#3268);
#1721=LINE('',#3269,#3270);
#1722=CURVE_STYLE('',#3271,POSITIVE_LENGTH_MEASURE(0.02),#3272);
#1723=LINE('',#3273,#3274);
#1724=CURVE_STYLE('',#3275,POSITIVE_LENGTH_MEASURE(0.02),#3276);
#1725=LINE('',#3277,#3278);
#1726=CURVE_STYLE('',#3279,POSITIVE_LENGTH_MEASURE(0.02),#3280);
#1727=VERTEX_POINT('',#3281);
#1728=LINE('',#3282,#3283);
#1729=CURVE_STYLE('',#3284,POSITIVE_LENGTH_MEASURE(0.02),#3285);
#1730=ELLIPSE('',#3286,0.0838268465373496,0.0798207045767869);
#1731=CURVE_STYLE('',#3287,POSITIVE_LENGTH_MEASURE(0.02),#3288);
#1732=VERTEX_POINT('',#3289);
#1733=LINE('',#3290,#3291);
#1734=CURVE_STYLE('',#3292,POSITIVE_LENGTH_MEASURE(0.02),#3293);
#1735=VERTEX_POINT('',#3294);
#1736=LINE('',#3295,#3296);
#1737=CURVE_STYLE('',#3297,POSITIVE_LENGTH_MEASURE(0.02),#3298);
#1738=LINE('',#3299,#3300);
#1739=CURVE_STYLE('',#3301,POSITIVE_LENGTH_MEASURE(0.02),#3302);
#1740=LINE('',#3303,#3304);
#1741=CURVE_STYLE('',#3305,POSITIVE_LENGTH_MEASURE(0.02),#3306);
#1742=ELLIPSE('',#3307,0.341160063325834,0.255102040816372);
#1743=CURVE_STYLE('',#3308,POSITIVE_LENGTH_MEASURE(0.02),#3309);
#1744=ELLIPSE('',#3310,0.136464025330357,0.102040816326569);
#1745=CURVE_STYLE('',#3311,POSITIVE_LENGTH_MEASURE(0.02),#3312);
#1746=VERTEX_POINT('',#3313);
#1747=LINE('',#3314,#3315);
#1748=CURVE_STYLE('',#3316,POSITIVE_LENGTH_MEASURE(0.02),#3317);
#1749=VERTEX_POINT('',#3318);
#1750=VERTEX_POINT('',#3319);
#1751=LINE('',#3320,#3321);
#1752=SURFACE_STYLE_USAGE(.BOTH.,#3322);
#1753=FACE_OUTER_BOUND('',#3323,.T.);
#1754=B_SPLINE_SURFACE_WITH_KNOTS('',3,3,((#3324,#3325,#3326,#3327,#3328),(#3329,#3330,#3331,#3332,#3333),(#3334,#3335,#3336,#3337,#3338),(#3339,#3340,#3341,#3342,#3343),(#3344,#3345,#3346,#3347,#3348)),.UNSPECIFIED.,.F.,.F.,.F.,(4,1,4),(4,1,4),(-0.012354917885814,0.738506905513212,1.48936872891224),(-0.710486618683527,-0.000981532868161272,0.708523552947204),.UNSPECIFIED.);
#1755=CURVE_STYLE('',#3349,POSITIVE_LENGTH_MEASURE(0.02),#3350);
#1756=LINE('',#3351,#3352);
#1757=CURVE_STYLE('',#3353,POSITIVE_LENGTH_MEASURE(0.02),#3354);
#1758=B_SPLINE_CURVE_WITH_KNOTS('',3,(#3355,#3356,#3357,#3358,#3359),.UNSPECIFIED.,.F.,.F.,(4,1,4),(1.96086427871193E-012,0.500117694598462,0.999999999998928),.UNSPECIFIED.);
#1759=CURVE_STYLE('',#3360,POSITIVE_LENGTH_MEASURE(0.02),#3361);
#1760=LINE('',#3362,#3363);
#1761=CURVE_STYLE('',#3364,POSITIVE_LENGTH_MEASURE(0.02),#3365);
#1762=VERTEX_POINT('',#3366);
#1763=VERTEX_POINT('',#3367);
#1764=ELLIPSE('',#3368,0.341160063325834,0.255102040816372);
#1765=SURFACE_STYLE_USAGE(.BOTH.,#3369);
#1766=FACE_OUTER_BOUND('',#3370,.T.);
#1767=B_SPLINE_SURFACE_WITH_KNOTS('',3,3,((#3371,#3372,#3373,#3374,#3375),(#3376,#3377,#3378,#3379,#3380),(#3381,#3382,#3383,#3384,#3385),(#3386,#3387,#3388,#3389,#3390)),.UNSPECIFIED.,.F.,.F.,.F.,(4,4),(4,1,4),(0.83909963118,17.45721999796),(-1.44862327915534,-0.724311639577669,0.0),.UNSPECIFIED.);
#1768=SURFACE_STYLE_USAGE(.BOTH.,#3391);
#1769=FACE_OUTER_BOUND('',#3392,.T.);
#1770=B_SPLINE_SURFACE_WITH_KNOTS('',3,3,((#3393,#3394,#3395,#3396,#3397),(#3398,#3399,#3400,#3401,#3402),(#3403,#3404,#3405,#3406,#3407),(#3408,#3409,#3410,#3411,#3412)),.UNSPECIFIED.,.F.,.F.,.F.,(4,4),(4,1,4),(0.0,3.9375),(-1.51843644923551,-0.759218224617753,0.0),.UNSPECIFIED.);
#1771=CURVE_STYLE('',#3413,POSITIVE_LENGTH_MEASURE(0.02),#3414);
#1772=VERTEX_POINT('',#3415);
#1773=LINE('',#3416,#3417);
#1774=CURVE_STYLE('',#3418,POSITIVE_LENGTH_MEASURE(1.0E-006),#3419);
#1775=LINE('',#3420,#3421);
#1776=CURVE_STYLE('',#3422,POSITIVE_LENGTH_MEASURE(0.02),#3423);
#1777=VERTEX_POINT('',#3424);
#1778=VERTEX_POINT('',#3425);
#1779=LINE('',#3426,#3427);
#1780=CURVE_STYLE('',#3428,POSITIVE_LENGTH_MEASURE(0.02),#3429);
#1781=VERTEX_POINT('',#3430);
#1782=LINE('',#3431,#3432);
#1783=CURVE_STYLE('',#3433,POSITIVE_LENGTH_MEASURE(0.02),#3434);
#1784=LINE('',#3435,#3436);
#1785=CURVE_STYLE('',#3437,POSITIVE_LENGTH_MEASURE(0.02),#3438);
#1786=LINE('',#3439,#3440);
#1787=SURFACE_STYLE_USAGE(.BOTH.,#3441);
#1788=FACE_OUTER_BOUND('',#3442,.T.);
#1789=B_SPLINE_SURFACE_WITH_KNOTS('',3,3,((#3443,#3444,#3445,#3446,#3447),(#3448,#3449,#3450,#3451,#3452),(#3453,#3454,#3455,#3456,#3457),(#3458,#3459,#3460,#3461,#3462)),.UNSPECIFIED.,.F.,.F.,.F.,(4,4),(4,1,4),(0.0,3.9375),(-1.44862327915523,-0.724311639577551,1.24170020026994E-013),.UNSPECIFIED.);
#1790=CURVE_STYLE('',#3463,POSITIVE_LENGTH_MEASURE(0.02),#3464);
#1791=ELLIPSE('',#3465,0.0838268465371931,0.0798207045766522);
#1792=SURFACE_STYLE_USAGE(.BOTH.,#3466);
#1793=FACE_OUTER_BOUND('',#3467,.T.);
#1794=B_SPLINE_SURFACE_WITH_KNOTS('',3,3,((#3468,#3469,#3470,#3471,#3472),(#3473,#3474,#3475,#3476,#3477),(#3478,#3479,#3480,#3481,#3482),(#3483,#3484,#3485,#3486,#3487),(#3488,#3489,#3490,#3491,#3492)),.UNSPECIFIED.,.F.,.F.,.F.,(4,1,4),(4,1,4),(-0.0355462939435697,0.681181392748152,1.39790907943987),(-0.788527843905152,0.0109173143932216,0.810362472691595),.UNSPECIFIED.);
#1795=CURVE_STYLE('',#3493,POSITIVE_LENGTH_MEASURE(1.0E-006),#3494);
#1796=LINE('',#3495,#3496);
#1797=CURVE_STYLE('',#3497,POSITIVE_LENGTH_MEASURE(0.02),#3498);
#1798=LINE('',#3499,#3500);
#1799=CURVE_STYLE('',#3501,POSITIVE_LENGTH_MEASURE(0.02),#3502);
#1800=VERTEX_POINT('',#3503);
#1801=LINE('',#3504,#3505);
#1802=CURVE_STYLE('',#3506,POSITIVE_LENGTH_MEASURE(0.02),#3507);
#1803=VERTEX_POINT('',#3508);
#1804=LINE('',#3509,#3510);
#1805=CURVE_STYLE('',#3511,POSITIVE_LENGTH_MEASURE(0.02),#3512);
#1806=LINE('',#3513,#3514);
#1807=SURFACE_STYLE_USAGE(.BOTH.,#3515);
#1808=FACE_OUTER_BOUND('',#3516,.T.);
#1809=B_SPLINE_SURFACE_WITH_KNOTS('',3,3,((#3517,#3518,#3519,#3520,#3521),(#3522,#3523,#3524,#3525,#3526),(#3527,#3528,#3529,#3530,#3531),(#3532,#3533,#3534,#3535,#3536)),.UNSPECIFIED.,.F.,.F.,.F.,(4,4),(4,1,4),(-1.575,0.0),(-1.51843644923507,-0.759218224617536,-3.44169825973451E-017),.UNSPECIFIED.);
#1810=CURVE_STYLE('',#3537,POSITIVE_LENGTH_MEASURE(0.02),#3538);
#1811=LINE('',#3539,#3540);
#1812=CURVE_STYLE('',#3541,POSITIVE_LENGTH_MEASURE(0.02),#3542);
#1813=VERTEX_POINT('',#3543);
#1814=LINE('',#3544,#3545);
#1815=CURVE_STYLE('',#3546,POSITIVE_LENGTH_MEASURE(0.02),#3547);
#1816=LINE('',#3548,#3549);
#1817=CURVE_STYLE('',#3550,POSITIVE_LENGTH_MEASURE(0.02),#3551);
#1818=LINE('',#3552,#3553);
#1819=CURVE_STYLE('',#3554,POSITIVE_LENGTH_MEASURE(0.02),#3555);
#1820=VERTEX_POINT('',#3556);
#1821=LINE('',#3557,#3558);
#1822=CURVE_STYLE('',#3559,POSITIVE_LENGTH_MEASURE(0.02),#3560);
#1823=VERTEX_POINT('',#3561);
#1824=LINE('',#3562,#3563);
#1825=CURVE_STYLE('',#3564,POSITIVE_LENGTH_MEASURE(0.02),#3565);
#1826=VERTEX_POINT('',#3566);
#1827=VERTEX_POINT('',#3567);
#1828=LINE('',#3568,#3569);
#1829=CURVE_STYLE('',#3570,POSITIVE_LENGTH_MEASURE(0.02),#3571);
#1830=VERTEX_POINT('',#3572);
#1831=LINE('',#3573,#3574);
#1832=CURVE_STYLE('',#3575,POSITIVE_LENGTH_MEASURE(0.02),#3576);
#1833=LINE('',#3577,#3578);
#1834=CURVE_STYLE('',#3579,POSITIVE_LENGTH_MEASURE(0.02),#3580);
#1835=LINE('',#3581,#3582);
#1836=CURVE_STYLE('',#3583,POSITIVE_LENGTH_MEASURE(0.02),#3584);
#1837=VERTEX_POINT('',#3585);
#1838=VERTEX_POINT('',#3586);
#1839=ELLIPSE('',#3587,0.136464025330357,0.102040816326569);
#1840=SURFACE_STYLE_USAGE(.BOTH.,#3588);
#1841=FACE_OUTER_BOUND('',#3589,.T.);
#1842=PLANE('',#3590);
#1843=CURVE_STYLE('',#3591,POSITIVE_LENGTH_MEASURE(0.02),#3592);
#1844=VERTEX_POINT('',#3593);
#1845=LINE('',#3594,#3595);
#1846=CURVE_STYLE('',#3596,POSITIVE_LENGTH_MEASURE(0.02),#3597);
#1847=LINE('',#3598,#3599);
#1848=CURVE_STYLE('',#3600,POSITIVE_LENGTH_MEASURE(0.02),#3601);
#1849=ELLIPSE('',#3602,0.34116006332583,0.255102040816369);
#1850=CURVE_STYLE('',#3603,POSITIVE_LENGTH_MEASURE(0.02),#3604);
#1851=VERTEX_POINT('',#3605);
#1852=LINE('',#3606,#3607);
#1853=CURVE_STYLE('',#3608,POSITIVE_LENGTH_MEASURE(0.02),#3609);
#1854=VERTEX_POINT('',#3610);
#1855=ELLIPSE('',#3611,0.136464025330347,0.102040816326563);
#1856=CURVE_STYLE('',#3612,POSITIVE_LENGTH_MEASURE(0.02),#3613);
#1857=LINE('',#3614,#3615);
#1858=CURVE_STYLE('',#3616,POSITIVE_LENGTH_MEASURE(0.02),#3617);
#1859=LINE('',#3618,#3619);
#1860=CURVE_STYLE('',#3620,POSITIVE_LENGTH_MEASURE(0.02),#3621);
#1861=LINE('',#3622,#3623);
#1862=CURVE_STYLE('',#3624,POSITIVE_LENGTH_MEASURE(0.02),#3625);
#1863=ELLIPSE('',#3626,0.136464025330347,0.102040816326563);
#1864=CURVE_STYLE('',#3627,POSITIVE_LENGTH_MEASURE(0.02),#3628);
#1865=LINE('',#3629,#3630);
#1866=SURFACE_STYLE_USAGE(.BOTH.,#3631);
#1867=FACE_OUTER_BOUND('',#3632,.T.);
#1868=PLANE('',#3633);
#1869=SURFACE_STYLE_USAGE(.BOTH.,#3634);
#1870=FACE_OUTER_BOUND('',#3635,.T.);
#1871=PLANE('',#3636);
#1872=CURVE_STYLE('',#3637,POSITIVE_LENGTH_MEASURE(0.02),#3638);
#1873=LINE('',#3639,#3640);
#1874=CURVE_STYLE('',#3641,POSITIVE_LENGTH_MEASURE(0.02),#3642);
#1875=LINE('',#3643,#3644);
#1876=CURVE_STYLE('',#3645,POSITIVE_LENGTH_MEASURE(0.02),#3646);
#1877=LINE('',#3647,#3648);
#1878=CURVE_STYLE('',#3649,POSITIVE_LENGTH_MEASURE(0.02),#3650);
#1879=LINE('',#3651,#3652);
#1880=CURVE_STYLE('',#3653,POSITIVE_LENGTH_MEASURE(0.02),#3654);
#1881=VERTEX_POINT('',#3655);
#1882=LINE('',#3656,#3657);
#1883=CURVE_STYLE('',#3658,POSITIVE_LENGTH_MEASURE(0.02),#3659);
#1884=LINE('',#3660,#3661);
#1885=CURVE_STYLE('',#3662,POSITIVE_LENGTH_MEASURE(0.02),#3663);
#1886=ELLIPSE('',#3664,0.341160063325838,0.255102040816375);
#1887=CURVE_STYLE('',#3665,POSITIVE_LENGTH_MEASURE(0.02),#3666);
#1888=LINE('',#3667,#3668);
#1889=CURVE_STYLE('',#3669,POSITIVE_LENGTH_MEASURE(0.02),#3670);
#1890=LINE('',#3671,#3672);
#1891=CURVE_STYLE('',#3673,POSITIVE_LENGTH_MEASURE(0.02),#3674);
#1892=LINE('',#3675,#3676);
#1893=CURVE_STYLE('',#3677,POSITIVE_LENGTH_MEASURE(0.02),#3678);
#1894=LINE('',#3679,#3680);
#1895=CURVE_STYLE('',#3681,POSITIVE_LENGTH_MEASURE(0.02),#3682);
#1896=VERTEX_POINT('',#3683);
#1897=LINE('',#3684,#3685);
#1898=CURVE_STYLE('',#3686,POSITIVE_LENGTH_MEASURE(0.02),#3687);
#1899=VERTEX_POINT('',#3688);
#1900=ELLIPSE('',#3689,0.341160063325758,0.255102040816328);
#1901=CURVE_STYLE('',#3690,POSITIVE_LENGTH_MEASURE(0.02),#3691);
#1902=VERTEX_POINT('',#3692);
#1903=LINE('',#3693,#3694);
#1904=CURVE_STYLE('',#3695,POSITIVE_LENGTH_MEASURE(0.02),#3696);
#1905=VERTEX_POINT('',#3697);
#1906=LINE('',#3698,#3699);
#1907=CURVE_STYLE('',#3700,POSITIVE_LENGTH_MEASURE(0.02),#3701);
#1908=LINE('',#3702,#3703);
#1909=CURVE_STYLE('',#3704,POSITIVE_LENGTH_MEASURE(0.02),#3705);
#1910=LINE('',#3706,#3707);
#1911=CURVE_STYLE('',#3708,POSITIVE_LENGTH_MEASURE(0.02),#3709);
#1912=VERTEX_POINT('',#3710);
#1913=ELLIPSE('',#3711,0.136464025330357,0.102040816326569);
#1914=CURVE_STYLE('',#3712,POSITIVE_LENGTH_MEASURE(0.02),#3713);
#1915=VERTEX_POINT('',#3714);
#1916=LINE('',#3715,#3716);
#1917=CURVE_STYLE('',#3717,POSITIVE_LENGTH_MEASURE(0.02),#3718);
#1918=LINE('',#3719,#3720);
#1919=CURVE_STYLE('',#3721,POSITIVE_LENGTH_MEASURE(0.02),#3722);
#1920=B_SPLINE_CURVE_WITH_KNOTS('',3,(#3723,#3724,#3725,#3726,#3727),.UNSPECIFIED.,.F.,.F.,(4,1,4),(1.96086427872413E-012,0.500117694598481,0.999999999998928),.UNSPECIFIED.);
#1921=CURVE_STYLE('',#3728,POSITIVE_LENGTH_MEASURE(0.02),#3729);
#1922=LINE('',#3730,#3731);
#1923=CURVE_STYLE('',#3732,POSITIVE_LENGTH_MEASURE(0.02),#3733);
#1924=LINE('',#3734,#3735);
#1925=SURFACE_STYLE_USAGE(.BOTH.,#3736);
#1926=FACE_OUTER_BOUND('',#3737,.T.);
#1927=B_SPLINE_SURFACE_WITH_KNOTS('',3,3,((#3738,#3739,#3740,#3741,#3742),(#3743,#3744,#3745,#3746,#3747),(#3748,#3749,#3750,#3751,#3752),(#3753,#3754,#3755,#3756,#3757)),.UNSPECIFIED.,.F.,.F.,.F.,(4,4),(4,1,4),(-1.575,0.0),(-1.44862327915532,-0.724311639577642,3.74542813115617E-014),.UNSPECIFIED.);
#1928=CURVE_STYLE('',#3758,POSITIVE_LENGTH_MEASURE(0.02),#3759);
#1929=LINE('',#3760,#3761);
#1930=CURVE_STYLE('',#3762,POSITIVE_LENGTH_MEASURE(0.02),#3763);
#1931=LINE('',#3764,#3765);
#1932=CURVE_STYLE('',#3766,POSITIVE_LENGTH_MEASURE(0.02),#3767);
#1933=LINE('',#3768,#3769);
#1934=SURFACE_STYLE_USAGE(.BOTH.,#3770);
#1935=FACE_OUTER_BOUND('',#3771,.T.);
#1936=PLANE('',#3772);
#1937=CURVE_STYLE('',#3773,POSITIVE_LENGTH_MEASURE(0.02),#3774);
#1938=VERTEX_POINT('',#3775);
#1939=LINE('',#3776,#3777);
#1940=SURFACE_STYLE_USAGE(.BOTH.,#3778);
#1941=FACE_OUTER_BOUND('',#3779,.T.);
#1942=B_SPLINE_SURFACE_WITH_KNOTS('',3,3,((#3780,#3781,#3782,#3783,#3784),(#3785,#3786,#3787,#3788,#3789),(#3790,#3791,#3792,#3793,#3794),(#3795,#3796,#3797,#3798,#3799)),.UNSPECIFIED.,.F.,.F.,.F.,(4,4),(4,1,4),(-0.0530756058122867,2.05305953359591),(-1.58915872624638,-0.789253172113287,0.0106523820198101),.UNSPECIFIED.);
#1943=SURFACE_STYLE_USAGE(.BOTH.,#3800);
#1944=FACE_OUTER_BOUND('',#3801,.T.);
#1945=B_SPLINE_SURFACE_WITH_KNOTS('',3,3,((#3802,#3803,#3804,#3805,#3806),(#3807,#3808,#3809,#3810,#3811),(#3812,#3813,#3814,#3815,#3816),(#3817,#3818,#3819,#3820,#3821)),.UNSPECIFIED.,.F.,.F.,.F.,(4,4),(4,1,4),(-2.90513985430752,0.0143967255868205),(-1.55354827071249,-0.77481617874703,0.00391591321843159),.UNSPECIFIED.);
#1946=SURFACE_STYLE_USAGE(.BOTH.,#3822);
#1947=FACE_OUTER_BOUND('',#3823,.T.);
#1948=B_SPLINE_SURFACE_WITH_KNOTS('',3,3,((#3824,#3825,#3826,#3827,#3828),(#3829,#3830,#3831,#3832,#3833),(#3834,#3835,#3836,#3837,#3838),(#3839,#3840,#3841,#3842,#3843)),.UNSPECIFIED.,.F.,.F.,.F.,(4,4),(4,1,4),(-2.90513985430752,0.0143967255868224),(-1.55354827071249,-0.77481617874703,0.00391591321843137),.UNSPECIFIED.);
#1949=SURFACE_STYLE_USAGE(.BOTH.,#3844);
#1950=FACE_OUTER_BOUND('',#3845,.T.);
#1951=B_SPLINE_SURFACE_WITH_KNOTS('',3,3,((#3846,#3847,#3848,#3849,#3850),(#3851,#3852,#3853,#3854,#3855),(#3856,#3857,#3858,#3859,#3860),(#3861,#3862,#3863,#3864,#3865)),.UNSPECIFIED.,.F.,.F.,.F.,(4,4),(4,1,4),(-6.99643256448634,0.0143967255865176),(-1.55354827071218,-0.774816178747028,0.00391591321812899),.UNSPECIFIED.);
#1952=SURFACE_STYLE_USAGE(.BOTH.,#3866);
#1953=FACE_OUTER_BOUND('',#3867,.T.);
#1954=PLANE('',#3868);
#1955=CURVE_STYLE('',#3869,POSITIVE_LENGTH_MEASURE(0.02),#3870);
#1956=ELLIPSE('',#3871,0.0976531557409091,0.0795652173912496);
#1957=CURVE_STYLE('',#3872,POSITIVE_LENGTH_MEASURE(0.02),#3873);
#1958=ELLIPSE('',#3874,0.0976531557409581,0.08333333333332);
#1959=CURVE_STYLE('',#3875,POSITIVE_LENGTH_MEASURE(0.02),#3876);
#1960=LINE('',#3877,#3878);
#1961=CURVE_STYLE('',#3879,POSITIVE_LENGTH_MEASURE(0.02),#3880);
#1962=LINE('',#3881,#3882);
#1963=CURVE_STYLE('',#3883,POSITIVE_LENGTH_MEASURE(0.02),#3884);
#1964=LINE('',#3885,#3886);
#1965=CURVE_STYLE('',#3887,POSITIVE_LENGTH_MEASURE(0.02),#3888);
#1966=VERTEX_POINT('',#3889);
#1967=LINE('',#3890,#3891);
#1968=CURVE_STYLE('',#3892,POSITIVE_LENGTH_MEASURE(0.02),#3893);
#1969=LINE('',#3894,#3895);
#1970=SURFACE_STYLE_USAGE(.BOTH.,#3896);
#1971=CLOSED_SHELL('',(#582,#1066,#962,#932,#586,#1106,#488,#626,#1088,#1160,#782,#456,#642,#1214,#1048,#904,#974,#958,#636,#1162,#1060,#562,#1164,#906,#842,#934,#1156,#1102,#476,#902,#686,#1030,#1138,#454,#1222,#908,#1024,#966,#946,#762,#1114,#1232,#1128,#682,#752,#704,#680,#1174,#610,#1044,#580,#458,#688,#794,#978,#1136,#1198,#664,#584,#594,#578,#490,#818,#568,#1166,#1190,#692,#964,#624,#1192,#498,#928,#1010,#668,#638,#1176,#620,#1196,#1168,#646,#588,#492,#564,#660,#764,#1022,#898,#1184,#1020,#890,#1068,#434,#436,#1142,#516,#1126,#1072,#976,#1170,#778,#1148,#600,#690,#1026,#464,#1076,#648,#968,#1172,#1052,#672,#1094,#1208,#986,#910,#604,#840,#1016));
#1972=SURFACE_STYLE_USAGE(.BOTH.,#3897);
#1973=FACE_OUTER_BOUND('',#3898,.T.);
#1974=B_SPLINE_SURFACE_WITH_KNOTS('',3,3,((#3899,#3900,#3901,#3902,#3903),(#3904,#3905,#3906,#3907,#3908),(#3909,#3910,#3911,#3912,#3913),(#3914,#3915,#3916,#3917,#3918)),.UNSPECIFIED.,.F.,.F.,.F.,(4,4),(4,1,4),(0.0,3.9375),(-1.44862327915523,-0.724311639577551,1.24170020026994E-013),.UNSPECIFIED.);
#1975=CURVE_STYLE('',#3919,POSITIVE_LENGTH_MEASURE(0.02),#3920);
#1976=LINE('',#3921,#3922);
#1977=SURFACE_STYLE_USAGE(.BOTH.,#3923);
#1978=FACE_OUTER_BOUND('',#3924,.T.);
#1979=PLANE('',#3925);
#1980=SURFACE_STYLE_USAGE(.BOTH.,#3926);
#1981=FACE_OUTER_BOUND('',#3927,.T.);
#1982=B_SPLINE_SURFACE_WITH_KNOTS('',3,3,((#3928,#3929,#3930,#3931,#3932),(#3933,#3934,#3935,#3936,#3937),(#3938,#3939,#3940,#3941,#3942),(#3943,#3944,#3945,#3946,#3947)),.UNSPECIFIED.,.F.,.F.,.F.,(4,4),(4,1,4),(-0.0530595336029044,2.05307560580418),(-1.58144870880667,-0.78154315468161,0.0183623994434492),.UNSPECIFIED.);
#1983=CURVE_STYLE('',#3948,POSITIVE_LENGTH_MEASURE(0.02),#3949);
#1984=ELLIPSE('',#3950,0.097653155741003,0.0795652173913274);
#1985=CURVE_STYLE('',#3951,POSITIVE_LENGTH_MEASURE(0.02),#3952);
#1986=ELLIPSE('',#3953,0.0838268465373622,0.0798207045768038);
#1987=CURVE_STYLE('',#3954,POSITIVE_LENGTH_MEASURE(0.02),#3955);
#1988=VERTEX_POINT('',#3956);
#1989=ELLIPSE('',#3957,0.341160063325758,0.255102040816328);
#1990=CURVE_STYLE('',#3958,POSITIVE_LENGTH_MEASURE(0.02),#3959);
#1991=VERTEX_POINT('',#3960);
#1992=LINE('',#3961,#3962);
#1993=CURVE_STYLE('',#3963,POSITIVE_LENGTH_MEASURE(0.02),#3964);
#1994=LINE('',#3965,#3966);
#1995=SURFACE_STYLE_USAGE(.BOTH.,#3967);
#1996=FACE_OUTER_BOUND('',#3968,.T.);
#1997=B_SPLINE_SURFACE_WITH_KNOTS('',3,3,((#3969,#3970,#3971,#3972,#3973),(#3974,#3975,#3976,#3977,#3978),(#3979,#3980,#3981,#3982,#3983),(#3984,#3985,#3986,#3987,#3988),(#3989,#3990,#3991,#3992,#3993)),.UNSPECIFIED.,.F.,.F.,.F.,(4,1,4),(4,1,4),(-0.012354917885814,0.738506905513212,1.48936872891224),(-0.710486618683527,-0.000981532868161272,0.708523552947204),.UNSPECIFIED.);
#1998=CURVE_STYLE('',#3994,POSITIVE_LENGTH_MEASURE(0.02),#3995);
#1999=LINE('',#3996,#3997);
#2000=CURVE_STYLE('',#3998,POSITIVE_LENGTH_MEASURE(0.02),#3999);
#2001=LINE('',#4000,#4001);
#2002=CURVE_STYLE('',#4002,POSITIVE_LENGTH_MEASURE(0.02),#4003);
#2003=LINE('',#4004,#4005);
#2004=CURVE_STYLE('',#4006,POSITIVE_LENGTH_MEASURE(0.02),#4007);
#2005=ELLIPSE('',#4008,0.0976531557409827,0.0795652173913074);
#2006=CURVE_STYLE('',#4009,POSITIVE_LENGTH_MEASURE(0.02),#4010);
#2007=VERTEX_POINT('',#4011);
#2008=ELLIPSE('',#4012,0.136464025330355,0.102040816326567);
#2009=SURFACE_STYLE_USAGE(.BOTH.,#4013);
#2010=FACE_OUTER_BOUND('',#4014,.T.);
#2011=B_SPLINE_SURFACE_WITH_KNOTS('',3,3,((#4015,#4016,#4017,#4018,#4019),(#4020,#4021,#4022,#4023,#4024),(#4025,#4026,#4027,#4028,#4029),(#4030,#4031,#4032,#4033,#4034)),.UNSPECIFIED.,.F.,.F.,.F.,(4,4),(4,1,4),(-0.0530756058134688,2.05305953358798),(-1.58144870881589,-0.781543154681609,0.0183623994526746),.UNSPECIFIED.);
#2012=CURVE_STYLE('',#4035,POSITIVE_LENGTH_MEASURE(0.02),#4036);
#2013=VERTEX_POINT('',#4037);
#2014=LINE('',#4038,#4039);
#2015=SURFACE_STYLE_USAGE(.BOTH.,#4040);
#2016=FACE_OUTER_BOUND('',#4041,.T.);
#2017=PLANE('',#4042);
#2018=SURFACE_STYLE_USAGE(.BOTH.,#4043);
#2019=FACE_OUTER_BOUND('',#4044,.T.);
#2020=B_SPLINE_SURFACE_WITH_KNOTS('',3,3,((#4045,#4046,#4047,#4048,#4049),(#4050,#4051,#4052,#4053,#4054),(#4055,#4056,#4057,#4058,#4059),(#4060,#4061,#4062,#4063,#4064)),.UNSPECIFIED.,.F.,.F.,.F.,(4,4),(4,1,4),(-1.575,0.0),(-1.51843644923507,-0.759218224617536,-3.44169825973451E-017),.UNSPECIFIED.);
#2021=SURFACE_STYLE_USAGE(.BOTH.,#4065);
#2022=FACE_OUTER_BOUND('',#4066,.T.);
#2023=B_SPLINE_SURFACE_WITH_KNOTS('',3,3,((#4067,#4068,#4069,#4070,#4071),(#4072,#4073,#4074,#4075,#4076),(#4077,#4078,#4079,#4080,#4081),(#4082,#4083,#4084,#4085,#4086)),.UNSPECIFIED.,.F.,.F.,.F.,(4,4),(4,1,4),(-6.99643256448641,0.0143852155715702),(-1.55353667150834,-0.774816178749229,0.00390431400988465),.UNSPECIFIED.);
#2024=SURFACE_STYLE_USAGE(.BOTH.,#4087);
#2025=FACE_OUTER_BOUND('',#4088,.T.);
#2026=PLANE('',#4089);
#2027=CURVE_STYLE('',#4090,POSITIVE_LENGTH_MEASURE(0.02),#4091);
#2028=LINE('',#4092,#4093);
#2029=CURVE_STYLE('',#4094,POSITIVE_LENGTH_MEASURE(1.0E-006),#4095);
#2030=LINE('',#4096,#4097);
#2031=SURFACE_STYLE_USAGE(.BOTH.,#4098);
#2032=FACE_OUTER_BOUND('',#4099,.T.);
#2033=PLANE('',#4100);
#2034=SURFACE_STYLE_USAGE(.BOTH.,#4101);
#2035=FACE_OUTER_BOUND('',#4102,.T.);
#2036=PLANE('',#4103);
#2037=SURFACE_STYLE_USAGE(.BOTH.,#4104);
#2038=FACE_OUTER_BOUND('',#4105,.T.);
#2039=PLANE('',#4106);
#2040=CURVE_STYLE('',#4107,POSITIVE_LENGTH_MEASURE(0.02),#4108);
#2041=VERTEX_POINT('',#4109);
#2042=ELLIPSE('',#4110,0.0976531557409571,0.0833333333333194);
#2043=CURVE_STYLE('',#4111,POSITIVE_LENGTH_MEASURE(0.02),#4112);
#2044=ELLIPSE('',#4113,0.0976531557409578,0.0833333333333198);
#2045=CURVE_STYLE('',#4114,POSITIVE_LENGTH_MEASURE(0.02),#4115);
#2046=LINE('',#4116,#4117);
#2047=SURFACE_STYLE_USAGE(.BOTH.,#4118);
#2048=FACE_OUTER_BOUND('',#4119,.T.);
#2049=B_SPLINE_SURFACE_WITH_KNOTS('',3,3,((#4120,#4121,#4122,#4123,#4124),(#4125,#4126,#4127,#4128,#4129),(#4130,#4131,#4132,#4133,#4134),(#4135,#4136,#4137,#4138,#4139)),.UNSPECIFIED.,.F.,.F.,.F.,(4,4),(4,1,4),(0.0,3.9375),(-1.44862327915523,-0.724311639577551,1.24170020026994E-013),.UNSPECIFIED.);
#2050=CURVE_STYLE('',#4140,POSITIVE_LENGTH_MEASURE(0.02),#4141);
#2051=ELLIPSE('',#4142,0.0976531557409536,0.0833333333333158);
#2052=CURVE_STYLE('',#4143,POSITIVE_LENGTH_MEASURE(0.02),#4144);
#2053=LINE('',#4145,#4146);
#2054=CURVE_STYLE('',#4147,POSITIVE_LENGTH_MEASURE(0.02),#4148);
#2055=LINE('',#4149,#4150);
#2056=CURVE_STYLE('',#4151,POSITIVE_LENGTH_MEASURE(0.02),#4152);
#2057=ELLIPSE('',#4153,0.136464025330357,0.102040816326569);
#2058=CURVE_STYLE('',#4154,POSITIVE_LENGTH_MEASURE(0.02),#4155);
#2059=ELLIPSE('',#4156,0.0976531557410386,0.0795652173913481);
#2060=CURVE_STYLE('',#4157,POSITIVE_LENGTH_MEASURE(0.02),#4158);
#2061=LINE('',#4159,#4160);
#2062=CURVE_STYLE('',#4161,POSITIVE_LENGTH_MEASURE(0.02),#4162);
#2063=ELLIPSE('',#4163,0.136464025330357,0.102040816326569);
#2064=CURVE_STYLE('',#4164,POSITIVE_LENGTH_MEASURE(0.02),#4165);
#2065=ELLIPSE('',#4166,0.0838268465373492,0.0798207045767865);
#2066=CURVE_STYLE('',#4167,POSITIVE_LENGTH_MEASURE(0.02),#4168);
#2067=LINE('',#4169,#4170);
#2068=CURVE_STYLE('',#4171,POSITIVE_LENGTH_MEASURE(0.02),#4172);
#2069=ELLIPSE('',#4173,0.341160063325748,0.255102040816321);
#2070=CURVE_STYLE('',#4174,POSITIVE_LENGTH_MEASURE(0.02),#4175);
#2071=LINE('',#4176,#4177);
#2072=SURFACE_STYLE_USAGE(.BOTH.,#4178);
#2073=FACE_OUTER_BOUND('',#4179,.T.);
#2074=PLANE('',#4180);
#2075=CURVE_STYLE('',#4181,POSITIVE_LENGTH_MEASURE(0.02),#4182);
#2076=ELLIPSE('',#4183,0.341160063325758,0.255102040816328);
#2077=CURVE_STYLE('',#4184,POSITIVE_LENGTH_MEASURE(0.02),#4185);
#2078=ELLIPSE('',#4186,0.136464025330347,0.102040816326563);
#2079=SURFACE_STYLE_USAGE(.BOTH.,#4187);
#2080=FACE_OUTER_BOUND('',#4188,.T.);
#2081=B_SPLINE_SURFACE_WITH_KNOTS('',3,3,((#4189,#4190,#4191,#4192,#4193),(#4194,#4195,#4196,#4197,#4198),(#4199,#4200,#4201,#4202,#4203),(#4204,#4205,#4206,#4207,#4208)),.UNSPECIFIED.,.F.,.F.,.F.,(4,4),(4,1,4),(-1.575,0.0),(-1.44862327915532,-0.724311639577642,3.74542813115617E-014),.UNSPECIFIED.);
#2082=CURVE_STYLE('',#4209,POSITIVE_LENGTH_MEASURE(0.02),#4210);
#2083=ELLIPSE('',#4211,0.0838268465372114,0.0798207045766683);
#2084=SURFACE_STYLE_USAGE(.BOTH.,#4212);
#2085=FACE_OUTER_BOUND('',#4213,.T.);
#2086=PLANE('',#4214);
#2087=SURFACE_STYLE_USAGE(.BOTH.,#4215);
#2088=FACE_OUTER_BOUND('',#4216,.T.);
#2089=B_SPLINE_SURFACE_WITH_KNOTS('',3,3,((#4217,#4218,#4219,#4220,#4221),(#4222,#4223,#4224,#4225,#4226),(#4227,#4228,#4229,#4230,#4231),(#4232,#4233,#4234,#4235,#4236)),.UNSPECIFIED.,.F.,.F.,.F.,(4,4),(4,1,4),(0.0,3.9375),(-1.44862327915523,-0.724311639577551,1.24170020026994E-013),.UNSPECIFIED.);
#2090=SURFACE_STYLE_USAGE(.BOTH.,#4237);
#2091=FACE_OUTER_BOUND('',#4238,.T.);
#2092=PLANE('',#4239);
#2093=SURFACE_STYLE_USAGE(.BOTH.,#4240);
#2094=FACE_OUTER_BOUND('',#4241,.T.);
#2095=B_SPLINE_SURFACE_WITH_KNOTS('',3,3,((#4242,#4243,#4244,#4245,#4246),(#4247,#4248,#4249,#4250,#4251),(#4252,#4253,#4254,#4255,#4256),(#4257,#4258,#4259,#4260,#4261)),.UNSPECIFIED.,.F.,.F.,.F.,(4,4),(4,1,4),(-1.575,0.0),(-1.44862327915532,-0.724311639577642,3.74542813115617E-014),.UNSPECIFIED.);
#2096=CURVE_STYLE('',#4262,POSITIVE_LENGTH_MEASURE(0.02),#4263);
#2097=ELLIPSE('',#4264,0.136464025330341,0.102040816326559);
#2098=SURFACE_STYLE_USAGE(.BOTH.,#4265);
#2099=FACE_OUTER_BOUND('',#4266,.T.);
#2100=B_SPLINE_SURFACE_WITH_KNOTS('',3,3,((#4267,#4268,#4269,#4270,#4271),(#4272,#4273,#4274,#4275,#4276),(#4277,#4278,#4279,#4280,#4281),(#4282,#4283,#4284,#4285,#4286)),.UNSPECIFIED.,.F.,.F.,.F.,(4,4),(4,1,4),(-6.99643256448634,0.0143852155713365),(-1.5535366715059,-0.774816178747028,0.00390431401184053),.UNSPECIFIED.);
#2101=CURVE_STYLE('',#4287,POSITIVE_LENGTH_MEASURE(0.02),#4288);
#2102=LINE('',#4289,#4290);
#2103=CURVE_STYLE('',#4291,POSITIVE_LENGTH_MEASURE(0.02),#4292);
#2104=LINE('',#4293,#4294);
#2105=CURVE_STYLE('',#4295,POSITIVE_LENGTH_MEASURE(0.02),#4296);
#2106=ELLIPSE('',#4297,0.0976531557409988,0.0795652173913194);
#2107=CURVE_STYLE('',#4298,POSITIVE_LENGTH_MEASURE(0.02),#4299);
#2108=LINE('',#4300,#4301);
#2109=CURVE_STYLE('',#4302,POSITIVE_LENGTH_MEASURE(0.02),#4303);
#2110=LINE('',#4304,#4305);
#2111=CURVE_STYLE('',#4306,POSITIVE_LENGTH_MEASURE(0.02),#4307);
#2112=LINE('',#4308,#4309);
#2113=SURFACE_STYLE_USAGE(.BOTH.,#4310);
#2114=FACE_OUTER_BOUND('',#4311,.T.);
#2115=PLANE('',#4312);
#2116=CURVE_STYLE('',#4313,POSITIVE_LENGTH_MEASURE(0.02),#4314);
#2117=ELLIPSE('',#4315,0.0976531557410172,0.0833333333333617);
#2118=SURFACE_STYLE_USAGE(.BOTH.,#4316);
#2119=FACE_OUTER_BOUND('',#4317,.T.);
#2120=B_SPLINE_SURFACE_WITH_KNOTS('',3,3,((#4318,#4319,#4320,#4321,#4322),(#4323,#4324,#4325,#4326,#4327),(#4328,#4329,#4330,#4331,#4332),(#4333,#4334,#4335,#4336,#4337),(#4338,#4339,#4340,#4341,#4342)),.UNSPECIFIED.,.F.,.F.,.F.,(4,1,4),(4,1,4),(-0.0123549178861352,0.73850690551322,1.48936872891257),(-0.708523552947299,0.000981532868320201,0.710486618683939),.UNSPECIFIED.);
#2121=CURVE_STYLE('',#4343,POSITIVE_LENGTH_MEASURE(0.02),#4344);
#2122=LINE('',#4345,#4346);
#2123=SURFACE_STYLE_USAGE(.BOTH.,#4347);
#2124=FACE_OUTER_BOUND('',#4348,.T.);
#2125=B_SPLINE_SURFACE_WITH_KNOTS('',3,3,((#4349,#4350,#4351,#4352,#4353),(#4354,#4355,#4356,#4357,#4358),(#4359,#4360,#4361,#4362,#4363),(#4364,#4365,#4366,#4367,#4368)),.UNSPECIFIED.,.F.,.F.,.F.,(4,4),(4,1,4),(-1.575,0.0),(-1.51843644923507,-0.759218224617536,-3.44169825973451E-017),.UNSPECIFIED.);
#2126=CURVE_STYLE('',#4369,POSITIVE_LENGTH_MEASURE(0.02),#4370);
#2127=LINE('',#4371,#4372);
#2128=CURVE_STYLE('',#4373,POSITIVE_LENGTH_MEASURE(0.02),#4374);
#2129=LINE('',#4375,#4376);
#2130=CURVE_STYLE('',#4377,POSITIVE_LENGTH_MEASURE(0.02),#4378);
#2131=LINE('',#4379,#4380);
#2132=SURFACE_STYLE_USAGE(.BOTH.,#4381);
#2133=FACE_OUTER_BOUND('',#4382,.T.);
#2134=B_SPLINE_SURFACE_WITH_KNOTS('',3,3,((#4383,#4384,#4385,#4386,#4387),(#4388,#4389,#4390,#4391,#4392),(#4393,#4394,#4395,#4396,#4397),(#4398,#4399,#4400,#4401,#4402)),.UNSPECIFIED.,.F.,.F.,.F.,(4,4),(4,1,4),(-2.9051398543075,0.0143967255868472),(-1.55354827071472,-0.774816178749226,0.00391591321626838),.UNSPECIFIED.);
#2135=CURVE_STYLE('',#4403,POSITIVE_LENGTH_MEASURE(0.02),#4404);
#2136=VERTEX_POINT('',#4405);
#2137=ELLIPSE('',#4406,0.136464025330357,0.102040816326569);
#2138=CURVE_STYLE('',#4407,POSITIVE_LENGTH_MEASURE(0.02),#4408);
#2139=VERTEX_POINT('',#4409);
#2140=B_SPLINE_CURVE_WITH_KNOTS('',3,(#4410,#4411,#4412,#4413,#4414),.UNSPECIFIED.,.F.,.F.,(4,1,4),(1.97866430062704E-012,0.500103488322281,0.999999999998935),.UNSPECIFIED.);
#2141=SURFACE_STYLE_USAGE(.BOTH.,#4415);
#2142=FACE_OUTER_BOUND('',#4416,.T.);
#2143=PLANE('',#4417);
#2144=SURFACE_STYLE_USAGE(.BOTH.,#4418);
#2145=FACE_OUTER_BOUND('',#4419,.T.);
#2146=PLANE('',#4420);
#2147=CURVE_STYLE('',#4421,POSITIVE_LENGTH_MEASURE(0.02),#4422);
#2148=ELLIPSE('',#4423,0.136464025330357,0.102040816326569);
#2149=SURFACE_STYLE_USAGE(.BOTH.,#4424);
#2150=FACE_OUTER_BOUND('',#4425,.T.);
#2151=PLANE('',#4426);
#2152=CURVE_STYLE('',#4427,POSITIVE_LENGTH_MEASURE(0.02),#4428);
#2153=LINE('',#4429,#4430);
#2154=SURFACE_STYLE_USAGE(.BOTH.,#4431);
#2155=FACE_OUTER_BOUND('',#4432,.T.);
#2156=PLANE('',#4433);
#2157=CURVE_STYLE('',#4434,POSITIVE_LENGTH_MEASURE(0.02),#4435);
#2158=LINE('',#4436,#4437);
#2159=CURVE_STYLE('',#4438,POSITIVE_LENGTH_MEASURE(0.02),#4439);
#2160=LINE('',#4440,#4441);
#2161=CURVE_STYLE('',#4442,POSITIVE_LENGTH_MEASURE(0.02),#4443);
#2162=LINE('',#4444,#4445);
#2163=CURVE_STYLE('',#4446,POSITIVE_LENGTH_MEASURE(1.0E-006),#4447);
#2164=LINE('',#4448,#4449);
#2165=CURVE_STYLE('',#4450,POSITIVE_LENGTH_MEASURE(0.02),#4451);
#2166=ELLIPSE('',#4452,0.34116006332583,0.255102040816369);
#2167=SURFACE_STYLE_USAGE(.BOTH.,#4453);
#2168=FACE_BOUND('',#4454,.T.);
#2169=FACE_OUTER_BOUND('',#4455,.T.);
#2170=PLANE('',#4456);
#2171=CURVE_STYLE('',#4457,POSITIVE_LENGTH_MEASURE(0.02),#4458);
#2172=ELLIPSE('',#4459,0.083826846537407,0.0798207045768373);
#2173=CURVE_STYLE('',#4460,POSITIVE_LENGTH_MEASURE(0.02),#4461);
#2174=ELLIPSE('',#4462,0.341160063325748,0.255102040816321);
#2175=SURFACE_STYLE_USAGE(.BOTH.,#4463);
#2176=FACE_OUTER_BOUND('',#4464,.T.);
#2177=PLANE('',#4465);
#2178=CURVE_STYLE('',#4466,POSITIVE_LENGTH_MEASURE(0.02),#4467);
#2179=LINE('',#4468,#4469);
#2180=CURVE_STYLE('',#4470,POSITIVE_LENGTH_MEASURE(0.02),#4471);
#2181=LINE('',#4472,#4473);
#2182=CURVE_STYLE('',#4474,POSITIVE_LENGTH_MEASURE(0.02),#4475);
#2183=ELLIPSE('',#4476,0.34116006332583,0.255102040816369);
#2184=SURFACE_STYLE_USAGE(.BOTH.,#4477);
#2185=FACE_OUTER_BOUND('',#4478,.T.);
#2186=PLANE('',#4479);
#2187=CURVE_STYLE('',#4480,POSITIVE_LENGTH_MEASURE(0.02),#4481);
#2188=LINE('',#4482,#4483);
#2189=SURFACE_STYLE_USAGE(.BOTH.,#4484);
#2190=FACE_OUTER_BOUND('',#4485,.T.);
#2191=PLANE('',#4486);
#2192=CURVE_STYLE('',#4487,POSITIVE_LENGTH_MEASURE(0.02),#4488);
#2193=VERTEX_POINT('',#4489);
#2194=LINE('',#4490,#4491);
#2195=CURVE_STYLE('',#4492,POSITIVE_LENGTH_MEASURE(0.02),#4493);
#2196=LINE('',#4494,#4495);
#2197=CURVE_STYLE('',#4496,POSITIVE_LENGTH_MEASURE(0.02),#4497);
#2198=LINE('',#4498,#4499);
#2199=SURFACE_STYLE_USAGE(.BOTH.,#4500);
#2200=FACE_OUTER_BOUND('',#4501,.T.);
#2201=PLANE('',#4502);
#2202=CURVE_STYLE('',#4503,POSITIVE_LENGTH_MEASURE(0.02),#4504);
#2203=LINE('',#4505,#4506);
#2204=CURVE_STYLE('',#4507,POSITIVE_LENGTH_MEASURE(0.02),#4508);
#2205=LINE('',#4509,#4510);
#2206=CURVE_STYLE('',#4511,POSITIVE_LENGTH_MEASURE(0.02),#4512);
#2207=LINE('',#4513,#4514);
#2208=CURVE_STYLE('',#4515,POSITIVE_LENGTH_MEASURE(0.02),#4516);
#2209=ELLIPSE('',#4517,0.0838268465372835,0.0798207045767313);
#2210=CURVE_STYLE('',#4518,POSITIVE_LENGTH_MEASURE(0.02),#4519);
#2211=LINE('',#4520,#4521);
#2212=SURFACE_STYLE_USAGE(.BOTH.,#4522);
#2213=FACE_OUTER_BOUND('',#4523,.T.);
#2214=B_SPLINE_SURFACE_WITH_KNOTS('',3,3,((#4524,#4525,#4526,#4527,#4528),(#4529,#4530,#4531,#4532,#4533),(#4534,#4535,#4536,#4537,#4538),(#4539,#4540,#4541,#4542,#4543)),.UNSPECIFIED.,.F.,.F.,.F.,(4,4),(4,1,4),(-1.575,0.0),(-1.51843644923507,-0.759218224617536,-3.44169825973451E-017),.UNSPECIFIED.);
#2215=SURFACE_STYLE_USAGE(.BOTH.,#4544);
#2216=FACE_OUTER_BOUND('',#4545,.T.);
#2217=B_SPLINE_SURFACE_WITH_KNOTS('',3,3,((#4546,#4547,#4548,#4549,#4550),(#4551,#4552,#4553,#4554,#4555),(#4556,#4557,#4558,#4559,#4560),(#4561,#4562,#4563,#4564,#4565),(#4566,#4567,#4568,#4569,#4570)),.UNSPECIFIED.,.F.,.F.,.F.,(4,1,4),(4,1,4),(-0.0309956071288398,0.719747506110431,1.4704906193497),(-0.755307246706803,-0.0113782286296087,0.732550789447586),.UNSPECIFIED.);
#2218=CURVE_STYLE('',#4571,POSITIVE_LENGTH_MEASURE(0.02),#4572);
#2219=LINE('',#4573,#4574);
#2220=CURVE_STYLE('',#4575,POSITIVE_LENGTH_MEASURE(0.02),#4576);
#2221=LINE('',#4577,#4578);
#2222=CURVE_STYLE('',#4579,POSITIVE_LENGTH_MEASURE(0.02),#4580);
#2223=LINE('',#4581,#4582);
#2224=SURFACE_STYLE_USAGE(.BOTH.,#4583);
#2225=FACE_OUTER_BOUND('',#4584,.T.);
#2226=PLANE('',#4585);
#2227=SURFACE_STYLE_USAGE(.BOTH.,#4586);
#2228=FACE_OUTER_BOUND('',#4587,.T.);
#2229=PLANE('',#4588);
#2230=CURVE_STYLE('',#4589,POSITIVE_LENGTH_MEASURE(0.02),#4590);
#2231=LINE('',#4591,#4592);
#2232=SURFACE_STYLE_USAGE(.BOTH.,#4593);
#2233=FACE_OUTER_BOUND('',#4594,.T.);
#2234=PLANE('',#4595);
#2235=CURVE_STYLE('',#4596,POSITIVE_LENGTH_MEASURE(0.02),#4597);
#2236=ELLIPSE('',#4598,0.341160063325834,0.255102040816372);
#2237=CURVE_STYLE('',#4599,POSITIVE_LENGTH_MEASURE(0.02),#4600);
#2238=ELLIPSE('',#4601,0.341160063325748,0.255102040816321);
#2239=SURFACE_STYLE_USAGE(.BOTH.,#4602);
#2240=FACE_OUTER_BOUND('',#4603,.T.);
#2241=PLANE('',#4604);
#2242=CURVE_STYLE('',#4605,POSITIVE_LENGTH_MEASURE(0.02),#4606);
#2243=ELLIPSE('',#4607,0.341160063325748,0.255102040816321);
#2244=CURVE_STYLE('',#4608,POSITIVE_LENGTH_MEASURE(0.02),#4609);
#2245=LINE('',#4610,#4611);
#2246=CURVE_STYLE('',#4612,POSITIVE_LENGTH_MEASURE(0.02),#4613);
#2247=LINE('',#4614,#4615);
#2248=SURFACE_STYLE_USAGE(.BOTH.,#4616);
#2249=FACE_OUTER_BOUND('',#4617,.T.);
#2250=PLANE('',#4618);
#2251=CURVE_STYLE('',#4619,POSITIVE_LENGTH_MEASURE(0.02),#4620);
#2252=LINE('',#4621,#4622);
#2253=SURFACE_STYLE_USAGE(.BOTH.,#4623);
#2254=FACE_OUTER_BOUND('',#4624,.T.);
#2255=B_SPLINE_SURFACE_WITH_KNOTS('',3,3,((#4625,#4626,#4627,#4628,#4629),(#4630,#4631,#4632,#4633,#4634),(#4635,#4636,#4637,#4638,#4639),(#4640,#4641,#4642,#4643,#4644)),.UNSPECIFIED.,.F.,.F.,.F.,(4,4),(4,1,4),(0.993937758519998,19.0226739709733),(-1.44862327915534,-0.724311639577669,0.0),.UNSPECIFIED.);
#2256=SURFACE_STYLE_USAGE(.BOTH.,#4645);
#2257=FACE_OUTER_BOUND('',#4646,.T.);
#2258=PLANE('',#4647);
#2259=SURFACE_STYLE_USAGE(.BOTH.,#4648);
#2260=FACE_OUTER_BOUND('',#4649,.T.);
#2261=B_SPLINE_SURFACE_WITH_KNOTS('',3,3,((#4650,#4651,#4652,#4653,#4654),(#4655,#4656,#4657,#4658,#4659),(#4660,#4661,#4662,#4663,#4664),(#4665,#4666,#4667,#4668,#4669)),.UNSPECIFIED.,.F.,.F.,.F.,(4,4),(4,1,4),(0.0,35.6634626909333),(-1.39626340159549,-0.698131700797746,0.0),.UNSPECIFIED.);
#2262=SURFACE_STYLE_USAGE(.BOTH.,#4670);
#2263=FACE_OUTER_BOUND('',#4671,.T.);
#2264=PLANE('',#4672);
#2265=SURFACE_STYLE_USAGE(.BOTH.,#4673);
#2266=FACE_OUTER_BOUND('',#4674,.T.);
#2267=PLANE('',#4675);
#2268=SURFACE_STYLE_USAGE(.BOTH.,#4676);
#2269=FACE_OUTER_BOUND('',#4677,.T.);
#2270=B_SPLINE_SURFACE_WITH_KNOTS('',3,3,((#4678,#4679,#4680,#4681,#4682),(#4683,#4684,#4685,#4686,#4687),(#4688,#4689,#4690,#4691,#4692),(#4693,#4694,#4695,#4696,#4697)),.UNSPECIFIED.,.F.,.F.,.F.,(4,4),(4,1,4),(0.0,3.9375),(-1.51843644923551,-0.759218224617753,0.0),.UNSPECIFIED.);
#2271=SURFACE_STYLE_USAGE(.BOTH.,#4698);
#2272=FACE_OUTER_BOUND('',#4699,.T.);
#2273=PLANE('',#4700);
#2274=SURFACE_STYLE_USAGE(.BOTH.,#4701);
#2275=FACE_OUTER_BOUND('',#4702,.T.);
#2276=B_SPLINE_SURFACE_WITH_KNOTS('',3,3,((#4703,#4704,#4705,#4706,#4707),(#4708,#4709,#4710,#4711,#4712),(#4713,#4714,#4715,#4716,#4717),(#4718,#4719,#4720,#4721,#4722),(#4723,#4724,#4725,#4726,#4727)),.UNSPECIFIED.,.F.,.F.,.F.,(4,1,4),(4,1,4),(-0.0123549178865425,0.738506905513111,1.48936872891277),(-0.708523552947299,0.000981532868523871,0.710486618684347),.UNSPECIFIED.);
#2277=SURFACE_STYLE_USAGE(.BOTH.,#4728);
#2278=FACE_OUTER_BOUND('',#4729,.T.);
#2279=B_SPLINE_SURFACE_WITH_KNOTS('',3,3,((#4730,#4731,#4732,#4733,#4734),(#4735,#4736,#4737,#4738,#4739),(#4740,#4741,#4742,#4743,#4744),(#4745,#4746,#4747,#4748,#4749)),.UNSPECIFIED.,.F.,.F.,.F.,(4,4),(4,1,4),(-1.575,0.0),(-1.44862327915532,-0.724311639577642,3.74542813115617E-014),.UNSPECIFIED.);
#2280=CURVE_STYLE('',#4750,POSITIVE_LENGTH_MEASURE(0.02),#4751);
#2281=ELLIPSE('',#4752,0.0976531557409257,0.0833333333332907);
#2282=CURVE_STYLE('',#4753,POSITIVE_LENGTH_MEASURE(0.02),#4754);
#2283=VERTEX_POINT('',#4755);
#2284=LINE('',#4756,#4757);
#2285=CURVE_STYLE('',#4758,POSITIVE_LENGTH_MEASURE(0.02),#4759);
#2286=LINE('',#4760,#4761);
#2287=SURFACE_STYLE_USAGE(.BOTH.,#4762);
#2288=FACE_OUTER_BOUND('',#4763,.T.);
#2289=PLANE('',#4764);
#2290=CURVE_STYLE('',#4765,POSITIVE_LENGTH_MEASURE(0.02),#4766);
#2291=LINE('',#4767,#4768);
#2292=CURVE_STYLE('',#4769,POSITIVE_LENGTH_MEASURE(0.02),#4770);
#2293=LINE('',#4771,#4772);
#2294=SURFACE_STYLE_USAGE(.BOTH.,#4773);
#2295=FACE_OUTER_BOUND('',#4774,.T.);
#2296=PLANE('',#4775);
#2297=SURFACE_STYLE_USAGE(.BOTH.,#4776);
#2298=FACE_OUTER_BOUND('',#4777,.T.);
#2299=PLANE('',#4778);
#2300=CURVE_STYLE('',#4779,POSITIVE_LENGTH_MEASURE(0.02),#4780);
#2301=LINE('',#4781,#4782);
#2302=SURFACE_STYLE_USAGE(.BOTH.,#4783);
#2303=FACE_OUTER_BOUND('',#4784,.T.);
#2304=PLANE('',#4785);
#2305=SURFACE_STYLE_USAGE(.BOTH.,#4786);
#2306=FACE_OUTER_BOUND('',#4787,.T.);
#2307=B_SPLINE_SURFACE_WITH_KNOTS('',3,3,((#4788,#4789,#4790,#4791,#4792),(#4793,#4794,#4795,#4796,#4797),(#4798,#4799,#4800,#4801,#4802),(#4803,#4804,#4805,#4806,#4807)),.UNSPECIFIED.,.F.,.F.,.F.,(4,4),(4,1,4),(0.0,3.9375),(-1.51843644923551,-0.759218224617753,0.0),.UNSPECIFIED.);
#2308=CURVE_STYLE('',#4808,POSITIVE_LENGTH_MEASURE(0.02),#4809);
#2309=LINE('',#4810,#4811);
#2310=CURVE_STYLE('',#4812,POSITIVE_LENGTH_MEASURE(0.02),#4813);
#2311=ELLIPSE('',#4814,0.136464025330347,0.102040816326563);
#2312=CURVE_STYLE('',#4815,POSITIVE_LENGTH_MEASURE(0.02),#4816);
#2313=LINE('',#4817,#4818);
#2314=CURVE_STYLE('',#4819,POSITIVE_LENGTH_MEASURE(0.02),#4820);
#2315=LINE('',#4821,#4822);
#2316=SURFACE_STYLE_USAGE(.BOTH.,#4823);
#2317=FACE_OUTER_BOUND('',#4824,.T.);
#2318=B_SPLINE_SURFACE_WITH_KNOTS('',3,3,((#4825,#4826,#4827,#4828,#4829),(#4830,#4831,#4832,#4833,#4834),(#4835,#4836,#4837,#4838,#4839),(#4840,#4841,#4842,#4843,#4844)),.UNSPECIFIED.,.F.,.F.,.F.,(4,4),(4,1,4),(0.0,3.9375),(-1.51843644923551,-0.759218224617753,0.0),.UNSPECIFIED.);
#2319=CURVE_STYLE('',#4845,POSITIVE_LENGTH_MEASURE(0.02),#4846);
#2320=LINE('',#4847,#4848);
#2321=CURVE_STYLE('',#4849,POSITIVE_LENGTH_MEASURE(0.02),#4850);
#2322=LINE('',#4851,#4852);
#2323=SURFACE_STYLE_USAGE(.BOTH.,#4853);
#2324=FACE_OUTER_BOUND('',#4854,.T.);
#2325=B_SPLINE_SURFACE_WITH_KNOTS('',3,3,((#4855,#4856,#4857,#4858,#4859),(#4860,#4861,#4862,#4863,#4864),(#4865,#4866,#4867,#4868,#4869),(#4870,#4871,#4872,#4873,#4874)),.UNSPECIFIED.,.F.,.F.,.F.,(4,4),(4,1,4),(0.839099631176665,18.86783584363),(-1.44862327915534,-0.724311639577669,0.0),.UNSPECIFIED.);
#2326=CURVE_STYLE('',#4875,POSITIVE_LENGTH_MEASURE(0.02),#4876);
#2327=LINE('',#4877,#4878);
#2328=CURVE_STYLE('',#4879,POSITIVE_LENGTH_MEASURE(0.02),#4880);
#2329=LINE('',#4881,#4882);
#2330=CURVE_STYLE('',#4883,POSITIVE_LENGTH_MEASURE(0.02),#4884);
#2331=LINE('',#4885,#4886);
#2332=SURFACE_STYLE_USAGE(.BOTH.,#4887);
#2333=FACE_OUTER_BOUND('',#4888,.T.);
#2334=PLANE('',#4889);
#2335=CURVE_STYLE('',#4890,POSITIVE_LENGTH_MEASURE(0.02),#4891);
#2336=LINE('',#4892,#4893);
#2337=CURVE_STYLE('',#4894,POSITIVE_LENGTH_MEASURE(0.02),#4895);
#2338=LINE('',#4896,#4897);
#2339=CURVE_STYLE('',#4898,POSITIVE_LENGTH_MEASURE(0.02),#4899);
#2340=LINE('',#4900,#4901);
#2341=CURVE_STYLE('',#4902,POSITIVE_LENGTH_MEASURE(0.02),#4903);
#2342=LINE('',#4904,#4905);
#2343=SURFACE_STYLE_USAGE(.BOTH.,#4906);
#2344=FACE_OUTER_BOUND('',#4907,.T.);
#2345=B_SPLINE_SURFACE_WITH_KNOTS('',3,3,((#4908,#4909,#4910,#4911,#4912),(#4913,#4914,#4915,#4916,#4917),(#4918,#4919,#4920,#4921,#4922),(#4923,#4924,#4925,#4926,#4927)),.UNSPECIFIED.,.F.,.F.,.F.,(4,4),(4,1,4),(0.88472526455333,35.5659114682667),(-1.39626340159592,-0.698131700797959,0.0),.UNSPECIFIED.);
#2346=CURVE_STYLE('',#4928,POSITIVE_LENGTH_MEASURE(0.02),#4929);
#2347=LINE('',#4930,#4931);
#2348=PRODUCT_CONTEXT('',#414,'mechanical');
#2349=PRODUCT_DEFINITION_FORMATION_WITH_SPECIFIED_SOURCE(' ','NONE',#1235,.NOT_KNOWN.);
#2350=CARTESIAN_POINT('',(0.0,0.0,0.0));
#2351=DIRECTION('',(0.0,0.0,1.0));
#2352=DIRECTION('',(1.0,0.0,0.0));
#2353= (NAMED_UNIT(#1243)LENGTH_UNIT()SI_UNIT(.MILLI.,.METRE.));
#2354=DRAUGHTING_PRE_DEFINED_CURVE_FONT('continuous');
#2355=COLOUR_RGB('',0.274509996175766,0.274509996175766,0.274509996175766);
#2356=CARTESIAN_POINT('',(1.52499927526841,-0.791918170008311,1.09094410242091));
#2357=CARTESIAN_POINT('',(1.4459816224682,-0.874996063474283,1.09096301957198));
#2358=CARTESIAN_POINT('',(1.5249972109223,-0.792168924099143,1.09096425907885));
#2359=CARTESIAN_POINT('',(1.52484594401964,-0.813794586826722,1.09242090230894));
#2360=CARTESIAN_POINT('',(1.5077667500155,-0.856582298044219,1.09455296298592));
#2361=CARTESIAN_POINT('',(1.46711142485154,-0.874666594566101,1.09311533580499));
#2362=CARTESIAN_POINT('',(1.44652758978189,-0.874990732022946,1.09099811790492));
#2363=DRAUGHTING_PRE_DEFINED_CURVE_FONT('continuous');
#2364=COLOUR_RGB('',0.274509996175766,0.274509996175766,0.274509996175766);
#2365=CARTESIAN_POINT('',(1.4459816224682,-0.874996063474283,0.895604385185834));
#2366=CARTESIAN_POINT('',(1.37970805984337,-0.774488994700256,0.227652215826948));
#2367=CARTESIAN_POINT('',(1.44652846232771,-0.874992126948589,0.895578223733736));
#2368=VECTOR('',#4933,0.678742217501051);
#2369=DRAUGHTING_PRE_DEFINED_CURVE_FONT('continuous');
#2370=COLOUR_RGB('',1.0,1.0,1.0);
#2371=CARTESIAN_POINT('',(0.8,-0.909241399581155,1.09171220263286));
#2372=CARTESIAN_POINT('',(1.1,-0.909241399581155,1.09171220263286));
#2373=CARTESIAN_POINT('',(0.8,-0.909241399581155,1.09171220263286));
#2374=VECTOR('',#4934,0.299999999999999);
#2375=SURFACE_SIDE_STYLE('',(#4935));
#2376=EDGE_LOOP('',(#4936,#4937,#4938,#4939,#4940,#4941,#4942,#4943,#4944,#4945,#4946,#4947,#4948));
#2377=AXIS2_PLACEMENT_3D('',#4949,#4950,#4951);
#2378=SURFACE_SIDE_STYLE('',(#4952));
#2379=EDGE_LOOP('',(#4953,#4954,#4955,#4956));
#2380=AXIS2_PLACEMENT_3D('',#4957,#4958,#4959);
#2381=DRAUGHTING_PRE_DEFINED_CURVE_FONT('continuous');
#2382=COLOUR_RGB('',1.0,1.0,1.0);
#2383=CARTESIAN_POINT('',(0.15,-1.48932298871275,1.22124532708767E-015));
#2384=CARTESIAN_POINT('',(0.15,-1.26433059460664,0.0210404885149593));
#2385=CARTESIAN_POINT('',(0.15,-1.48932298871275,1.22124532708767E-015));
#2386=VECTOR('',#4960,0.225974068340941);
#2387=DRAUGHTING_PRE_DEFINED_CURVE_FONT('continuous');
#2388=COLOUR_RGB('',1.0,1.0,1.0);
#2389=CARTESIAN_POINT('',(-1.1,-1.18022464048476,0.354227527804913));
#2390=CARTESIAN_POINT('',(-0.8,-1.18022464048476,0.354227527804913));
#2391=CARTESIAN_POINT('',(-1.1,-1.18022464048476,0.354227527804913));
#2392=VECTOR('',#4961,0.299999999999999);
#2393=DRAUGHTING_PRE_DEFINED_CURVE_FONT('continuous');
#2394=COLOUR_RGB('',1.0,1.0,1.0);
#2395=CARTESIAN_POINT('',(-1.1,-1.16399383191654,0.7684070774531));
#2396=CARTESIAN_POINT('',(-0.8,-1.16399383191654,0.7684070774531));
#2397=CARTESIAN_POINT('',(-1.1,-1.16399383191654,0.7684070774531));
#2398=VECTOR('',#4962,0.299999999999999);
#2399=DRAUGHTING_PRE_DEFINED_CURVE_FONT('continuous');
#2400=COLOUR_RGB('',0.274509996175766,0.274509996175766,0.274509996175766);
#2401=CARTESIAN_POINT('',(-1.1,-0.874999999999978,0.895630546637931));
#2402=CARTESIAN_POINT('',(-1.44598162246822,-0.874996063474283,0.895604385185834));
#2403=CARTESIAN_POINT('',(1.44543478260869,-0.874999999999978,0.895630546637931));
#2404=VECTOR('',#4963,2.89086956521739);
#2405=DRAUGHTING_PRE_DEFINED_CURVE_FONT('continuous');
#2406=COLOUR_RGB('',0.274509996175766,0.274509996175766,0.274509996175766);
#2407=CARTESIAN_POINT('',(-1.37970805984339,-0.774488994700256,0.227652215826948));
#2408=CARTESIAN_POINT('',(1.37970805984337,-0.774488994700256,0.227652215826948));
#2409=VECTOR('',#4964,2.7594161196857);
#2410=DRAUGHTING_PRE_DEFINED_CURVE_FONT('continuous');
#2411=COLOUR_RGB('',1.0,1.0,1.0);
#2412=CARTESIAN_POINT('',(1.1,1.01114237251531,0.757694114565382));
#2413=CARTESIAN_POINT('',(1.1,1.02737318108351,0.343514564917298));
#2414=CARTESIAN_POINT('',(1.1,1.01114237251531,0.757694114565382));
#2415=VECTOR('',#4965,0.414497452939877);
#2416=DRAUGHTING_PRE_DEFINED_CURVE_FONT('continuous');
#2417=COLOUR_RGB('',0.274509996175766,0.274509996175766,0.274509996175766);
#2418=CARTESIAN_POINT('',(1.52499927526841,-0.791918170008311,0.895623302336909));
#2419=CARTESIAN_POINT('',(1.52499999999999,-0.791666666666645,1.09093685811988));
#2420=VECTOR('',#4966,0.195306311481949);
#2421=DRAUGHTING_PRE_DEFINED_CURVE_FONT('continuous');
#2422=COLOUR_RGB('',1.0,1.0,1.0);
#2423=CARTESIAN_POINT('',(0.15,-1.27500760589401,0.225237897249895));
#2424=CARTESIAN_POINT('',(0.15,-1.5,0.204197408734938));
#2425=CARTESIAN_POINT('',(0.15,-1.27500760589401,0.225237897249895));
#2426=VECTOR('',#4967,0.225974068340941);
#2427=SURFACE_SIDE_STYLE('',(#4968));
#2428=EDGE_LOOP('',(#4969,#4970,#4971,#4972));
#2429=CARTESIAN_POINT('',(-1.52498658656787,-0.790136552702853,1.09611985851985));
#2430=CARTESIAN_POINT('',(-1.52537506032919,-0.812352425919632,1.09611985851985));
#2431=CARTESIAN_POINT('',(-1.50823671470572,-0.856937634738582,1.09611985851985));
#2432=CARTESIAN_POINT('',(-1.46580093359734,-0.875230848253334,1.09611985851985));
#2433=CARTESIAN_POINT('',(-1.44458723954706,-0.874995271992911,1.09611985851985));
#2434=CARTESIAN_POINT('',(-1.52498658656787,-0.790136552702853,1.02756294426017));
#2435=CARTESIAN_POINT('',(-1.52537506032919,-0.812352425919632,1.02756294426017));
#2436=CARTESIAN_POINT('',(-1.50823671470572,-0.856937634738582,1.02756294426017));
#2437=CARTESIAN_POINT('',(-1.46580093359734,-0.875230848253334,1.02756294426017));
#2438=CARTESIAN_POINT('',(-1.44458723954706,-0.874995271992911,1.02756294426017));
#2439=CARTESIAN_POINT('',(-1.52498658656787,-0.790136552702853,0.959006029999823));
#2440=CARTESIAN_POINT('',(-1.52537506032919,-0.812352425919632,0.959006029999823));
#2441=CARTESIAN_POINT('',(-1.50823671470572,-0.856937634738582,0.959006029999823));
#2442=CARTESIAN_POINT('',(-1.46580093359734,-0.875230848253334,0.959006029999823));
#2443=CARTESIAN_POINT('',(-1.44458723954706,-0.874995271992911,0.959006029999823));
#2444=CARTESIAN_POINT('',(-1.52498658656787,-0.790136552702853,0.890449115740146));
#2445=CARTESIAN_POINT('',(-1.52537506032919,-0.812352425919632,0.890449115740146));
#2446=CARTESIAN_POINT('',(-1.50823671470572,-0.856937634738582,0.890449115740146));
#2447=CARTESIAN_POINT('',(-1.46580093359734,-0.875230848253334,0.890449115740146));
#2448=CARTESIAN_POINT('',(-1.44458723954706,-0.874995271992911,0.890449115740146));
#2449=SURFACE_SIDE_STYLE('',(#4973));
#2450=EDGE_LOOP('',(#4974,#4975,#4976,#4977));
#2451=CARTESIAN_POINT('',(-1.4187855809654,-0.833264654936551,1.36830256596699));
#2452=CARTESIAN_POINT('',(-1.4187855809654,-0.829896219556496,1.39068204724136));
#2453=CARTESIAN_POINT('',(-1.4187855809654,-0.809282898175037,1.43246419139243));
#2454=CARTESIAN_POINT('',(-1.4187855809654,-0.770589889397747,1.44899729292396));
#2455=CARTESIAN_POINT('',(-1.4187855809654,-0.751197342185534,1.44899842917012));
#2456=CARTESIAN_POINT('',(-0.472928526988819,-0.833264654936551,1.36830256596699));
#2457=CARTESIAN_POINT('',(-0.472928526988819,-0.829896219556496,1.39068204724136));
#2458=CARTESIAN_POINT('',(-0.472928526988819,-0.809282898175037,1.43246419139243));
#2459=CARTESIAN_POINT('',(-0.472928526988819,-0.770589889397747,1.44899729292396));
#2460=CARTESIAN_POINT('',(-0.472928526988819,-0.751197342185534,1.44899842917012));
#2461=CARTESIAN_POINT('',(0.472928526988799,-0.833264654936551,1.36830256596699));
#2462=CARTESIAN_POINT('',(0.472928526988799,-0.829896219556496,1.39068204724136));
#2463=CARTESIAN_POINT('',(0.472928526988799,-0.809282898175037,1.43246419139243));
#2464=CARTESIAN_POINT('',(0.472928526988799,-0.770589889397747,1.44899729292396));
#2465=CARTESIAN_POINT('',(0.472928526988799,-0.751197342185534,1.44899842917012));
#2466=CARTESIAN_POINT('',(1.41878558096538,-0.833264654936551,1.36830256596699));
#2467=CARTESIAN_POINT('',(1.41878558096538,-0.829896219556496,1.39068204724136));
#2468=CARTESIAN_POINT('',(1.41878558096538,-0.809282898175037,1.43246419139243));
#2469=CARTESIAN_POINT('',(1.41878558096538,-0.770589889397747,1.44899729292396));
#2470=CARTESIAN_POINT('',(1.41878558096538,-0.751197342185534,1.44899842917012));
#2471=SURFACE_SIDE_STYLE('',(#4978));
#2472=EDGE_LOOP('',(#4979,#4980,#4981,#4982,#4983,#4984,#4985,#4986,#4987,#4988,#4989,#4990,#4991));
#2473=AXIS2_PLACEMENT_3D('',#4992,#4993,#4994);
#2474=DRAUGHTING_PRE_DEFINED_CURVE_FONT('continuous');
#2475=COLOUR_RGB('',0.274509996175766,0.274509996175766,0.274509996175766);
#2476=CARTESIAN_POINT('',(1.41878558096538,0.751197342185578,1.44899842917012));
#2477=CARTESIAN_POINT('',(-1.4187855809654,0.751197342185578,1.44899842917012));
#2478=CARTESIAN_POINT('',(1.41878558096538,0.751197342185578,1.44899842917012));
#2479=VECTOR('',#4995,2.83757116193078);
#2480=DRAUGHTING_PRE_DEFINED_CURVE_FONT('continuous');
#2481=COLOUR_RGB('',0.274509996175766,0.274509996175766,0.274509996175766);
#2482=CARTESIAN_POINT('',(1.4459816224682,0.874996063474328,0.895604385185834));
#2483=CARTESIAN_POINT('',(1.52499927526841,0.791918170008356,0.895623302336909));
#2484=CARTESIAN_POINT('',(1.44652758978265,0.874990732022936,0.89556928686087));
#2485=CARTESIAN_POINT('',(1.4671114249043,0.874666594564506,0.893452069506438));
#2486=CARTESIAN_POINT('',(1.50776674998892,0.856582298041628,0.892014441431189));
#2487=CARTESIAN_POINT('',(1.52484594402005,0.813794586833692,0.894146502575939));
#2488=CARTESIAN_POINT('',(1.52499721092233,0.792168924099341,0.895603145681635));
#2489=SURFACE_SIDE_STYLE('',(#4996));
#2490=EDGE_LOOP('',(#4997,#4998,#4999,#5000));
#2491=AXIS2_PLACEMENT_3D('',#5001,#5002,#5003);
#2492=DRAUGHTING_PRE_DEFINED_CURVE_FONT('continuous');
#2493=COLOUR_RGB('',1.0,1.0,1.0);
#2494=CARTESIAN_POINT('',(-0.15,-0.874999999999989,1.09132453038128));
#2495=CARTESIAN_POINT('',(0.15,-0.874999999999989,1.09132453038128));
#2496=CARTESIAN_POINT('',(-0.15,-0.875,1.09171220264269));
#2497=VECTOR('',#5004,0.299999999999999);
#2498=DRAUGHTING_PRE_DEFINED_CURVE_FONT('continuous');
#2499=COLOUR_RGB('',1.0,1.0,1.0);
#2500=CARTESIAN_POINT('',(0.15,-1.5,0.204197408734938));
#2501=VECTOR('',#5005,0.204476356344914);
#2502=DRAUGHTING_PRE_DEFINED_CURVE_FONT('continuous');
#2503=COLOUR_RGB('',1.0,1.0,1.0);
#2504=CARTESIAN_POINT('',(-1.1,1.27500760589401,0.225237897259728));
#2505=CARTESIAN_POINT('',(-1.1,1.5,0.204197408744771));
#2506=CARTESIAN_POINT('',(-1.1,1.27500760589401,0.225237897259728));
#2507=VECTOR('',#5006,0.225974068340941);
#2508=DRAUGHTING_PRE_DEFINED_CURVE_FONT('continuous');
#2509=COLOUR_RGB('',1.0,1.0,1.0);
#2510=CARTESIAN_POINT('',(-1.1,1.48932298871275,9.83368941831481E-012));
#2511=CARTESIAN_POINT('',(-1.1,1.26433059460664,0.0210404885247917));
#2512=CARTESIAN_POINT('',(-1.1,1.48932298871275,9.83368941831481E-012));
#2513=VECTOR('',#5007,0.225974068340941);
#2514=DRAUGHTING_PRE_DEFINED_CURVE_FONT('continuous');
#2515=COLOUR_RGB('',1.0,1.0,1.0);
#2516=CARTESIAN_POINT('',(1.1,-1.27500760589401,0.225237897240065));
#2517=CARTESIAN_POINT('',(1.1,-1.18022464048476,0.354227527804913));
#2518=AXIS2_PLACEMENT_3D('',#5008,#5009,#5010);
#2519=SURFACE_SIDE_STYLE('',(#5011));
#2520=EDGE_LOOP('',(#5012,#5013,#5014,#5015));
#2521=CARTESIAN_POINT('',(1.41847718060984,-0.833270811715332,1.36825736287947));
#2522=CARTESIAN_POINT('',(1.43898069733943,-0.83290200861449,1.37127099233169));
#2523=CARTESIAN_POINT('',(1.47989660515932,-0.814703496118425,1.37367663052435));
#2524=CARTESIAN_POINT('',(1.49740876214768,-0.772183967529962,1.36753000627278));
#2525=CARTESIAN_POINT('',(1.49776365586813,-0.75087685466778,1.36318087096436));
#2526=CARTESIAN_POINT('',(1.42777235213988,-0.84725147958018,1.2753443216038));
#2527=CARTESIAN_POINT('',(1.44827586886946,-0.846882679283877,1.27835795386497));
#2528=CARTESIAN_POINT('',(1.48919177668827,-0.828684162581274,1.28076358924841));
#2529=CARTESIAN_POINT('',(1.50670393367987,-0.786164635394271,1.27461696218872));
#2530=CARTESIAN_POINT('',(1.50705882740032,-0.764857522532088,1.27026782968924));
#2531=CARTESIAN_POINT('',(1.43706752367547,-0.861232147445403,1.18243128032823));
#2532=CARTESIAN_POINT('',(1.45757104601414,-0.8608633471491,1.18544490978046));
#2533=CARTESIAN_POINT('',(1.49848694822545,-0.842664831848082,1.18785054797345));
#2534=CARTESIAN_POINT('',(1.51599909960322,-0.800145300456323,1.18170392372086));
#2535=CARTESIAN_POINT('',(1.51635399893159,-0.778838190398391,1.17735478841259));
#2536=CARTESIAN_POINT('',(1.4463626952055,-0.875212815310251,1.08951823905257));
#2537=CARTESIAN_POINT('',(1.46686621193509,-0.874844012209409,1.0925318685048));
#2538=CARTESIAN_POINT('',(1.5077821197544,-0.8566454997132,1.09493750669752));
#2539=CARTESIAN_POINT('',(1.52529427674449,-0.81412597112517,1.08879088244575));
#2540=CARTESIAN_POINT('',(1.52564917046379,-0.7928188582627,1.08444174713747));
#2541=DRAUGHTING_PRE_DEFINED_CURVE_FONT('continuous');
#2542=COLOUR_RGB('',1.0,1.0,1.0);
#2543=CARTESIAN_POINT('',(0.8,1.02737318108351,0.343514564917298));
#2544=CARTESIAN_POINT('',(0.8,1.01114237251531,0.757694114565382));
#2545=CARTESIAN_POINT('',(0.8,1.02737318108351,0.343514564917298));
#2546=VECTOR('',#5016,0.414497452939877);
#2547=DRAUGHTING_PRE_DEFINED_CURVE_FONT('continuous');
#2548=COLOUR_RGB('',1.0,1.0,1.0);
#2549=CARTESIAN_POINT('',(1.1,1.26433059460664,0.0210404885051288));
#2550=AXIS2_PLACEMENT_3D('',#5017,#5018,#5019);
#2551=DRAUGHTING_PRE_DEFINED_CURVE_FONT('continuous');
#2552=COLOUR_RGB('',1.0,1.0,1.0);
#2553=CARTESIAN_POINT('',(0.8,1.27500760589401,0.225237897240065));
#2554=CARTESIAN_POINT('',(0.8,1.18022464048476,0.354227527804913));
#2555=AXIS2_PLACEMENT_3D('',#5020,#5021,#5022);
#2556=DRAUGHTING_PRE_DEFINED_CURVE_FONT('continuous');
#2557=COLOUR_RGB('',1.0,1.0,1.0);
#2558=CARTESIAN_POINT('',(0.8,1.48932298871275,-9.82924852621636E-012));
#2559=CARTESIAN_POINT('',(0.8,1.26433059460664,0.0210404885051288));
#2560=CARTESIAN_POINT('',(0.8,1.48932298871275,-9.82924852621636E-012));
#2561=VECTOR('',#5023,0.225974068340941);
#2562=DRAUGHTING_PRE_DEFINED_CURVE_FONT('continuous');
#2563=COLOUR_RGB('',1.0,1.0,1.0);
#2564=CARTESIAN_POINT('',(0.15,-1.02737318108351,0.343514564927128));
#2565=CARTESIAN_POINT('',(0.15,-1.01114237251531,0.757694114575213));
#2566=CARTESIAN_POINT('',(0.15,-1.02737318108351,0.343514564927128));
#2567=VECTOR('',#5024,0.414497452939877);
#2568=SURFACE_SIDE_STYLE('',(#5025));
#2569=EDGE_LOOP('',(#5026,#5027,#5028,#5029));
#2570=AXIS2_PLACEMENT_3D('',#5030,#5031,#5032);
#2571=SURFACE_SIDE_STYLE('',(#5033));
#2572=EDGE_LOOP('',(#5034,#5035,#5036,#5037));
#2573=CARTESIAN_POINT('',(-0.8,-1.26433059460664,0.0210404885051198));
#2574=CARTESIAN_POINT('',(-0.8,-1.20288971660066,0.0267903493966108));
#2575=CARTESIAN_POINT('',(-0.8,-1.08360323471278,0.100469868868304));
#2576=CARTESIAN_POINT('',(-0.8,-1.0305996868797,0.261258929143348));
#2577=CARTESIAN_POINT('',(-0.8,-1.02737318108351,0.343514564917298));
#2578=CARTESIAN_POINT('',(-0.899999999999968,-1.26433059460664,0.0210404885051198));
#2579=CARTESIAN_POINT('',(-0.899999999999968,-1.20288971660066,0.0267903493966108));
#2580=CARTESIAN_POINT('',(-0.899999999999968,-1.08360323471278,0.100469868868304));
#2581=CARTESIAN_POINT('',(-0.899999999999968,-1.0305996868797,0.261258929143348));
#2582=CARTESIAN_POINT('',(-0.899999999999968,-1.02737318108351,0.343514564917298));
#2583=CARTESIAN_POINT('',(-1.00000000000003,-1.26433059460664,0.0210404885051198));
#2584=CARTESIAN_POINT('',(-1.00000000000003,-1.20288971660066,0.0267903493966108));
#2585=CARTESIAN_POINT('',(-1.00000000000003,-1.08360323471278,0.100469868868304));
#2586=CARTESIAN_POINT('',(-1.00000000000003,-1.0305996868797,0.261258929143348));
#2587=CARTESIAN_POINT('',(-1.00000000000003,-1.02737318108351,0.343514564917298));
#2588=CARTESIAN_POINT('',(-1.1,-1.26433059460664,0.0210404885051198));
#2589=CARTESIAN_POINT('',(-1.1,-1.20288971660066,0.0267903493966108));
#2590=CARTESIAN_POINT('',(-1.1,-1.08360323471278,0.100469868868304));
#2591=CARTESIAN_POINT('',(-1.1,-1.0305996868797,0.261258929143348));
#2592=CARTESIAN_POINT('',(-1.1,-1.02737318108351,0.343514564917298));
#2593=SURFACE_SIDE_STYLE('',(#5038));
#2594=EDGE_LOOP('',(#5039,#5040,#5041,#5042));
#2595=CARTESIAN_POINT('',(0.15,-0.909241399581155,1.09171220264269));
#2596=CARTESIAN_POINT('',(0.15,-0.973800772315068,1.09170788572692));
#2597=CARTESIAN_POINT('',(0.15,-1.10247781120169,1.02287444833821));
#2598=CARTESIAN_POINT('',(0.15,-1.16061183186525,0.854626840262032));
#2599=CARTESIAN_POINT('',(0.15,-1.16399383191656,0.768407077462909));
#2600=CARTESIAN_POINT('',(0.0500000000000316,-0.909241399581155,1.09171220264269));
#2601=CARTESIAN_POINT('',(0.0500000000000316,-0.973800772315068,1.09170788572692));
#2602=CARTESIAN_POINT('',(0.0500000000000316,-1.10247781120169,1.02287444833821));
#2603=CARTESIAN_POINT('',(0.0500000000000316,-1.16061183186525,0.854626840262032));
#2604=CARTESIAN_POINT('',(0.0500000000000316,-1.16399383191656,0.768407077462909));
#2605=CARTESIAN_POINT('',(-0.050000000000032,-0.909241399581155,1.09171220264269));
#2606=CARTESIAN_POINT('',(-0.050000000000032,-0.973800772315068,1.09170788572692));
#2607=CARTESIAN_POINT('',(-0.050000000000032,-1.10247781120169,1.02287444833821));
#2608=CARTESIAN_POINT('',(-0.050000000000032,-1.16061183186525,0.854626840262032));
#2609=CARTESIAN_POINT('',(-0.050000000000032,-1.16399383191656,0.768407077462909));
#2610=CARTESIAN_POINT('',(-0.15,-0.909241399581155,1.09171220264269));
#2611=CARTESIAN_POINT('',(-0.15,-0.973800772315068,1.09170788572692));
#2612=CARTESIAN_POINT('',(-0.15,-1.10247781120169,1.02287444833821));
#2613=CARTESIAN_POINT('',(-0.15,-1.16061183186525,0.854626840262032));
#2614=CARTESIAN_POINT('',(-0.15,-1.16399383191656,0.768407077462909));
#2615=DRAUGHTING_PRE_DEFINED_CURVE_FONT('continuous');
#2616=COLOUR_RGB('',0.274509996175766,0.274509996175766,0.274509996175766);
#2617=CARTESIAN_POINT('',(-1.44598162246822,-0.874996063474283,1.09096301957198));
#2618=CARTESIAN_POINT('',(-1.44543478260871,-0.874999999999978,1.09093685811988));
#2619=VECTOR('',#5043,0.195306311481949);
#2620=DRAUGHTING_PRE_DEFINED_CURVE_FONT('continuous');
#2621=COLOUR_RGB('',0.274509996175766,0.274509996175766,0.274509996175766);
#2622=CARTESIAN_POINT('',(-1.52499927526842,0.791918170008356,0.895623302336909));
#2623=CARTESIAN_POINT('',(-1.44598162246822,0.874996063474328,0.895604385185834));
#2624=CARTESIAN_POINT('',(-1.52499721092233,0.792168924102469,0.895603145736095));
#2625=CARTESIAN_POINT('',(-1.52484594401788,0.813794587047326,0.894146506290696));
#2626=CARTESIAN_POINT('',(-1.50776675001643,0.85658229793419,0.892014439848692));
#2627=CARTESIAN_POINT('',(-1.46711142485153,0.874666594565638,0.89345206895501));
#2628=CARTESIAN_POINT('',(-1.44652758978189,0.874990732022946,0.895569286852672));
#2629=SURFACE_SIDE_STYLE('',(#5044));
#2630=EDGE_LOOP('',(#5045,#5046,#5047,#5048));
#2631=CARTESIAN_POINT('',(0.8,-1.01114237251532,0.757694114565383));
#2632=CARTESIAN_POINT('',(0.8,-1.00978957249477,0.792182019685207));
#2633=CARTESIAN_POINT('',(0.8,-0.986535964229351,0.859481062915495));
#2634=CARTESIAN_POINT('',(0.8,-0.93506514867484,0.887014437870988));
#2635=CARTESIAN_POINT('',(0.8,-0.909241399581155,0.887016164637355));
#2636=CARTESIAN_POINT('',(0.900000000000187,-1.01114237251532,0.757694114565383));
#2637=CARTESIAN_POINT('',(0.900000000000187,-1.00978957249477,0.792182019685207));
#2638=CARTESIAN_POINT('',(0.900000000000187,-0.986535964229351,0.859481062915495));
#2639=CARTESIAN_POINT('',(0.900000000000187,-0.93506514867484,0.887014437870988));
#2640=CARTESIAN_POINT('',(0.900000000000187,-0.909241399581155,0.887016164637355));
#2641=CARTESIAN_POINT('',(0.999999999999813,-1.01114237251532,0.757694114565383));
#2642=CARTESIAN_POINT('',(0.999999999999813,-1.00978957249477,0.792182019685207));
#2643=CARTESIAN_POINT('',(0.999999999999813,-0.986535964229351,0.859481062915495));
#2644=CARTESIAN_POINT('',(0.999999999999813,-0.93506514867484,0.887014437870988));
#2645=CARTESIAN_POINT('',(0.999999999999813,-0.909241399581155,0.887016164637355));
#2646=CARTESIAN_POINT('',(1.1,-1.01114237251532,0.757694114565383));
#2647=CARTESIAN_POINT('',(1.1,-1.00978957249477,0.792182019685207));
#2648=CARTESIAN_POINT('',(1.1,-0.986535964229351,0.859481062915495));
#2649=CARTESIAN_POINT('',(1.1,-0.93506514867484,0.887014437870988));
#2650=CARTESIAN_POINT('',(1.1,-0.909241399581155,0.887016164637355));
#2651=DRAUGHTING_PRE_DEFINED_CURVE_FONT('continuous');
#2652=COLOUR_RGB('',0.274509996175766,0.274509996175766,0.274509996175766);
#2653=CARTESIAN_POINT('',(-1.52499927526842,-0.791918170008311,1.09094410242091));
#2654=CARTESIAN_POINT('',(-1.52499927526842,0.791918170008356,1.09094410242091));
#2655=CARTESIAN_POINT('',(-1.52500000000001,-0.791666666666645,1.09093685811988));
#2656=VECTOR('',#5049,1.58333333333333);
#2657=DRAUGHTING_PRE_DEFINED_CURVE_FONT('continuous');
#2658=COLOUR_RGB('',0.274509996175766,0.274509996175766,0.274509996175766);
#2659=CARTESIAN_POINT('',(-1.49775773129154,-0.751197342185534,1.36324619940073));
#2660=CARTESIAN_POINT('',(-1.52499855053684,-0.792169673349977,1.09095134672193));
#2661=VECTOR('',#5050,0.276704320438945);
#2662=DRAUGHTING_PRE_DEFINED_CURVE_FONT('continuous');
#2663=COLOUR_RGB('',0.274509996175766,0.274509996175766,0.274509996175766);
#2664=CARTESIAN_POINT('',(1.52499927526841,0.791918170008356,1.09094410242091));
#2665=CARTESIAN_POINT('',(1.52499999999999,0.791666666666689,1.09093685811988));
#2666=VECTOR('',#5051,0.195306311481949);
#2667=DRAUGHTING_PRE_DEFINED_CURVE_FONT('continuous');
#2668=COLOUR_RGB('',0.274509996175766,0.274509996175766,0.274509996175766);
#2669=CARTESIAN_POINT('',(1.37970805984337,0.7744889947003,0.227652215826948));
#2670=CARTESIAN_POINT('',(1.44652846232771,0.874992126948633,0.895578223733736));
#2671=VECTOR('',#5052,0.678742217501051);
#2672=DRAUGHTING_PRE_DEFINED_CURVE_FONT('continuous');
#2673=COLOUR_RGB('',0.274509996175766,0.274509996175766,0.274509996175766);
#2674=CARTESIAN_POINT('',(1.45868021016951,-0.692421681949144,0.232708582393026));
#2675=CARTESIAN_POINT('',(1.52499855053682,-0.792169673349977,0.895616058035887));
#2676=VECTOR('',#5053,0.673642416509235);
#2677=DRAUGHTING_PRE_DEFINED_CURVE_FONT('continuous');
#2678=COLOUR_RGB('',1.0,1.0,1.0);
#2679=CARTESIAN_POINT('',(-0.8,0.875,0.887016164657018));
#2680=CARTESIAN_POINT('',(-1.1,0.875,0.887016164657018));
#2681=CARTESIAN_POINT('',(-0.8,0.875,0.887016164657018));
#2682=VECTOR('',#5054,0.299999999999999);
#2683=DRAUGHTING_PRE_DEFINED_CURVE_FONT('continuous');
#2684=COLOUR_RGB('',0.274509996175766,0.274509996175766,0.274509996175766);
#2685=CARTESIAN_POINT('',(1.41878558096538,0.833264654936412,1.368302565967));
#2686=AXIS2_PLACEMENT_3D('',#5055,#5056,#5057);
#2687=DRAUGHTING_PRE_DEFINED_CURVE_FONT('continuous');
#2688=COLOUR_RGB('',1.0,1.0,1.0);
#2689=CARTESIAN_POINT('',(-0.8,0.875000000000011,1.0913245303862));
#2690=CARTESIAN_POINT('',(-0.8,0.909241399581155,1.09171220265252));
#2691=CARTESIAN_POINT('',(-0.8,0.875,1.09171220265252));
#2692=VECTOR('',#5058,0.0342413995811548);
#2693=SURFACE_SIDE_STYLE('',(#5059));
#2694=EDGE_LOOP('',(#5060,#5061,#5062,#5063));
#2695=AXIS2_PLACEMENT_3D('',#5064,#5065,#5066);
#2696=DRAUGHTING_PRE_DEFINED_CURVE_FONT('continuous');
#2697=COLOUR_RGB('',1.0,1.0,1.0);
#2698=CARTESIAN_POINT('',(-1.1,1.02737318108351,0.343514564936961));
#2699=AXIS2_PLACEMENT_3D('',#5067,#5068,#5069);
#2700=DRAUGHTING_PRE_DEFINED_CURVE_FONT('continuous');
#2701=COLOUR_RGB('',1.0,1.0,1.0);
#2702=CARTESIAN_POINT('',(-0.15,-0.909241399581155,1.09171220264269));
#2703=CARTESIAN_POINT('',(0.15,-0.909241399581155,1.09171220264269));
#2704=CARTESIAN_POINT('',(-0.15,-0.909241399581155,1.09171220264269));
#2705=VECTOR('',#5070,0.299999999999999);
#2706=DRAUGHTING_PRE_DEFINED_CURVE_FONT('continuous');
#2707=COLOUR_RGB('',1.0,1.0,1.0);
#2708=CARTESIAN_POINT('',(-0.8,-1.27500760589401,0.225237897240065));
#2709=AXIS2_PLACEMENT_3D('',#5071,#5072,#5073);
#2710=DRAUGHTING_PRE_DEFINED_CURVE_FONT('continuous');
#2711=COLOUR_RGB('',1.0,1.0,1.0);
#2712=CARTESIAN_POINT('',(-1.1,1.16399383191654,0.768407077472763));
#2713=CARTESIAN_POINT('',(-1.1,0.909241399581155,1.09171220265252));
#2714=AXIS2_PLACEMENT_3D('',#5074,#5075,#5076);
#2715=DRAUGHTING_PRE_DEFINED_CURVE_FONT('continuous');
#2716=COLOUR_RGB('',1.0,1.0,1.0);
#2717=CARTESIAN_POINT('',(0.8,1.5,0.204197408725108));
#2718=CARTESIAN_POINT('',(0.8,1.5,0.204197408725108));
#2719=VECTOR('',#5077,0.204476356344914);
#2720=DRAUGHTING_PRE_DEFINED_CURVE_FONT('continuous');
#2721=COLOUR_RGB('',0.274509996175766,0.274509996175766,0.274509996175766);
#2722=CARTESIAN_POINT('',(-1.44652846232773,-0.874992126948589,0.895578223733736));
#2723=VECTOR('',#5078,0.678742217501051);
#2724=DRAUGHTING_PRE_DEFINED_CURVE_FONT('continuous');
#2725=COLOUR_RGB('',1.0,1.0,1.0);
#2726=CARTESIAN_POINT('',(1.1,0.909241399581155,0.887016164637355));
#2727=CARTESIAN_POINT('',(0.8,0.909241399581155,0.887016164637355));
#2728=CARTESIAN_POINT('',(1.1,0.909241399581155,0.887016164637355));
#2729=VECTOR('',#5079,0.299999999999999);
#2730=DRAUGHTING_PRE_DEFINED_CURVE_FONT('continuous');
#2731=COLOUR_RGB('',1.0,1.0,1.0);
#2732=CARTESIAN_POINT('',(1.1,1.27500760589401,0.225237897240065));
#2733=CARTESIAN_POINT('',(1.1,1.27500760589401,0.225237897240065));
#2734=VECTOR('',#5080,0.299999999999999);
#2735=DRAUGHTING_PRE_DEFINED_CURVE_FONT('continuous');
#2736=COLOUR_RGB('',1.0,1.0,1.0);
#2737=CARTESIAN_POINT('',(-0.8,-1.5,0.204197408725108));
#2738=CARTESIAN_POINT('',(-0.8,-1.27500760589401,0.225237897240065));
#2739=VECTOR('',#5081,0.225974068340941);
#2740=DRAUGHTING_PRE_DEFINED_CURVE_FONT('continuous');
#2741=COLOUR_RGB('',1.0,1.0,1.0);
#2742=CARTESIAN_POINT('',(-1.1,0.875000000000022,0.895630546637931));
#2743=CARTESIAN_POINT('',(-1.1,0.875000000000011,1.0913245303862));
#2744=CARTESIAN_POINT('',(-1.1,0.875,0.887016164657018));
#2745=VECTOR('',#5082,0.204696037995504);
#2746=DRAUGHTING_PRE_DEFINED_CURVE_FONT('continuous');
#2747=COLOUR_RGB('',0.274509996175766,0.274509996175766,0.274509996175766);
#2748=CARTESIAN_POINT('',(-1.49775773129154,0.751197342185578,1.36324619940073));
#2749=AXIS2_PLACEMENT_3D('',#5083,#5084,#5085);
#2750=DRAUGHTING_PRE_DEFINED_CURVE_FONT('continuous');
#2751=COLOUR_RGB('',1.0,1.0,1.0);
#2752=CARTESIAN_POINT('',(-0.8,-1.48932298871275,-9.82924852621636E-012));
#2753=CARTESIAN_POINT('',(-0.8,-1.5,0.204197408725108));
#2754=VECTOR('',#5086,0.204476356344914);
#2755=DRAUGHTING_PRE_DEFINED_CURVE_FONT('continuous');
#2756=COLOUR_RGB('',1.0,1.0,1.0);
#2757=CARTESIAN_POINT('',(-0.8,1.16399383191654,0.768407077472763));
#2758=AXIS2_PLACEMENT_3D('',#5087,#5088,#5089);
#2759=DRAUGHTING_PRE_DEFINED_CURVE_FONT('continuous');
#2760=COLOUR_RGB('',1.0,1.0,1.0);
#2761=CARTESIAN_POINT('',(-0.8,1.18022464048476,0.354227527824576));
#2762=CARTESIAN_POINT('',(-1.1,1.18022464048476,0.354227527824576));
#2763=CARTESIAN_POINT('',(-0.8,1.18022464048476,0.354227527824576));
#2764=VECTOR('',#5090,0.299999999999999);
#2765=DRAUGHTING_PRE_DEFINED_CURVE_FONT('continuous');
#2766=COLOUR_RGB('',1.0,1.0,1.0);
#2767=CARTESIAN_POINT('',(0.8,-0.874999999999989,1.09132453037637));
#2768=CARTESIAN_POINT('',(0.8,-0.875,1.09171220263286));
#2769=VECTOR('',#5091,0.0342413995811548);
#2770=DRAUGHTING_PRE_DEFINED_CURVE_FONT('continuous');
#2771=COLOUR_RGB('',0.274509996175766,0.274509996175766,0.274509996175766);
#2772=CARTESIAN_POINT('',(1.44543478260869,-0.874999999999978,1.09093685811988));
#2773=VECTOR('',#5092,0.195306311481949);
#2774=DRAUGHTING_PRE_DEFINED_CURVE_FONT('continuous');
#2775=COLOUR_RGB('',1.0,1.0,1.0);
#2776=CARTESIAN_POINT('',(-0.8,-1.26433059460664,0.0210404885051288));
#2777=CARTESIAN_POINT('',(-0.8,-1.48932298871275,-9.82924852621636E-012));
#2778=VECTOR('',#5093,0.225974068340941);
#2779=DRAUGHTING_PRE_DEFINED_CURVE_FONT('continuous');
#2780=COLOUR_RGB('',1.0,1.0,1.0);
#2781=CARTESIAN_POINT('',(-0.15,-1.18022464048476,0.354227527814743));
#2782=CARTESIAN_POINT('',(-0.15,-1.16399383191654,0.76840707746293));
#2783=CARTESIAN_POINT('',(-0.15,-1.18022464048476,0.354227527814743));
#2784=VECTOR('',#5094,0.414497452939877);
#2785=DRAUGHTING_PRE_DEFINED_CURVE_FONT('continuous');
#2786=COLOUR_RGB('',1.0,1.0,1.0);
#2787=CARTESIAN_POINT('',(0.8,-0.874999999999978,0.895630546637931));
#2788=CARTESIAN_POINT('',(0.8,-0.875,0.887016164637355));
#2789=VECTOR('',#5095,0.204696037995504);
#2790=DRAUGHTING_PRE_DEFINED_CURVE_FONT('continuous');
#2791=COLOUR_RGB('',1.0,1.0,1.0);
#2792=CARTESIAN_POINT('',(-0.8,1.02737318108351,0.343514564936961));
#2793=CARTESIAN_POINT('',(-0.8,1.26433059460664,0.0210404885247917));
#2794=AXIS2_PLACEMENT_3D('',#5096,#5097,#5098);
#2795=DRAUGHTING_PRE_DEFINED_CURVE_FONT('continuous');
#2796=COLOUR_RGB('',0.274509996175766,0.274509996175766,0.274509996175766);
#2797=CARTESIAN_POINT('',(-1.4187855809654,0.833264654936412,1.368302565967));
#2798=CARTESIAN_POINT('',(1.41878558096538,0.833264654936412,1.368302565967));
#2799=VECTOR('',#5099,2.83757116193078);
#2800=DRAUGHTING_PRE_DEFINED_CURVE_FONT('continuous');
#2801=COLOUR_RGB('',1.0,1.0,1.0);
#2802=CARTESIAN_POINT('',(-0.15,-0.875,0.887016164647185));
#2803=CARTESIAN_POINT('',(0.15,-0.875,0.887016164647185));
#2804=CARTESIAN_POINT('',(-0.15,-0.875,0.887016164647185));
#2805=VECTOR('',#5100,0.299999999999999);
#2806=SURFACE_SIDE_STYLE('',(#5101));
#2807=EDGE_LOOP('',(#5102,#5103,#5104));
#2808=CARTESIAN_POINT('',(-1.4979771493038,0.748607002169523,1.36029746239453));
#2809=CARTESIAN_POINT('',(-1.49833762101584,0.770559127097028,1.36420235255543));
#2810=CARTESIAN_POINT('',(-1.48124627366857,0.814857597838623,1.36996539919983));
#2811=CARTESIAN_POINT('',(-1.43902214254669,0.833540607539482,1.36823612427919));
#2812=CARTESIAN_POINT('',(-1.41791719781958,0.833615070869304,1.36574196991332));
#2813=CARTESIAN_POINT('',(-1.49672828955411,0.746578495053807,1.37612679352244));
#2814=CARTESIAN_POINT('',(-1.49673893343504,0.767962400854588,1.38446574929984));
#2815=CARTESIAN_POINT('',(-1.47923178831745,0.811585493047063,1.39549906851822));
#2816=CARTESIAN_POINT('',(-1.43740243945547,0.830909745827997,1.38876589052124));
#2817=CARTESIAN_POINT('',(-1.41663997301551,0.831540490753502,1.38193082887703));
#2818=CARTESIAN_POINT('',(-1.48738880272023,0.735396003451096,1.40563211735618));
#2819=CARTESIAN_POINT('',(-1.48478329936873,0.753647502530687,1.42223601602116));
#2820=CARTESIAN_POINT('',(-1.46416662883819,0.793547456791381,1.44309294282126));
#2821=CARTESIAN_POINT('',(-1.42528964342007,0.816406674096013,1.42703266201547));
#2822=CARTESIAN_POINT('',(-1.40708836063641,0.820104013876747,1.41210630011896));
#2823=CARTESIAN_POINT('',(-1.46898134234154,0.715477021755798,1.41651465163068));
#2824=CARTESIAN_POINT('',(-1.46121959375833,0.728148875378767,1.43616693315121));
#2825=CARTESIAN_POINT('',(-1.43447428157507,0.76141693370365,1.46064712952615));
#2826=CARTESIAN_POINT('',(-1.40141618670174,0.790572856101619,1.44114670684341));
#2827=CARTESIAN_POINT('',(-1.38826281598487,0.79973261708426,1.42323600680754));
#2828=CARTESIAN_POINT('',(-1.45974704315106,0.705754986176983,1.41594438062791));
#2829=CARTESIAN_POINT('',(-1.44939861133571,0.715703531952647,1.43543691986644));
#2830=CARTESIAN_POINT('',(-1.41957879756697,0.745734701302708,1.45972724779642));
#2831=CARTESIAN_POINT('',(-1.38943981120407,0.777963914994446,1.4404070967323));
#2832=CARTESIAN_POINT('',(-1.37881878035165,0.789789767221843,1.42265278337534));
#2833=SURFACE_SIDE_STYLE('',(#5105));
#2834=EDGE_LOOP('',(#5106,#5107,#5108,#5109));
#2835=AXIS2_PLACEMENT_3D('',#5110,#5111,#5112);
#2836=DRAUGHTING_PRE_DEFINED_CURVE_FONT('continuous');
#2837=COLOUR_RGB('',0.274509996175766,0.274509996175766,0.274509996175766);
#2838=CARTESIAN_POINT('',(1.49775773129152,-0.751197342185534,1.36324619940073));
#2839=CARTESIAN_POINT('',(1.52499855053682,-0.792169673349977,1.09095134672193));
#2840=VECTOR('',#5113,0.276704320438945);
#2841=SURFACE_SIDE_STYLE('',(#5114));
#2842=EDGE_LOOP('',(#5115,#5116,#5117,#5118,#5119,#5120,#5121,#5122,#5123,#5124,#5125,#5126,#5127));
#2843=AXIS2_PLACEMENT_3D('',#5128,#5129,#5130);
#2844=DRAUGHTING_PRE_DEFINED_CURVE_FONT('continuous');
#2845=COLOUR_RGB('',1.0,1.0,1.0);
#2846=CARTESIAN_POINT('',(0.8,0.875000000000022,0.895630546637931));
#2847=CARTESIAN_POINT('',(0.8,0.875000000000011,1.09132453037637));
#2848=CARTESIAN_POINT('',(0.8,0.875,0.887016164637355));
#2849=VECTOR('',#5131,0.204696037995504);
#2850=DRAUGHTING_PRE_DEFINED_CURVE_FONT('continuous');
#2851=COLOUR_RGB('',0.274509996175766,0.274509996175766,0.274509996175766);
#2852=CARTESIAN_POINT('',(1.52499999999999,-0.791666666666645,1.09093685811988));
#2853=VECTOR('',#5132,1.58333333333333);
#2854=DRAUGHTING_PRE_DEFINED_CURVE_FONT('continuous');
#2855=COLOUR_RGB('',1.0,1.0,1.0);
#2856=CARTESIAN_POINT('',(1.1,0.875000000000011,1.09132453037637));
#2857=CARTESIAN_POINT('',(1.1,0.875,1.09171220263286));
#2858=VECTOR('',#5133,0.299999999999999);
#2859=DRAUGHTING_PRE_DEFINED_CURVE_FONT('continuous');
#2860=COLOUR_RGB('',0.274509996175766,0.274509996175766,0.274509996175766);
#2861=CARTESIAN_POINT('',(-1.37970805984339,0.7744889947003,0.227652215826948));
#2862=CARTESIAN_POINT('',(-1.37970805984339,0.7744889947003,0.227652215826948));
#2863=VECTOR('',#5134,2.7594161196857);
#2864=SURFACE_SIDE_STYLE('',(#5135));
#2865=EDGE_LOOP('',(#5136,#5137,#5138,#5139));
#2866=AXIS2_PLACEMENT_3D('',#5140,#5141,#5142);
#2867=SURFACE_SIDE_STYLE('',(#5143));
#2868=EDGE_LOOP('',(#5144,#5145,#5146,#5147));
#2869=AXIS2_PLACEMENT_3D('',#5148,#5149,#5150);
#2870=SURFACE_SIDE_STYLE('',(#5151));
#2871=EDGE_LOOP('',(#5152,#5153));
#2872=AXIS2_PLACEMENT_3D('',#5154,#5155,#5156);
#2873=SURFACE_SIDE_STYLE('',(#5157));
#2874=EDGE_LOOP('',(#5158,#5159,#5160,#5161));
#2875=AXIS2_PLACEMENT_3D('',#5162,#5163,#5164);
#2876=SURFACE_SIDE_STYLE('',(#5165));
#2877=EDGE_LOOP('',(#5166,#5167,#5168,#5169));
#2878=AXIS2_PLACEMENT_3D('',#5170,#5171,#5172);
#2879=SURFACE_SIDE_STYLE('',(#5173));
#2880=EDGE_LOOP('',(#5174,#5175,#5176,#5177));
#2881=AXIS2_PLACEMENT_3D('',#5178,#5179,#5180);
#2882=DRAUGHTING_PRE_DEFINED_CURVE_FONT('continuous');
#2883=COLOUR_RGB('',1.0,1.0,1.0);
#2884=CARTESIAN_POINT('',(-1.1,-0.874999999999989,1.09132453037637));
#2885=CARTESIAN_POINT('',(-1.1,-0.875,0.887016164637355));
#2886=VECTOR('',#5181,0.204696037995504);
#2887=DRAUGHTING_PRE_DEFINED_CURVE_FONT('continuous');
#2888=COLOUR_RGB('',0.274509996175766,0.274509996175766,0.274509996175766);
#2889=AXIS2_PLACEMENT_3D('',#5182,#5183,#5184);
#2890=SURFACE_SIDE_STYLE('',(#5185));
#2891=EDGE_LOOP('',(#5186,#5187,#5188,#5189));
#2892=AXIS2_PLACEMENT_3D('',#5190,#5191,#5192);
#2893=DRAUGHTING_PRE_DEFINED_CURVE_FONT('continuous');
#2894=COLOUR_RGB('',1.0,1.0,1.0);
#2895=CARTESIAN_POINT('',(-0.15,-1.27500760589401,0.225237897249895));
#2896=CARTESIAN_POINT('',(-0.15,-1.27500760589401,0.225237897249895));
#2897=VECTOR('',#5193,0.299999999999999);
#2898=DRAUGHTING_PRE_DEFINED_CURVE_FONT('continuous');
#2899=COLOUR_RGB('',1.0,1.0,1.0);
#2900=CARTESIAN_POINT('',(1.1,1.02737318108351,0.343514564917298));
#2901=VECTOR('',#5194,0.299999999999999);
#2902=SURFACE_SIDE_STYLE('',(#5195));
#2903=EDGE_LOOP('',(#5196,#5197,#5198,#5199));
#2904=AXIS2_PLACEMENT_3D('',#5200,#5201,#5202);
#2905=DRAUGHTING_PRE_DEFINED_CURVE_FONT('continuous');
#2906=COLOUR_RGB('',1.0,1.0,1.0);
#2907=CARTESIAN_POINT('',(-0.15,-1.02737318108351,0.343514564927128));
#2908=CARTESIAN_POINT('',(-0.15,-1.02737318108351,0.343514564927128));
#2909=VECTOR('',#5203,0.299999999999999);
#2910=SURFACE_SIDE_STYLE('',(#5204));
#2911=EDGE_LOOP('',(#5205,#5206,#5207,#5208));
#2912=AXIS2_PLACEMENT_3D('',#5209,#5210,#5211);
#2913=DRAUGHTING_PRE_DEFINED_CURVE_FONT('continuous');
#2914=COLOUR_RGB('',1.0,1.0,1.0);
#2915=CARTESIAN_POINT('',(-0.8,0.875,1.09171220265252));
#2916=VECTOR('',#5212,0.299999999999999);
#2917=DRAUGHTING_PRE_DEFINED_CURVE_FONT('continuous');
#2918=COLOUR_RGB('',1.0,1.0,1.0);
#2919=CARTESIAN_POINT('',(-1.1,0.875,1.09171220265252));
#2920=VECTOR('',#5213,0.0342413995811548);
#2921=SURFACE_SIDE_STYLE('',(#5214));
#2922=EDGE_LOOP('',(#5215,#5216,#5217,#5218));
#2923=AXIS2_PLACEMENT_3D('',#5219,#5220,#5221);
#2924=DRAUGHTING_PRE_DEFINED_CURVE_FONT('continuous');
#2925=COLOUR_RGB('',0.274509996175766,0.274509996175766,0.274509996175766);
#2926=CARTESIAN_POINT('',(-1.45868021016953,-0.692421681949144,0.232708582393026));
#2927=CARTESIAN_POINT('',(-1.45868021016953,0.69242168194919,0.232708582393026));
#2928=CARTESIAN_POINT('',(-1.45868021016953,-0.692421681949144,0.232708582393026));
#2929=VECTOR('',#5222,1.38484336389861);
#2930=DRAUGHTING_PRE_DEFINED_CURVE_FONT('continuous');
#2931=COLOUR_RGB('',1.0,1.0,1.0);
#2932=CARTESIAN_POINT('',(1.1,-1.5,0.204197408725108));
#2933=CARTESIAN_POINT('',(1.1,-1.27500760589401,0.225237897240065));
#2934=VECTOR('',#5223,0.225974068340941);
#2935=DRAUGHTING_PRE_DEFINED_CURVE_FONT('continuous');
#2936=COLOUR_RGB('',1.0,1.0,1.0);
#2937=CARTESIAN_POINT('',(-0.8,1.5,0.204197408744771));
#2938=CARTESIAN_POINT('',(-0.8,1.5,0.204197408744771));
#2939=VECTOR('',#5224,0.299999999999999);
#2940=DRAUGHTING_PRE_DEFINED_CURVE_FONT('continuous');
#2941=COLOUR_RGB('',1.0,1.0,1.0);
#2942=CARTESIAN_POINT('',(0.8,0.909241399581155,1.09171220263286));
#2943=CARTESIAN_POINT('',(0.8,0.875,1.09171220263286));
#2944=VECTOR('',#5225,0.0342413995811548);
#2945=SURFACE_SIDE_STYLE('',(#5226));
#2946=EDGE_LOOP('',(#5227,#5228,#5229,#5230));
#2947=AXIS2_PLACEMENT_3D('',#5231,#5232,#5233);
#2948=DRAUGHTING_PRE_DEFINED_CURVE_FONT('continuous');
#2949=COLOUR_RGB('',0.274509996175766,0.274509996175766,0.274509996175766);
#2950=CARTESIAN_POINT('',(-1.52499855053684,0.792169673350023,0.895616058035887));
#2951=VECTOR('',#5234,0.673642416509235);
#2952=SURFACE_SIDE_STYLE('',(#5235));
#2953=EDGE_LOOP('',(#5236,#5237,#5238,#5239));
#2954=AXIS2_PLACEMENT_3D('',#5240,#5241,#5242);
#2955=SURFACE_SIDE_STYLE('',(#5243));
#2956=EDGE_LOOP('',(#5244,#5245,#5246,#5247));
#2957=AXIS2_PLACEMENT_3D('',#5248,#5249,#5250);
#2958=DRAUGHTING_PRE_DEFINED_CURVE_FONT('continuous');
#2959=COLOUR_RGB('',0.274509996175766,0.274509996175766,0.274509996175766);
#2960=CARTESIAN_POINT('',(-1.44652846232773,0.874992126948633,0.895578223733736));
#2961=VECTOR('',#5251,0.678742217501051);
#2962=DRAUGHTING_PRE_DEFINED_CURVE_FONT('continuous');
#2963=COLOUR_RGB('',0.274509996175766,0.274509996175766,0.274509996175766);
#2964=CARTESIAN_POINT('',(-1.44598162246822,0.874996063474328,1.09096301957198));
#2965=CARTESIAN_POINT('',(-1.5249972109214,0.792168924234919,1.09096425671526));
#2966=CARTESIAN_POINT('',(-1.52484590286991,0.813800464745865,1.09242117231276));
#2967=CARTESIAN_POINT('',(-1.50776603909982,0.856581073091482,1.09455298604531));
#2968=CARTESIAN_POINT('',(-1.46710960653444,0.874666623154339,1.09311505893104));
#2969=CARTESIAN_POINT('',(-1.44652758993968,0.87499073202046,1.09099811625055));
#2970=DRAUGHTING_PRE_DEFINED_CURVE_FONT('continuous');
#2971=COLOUR_RGB('',1.0,1.0,1.0);
#2972=CARTESIAN_POINT('',(1.1,1.5,0.204197408725108));
#2973=CARTESIAN_POINT('',(1.1,1.5,0.204197408725108));
#2974=VECTOR('',#5252,0.299999999999999);
#2975=DRAUGHTING_PRE_DEFINED_CURVE_FONT('continuous');
#2976=COLOUR_RGB('',0.274509996175766,0.274509996175766,0.274509996175766);
#2977=CARTESIAN_POINT('',(-1.4187855809654,-0.751197342185534,1.44899842917012));
#2978=CARTESIAN_POINT('',(-1.4187855809654,0.751197342185578,1.44899842917012));
#2979=VECTOR('',#5253,1.50239468437083);
#2980=SURFACE_SIDE_STYLE('',(#5254));
#2981=EDGE_LOOP('',(#5255,#5256,#5257,#5258));
#2982=AXIS2_PLACEMENT_3D('',#5259,#5260,#5261);
#2983=SURFACE_SIDE_STYLE('',(#5262));
#2984=EDGE_LOOP('',(#5263,#5264,#5265,#5266));
#2985=AXIS2_PLACEMENT_3D('',#5267,#5268,#5269);
#2986=DRAUGHTING_PRE_DEFINED_CURVE_FONT('continuous');
#2987=COLOUR_RGB('',1.0,1.0,1.0);
#2988=CARTESIAN_POINT('',(-1.1,0.875,0.887016164657018));
#2989=VECTOR('',#5270,0.204696037995504);
#2990=SURFACE_SIDE_STYLE('',(#5271));
#2991=EDGE_LOOP('',(#5272,#5273,#5274));
#2992=CARTESIAN_POINT('',(1.41804042561892,-0.833434071982007,1.36710880675234));
#2993=CARTESIAN_POINT('',(1.41788881008567,-0.830250180661809,1.38989982090848));
#2994=CARTESIAN_POINT('',(1.41771681477984,-0.80950042193963,1.43260584581299));
#2995=CARTESIAN_POINT('',(1.41788789923451,-0.770035057382862,1.44922678483496));
#2996=CARTESIAN_POINT('',(1.41803916850826,-0.750328265838601,1.44898882118532));
#2997=CARTESIAN_POINT('',(1.43313510514125,-0.833559123087317,1.36728344587134));
#2998=CARTESIAN_POINT('',(1.4360547785195,-0.830400675084666,1.39010999353094));
#2999=CARTESIAN_POINT('',(1.43936691008127,-0.809679781197199,1.43285632826348));
#3000=CARTESIAN_POINT('',(1.43607231703727,-0.770185705597838,1.44943717112162));
#3001=CARTESIAN_POINT('',(1.43315931343575,-0.75045352791055,1.44916375492843));
#3002=CARTESIAN_POINT('',(1.46337293851161,-0.825805436666589,1.35645509720688));
#3003=CARTESIAN_POINT('',(1.47244505549295,-0.821069359592336,1.37707841821422));
#3004=CARTESIAN_POINT('',(1.48273662096213,-0.798558773970439,1.41732537506124));
#3005=CARTESIAN_POINT('',(1.47249955801984,-0.760844911126513,1.43639236009821));
#3006=CARTESIAN_POINT('',(1.46344815939348,-0.742686760671756,1.43831713835154));
#3007=CARTESIAN_POINT('',(1.47767110870806,-0.80626399252549,1.32916464991434));
#3008=CARTESIAN_POINT('',(1.48965244955729,-0.797551850194749,1.34423522969133));
#3009=CARTESIAN_POINT('',(1.50324429328106,-0.770530746143461,1.37818305734494));
#3010=CARTESIAN_POINT('',(1.48972442999734,-0.737303514646974,1.40351581046211));
#3011=CARTESIAN_POINT('',(1.47777045124718,-0.723112349233203,1.41098065084457));
#3012=CARTESIAN_POINT('',(1.47889971962118,-0.796134758109722,1.31501874872443));
#3013=CARTESIAN_POINT('',(1.49113104454834,-0.785361636739695,1.32721108444248));
#3014=CARTESIAN_POINT('',(1.50500647299577,-0.756002523007433,1.35789378356732));
#3015=CARTESIAN_POINT('',(1.49120452596558,-0.725100920085703,1.38647437530667));
#3016=CARTESIAN_POINT('',(1.47900113488266,-0.712966026342595,1.39681088488162));
#3017=DRAUGHTING_PRE_DEFINED_CURVE_FONT('continuous');
#3018=COLOUR_RGB('',0.274509996175766,0.274509996175766,0.274509996175766);
#3019=CARTESIAN_POINT('',(-0.8,-0.874999999999978,0.895630546637931));
#3020=CARTESIAN_POINT('',(0.212499999999995,-0.875,0.89563054663808));
#3021=VECTOR('',#5275,1.0);
#3022=SURFACE_SIDE_STYLE('',(#5276));
#3023=EDGE_LOOP('',(#5277,#5278,#5279,#5280,#5281,#5282,#5283,#5284,#5285,#5286,#5287,#5288,#5289));
#3024=AXIS2_PLACEMENT_3D('',#5290,#5291,#5292);
#3025=SURFACE_SIDE_STYLE('',(#5293));
#3026=EDGE_LOOP('',(#5294,#5295,#5296,#5297));
#3027=AXIS2_PLACEMENT_3D('',#5298,#5299,#5300);
#3028=DRAUGHTING_PRE_DEFINED_CURVE_FONT('continuous');
#3029=COLOUR_RGB('',0.274509996175766,0.274509996175766,0.274509996175766);
#3030=CARTESIAN_POINT('',(1.37970805984337,0.69242168194919,0.146956352623793));
#3031=CARTESIAN_POINT('',(1.37970805984337,-0.692421681949144,0.146956352623793));
#3032=CARTESIAN_POINT('',(1.37970805984337,0.69242168194919,0.146956352623793));
#3033=VECTOR('',#5301,1.38484336389861);
#3034=DRAUGHTING_PRE_DEFINED_CURVE_FONT('continuous');
#3035=COLOUR_RGB('',1.0,1.0,1.0);
#3036=CARTESIAN_POINT('',(-0.8,1.02737318108351,0.343514564936961));
#3037=VECTOR('',#5302,0.299999999999999);
#3038=DRAUGHTING_PRE_DEFINED_CURVE_FONT('continuous');
#3039=COLOUR_RGB('',0.274509996175766,0.274509996175766,0.274509996175766);
#3040=CARTESIAN_POINT('',(1.44652758993849,-0.87499073202048,0.895569288495019));
#3041=CARTESIAN_POINT('',(1.46710960645652,-0.874666623156233,0.893452345001147));
#3042=CARTESIAN_POINT('',(1.50776603914027,-0.856581072988617,0.892014417349741));
#3043=CARTESIAN_POINT('',(1.52484590286681,-0.813800464949417,0.89414623599474));
#3044=CARTESIAN_POINT('',(1.52499721092133,-0.792168924237814,0.895603148093762));
#3045=DRAUGHTING_PRE_DEFINED_CURVE_FONT('continuous');
#3046=COLOUR_RGB('',1.0,1.0,1.0);
#3047=CARTESIAN_POINT('',(1.1,-1.48932298871275,-9.82924852621636E-012));
#3048=CARTESIAN_POINT('',(1.1,-1.26433059460664,0.0210404885051288));
#3049=CARTESIAN_POINT('',(1.1,-1.48932298871275,-9.82924852621636E-012));
#3050=VECTOR('',#5303,0.225974068340941);
#3051=DRAUGHTING_PRE_DEFINED_CURVE_FONT('continuous');
#3052=COLOUR_RGB('',0.274509996175766,0.274509996175766,0.274509996175766);
#3053=AXIS2_PLACEMENT_3D('',#5304,#5305,#5306);
#3054=SURFACE_SIDE_STYLE('',(#5307));
#3055=EDGE_LOOP('',(#5308,#5309,#5310,#5311));
#3056=AXIS2_PLACEMENT_3D('',#5312,#5313,#5314);
#3057=DRAUGHTING_PRE_DEFINED_CURVE_FONT('continuous');
#3058=COLOUR_RGB('',1.0,1.0,1.0);
#3059=CARTESIAN_POINT('',(1.1,0.875,0.887016164637355));
#3060=CARTESIAN_POINT('',(1.1,0.909241399581155,0.887016164637355));
#3061=VECTOR('',#5315,0.0342413995811548);
#3062=SURFACE_SIDE_STYLE('',(#5316));
#3063=EDGE_LOOP('',(#5317,#5318,#5319,#5320));
#3064=CARTESIAN_POINT('',(-1.1,-1.18022464048475,0.354227527804912));
#3065=CARTESIAN_POINT('',(-1.1,-1.18151524280319,0.321325273495346));
#3066=CARTESIAN_POINT('',(-1.1,-1.20271666193653,0.257009649385522));
#3067=CARTESIAN_POINT('',(-1.1,-1.25043125469152,0.227537841596224));
#3068=CARTESIAN_POINT('',(-1.1,-1.27500760589401,0.225237897240055));
#3069=CARTESIAN_POINT('',(-0.999999999999813,-1.18022464048475,0.354227527804912));
#3070=CARTESIAN_POINT('',(-0.999999999999813,-1.18151524280319,0.321325273495346));
#3071=CARTESIAN_POINT('',(-0.999999999999813,-1.20271666193653,0.257009649385522));
#3072=CARTESIAN_POINT('',(-0.999999999999813,-1.25043125469152,0.227537841596224));
#3073=CARTESIAN_POINT('',(-0.999999999999813,-1.27500760589401,0.225237897240055));
#3074=CARTESIAN_POINT('',(-0.900000000000187,-1.18022464048475,0.354227527804912));
#3075=CARTESIAN_POINT('',(-0.900000000000187,-1.18151524280319,0.321325273495346));
#3076=CARTESIAN_POINT('',(-0.900000000000187,-1.20271666193653,0.257009649385522));
#3077=CARTESIAN_POINT('',(-0.900000000000187,-1.25043125469152,0.227537841596224));
#3078=CARTESIAN_POINT('',(-0.900000000000187,-1.27500760589401,0.225237897240055));
#3079=CARTESIAN_POINT('',(-0.8,-1.18022464048475,0.354227527804912));
#3080=CARTESIAN_POINT('',(-0.8,-1.18151524280319,0.321325273495346));
#3081=CARTESIAN_POINT('',(-0.8,-1.20271666193653,0.257009649385522));
#3082=CARTESIAN_POINT('',(-0.8,-1.25043125469152,0.227537841596224));
#3083=CARTESIAN_POINT('',(-0.8,-1.27500760589401,0.225237897240055));
#3084=DRAUGHTING_PRE_DEFINED_CURVE_FONT('continuous');
#3085=COLOUR_RGB('',1.0,1.0,1.0);
#3086=CARTESIAN_POINT('',(0.8,1.27500760589401,0.225237897240065));
#3087=VECTOR('',#5321,0.225974068340941);
#3088=SURFACE_SIDE_STYLE('',(#5322));
#3089=EDGE_LOOP('',(#5323,#5324,#5325,#5326));
#3090=AXIS2_PLACEMENT_3D('',#5327,#5328,#5329);
#3091=DRAUGHTING_PRE_DEFINED_CURVE_FONT('continuous');
#3092=COLOUR_RGB('',1.0,1.0,1.0);
#3093=CARTESIAN_POINT('',(-0.8,0.909241399581155,1.09171220265252));
#3094=VECTOR('',#5330,0.299999999999999);
#3095=SURFACE_SIDE_STYLE('',(#5331));
#3096=EDGE_LOOP('',(#5332,#5333,#5334,#5335));
#3097=AXIS2_PLACEMENT_3D('',#5336,#5337,#5338);
#3098=DRAUGHTING_PRE_DEFINED_CURVE_FONT('continuous');
#3099=COLOUR_RGB('',1.0,1.0,1.0);
#3100=CARTESIAN_POINT('',(1.1,-1.16399383191654,0.7684070774531));
#3101=AXIS2_PLACEMENT_3D('',#5339,#5340,#5341);
#3102=DRAUGHTING_PRE_DEFINED_CURVE_FONT('continuous');
#3103=COLOUR_RGB('',1.0,1.0,1.0);
#3104=CARTESIAN_POINT('',(-0.15,-1.26433059460664,0.0210404885149593));
#3105=CARTESIAN_POINT('',(-0.15,-1.26433059460664,0.0210404885149593));
#3106=VECTOR('',#5342,0.299999999999999);
#3107=DRAUGHTING_PRE_DEFINED_CURVE_FONT('continuous');
#3108=COLOUR_RGB('',0.274509996175766,0.274509996175766,0.274509996175766);
#3109=AXIS2_PLACEMENT_3D('',#5343,#5344,#5345);
#3110=SURFACE_SIDE_STYLE('',(#5346));
#3111=EDGE_LOOP('',(#5347,#5348,#5349,#5350));
#3112=CARTESIAN_POINT('',(1.37970805984337,-0.774488994700169,0.227652215826966));
#3113=CARTESIAN_POINT('',(1.37970805984337,-0.771120559319854,0.205272734552323));
#3114=CARTESIAN_POINT('',(1.37970805984337,-0.750507237938798,0.163490590401616));
#3115=CARTESIAN_POINT('',(1.37970805984337,-0.711814229161364,0.14695748886995));
#3116=CARTESIAN_POINT('',(1.37970805984337,-0.692421681949144,0.146956352623793));
#3117=CARTESIAN_POINT('',(0.45990268662762,-0.774488994700169,0.227652215826966));
#3118=CARTESIAN_POINT('',(0.45990268662762,-0.771120559319854,0.205272734552323));
#3119=CARTESIAN_POINT('',(0.45990268662762,-0.750507237938798,0.163490590401616));
#3120=CARTESIAN_POINT('',(0.45990268662762,-0.711814229161364,0.14695748886995));
#3121=CARTESIAN_POINT('',(0.45990268662762,-0.692421681949144,0.146956352623793));
#3122=CARTESIAN_POINT('',(-0.45990268662764,-0.774488994700169,0.227652215826966));
#3123=CARTESIAN_POINT('',(-0.45990268662764,-0.771120559319854,0.205272734552323));
#3124=CARTESIAN_POINT('',(-0.45990268662764,-0.750507237938798,0.163490590401616));
#3125=CARTESIAN_POINT('',(-0.45990268662764,-0.711814229161364,0.14695748886995));
#3126=CARTESIAN_POINT('',(-0.45990268662764,-0.692421681949144,0.146956352623793));
#3127=CARTESIAN_POINT('',(-1.37970805984339,-0.774488994700169,0.227652215826966));
#3128=CARTESIAN_POINT('',(-1.37970805984339,-0.771120559319854,0.205272734552323));
#3129=CARTESIAN_POINT('',(-1.37970805984339,-0.750507237938798,0.163490590401616));
#3130=CARTESIAN_POINT('',(-1.37970805984339,-0.711814229161364,0.14695748886995));
#3131=CARTESIAN_POINT('',(-1.37970805984339,-0.692421681949144,0.146956352623793));
#3132=SURFACE_SIDE_STYLE('',(#5351));
#3133=EDGE_LOOP('',(#5352,#5353,#5354,#5355));
#3134=CARTESIAN_POINT('',(-1.45868021016963,-0.692421681949144,0.232708582393179));
#3135=CARTESIAN_POINT('',(-1.45633814621565,-0.692421681949144,0.209307360488045));
#3136=CARTESIAN_POINT('',(-1.43723103086472,-0.692421681949144,0.164810791455322));
#3137=CARTESIAN_POINT('',(-1.39891806416496,-0.692421681949144,0.14695753147918));
#3138=CARTESIAN_POINT('',(-1.37970805984339,-0.692421681949144,0.146956352623793));
#3139=CARTESIAN_POINT('',(-1.45868021016963,-0.230807227313343,0.232708582393179));
#3140=CARTESIAN_POINT('',(-1.45633814621565,-0.230807227313343,0.209307360488045));
#3141=CARTESIAN_POINT('',(-1.43723103086472,-0.230807227313343,0.164810791455322));
#3142=CARTESIAN_POINT('',(-1.39891806416496,-0.230807227313343,0.14695753147918));
#3143=CARTESIAN_POINT('',(-1.37970805984339,-0.230807227313343,0.146956352623793));
#3144=CARTESIAN_POINT('',(-1.45868021016963,0.230807227313387,0.232708582393179));
#3145=CARTESIAN_POINT('',(-1.45633814621565,0.230807227313387,0.209307360488045));
#3146=CARTESIAN_POINT('',(-1.43723103086472,0.230807227313387,0.164810791455322));
#3147=CARTESIAN_POINT('',(-1.39891806416496,0.230807227313387,0.14695753147918));
#3148=CARTESIAN_POINT('',(-1.37970805984339,0.230807227313387,0.146956352623793));
#3149=CARTESIAN_POINT('',(-1.45868021016963,0.69242168194919,0.232708582393179));
#3150=CARTESIAN_POINT('',(-1.45633814621565,0.69242168194919,0.209307360488045));
#3151=CARTESIAN_POINT('',(-1.43723103086472,0.69242168194919,0.164810791455322));
#3152=CARTESIAN_POINT('',(-1.39891806416496,0.69242168194919,0.14695753147918));
#3153=CARTESIAN_POINT('',(-1.37970805984339,0.69242168194919,0.146956352623793));
#3154=DRAUGHTING_PRE_DEFINED_CURVE_FONT('continuous');
#3155=COLOUR_RGB('',1.0,1.0,1.0);
#3156=CARTESIAN_POINT('',(1.1,1.16399383191654,0.7684070774531));
#3157=CARTESIAN_POINT('',(0.8,1.16399383191654,0.7684070774531));
#3158=CARTESIAN_POINT('',(1.1,1.16399383191654,0.7684070774531));
#3159=VECTOR('',#5356,0.299999999999999);
#3160=SURFACE_SIDE_STYLE('',(#5357));
#3161=EDGE_LOOP('',(#5358,#5359,#5360,#5361,#5362,#5363,#5364,#5365));
#3162=AXIS2_PLACEMENT_3D('',#5366,#5367,#5368);
#3163=SURFACE_SIDE_STYLE('',(#5369));
#3164=EDGE_LOOP('',(#5370,#5371,#5372,#5373));
#3165=AXIS2_PLACEMENT_3D('',#5374,#5375,#5376);
#3166=SURFACE_SIDE_STYLE('',(#5377));
#3167=EDGE_LOOP('',(#5378,#5379,#5380,#5381));
#3168=AXIS2_PLACEMENT_3D('',#5382,#5383,#5384);
#3169=SURFACE_SIDE_STYLE('',(#5385));
#3170=EDGE_LOOP('',(#5386,#5387,#5388,#5389));
#3171=AXIS2_PLACEMENT_3D('',#5390,#5391,#5392);
#3172=DRAUGHTING_PRE_DEFINED_CURVE_FONT('continuous');
#3173=COLOUR_RGB('',1.0,1.0,1.0);
#3174=CARTESIAN_POINT('',(1.1,-0.909241399581155,0.887016164637355));
#3175=CARTESIAN_POINT('',(1.1,-1.01114237251531,0.757694114565382));
#3176=AXIS2_PLACEMENT_3D('',#5393,#5394,#5395);
#3177=DRAUGHTING_PRE_DEFINED_CURVE_FONT('continuous');
#3178=COLOUR_RGB('',1.0,1.0,1.0);
#3179=CARTESIAN_POINT('',(0.15,-1.18022464048476,0.354227527814743));
#3180=AXIS2_PLACEMENT_3D('',#5396,#5397,#5398);
#3181=DRAUGHTING_PRE_DEFINED_CURVE_FONT('continuous');
#3182=COLOUR_RGB('',0.274509996175766,0.274509996175766,0.274509996175766);
#3183=CARTESIAN_POINT('',(-0.15,-0.874999999999978,0.895630546637931));
#3184=CARTESIAN_POINT('',(1.44543478260869,-0.874999999999978,0.895630546637931));
#3185=VECTOR('',#5399,2.89086956521739);
#3186=DRAUGHTING_PRE_DEFINED_CURVE_FONT('continuous');
#3187=COLOUR_RGB('',0.274509996175766,0.274509996175766,0.274509996175766);
#3188=CARTESIAN_POINT('',(0.15,-0.874999999999978,0.895630546637931));
#3189=CARTESIAN_POINT('',(1.44543478260869,-0.874999999999978,0.895630546637931));
#3190=VECTOR('',#5400,2.89086956521739);
#3191=DRAUGHTING_PRE_DEFINED_CURVE_FONT('continuous');
#3192=COLOUR_RGB('',1.0,1.0,1.0);
#3193=CARTESIAN_POINT('',(0.8,-0.909241399581155,0.887016164637355));
#3194=CARTESIAN_POINT('',(0.8,-0.875,0.887016164637355));
#3195=CARTESIAN_POINT('',(0.8,-0.909241399581155,0.887016164637355));
#3196=VECTOR('',#5401,0.0342413995811548);
#3197=SURFACE_SIDE_STYLE('',(#5402));
#3198=EDGE_LOOP('',(#5403,#5404,#5405,#5406));
#3199=CARTESIAN_POINT('',(-1.37939965948769,-0.774495151479154,0.227697418914303));
#3200=CARTESIAN_POINT('',(-1.39990317621787,-0.774126348378601,0.224683789462079));
#3201=CARTESIAN_POINT('',(-1.44081908403634,-0.755927835882257,0.222278151269273));
#3202=CARTESIAN_POINT('',(-1.45833124102671,-0.713408307293476,0.228424775521275));
#3203=CARTESIAN_POINT('',(-1.45868613474601,-0.692101194431572,0.232773910829408));
#3204=CARTESIAN_POINT('',(-1.40172067139696,-0.808067706086627,0.450814667845188));
#3205=CARTESIAN_POINT('',(-1.42222420159653,-0.807698902986073,0.447801031647688));
#3206=CARTESIAN_POINT('',(-1.46314009595728,-0.789500380397415,0.445395403571334));
#3207=CARTESIAN_POINT('',(-1.48065223946399,-0.746980882106336,0.451542024449886));
#3208=CARTESIAN_POINT('',(-1.48100714665268,-0.725673749040344,0.455891159758018));
#3209=CARTESIAN_POINT('',(-1.42404168329623,-0.841640260702784,0.673931916774399));
#3210=CARTESIAN_POINT('',(-1.44454518655701,-0.841271450867533,0.670918286478978));
#3211=CARTESIAN_POINT('',(-1.4854611213026,-0.823072945096013,0.668512649130902));
#3212=CARTESIAN_POINT('',(-1.50297325136845,-0.780553423250794,0.674659274226694));
#3213=CARTESIAN_POINT('',(-1.50332815855714,-0.759246303653905,0.679008408691776));
#3214=CARTESIAN_POINT('',(-1.4463626952055,-0.875212815310257,0.897049165705283));
#3215=CARTESIAN_POINT('',(-1.46686621193567,-0.874844012209703,0.894035536253021));
#3216=CARTESIAN_POINT('',(-1.50778211975415,-0.856645499713216,0.891629898060324));
#3217=CARTESIAN_POINT('',(-1.52529427674451,-0.814125971124868,0.897776522312146));
#3218=CARTESIAN_POINT('',(-1.52564917046381,-0.792818858262676,0.902125657620387));
#3219=DRAUGHTING_PRE_DEFINED_CURVE_FONT('continuous');
#3220=COLOUR_RGB('',0.274509996175766,0.274509996175766,0.274509996175766);
#3221=CARTESIAN_POINT('',(1.4459816224682,0.874996063474328,1.09096301957198));
#3222=CARTESIAN_POINT('',(1.44652846232771,0.874992126948633,1.09098918102408));
#3223=VECTOR('',#5407,0.281804121430664);
#3224=DRAUGHTING_PRE_DEFINED_CURVE_FONT('continuous');
#3225=COLOUR_RGB('',0.274509996175766,0.274509996175766,0.274509996175766);
#3226=CARTESIAN_POINT('',(-1.44652846232773,0.874992126948633,1.09098918102408));
#3227=VECTOR('',#5408,0.281804121430664);
#3228=DRAUGHTING_PRE_DEFINED_CURVE_FONT('continuous');
#3229=COLOUR_RGB('',0.274509996175766,0.274509996175766,0.274509996175766);
#3230=CARTESIAN_POINT('',(1.44543478260869,0.875000000000022,0.895630546637931));
#3231=VECTOR('',#5409,2.89086956521739);
#3232=DRAUGHTING_PRE_DEFINED_CURVE_FONT('continuous');
#3233=COLOUR_RGB('',0.274509996175766,0.274509996175766,0.274509996175766);
#3234=CARTESIAN_POINT('',(1.45868021016951,0.69242168194919,0.232708582393026));
#3235=AXIS2_PLACEMENT_3D('',#5410,#5411,#5412);
#3236=DRAUGHTING_PRE_DEFINED_CURVE_FONT('continuous');
#3237=COLOUR_RGB('',0.274509996175766,0.274509996175766,0.274509996175766);
#3238=CARTESIAN_POINT('',(1.1,0.875000000000022,0.895630546637931));
#3239=CARTESIAN_POINT('',(1.44543478260869,0.875000000000022,0.895630546637931));
#3240=VECTOR('',#5413,2.89086956521739);
#3241=DRAUGHTING_PRE_DEFINED_CURVE_FONT('continuous');
#3242=COLOUR_RGB('',1.0,1.0,1.0);
#3243=CARTESIAN_POINT('',(-1.1,-0.875,0.887016164637355));
#3244=CARTESIAN_POINT('',(-0.8,-0.875,0.887016164637355));
#3245=CARTESIAN_POINT('',(-1.1,-0.875,0.887016164637355));
#3246=VECTOR('',#5414,0.299999999999999);
#3247=DRAUGHTING_PRE_DEFINED_CURVE_FONT('continuous');
#3248=COLOUR_RGB('',1.0,1.0,1.0);
#3249=CARTESIAN_POINT('',(-0.15,-0.909241399581155,0.887016164647185));
#3250=CARTESIAN_POINT('',(0.15,-0.909241399581155,0.887016164647185));
#3251=CARTESIAN_POINT('',(-0.15,-0.909241399581155,0.887016164647185));
#3252=VECTOR('',#5415,0.299999999999999);
#3253=DRAUGHTING_PRE_DEFINED_CURVE_FONT('continuous');
#3254=COLOUR_RGB('',1.0,1.0,1.0);
#3255=CARTESIAN_POINT('',(-1.1,0.909241399581155,0.887016164657018));
#3256=CARTESIAN_POINT('',(-1.1,1.01114237251531,0.757694114585046));
#3257=AXIS2_PLACEMENT_3D('',#5416,#5417,#5418);
#3258=DRAUGHTING_PRE_DEFINED_CURVE_FONT('continuous');
#3259=COLOUR_RGB('',1.0,1.0,1.0);
#3260=CARTESIAN_POINT('',(-0.15,-1.48932298871275,1.22124532708767E-015));
#3261=CARTESIAN_POINT('',(-0.15,-1.48932298871275,1.22124532708767E-015));
#3262=VECTOR('',#5419,0.299999999999999);
#3263=DRAUGHTING_PRE_DEFINED_CURVE_FONT('continuous');
#3264=COLOUR_RGB('',1.0,1.0,1.0);
#3265=CARTESIAN_POINT('',(-0.8,1.27500760589401,0.225237897259728));
#3266=AXIS2_PLACEMENT_3D('',#5420,#5421,#5422);
#3267=DRAUGHTING_PRE_DEFINED_CURVE_FONT('continuous');
#3268=COLOUR_RGB('',1.0,1.0,1.0);
#3269=CARTESIAN_POINT('',(-0.8,1.27500760589401,0.225237897259728));
#3270=VECTOR('',#5423,0.299999999999999);
#3271=DRAUGHTING_PRE_DEFINED_CURVE_FONT('continuous');
#3272=COLOUR_RGB('',1.0,1.0,1.0);
#3273=CARTESIAN_POINT('',(-1.1,1.02737318108351,0.343514564936961));
#3274=VECTOR('',#5424,0.414497452939877);
#3275=DRAUGHTING_PRE_DEFINED_CURVE_FONT('continuous');
#3276=COLOUR_RGB('',1.0,1.0,1.0);
#3277=CARTESIAN_POINT('',(-0.8,1.26433059460664,0.0210404885247917));
#3278=VECTOR('',#5425,0.299999999999999);
#3279=DRAUGHTING_PRE_DEFINED_CURVE_FONT('continuous');
#3280=COLOUR_RGB('',1.0,1.0,1.0);
#3281=CARTESIAN_POINT('',(1.1,1.48932298871275,-9.82924852621636E-012));
#3282=CARTESIAN_POINT('',(1.1,1.5,0.204197408725108));
#3283=VECTOR('',#5426,0.204476356344914);
#3284=DRAUGHTING_PRE_DEFINED_CURVE_FONT('continuous');
#3285=COLOUR_RGB('',0.274509996175766,0.274509996175766,0.274509996175766);
#3286=AXIS2_PLACEMENT_3D('',#5427,#5428,#5429);
#3287=DRAUGHTING_PRE_DEFINED_CURVE_FONT('continuous');
#3288=COLOUR_RGB('',1.0,1.0,1.0);
#3289=CARTESIAN_POINT('',(1.1,-1.02737318108351,0.343514564917298));
#3290=CARTESIAN_POINT('',(1.1,-1.02737318108351,0.343514564917298));
#3291=VECTOR('',#5430,0.414497452939877);
#3292=DRAUGHTING_PRE_DEFINED_CURVE_FONT('continuous');
#3293=COLOUR_RGB('',1.0,1.0,1.0);
#3294=CARTESIAN_POINT('',(1.1,0.909241399581155,1.09171220263286));
#3295=CARTESIAN_POINT('',(1.1,0.875,1.09171220263286));
#3296=VECTOR('',#5431,0.0342413995811548);
#3297=DRAUGHTING_PRE_DEFINED_CURVE_FONT('continuous');
#3298=COLOUR_RGB('',1.0,1.0,1.0);
#3299=CARTESIAN_POINT('',(-1.1,-0.875,0.887016164637355));
#3300=VECTOR('',#5432,0.204696037995504);
#3301=DRAUGHTING_PRE_DEFINED_CURVE_FONT('continuous');
#3302=COLOUR_RGB('',1.0,1.0,1.0);
#3303=CARTESIAN_POINT('',(-0.8,1.27500760589401,0.225237897259728));
#3304=VECTOR('',#5433,0.225974068340941);
#3305=DRAUGHTING_PRE_DEFINED_CURVE_FONT('continuous');
#3306=COLOUR_RGB('',1.0,1.0,1.0);
#3307=AXIS2_PLACEMENT_3D('',#5434,#5435,#5436);
#3308=DRAUGHTING_PRE_DEFINED_CURVE_FONT('continuous');
#3309=COLOUR_RGB('',1.0,1.0,1.0);
#3310=AXIS2_PLACEMENT_3D('',#5437,#5438,#5439);
#3311=DRAUGHTING_PRE_DEFINED_CURVE_FONT('continuous');
#3312=COLOUR_RGB('',1.0,1.0,1.0);
#3313=CARTESIAN_POINT('',(0.8,0.875,0.887016164637355));
#3314=CARTESIAN_POINT('',(0.8,0.909241399581155,0.887016164637355));
#3315=VECTOR('',#5440,0.0342413995811548);
#3316=DRAUGHTING_PRE_DEFINED_CURVE_FONT('continuous');
#3317=COLOUR_RGB('',1.0,1.0,1.0);
#3318=CARTESIAN_POINT('',(0.8,-1.48932298871275,-9.82924852621636E-012));
#3319=CARTESIAN_POINT('',(0.8,-1.26433059460664,0.0210404885051288));
#3320=CARTESIAN_POINT('',(0.8,-1.48932298871275,-9.82924852621636E-012));
#3321=VECTOR('',#5441,0.225974068340941);
#3322=SURFACE_SIDE_STYLE('',(#5442));
#3323=EDGE_LOOP('',(#5443,#5444,#5445));
#3324=CARTESIAN_POINT('',(-1.37896290449695,-0.774658411745611,0.228845975041515));
#3325=CARTESIAN_POINT('',(-1.37881128896475,-0.771474520425415,0.206054960885656));
#3326=CARTESIAN_POINT('',(-1.37863929365736,-0.750724761703218,0.163348935980783));
#3327=CARTESIAN_POINT('',(-1.37881037811254,-0.711259397146474,0.14672799695895));
#3328=CARTESIAN_POINT('',(-1.37896164738629,-0.691552605602221,0.146965960608593));
#3329=CARTESIAN_POINT('',(-1.39405758401872,-0.774783462850088,0.228671335922808));
#3330=CARTESIAN_POINT('',(-1.39697725608365,-0.771625015504616,0.205844786947055));
#3331=CARTESIAN_POINT('',(-1.40028938961762,-0.750904120961204,0.163098454518445));
#3332=CARTESIAN_POINT('',(-1.39699479591474,-0.711410044704271,0.146517610014353));
#3333=CARTESIAN_POINT('',(-1.39408179231321,-0.691677867674169,0.146791026865765));
#3334=CARTESIAN_POINT('',(-1.4242954173899,-0.767029776430467,0.239499684586859));
#3335=CARTESIAN_POINT('',(-1.43336753502605,-0.762293700013263,0.2188763639085));
#3336=CARTESIAN_POINT('',(-1.44365909951239,-0.739783113404473,0.178629406238115));
#3337=CARTESIAN_POINT('',(-1.43342203689707,-0.702069250890778,0.159562422354306));
#3338=CARTESIAN_POINT('',(-1.42437063827176,-0.683911100435372,0.157637643442234));
#3339=CARTESIAN_POINT('',(-1.4385935875861,-0.747488332289371,0.266790131879529));
#3340=CARTESIAN_POINT('',(-1.4505749284348,-0.73877618798736,0.251719552760753));
#3341=CARTESIAN_POINT('',(-1.46416677215931,-0.711755086565232,0.217771724449471));
#3342=CARTESIAN_POINT('',(-1.45064690887535,-0.678527855067514,0.192438970673573));
#3343=CARTESIAN_POINT('',(-1.43869293012519,-0.664336688996834,0.184974130949324));
#3344=CARTESIAN_POINT('',(-1.43982219849921,-0.73735909787333,0.28093603306942));
#3345=CARTESIAN_POINT('',(-1.45205352342584,-0.72658597650357,0.268743697351382));
#3346=CARTESIAN_POINT('',(-1.46592895187403,-0.697226862771061,0.238060998226528));
#3347=CARTESIAN_POINT('',(-1.45212700484358,-0.666325259849073,0.209480406487209));
#3348=CARTESIAN_POINT('',(-1.43992361376067,-0.654190366106232,0.199143896912266));
#3349=DRAUGHTING_PRE_DEFINED_CURVE_FONT('continuous');
#3350=COLOUR_RGB('',1.0,1.0,1.0);
#3351=CARTESIAN_POINT('',(0.8,1.16399383191654,0.7684070774531));
#3352=VECTOR('',#5446,0.414497452939877);
#3353=DRAUGHTING_PRE_DEFINED_CURVE_FONT('continuous');
#3354=COLOUR_RGB('',0.274509996175766,0.274509996175766,0.274509996175766);
#3355=CARTESIAN_POINT('',(-1.44652758993932,-0.874990732020461,1.09099811625434));
#3356=CARTESIAN_POINT('',(-1.46710960650892,-0.874666623155036,1.09311505920088));
#3357=CARTESIAN_POINT('',(-1.50776603910926,-0.856581073406331,1.09455298042512));
#3358=CARTESIAN_POINT('',(-1.52484590287653,-0.813800464115566,1.0924211832804));
#3359=CARTESIAN_POINT('',(-1.52499721092142,-0.792168924225171,1.09096425688422));
#3360=DRAUGHTING_PRE_DEFINED_CURVE_FONT('continuous');
#3361=COLOUR_RGB('',1.0,1.0,1.0);
#3362=CARTESIAN_POINT('',(1.1,1.48932298871275,-9.82924852621636E-012));
#3363=VECTOR('',#5447,0.299999999999999);
#3364=DRAUGHTING_PRE_DEFINED_CURVE_FONT('continuous');
#3365=COLOUR_RGB('',1.0,1.0,1.0);
#3366=CARTESIAN_POINT('',(-1.1,-1.02737318108351,0.343514564917298));
#3367=CARTESIAN_POINT('',(-1.1,-1.26433059460664,0.0210404885051288));
#3368=AXIS2_PLACEMENT_3D('',#5448,#5449,#5450);
#3369=SURFACE_SIDE_STYLE('',(#5451));
#3370=EDGE_LOOP('',(#5452,#5453,#5454,#5455));
#3371=CARTESIAN_POINT('',(1.45868021016961,0.69242168194919,0.232708582393179));
#3372=CARTESIAN_POINT('',(1.45633814621563,0.69242168194919,0.209307360488045));
#3373=CARTESIAN_POINT('',(1.4372310308647,0.69242168194919,0.164810791455322));
#3374=CARTESIAN_POINT('',(1.39891806416494,0.69242168194919,0.14695753147918));
#3375=CARTESIAN_POINT('',(1.37970805984337,0.69242168194919,0.146956352623793));
#3376=CARTESIAN_POINT('',(1.45868021016961,0.230807227313387,0.232708582393179));
#3377=CARTESIAN_POINT('',(1.45633814621563,0.230807227313387,0.209307360488045));
#3378=CARTESIAN_POINT('',(1.4372310308647,0.230807227313387,0.164810791455322));
#3379=CARTESIAN_POINT('',(1.39891806416494,0.230807227313387,0.14695753147918));
#3380=CARTESIAN_POINT('',(1.37970805984337,0.230807227313387,0.146956352623793));
#3381=CARTESIAN_POINT('',(1.45868021016961,-0.230807227313343,0.232708582393179));
#3382=CARTESIAN_POINT('',(1.45633814621563,-0.230807227313343,0.209307360488045));
#3383=CARTESIAN_POINT('',(1.4372310308647,-0.230807227313343,0.164810791455322));
#3384=CARTESIAN_POINT('',(1.39891806416494,-0.230807227313343,0.14695753147918));
#3385=CARTESIAN_POINT('',(1.37970805984337,-0.230807227313343,0.146956352623793));
#3386=CARTESIAN_POINT('',(1.45868021016961,-0.692421681949144,0.232708582393179));
#3387=CARTESIAN_POINT('',(1.45633814621563,-0.692421681949144,0.209307360488045));
#3388=CARTESIAN_POINT('',(1.4372310308647,-0.692421681949144,0.164810791455322));
#3389=CARTESIAN_POINT('',(1.39891806416494,-0.692421681949144,0.14695753147918));
#3390=CARTESIAN_POINT('',(1.37970805984337,-0.692421681949144,0.146956352623793));
#3391=SURFACE_SIDE_STYLE('',(#5456));
#3392=EDGE_LOOP('',(#5457,#5458,#5459,#5460));
#3393=CARTESIAN_POINT('',(-0.15,-1.01114237251532,0.757694114575214));
#3394=CARTESIAN_POINT('',(-0.15,-1.00978957249477,0.792182019695037));
#3395=CARTESIAN_POINT('',(-0.15,-0.986535964229351,0.859481062925325));
#3396=CARTESIAN_POINT('',(-0.15,-0.93506514867484,0.887014437880818));
#3397=CARTESIAN_POINT('',(-0.15,-0.909241399581155,0.887016164647185));
#3398=CARTESIAN_POINT('',(-0.0499999999998134,-1.01114237251532,0.757694114575214));
#3399=CARTESIAN_POINT('',(-0.0499999999998134,-1.00978957249477,0.792182019695037));
#3400=CARTESIAN_POINT('',(-0.0499999999998134,-0.986535964229351,0.859481062925325));
#3401=CARTESIAN_POINT('',(-0.0499999999998134,-0.93506514867484,0.887014437880818));
#3402=CARTESIAN_POINT('',(-0.0499999999998134,-0.909241399581155,0.887016164647185));
#3403=CARTESIAN_POINT('',(0.049999999999813,-1.01114237251532,0.757694114575214));
#3404=CARTESIAN_POINT('',(0.049999999999813,-1.00978957249477,0.792182019695037));
#3405=CARTESIAN_POINT('',(0.049999999999813,-0.986535964229351,0.859481062925325));
#3406=CARTESIAN_POINT('',(0.049999999999813,-0.93506514867484,0.887014437880818));
#3407=CARTESIAN_POINT('',(0.049999999999813,-0.909241399581155,0.887016164647185));
#3408=CARTESIAN_POINT('',(0.15,-1.01114237251532,0.757694114575214));
#3409=CARTESIAN_POINT('',(0.15,-1.00978957249477,0.792182019695037));
#3410=CARTESIAN_POINT('',(0.15,-0.986535964229351,0.859481062925325));
#3411=CARTESIAN_POINT('',(0.15,-0.93506514867484,0.887014437880818));
#3412=CARTESIAN_POINT('',(0.15,-0.909241399581155,0.887016164647185));
#3413=DRAUGHTING_PRE_DEFINED_CURVE_FONT('continuous');
#3414=COLOUR_RGB('',0.274509996175766,0.274509996175766,0.274509996175766);
#3415=CARTESIAN_POINT('',(1.49775773129152,0.751197342185578,1.36324619940073));
#3416=CARTESIAN_POINT('',(1.52499855053682,0.792169673350023,1.09095134672193));
#3417=VECTOR('',#5461,0.276704320438945);
#3418=DRAUGHTING_PRE_DEFINED_CURVE_FONT('continuous');
#3419=COLOUR_RGB('',0.274509996175766,0.274509996175766,0.274509996175766);
#3420=CARTESIAN_POINT('',(-0.212500000000005,0.875,0.895630546637782));
#3421=VECTOR('',#5462,1.0);
#3422=DRAUGHTING_PRE_DEFINED_CURVE_FONT('continuous');
#3423=COLOUR_RGB('',1.0,1.0,1.0);
#3424=CARTESIAN_POINT('',(-1.1,-1.5,0.204197408725108));
#3425=CARTESIAN_POINT('',(-1.1,-1.48932298871275,-9.82924852621636E-012));
#3426=CARTESIAN_POINT('',(-1.1,-1.5,0.204197408725108));
#3427=VECTOR('',#5463,0.204476356344914);
#3428=DRAUGHTING_PRE_DEFINED_CURVE_FONT('continuous');
#3429=COLOUR_RGB('',1.0,1.0,1.0);
#3430=CARTESIAN_POINT('',(-0.8,1.01114237251531,0.757694114585046));
#3431=CARTESIAN_POINT('',(-0.8,1.01114237251531,0.757694114585046));
#3432=VECTOR('',#5464,0.299999999999999);
#3433=DRAUGHTING_PRE_DEFINED_CURVE_FONT('continuous');
#3434=COLOUR_RGB('',1.0,1.0,1.0);
#3435=CARTESIAN_POINT('',(-0.8,-1.16399383191654,0.7684070774531));
#3436=VECTOR('',#5465,0.414497452939877);
#3437=DRAUGHTING_PRE_DEFINED_CURVE_FONT('continuous');
#3438=COLOUR_RGB('',1.0,1.0,1.0);
#3439=CARTESIAN_POINT('',(1.1,0.875,0.887016164637355));
#3440=VECTOR('',#5466,0.299999999999999);
#3441=SURFACE_SIDE_STYLE('',(#5467));
#3442=EDGE_LOOP('',(#5468,#5469,#5470,#5471));
#3443=CARTESIAN_POINT('',(-0.8,1.18022464048475,0.354227527824575));
#3444=CARTESIAN_POINT('',(-0.8,1.18151524280319,0.321325273515009));
#3445=CARTESIAN_POINT('',(-0.8,1.20271666193653,0.257009649405185));
#3446=CARTESIAN_POINT('',(-0.8,1.25043125469152,0.227537841615887));
#3447=CARTESIAN_POINT('',(-0.8,1.27500760589401,0.225237897259717));
#3448=CARTESIAN_POINT('',(-0.900000000000187,1.18022464048475,0.354227527824575));
#3449=CARTESIAN_POINT('',(-0.900000000000187,1.18151524280319,0.321325273515009));
#3450=CARTESIAN_POINT('',(-0.900000000000187,1.20271666193653,0.257009649405185));
#3451=CARTESIAN_POINT('',(-0.900000000000187,1.25043125469152,0.227537841615887));
#3452=CARTESIAN_POINT('',(-0.900000000000187,1.27500760589401,0.225237897259717));
#3453=CARTESIAN_POINT('',(-0.999999999999813,1.18022464048475,0.354227527824575));
#3454=CARTESIAN_POINT('',(-0.999999999999813,1.18151524280319,0.321325273515009));
#3455=CARTESIAN_POINT('',(-0.999999999999813,1.20271666193653,0.257009649405185));
#3456=CARTESIAN_POINT('',(-0.999999999999813,1.25043125469152,0.227537841615887));
#3457=CARTESIAN_POINT('',(-0.999999999999813,1.27500760589401,0.225237897259717));
#3458=CARTESIAN_POINT('',(-1.1,1.18022464048475,0.354227527824575));
#3459=CARTESIAN_POINT('',(-1.1,1.18151524280319,0.321325273515009));
#3460=CARTESIAN_POINT('',(-1.1,1.20271666193653,0.257009649405185));
#3461=CARTESIAN_POINT('',(-1.1,1.25043125469152,0.227537841615887));
#3462=CARTESIAN_POINT('',(-1.1,1.27500760589401,0.225237897259717));
#3463=DRAUGHTING_PRE_DEFINED_CURVE_FONT('continuous');
#3464=COLOUR_RGB('',0.274509996175766,0.274509996175766,0.274509996175766);
#3465=AXIS2_PLACEMENT_3D('',#5472,#5473,#5474);
#3466=SURFACE_SIDE_STYLE('',(#5475));
#3467=EDGE_LOOP('',(#5476,#5477,#5478));
#3468=CARTESIAN_POINT('',(-1.41791719781958,-0.83361507086926,1.36574196991331));
#3469=CARTESIAN_POINT('',(-1.43902214254611,-0.833540607539438,1.36823612427948));
#3470=CARTESIAN_POINT('',(-1.48124627366946,-0.814857597838575,1.36996539919981));
#3471=CARTESIAN_POINT('',(-1.49833762101465,-0.770559127096982,1.36420235255512));
#3472=CARTESIAN_POINT('',(-1.4979771493038,-0.748607002169477,1.36029746239452));
#3473=CARTESIAN_POINT('',(-1.41663997301499,-0.831540490752928,1.38193082887703));
#3474=CARTESIAN_POINT('',(-1.437402440868,-0.830909746534245,1.3887658898136));
#3475=CARTESIAN_POINT('',(-1.4792317869039,-0.811585493047279,1.39549906851834));
#3476=CARTESIAN_POINT('',(-1.49673893484751,-0.767962400147719,1.38446575000721));
#3477=CARTESIAN_POINT('',(-1.49672828955411,-0.746578495053762,1.37612679352217));
#3478=CARTESIAN_POINT('',(-1.40708836063642,-0.820104013876968,1.41210630011896));
#3479=CARTESIAN_POINT('',(-1.42528964412926,-0.816406673389559,1.42703266201547));
#3480=CARTESIAN_POINT('',(-1.46416662919073,-0.793547456967836,1.44309294299893));
#3481=CARTESIAN_POINT('',(-1.4847832979566,-0.753647502884053,1.42223601566686));
#3482=CARTESIAN_POINT('',(-1.48738880271996,-0.735396003451052,1.40563211735644));
#3483=CARTESIAN_POINT('',(-1.3882628159854,-0.799732617084213,1.42323600680755));
#3484=CARTESIAN_POINT('',(-1.40141618387558,-0.790572856808097,1.44114670755104));
#3485=CARTESIAN_POINT('',(-1.43447428228001,-0.76141693335034,1.46064712917125));
#3486=CARTESIAN_POINT('',(-1.46121959517251,-0.728148875378722,1.43616693315124));
#3487=CARTESIAN_POINT('',(-1.46898134234207,-0.715477021755752,1.41651465163041));
#3488=CARTESIAN_POINT('',(-1.37881878035165,-0.789789767221795,1.42265278337534));
#3489=CARTESIAN_POINT('',(-1.38943981120466,-0.777963914994102,1.44040709673201));
#3490=CARTESIAN_POINT('',(-1.41957879756668,-0.745734701302806,1.45972724779642));
#3491=CARTESIAN_POINT('',(-1.44939861133571,-0.715703531952602,1.43543691986673));
#3492=CARTESIAN_POINT('',(-1.45974704315106,-0.705754986176937,1.41594438062791));
#3493=DRAUGHTING_PRE_DEFINED_CURVE_FONT('continuous');
#3494=COLOUR_RGB('',0.274509996175766,0.274509996175766,0.274509996175766);
#3495=CARTESIAN_POINT('',(0.687499999999995,-0.875,0.89563054663808));
#3496=VECTOR('',#5479,1.0);
#3497=DRAUGHTING_PRE_DEFINED_CURVE_FONT('continuous');
#3498=COLOUR_RGB('',1.0,1.0,1.0);
#3499=CARTESIAN_POINT('',(0.8,0.875,0.887016164637355));
#3500=VECTOR('',#5480,0.204696037995504);
#3501=DRAUGHTING_PRE_DEFINED_CURVE_FONT('continuous');
#3502=COLOUR_RGB('',0.274509996175766,0.274509996175766,0.274509996175766);
#3503=CARTESIAN_POINT('',(-1.4187855809654,-0.833264654936366,1.368302565967));
#3504=CARTESIAN_POINT('',(-1.44652846232773,-0.874992126948589,1.09098918102408));
#3505=VECTOR('',#5481,0.281804121430664);
#3506=DRAUGHTING_PRE_DEFINED_CURVE_FONT('continuous');
#3507=COLOUR_RGB('',1.0,1.0,1.0);
#3508=CARTESIAN_POINT('',(1.1,1.18022464048476,0.354227527804913));
#3509=CARTESIAN_POINT('',(1.1,1.18022464048476,0.354227527804913));
#3510=VECTOR('',#5482,0.299999999999999);
#3511=DRAUGHTING_PRE_DEFINED_CURVE_FONT('continuous');
#3512=COLOUR_RGB('',1.0,1.0,1.0);
#3513=CARTESIAN_POINT('',(1.1,0.909241399581155,1.09171220263286));
#3514=VECTOR('',#5483,0.299999999999999);
#3515=SURFACE_SIDE_STYLE('',(#5484));
#3516=EDGE_LOOP('',(#5485,#5486,#5487,#5488));
#3517=CARTESIAN_POINT('',(-0.8,-0.909241399581155,1.09171220263286));
#3518=CARTESIAN_POINT('',(-0.8,-0.973800772315068,1.09170788571709));
#3519=CARTESIAN_POINT('',(-0.8,-1.10247781120169,1.02287444832838));
#3520=CARTESIAN_POINT('',(-0.8,-1.16061183186525,0.854626840252201));
#3521=CARTESIAN_POINT('',(-0.8,-1.16399383191656,0.768407077453079));
#3522=CARTESIAN_POINT('',(-0.899999999999968,-0.909241399581155,1.09171220263286));
#3523=CARTESIAN_POINT('',(-0.899999999999968,-0.973800772315068,1.09170788571709));
#3524=CARTESIAN_POINT('',(-0.899999999999968,-1.10247781120169,1.02287444832838));
#3525=CARTESIAN_POINT('',(-0.899999999999968,-1.16061183186525,0.854626840252201));
#3526=CARTESIAN_POINT('',(-0.899999999999968,-1.16399383191656,0.768407077453079));
#3527=CARTESIAN_POINT('',(-1.00000000000003,-0.909241399581155,1.09171220263286));
#3528=CARTESIAN_POINT('',(-1.00000000000003,-0.973800772315068,1.09170788571709));
#3529=CARTESIAN_POINT('',(-1.00000000000003,-1.10247781120169,1.02287444832838));
#3530=CARTESIAN_POINT('',(-1.00000000000003,-1.16061183186525,0.854626840252201));
#3531=CARTESIAN_POINT('',(-1.00000000000003,-1.16399383191656,0.768407077453079));
#3532=CARTESIAN_POINT('',(-1.1,-0.909241399581155,1.09171220263286));
#3533=CARTESIAN_POINT('',(-1.1,-0.973800772315068,1.09170788571709));
#3534=CARTESIAN_POINT('',(-1.1,-1.10247781120169,1.02287444832838));
#3535=CARTESIAN_POINT('',(-1.1,-1.16061183186525,0.854626840252201));
#3536=CARTESIAN_POINT('',(-1.1,-1.16399383191656,0.768407077453079));
#3537=DRAUGHTING_PRE_DEFINED_CURVE_FONT('continuous');
#3538=COLOUR_RGB('',0.274509996175766,0.274509996175766,0.274509996175766);
#3539=CARTESIAN_POINT('',(-1.44543478260871,0.875000000000022,1.09093685811988));
#3540=VECTOR('',#5489,2.89086956521739);
#3541=DRAUGHTING_PRE_DEFINED_CURVE_FONT('continuous');
#3542=COLOUR_RGB('',1.0,1.0,1.0);
#3543=CARTESIAN_POINT('',(0.8,-1.5,0.204197408725108));
#3544=CARTESIAN_POINT('',(0.8,-1.5,0.204197408725108));
#3545=VECTOR('',#5490,0.299999999999999);
#3546=DRAUGHTING_PRE_DEFINED_CURVE_FONT('continuous');
#3547=COLOUR_RGB('',1.0,1.0,1.0);
#3548=CARTESIAN_POINT('',(0.8,-1.48932298871275,-9.82924852621636E-012));
#3549=VECTOR('',#5491,0.299999999999999);
#3550=DRAUGHTING_PRE_DEFINED_CURVE_FONT('continuous');
#3551=COLOUR_RGB('',0.274509996175766,0.274509996175766,0.274509996175766);
#3552=CARTESIAN_POINT('',(-1.44543478260871,0.875000000000022,1.09093685811988));
#3553=VECTOR('',#5492,0.195306311481949);
#3554=DRAUGHTING_PRE_DEFINED_CURVE_FONT('continuous');
#3555=COLOUR_RGB('',0.274509996175766,0.274509996175766,0.274509996175766);
#3556=CARTESIAN_POINT('',(-1.37970805984339,-0.692421681949144,0.146956352623793));
#3557=CARTESIAN_POINT('',(1.37970805984337,-0.692421681949144,0.146956352623793));
#3558=VECTOR('',#5493,2.7594161196857);
#3559=DRAUGHTING_PRE_DEFINED_CURVE_FONT('continuous');
#3560=COLOUR_RGB('',1.0,1.0,1.0);
#3561=CARTESIAN_POINT('',(-0.8,-0.874999999999989,1.09132453037637));
#3562=CARTESIAN_POINT('',(-1.1,-0.875,1.09171220263286));
#3563=VECTOR('',#5494,0.299999999999999);
#3564=DRAUGHTING_PRE_DEFINED_CURVE_FONT('continuous');
#3565=COLOUR_RGB('',1.0,1.0,1.0);
#3566=CARTESIAN_POINT('',(0.8,-1.01114237251531,0.757694114565382));
#3567=CARTESIAN_POINT('',(0.8,-1.02737318108351,0.343514564917298));
#3568=CARTESIAN_POINT('',(0.8,-1.01114237251531,0.757694114565382));
#3569=VECTOR('',#5495,0.414497452939877);
#3570=DRAUGHTING_PRE_DEFINED_CURVE_FONT('continuous');
#3571=COLOUR_RGB('',1.0,1.0,1.0);
#3572=CARTESIAN_POINT('',(1.1,-0.875,0.887016164637355));
#3573=CARTESIAN_POINT('',(1.1,-0.909241399581155,0.887016164637355));
#3574=VECTOR('',#5496,0.0342413995811548);
#3575=DRAUGHTING_PRE_DEFINED_CURVE_FONT('continuous');
#3576=COLOUR_RGB('',1.0,1.0,1.0);
#3577=CARTESIAN_POINT('',(1.1,-1.16399383191654,0.7684070774531));
#3578=VECTOR('',#5497,0.414497452939877);
#3579=DRAUGHTING_PRE_DEFINED_CURVE_FONT('continuous');
#3580=COLOUR_RGB('',1.0,1.0,1.0);
#3581=CARTESIAN_POINT('',(-0.15,-0.875,0.887016164647185));
#3582=VECTOR('',#5498,0.204696037995504);
#3583=DRAUGHTING_PRE_DEFINED_CURVE_FONT('continuous');
#3584=COLOUR_RGB('',1.0,1.0,1.0);
#3585=CARTESIAN_POINT('',(-1.1,-0.909241399581155,0.887016164637355));
#3586=CARTESIAN_POINT('',(-1.1,-1.01114237251531,0.757694114565382));
#3587=AXIS2_PLACEMENT_3D('',#5499,#5500,#5501);
#3588=SURFACE_SIDE_STYLE('',(#5502));
#3589=EDGE_LOOP('',(#5503,#5504,#5505,#5506));
#3590=AXIS2_PLACEMENT_3D('',#5507,#5508,#5509);
#3591=DRAUGHTING_PRE_DEFINED_CURVE_FONT('continuous');
#3592=COLOUR_RGB('',1.0,1.0,1.0);
#3593=CARTESIAN_POINT('',(-0.15,-1.5,0.204197408734938));
#3594=CARTESIAN_POINT('',(-0.15,-1.5,0.204197408734938));
#3595=VECTOR('',#5510,0.204476356344914);
#3596=DRAUGHTING_PRE_DEFINED_CURVE_FONT('continuous');
#3597=COLOUR_RGB('',1.0,1.0,1.0);
#3598=CARTESIAN_POINT('',(-0.15,-0.875,1.09171220264269));
#3599=VECTOR('',#5511,0.0342413995811548);
#3600=DRAUGHTING_PRE_DEFINED_CURVE_FONT('continuous');
#3601=COLOUR_RGB('',1.0,1.0,1.0);
#3602=AXIS2_PLACEMENT_3D('',#5512,#5513,#5514);
#3603=DRAUGHTING_PRE_DEFINED_CURVE_FONT('continuous');
#3604=COLOUR_RGB('',1.0,1.0,1.0);
#3605=CARTESIAN_POINT('',(-0.8,0.875000000000022,0.895630546637931));
#3606=CARTESIAN_POINT('',(-0.8,0.875,0.887016164657018));
#3607=VECTOR('',#5515,0.204696037995504);
#3608=DRAUGHTING_PRE_DEFINED_CURVE_FONT('continuous');
#3609=COLOUR_RGB('',1.0,1.0,1.0);
#3610=CARTESIAN_POINT('',(-1.1,-1.27500760589401,0.225237897240065));
#3611=AXIS2_PLACEMENT_3D('',#5516,#5517,#5518);
#3612=DRAUGHTING_PRE_DEFINED_CURVE_FONT('continuous');
#3613=COLOUR_RGB('',1.0,1.0,1.0);
#3614=CARTESIAN_POINT('',(-0.15,-0.875,0.887016164647185));
#3615=VECTOR('',#5519,0.204696037995504);
#3616=DRAUGHTING_PRE_DEFINED_CURVE_FONT('continuous');
#3617=COLOUR_RGB('',1.0,1.0,1.0);
#3618=CARTESIAN_POINT('',(-0.8,1.18022464048476,0.354227527824576));
#3619=VECTOR('',#5520,0.414497452939877);
#3620=DRAUGHTING_PRE_DEFINED_CURVE_FONT('continuous');
#3621=COLOUR_RGB('',1.0,1.0,1.0);
#3622=CARTESIAN_POINT('',(1.1,0.875,0.887016164637355));
#3623=VECTOR('',#5521,0.204696037995504);
#3624=DRAUGHTING_PRE_DEFINED_CURVE_FONT('continuous');
#3625=COLOUR_RGB('',1.0,1.0,1.0);
#3626=AXIS2_PLACEMENT_3D('',#5522,#5523,#5524);
#3627=DRAUGHTING_PRE_DEFINED_CURVE_FONT('continuous');
#3628=COLOUR_RGB('',1.0,1.0,1.0);
#3629=CARTESIAN_POINT('',(0.8,-0.909241399581155,0.887016164637355));
#3630=VECTOR('',#5525,0.299999999999999);
#3631=SURFACE_SIDE_STYLE('',(#5526));
#3632=EDGE_LOOP('',(#5527,#5528,#5529,#5530));
#3633=AXIS2_PLACEMENT_3D('',#5531,#5532,#5533);
#3634=SURFACE_SIDE_STYLE('',(#5534));
#3635=EDGE_LOOP('',(#5535,#5536,#5537,#5538,#5539,#5540,#5541,#5542,#5543,#5544));
#3636=AXIS2_PLACEMENT_3D('',#5545,#5546,#5547);
#3637=DRAUGHTING_PRE_DEFINED_CURVE_FONT('continuous');
#3638=COLOUR_RGB('',1.0,1.0,1.0);
#3639=CARTESIAN_POINT('',(-1.1,-1.01114237251531,0.757694114565382));
#3640=VECTOR('',#5548,0.414497452939877);
#3641=DRAUGHTING_PRE_DEFINED_CURVE_FONT('continuous');
#3642=COLOUR_RGB('',1.0,1.0,1.0);
#3643=CARTESIAN_POINT('',(-0.8,0.875,0.887016164657018));
#3644=VECTOR('',#5549,0.204696037995504);
#3645=DRAUGHTING_PRE_DEFINED_CURVE_FONT('continuous');
#3646=COLOUR_RGB('',1.0,1.0,1.0);
#3647=CARTESIAN_POINT('',(-1.1,-1.48932298871275,-9.82924852621636E-012));
#3648=VECTOR('',#5550,0.299999999999999);
#3649=DRAUGHTING_PRE_DEFINED_CURVE_FONT('continuous');
#3650=COLOUR_RGB('',0.274509996175766,0.274509996175766,0.274509996175766);
#3651=CARTESIAN_POINT('',(-1.44543478260871,-0.874999999999978,1.09093685811988));
#3652=VECTOR('',#5551,2.89086956521739);
#3653=DRAUGHTING_PRE_DEFINED_CURVE_FONT('continuous');
#3654=COLOUR_RGB('',1.0,1.0,1.0);
#3655=CARTESIAN_POINT('',(1.1,-0.874999999999989,1.09132453037637));
#3656=CARTESIAN_POINT('',(1.1,-0.875,1.09171220263286));
#3657=VECTOR('',#5552,0.0342413995811548);
#3658=DRAUGHTING_PRE_DEFINED_CURVE_FONT('continuous');
#3659=COLOUR_RGB('',1.0,1.0,1.0);
#3660=CARTESIAN_POINT('',(0.8,-0.875,1.09171220263286));
#3661=VECTOR('',#5553,0.299999999999999);
#3662=DRAUGHTING_PRE_DEFINED_CURVE_FONT('continuous');
#3663=COLOUR_RGB('',1.0,1.0,1.0);
#3664=AXIS2_PLACEMENT_3D('',#5554,#5555,#5556);
#3665=DRAUGHTING_PRE_DEFINED_CURVE_FONT('continuous');
#3666=COLOUR_RGB('',1.0,1.0,1.0);
#3667=CARTESIAN_POINT('',(-0.15,-1.27500760589401,0.225237897249895));
#3668=VECTOR('',#5557,0.225974068340941);
#3669=DRAUGHTING_PRE_DEFINED_CURVE_FONT('continuous');
#3670=COLOUR_RGB('',1.0,1.0,1.0);
#3671=CARTESIAN_POINT('',(-1.1,-1.18022464048476,0.354227527804913));
#3672=VECTOR('',#5558,0.414497452939877);
#3673=DRAUGHTING_PRE_DEFINED_CURVE_FONT('continuous');
#3674=COLOUR_RGB('',1.0,1.0,1.0);
#3675=CARTESIAN_POINT('',(0.8,-1.01114237251531,0.757694114565382));
#3676=VECTOR('',#5559,0.299999999999999);
#3677=DRAUGHTING_PRE_DEFINED_CURVE_FONT('continuous');
#3678=COLOUR_RGB('',1.0,1.0,1.0);
#3679=CARTESIAN_POINT('',(-1.1,1.5,0.204197408744771));
#3680=VECTOR('',#5560,0.204476356344914);
#3681=DRAUGHTING_PRE_DEFINED_CURVE_FONT('continuous');
#3682=COLOUR_RGB('',1.0,1.0,1.0);
#3683=CARTESIAN_POINT('',(-0.8,-1.02737318108351,0.343514564917298));
#3684=CARTESIAN_POINT('',(-1.1,-1.02737318108351,0.343514564917298));
#3685=VECTOR('',#5561,0.299999999999999);
#3686=DRAUGHTING_PRE_DEFINED_CURVE_FONT('continuous');
#3687=COLOUR_RGB('',1.0,1.0,1.0);
#3688=CARTESIAN_POINT('',(-1.1,-0.909241399581155,1.09171220263286));
#3689=AXIS2_PLACEMENT_3D('',#5562,#5563,#5564);
#3690=DRAUGHTING_PRE_DEFINED_CURVE_FONT('continuous');
#3691=COLOUR_RGB('',0.274509996175766,0.274509996175766,0.274509996175766);
#3692=CARTESIAN_POINT('',(1.41878558096538,-0.833264654936366,1.368302565967));
#3693=CARTESIAN_POINT('',(1.44652846232771,-0.874992126948589,1.09098918102408));
#3694=VECTOR('',#5565,0.281804121430664);
#3695=DRAUGHTING_PRE_DEFINED_CURVE_FONT('continuous');
#3696=COLOUR_RGB('',1.0,1.0,1.0);
#3697=CARTESIAN_POINT('',(-0.8,-1.01114237251531,0.757694114565382));
#3698=CARTESIAN_POINT('',(-1.1,-1.01114237251531,0.757694114565382));
#3699=VECTOR('',#5566,0.299999999999999);
#3700=DRAUGHTING_PRE_DEFINED_CURVE_FONT('continuous');
#3701=COLOUR_RGB('',1.0,1.0,1.0);
#3702=CARTESIAN_POINT('',(-0.8,-1.02737318108351,0.343514564917298));
#3703=VECTOR('',#5567,0.414497452939877);
#3704=DRAUGHTING_PRE_DEFINED_CURVE_FONT('continuous');
#3705=COLOUR_RGB('',1.0,1.0,1.0);
#3706=CARTESIAN_POINT('',(-1.1,-1.26433059460664,0.0210404885051288));
#3707=VECTOR('',#5568,0.299999999999999);
#3708=DRAUGHTING_PRE_DEFINED_CURVE_FONT('continuous');
#3709=COLOUR_RGB('',1.0,1.0,1.0);
#3710=CARTESIAN_POINT('',(-0.15,-1.01114237251531,0.757694114575213));
#3711=AXIS2_PLACEMENT_3D('',#5569,#5570,#5571);
#3712=DRAUGHTING_PRE_DEFINED_CURVE_FONT('continuous');
#3713=COLOUR_RGB('',1.0,1.0,1.0);
#3714=CARTESIAN_POINT('',(1.1,-0.874999999999978,0.895630546637931));
#3715=CARTESIAN_POINT('',(1.1,-0.875,0.887016164637355));
#3716=VECTOR('',#5572,0.204696037995504);
#3717=DRAUGHTING_PRE_DEFINED_CURVE_FONT('continuous');
#3718=COLOUR_RGB('',1.0,1.0,1.0);
#3719=CARTESIAN_POINT('',(-0.15,-0.909241399581155,0.887016164647185));
#3720=VECTOR('',#5573,0.0342413995811548);
#3721=DRAUGHTING_PRE_DEFINED_CURVE_FONT('continuous');
#3722=COLOUR_RGB('',0.274509996175766,0.274509996175766,0.274509996175766);
#3723=CARTESIAN_POINT('',(1.4465275899393,0.874990732020468,1.09099811625426));
#3724=CARTESIAN_POINT('',(1.46710960651092,0.874666623154551,1.093115059181));
#3725=CARTESIAN_POINT('',(1.50776603910805,0.856581073406699,1.09455298043406));
#3726=CARTESIAN_POINT('',(1.52484590287689,0.813800464115497,1.09242118328287));
#3727=CARTESIAN_POINT('',(1.52499721092145,0.792168924225239,1.0909642568838));
#3728=DRAUGHTING_PRE_DEFINED_CURVE_FONT('continuous');
#3729=COLOUR_RGB('',0.274509996175766,0.274509996175766,0.274509996175766);
#3730=CARTESIAN_POINT('',(-1.49775773129154,0.751197342185578,1.36324619940073));
#3731=VECTOR('',#5574,1.50239468437083);
#3732=DRAUGHTING_PRE_DEFINED_CURVE_FONT('continuous');
#3733=COLOUR_RGB('',1.0,1.0,1.0);
#3734=CARTESIAN_POINT('',(0.15,-0.875,1.09171220264269));
#3735=VECTOR('',#5575,0.0342413995811548);
#3736=SURFACE_SIDE_STYLE('',(#5576));
#3737=EDGE_LOOP('',(#5577,#5578,#5579,#5580));
#3738=CARTESIAN_POINT('',(0.15,-1.26433059460664,0.0210404885149503));
#3739=CARTESIAN_POINT('',(0.15,-1.20288971660066,0.0267903494064413));
#3740=CARTESIAN_POINT('',(0.15,-1.08360323471278,0.100469868878134));
#3741=CARTESIAN_POINT('',(0.15,-1.0305996868797,0.261258929153178));
#3742=CARTESIAN_POINT('',(0.15,-1.02737318108351,0.343514564927128));
#3743=CARTESIAN_POINT('',(0.0500000000000316,-1.26433059460664,0.0210404885149503));
#3744=CARTESIAN_POINT('',(0.0500000000000316,-1.20288971660066,0.0267903494064413));
#3745=CARTESIAN_POINT('',(0.0500000000000316,-1.08360323471278,0.100469868878134));
#3746=CARTESIAN_POINT('',(0.0500000000000316,-1.0305996868797,0.261258929153178));
#3747=CARTESIAN_POINT('',(0.0500000000000316,-1.02737318108351,0.343514564927128));
#3748=CARTESIAN_POINT('',(-0.050000000000032,-1.26433059460664,0.0210404885149503));
#3749=CARTESIAN_POINT('',(-0.050000000000032,-1.20288971660066,0.0267903494064413));
#3750=CARTESIAN_POINT('',(-0.050000000000032,-1.08360323471278,0.100469868878134));
#3751=CARTESIAN_POINT('',(-0.050000000000032,-1.0305996868797,0.261258929153178));
#3752=CARTESIAN_POINT('',(-0.050000000000032,-1.02737318108351,0.343514564927128));
#3753=CARTESIAN_POINT('',(-0.15,-1.26433059460664,0.0210404885149503));
#3754=CARTESIAN_POINT('',(-0.15,-1.20288971660066,0.0267903494064413));
#3755=CARTESIAN_POINT('',(-0.15,-1.08360323471278,0.100469868878134));
#3756=CARTESIAN_POINT('',(-0.15,-1.0305996868797,0.261258929153178));
#3757=CARTESIAN_POINT('',(-0.15,-1.02737318108351,0.343514564927128));
#3758=DRAUGHTING_PRE_DEFINED_CURVE_FONT('continuous');
#3759=COLOUR_RGB('',1.0,1.0,1.0);
#3760=CARTESIAN_POINT('',(0.8,-0.875,0.887016164637355));
#3761=VECTOR('',#5581,0.299999999999999);
#3762=DRAUGHTING_PRE_DEFINED_CURVE_FONT('continuous');
#3763=COLOUR_RGB('',1.0,1.0,1.0);
#3764=CARTESIAN_POINT('',(-1.1,-0.875,1.09171220263286));
#3765=VECTOR('',#5582,0.0342413995811548);
#3766=DRAUGHTING_PRE_DEFINED_CURVE_FONT('continuous');
#3767=COLOUR_RGB('',1.0,1.0,1.0);
#3768=CARTESIAN_POINT('',(-1.1,-0.909241399581155,0.887016164637355));
#3769=VECTOR('',#5583,0.0342413995811548);
#3770=SURFACE_SIDE_STYLE('',(#5584));
#3771=EDGE_LOOP('',(#5585,#5586,#5587,#5588));
#3772=AXIS2_PLACEMENT_3D('',#5589,#5590,#5591);
#3773=DRAUGHTING_PRE_DEFINED_CURVE_FONT('continuous');
#3774=COLOUR_RGB('',0.274509996175766,0.274509996175766,0.274509996175766);
#3775=CARTESIAN_POINT('',(1.41878558096538,-0.751197342185534,1.44899842917012));
#3776=CARTESIAN_POINT('',(-1.4187855809654,-0.751197342185534,1.44899842917012));
#3777=VECTOR('',#5592,2.83757116193078);
#3778=SURFACE_SIDE_STYLE('',(#5593));
#3779=EDGE_LOOP('',(#5594,#5595,#5596,#5597));
#3780=CARTESIAN_POINT('',(1.52498658656785,0.790136552702502,1.09611985852032));
#3781=CARTESIAN_POINT('',(1.52537506032976,0.812352425918524,1.09611985852032));
#3782=CARTESIAN_POINT('',(1.50823671470613,0.856937634739352,1.09611985852032));
#3783=CARTESIAN_POINT('',(1.46580093359589,0.87523084825308,1.09611985852032));
#3784=CARTESIAN_POINT('',(1.44458723954667,0.874995271992953,1.09611985852032));
#3785=CARTESIAN_POINT('',(1.52498658656785,0.790136552702502,1.02756294426029));
#3786=CARTESIAN_POINT('',(1.52537506032976,0.812352425918524,1.02756294426029));
#3787=CARTESIAN_POINT('',(1.50823671470613,0.856937634739352,1.02756294426029));
#3788=CARTESIAN_POINT('',(1.46580093359589,0.87523084825308,1.02756294426029));
#3789=CARTESIAN_POINT('',(1.44458723954667,0.874995271992953,1.02756294426029));
#3790=CARTESIAN_POINT('',(1.52498658656785,0.790136552702502,0.959006030000173));
#3791=CARTESIAN_POINT('',(1.52537506032976,0.812352425918524,0.959006030000173));
#3792=CARTESIAN_POINT('',(1.50823671470613,0.856937634739352,0.959006030000173));
#3793=CARTESIAN_POINT('',(1.46580093359589,0.87523084825308,0.959006030000173));
#3794=CARTESIAN_POINT('',(1.44458723954667,0.874995271992953,0.959006030000173));
#3795=CARTESIAN_POINT('',(1.52498658656785,0.790136552702502,0.890449115740146));
#3796=CARTESIAN_POINT('',(1.52537506032976,0.812352425918524,0.890449115740146));
#3797=CARTESIAN_POINT('',(1.50823671470613,0.856937634739352,0.890449115740146));
#3798=CARTESIAN_POINT('',(1.46580093359589,0.87523084825308,0.890449115740146));
#3799=CARTESIAN_POINT('',(1.44458723954667,0.874995271992953,0.890449115740146));
#3800=SURFACE_SIDE_STYLE('',(#5598));
#3801=EDGE_LOOP('',(#5599,#5600,#5601,#5602));
#3802=CARTESIAN_POINT('',(1.49776367167564,0.750875902546156,1.36318067661283));
#3803=CARTESIAN_POINT('',(1.4974090104639,0.772183331828106,1.36752991234024));
#3804=CARTESIAN_POINT('',(1.4798967868641,0.814703684945544,1.37367669692354));
#3805=CARTESIAN_POINT('',(1.43898008561357,0.832902266662306,1.37127095346586));
#3806=CARTESIAN_POINT('',(1.41847626439735,0.833270828142463,1.36825722820257));
#3807=CARTESIAN_POINT('',(1.50705887985338,0.764856625528233,1.27026726903453));
#3808=CARTESIAN_POINT('',(1.50670421303245,0.786164057614773,1.27461650195293));
#3809=CARTESIAN_POINT('',(1.4891920006467,0.828684406526945,1.28076329074878));
#3810=CARTESIAN_POINT('',(1.44827528818212,0.846882989645463,1.27835754588728));
#3811=CARTESIAN_POINT('',(1.42777147257508,0.84725155112562,1.27534382062399));
#3812=CARTESIAN_POINT('',(1.51635408803021,0.778837348512297,1.17735386145549));
#3813=CARTESIAN_POINT('',(1.51599943803568,0.800144780598838,1.1817030971829));
#3814=CARTESIAN_POINT('',(1.49848720041897,0.842665130909922,1.18784988246961));
#3815=CARTESIAN_POINT('',(1.45757049635895,0.860863709823063,1.18544413690385));
#3816=CARTESIAN_POINT('',(1.43706668075191,0.861232274107524,1.1824304130455));
#3817=CARTESIAN_POINT('',(1.52564929620794,0.792818071494374,1.08444045387718));
#3818=CARTESIAN_POINT('',(1.52529463499504,0.814125500776322,1.08878968960459));
#3819=CARTESIAN_POINT('',(1.50778241139697,0.856645853893619,1.0949364741881));
#3820=CARTESIAN_POINT('',(1.46686571014586,0.874844435610812,1.09253073072977));
#3821=CARTESIAN_POINT('',(1.44636188892964,0.875212997090681,1.08951700546692));
#3822=SURFACE_SIDE_STYLE('',(#5603));
#3823=EDGE_LOOP('',(#5604,#5605,#5606,#5607));
#3824=CARTESIAN_POINT('',(-1.49776367167566,-0.750875902546112,1.36318067661283));
#3825=CARTESIAN_POINT('',(-1.49740901046392,-0.77218333182806,1.36752991234024));
#3826=CARTESIAN_POINT('',(-1.47989678686383,-0.8147036849455,1.37367669692354));
#3827=CARTESIAN_POINT('',(-1.43898008561417,-0.832902266662261,1.37127095346586));
#3828=CARTESIAN_POINT('',(-1.41847626439737,-0.833270828142419,1.36825722820257));
#3829=CARTESIAN_POINT('',(-1.5070588798534,-0.764856625528187,1.27026726903453));
#3830=CARTESIAN_POINT('',(-1.50670421303247,-0.786164057614729,1.27461650195293));
#3831=CARTESIAN_POINT('',(-1.48919200064643,-0.828684406526901,1.28076329074864));
#3832=CARTESIAN_POINT('',(-1.44827528818271,-0.846882989645418,1.27835754588755));
#3833=CARTESIAN_POINT('',(-1.4277714725751,-0.847251551125576,1.27534382062426));
#3834=CARTESIAN_POINT('',(-1.51635408803023,-0.778837348512253,1.17735386145549));
#3835=CARTESIAN_POINT('',(-1.5159994380357,-0.800144780598794,1.1817030971829));
#3836=CARTESIAN_POINT('',(-1.49848719761411,-0.842665130909876,1.1878498817675));
#3837=CARTESIAN_POINT('',(-1.45757050196873,-0.860863709823019,1.18544413830809));
#3838=CARTESIAN_POINT('',(-1.43706668075193,-0.86123227410748,1.18243041304523));
#3839=CARTESIAN_POINT('',(-1.52564929620796,-0.792818071494328,1.08444045387718));
#3840=CARTESIAN_POINT('',(-1.52529463499506,-0.814125500776278,1.08878968960459));
#3841=CARTESIAN_POINT('',(-1.5077824113967,-0.856645853893574,1.0949364741881));
#3842=CARTESIAN_POINT('',(-1.46686571014646,-0.874844435610767,1.09253073072977));
#3843=CARTESIAN_POINT('',(-1.44636188892966,-0.875212997090635,1.08951700546692));
#3844=SURFACE_SIDE_STYLE('',(#5608));
#3845=EDGE_LOOP('',(#5609,#5610,#5611,#5612));
#3846=CARTESIAN_POINT('',(1.45868615055348,-0.69210024230997,0.232774105180935));
#3847=CARTESIAN_POINT('',(1.45833148934116,-0.713407671592198,0.228424869453531));
#3848=CARTESIAN_POINT('',(1.4408192657425,-0.755928024709182,0.222278084870096));
#3849=CARTESIAN_POINT('',(1.39990256449084,-0.774126606426095,0.224683828328204));
#3850=CARTESIAN_POINT('',(1.37939874327521,-0.774495167906252,0.227697553591202));
#3851=CARTESIAN_POINT('',(1.4810071990979,-0.725672852036505,0.455891720413416));
#3852=CARTESIAN_POINT('',(1.48065256482481,-0.746980281318734,0.451542477940625));
#3853=CARTESIAN_POINT('',(1.46314030081991,-0.789500634440256,0.44539570347324));
#3854=CARTESIAN_POINT('',(1.42222361304046,-0.807699216153926,0.447801443560848));
#3855=CARTESIAN_POINT('',(1.40171979182482,-0.808067777634083,0.450815168823845));
#3856=CARTESIAN_POINT('',(1.50332824766351,-0.759245461767815,0.679009335648117));
#3857=CARTESIAN_POINT('',(1.50297355951311,-0.780552891050043,0.67466009907754));
#3858=CARTESIAN_POINT('',(1.48546137631898,-0.823073240795082,0.668513315760858));
#3859=CARTESIAN_POINT('',(1.44454466159569,-0.84127183261745,0.670919058795295));
#3860=CARTESIAN_POINT('',(1.42404084038005,-0.8416403873628,0.673932784058222));
#3861=CARTESIAN_POINT('',(1.52564929620794,-0.79281807149435,0.902126950880599));
#3862=CARTESIAN_POINT('',(1.52529463499677,-0.814125500776578,0.897777715153194));
#3863=CARTESIAN_POINT('',(1.50778241139638,-0.856645853893561,0.891630930569723));
#3864=CARTESIAN_POINT('',(1.4668657101453,-0.874844435610475,0.894036674027939));
#3865=CARTESIAN_POINT('',(1.44636188892966,-0.875212997090631,0.897050399290866));
#3866=SURFACE_SIDE_STYLE('',(#5613));
#3867=EDGE_LOOP('',(#5614,#5615,#5616,#5617));
#3868=AXIS2_PLACEMENT_3D('',#5618,#5619,#5620);
#3869=DRAUGHTING_PRE_DEFINED_CURVE_FONT('continuous');
#3870=COLOUR_RGB('',0.274509996175766,0.274509996175766,0.274509996175766);
#3871=AXIS2_PLACEMENT_3D('',#5621,#5622,#5623);
#3872=DRAUGHTING_PRE_DEFINED_CURVE_FONT('continuous');
#3873=COLOUR_RGB('',0.274509996175766,0.274509996175766,0.274509996175766);
#3874=AXIS2_PLACEMENT_3D('',#5624,#5625,#5626);
#3875=DRAUGHTING_PRE_DEFINED_CURVE_FONT('continuous');
#3876=COLOUR_RGB('',1.0,1.0,1.0);
#3877=CARTESIAN_POINT('',(-0.15,-1.01114237251531,0.757694114575213));
#3878=VECTOR('',#5627,0.299999999999999);
#3879=DRAUGHTING_PRE_DEFINED_CURVE_FONT('continuous');
#3880=COLOUR_RGB('',1.0,1.0,1.0);
#3881=CARTESIAN_POINT('',(-0.15,-1.5,0.204197408734938));
#3882=VECTOR('',#5628,0.299999999999999);
#3883=DRAUGHTING_PRE_DEFINED_CURVE_FONT('continuous');
#3884=COLOUR_RGB('',1.0,1.0,1.0);
#3885=CARTESIAN_POINT('',(0.15,-0.875,0.887016164647185));
#3886=VECTOR('',#5629,0.204696037995504);
#3887=DRAUGHTING_PRE_DEFINED_CURVE_FONT('continuous');
#3888=COLOUR_RGB('',1.0,1.0,1.0);
#3889=CARTESIAN_POINT('',(-0.8,1.48932298871275,9.83368941831481E-012));
#3890=CARTESIAN_POINT('',(-0.8,1.48932298871275,9.83368941831481E-012));
#3891=VECTOR('',#5630,0.225974068340941);
#3892=DRAUGHTING_PRE_DEFINED_CURVE_FONT('continuous');
#3893=COLOUR_RGB('',1.0,1.0,1.0);
#3894=CARTESIAN_POINT('',(-1.1,0.909241399581155,0.887016164657018));
#3895=VECTOR('',#5631,0.0342413995811548);
#3896=SURFACE_SIDE_STYLE('',(#5632));
#3897=SURFACE_SIDE_STYLE('',(#5633));
#3898=EDGE_LOOP('',(#5634,#5635,#5636,#5637));
#3899=CARTESIAN_POINT('',(0.8,-1.18022464048475,0.354227527804912));
#3900=CARTESIAN_POINT('',(0.8,-1.18151524280319,0.321325273495346));
#3901=CARTESIAN_POINT('',(0.8,-1.20271666193653,0.257009649385522));
#3902=CARTESIAN_POINT('',(0.8,-1.25043125469152,0.227537841596224));
#3903=CARTESIAN_POINT('',(0.8,-1.27500760589401,0.225237897240055));
#3904=CARTESIAN_POINT('',(0.900000000000187,-1.18022464048475,0.354227527804912));
#3905=CARTESIAN_POINT('',(0.900000000000187,-1.18151524280319,0.321325273495346));
#3906=CARTESIAN_POINT('',(0.900000000000187,-1.20271666193653,0.257009649385522));
#3907=CARTESIAN_POINT('',(0.900000000000187,-1.25043125469152,0.227537841596224));
#3908=CARTESIAN_POINT('',(0.900000000000187,-1.27500760589401,0.225237897240055));
#3909=CARTESIAN_POINT('',(0.999999999999813,-1.18022464048475,0.354227527804912));
#3910=CARTESIAN_POINT('',(0.999999999999813,-1.18151524280319,0.321325273495346));
#3911=CARTESIAN_POINT('',(0.999999999999813,-1.20271666193653,0.257009649385522));
#3912=CARTESIAN_POINT('',(0.999999999999813,-1.25043125469152,0.227537841596224));
#3913=CARTESIAN_POINT('',(0.999999999999813,-1.27500760589401,0.225237897240055));
#3914=CARTESIAN_POINT('',(1.1,-1.18022464048475,0.354227527804912));
#3915=CARTESIAN_POINT('',(1.1,-1.18151524280319,0.321325273495346));
#3916=CARTESIAN_POINT('',(1.1,-1.20271666193653,0.257009649385522));
#3917=CARTESIAN_POINT('',(1.1,-1.25043125469152,0.227537841596224));
#3918=CARTESIAN_POINT('',(1.1,-1.27500760589401,0.225237897240055));
#3919=DRAUGHTING_PRE_DEFINED_CURVE_FONT('continuous');
#3920=COLOUR_RGB('',1.0,1.0,1.0);
#3921=CARTESIAN_POINT('',(1.1,1.26433059460664,0.0210404885051288));
#3922=VECTOR('',#5638,0.299999999999999);
#3923=SURFACE_SIDE_STYLE('',(#5639));
#3924=EDGE_LOOP('',(#5640,#5641,#5642,#5643));
#3925=AXIS2_PLACEMENT_3D('',#5644,#5645,#5646);
#3926=SURFACE_SIDE_STYLE('',(#5647));
#3927=EDGE_LOOP('',(#5648,#5649,#5650,#5651));
#3928=CARTESIAN_POINT('',(1.44458723954731,-0.874995271992915,1.09611828901835));
#3929=CARTESIAN_POINT('',(1.4658009335975,-0.875230848253336,1.09611828901835));
#3930=CARTESIAN_POINT('',(1.50823671470561,-0.85693763473849,1.09611828901835));
#3931=CARTESIAN_POINT('',(1.52537506032918,-0.812352425919814,1.09611828901835));
#3932=CARTESIAN_POINT('',(1.52498658656786,-0.790136552703127,1.09611828901835));
#3933=CARTESIAN_POINT('',(1.44458723954731,-0.874995271992915,1.02756137475831));
#3934=CARTESIAN_POINT('',(1.4658009335975,-0.875230848253336,1.02756137475831));
#3935=CARTESIAN_POINT('',(1.50823671470561,-0.85693763473849,1.02756137475831));
#3936=CARTESIAN_POINT('',(1.52537506032918,-0.812352425919814,1.02756137475831));
#3937=CARTESIAN_POINT('',(1.52498658656786,-0.790136552703127,1.02756137475831));
#3938=CARTESIAN_POINT('',(1.44458723954731,-0.874995271992915,0.959004460498329));
#3939=CARTESIAN_POINT('',(1.4658009335975,-0.875230848253336,0.959004460498329));
#3940=CARTESIAN_POINT('',(1.50823671470561,-0.85693763473849,0.959004460498329));
#3941=CARTESIAN_POINT('',(1.52537506032918,-0.812352425919814,0.959004460498329));
#3942=CARTESIAN_POINT('',(1.52498658656786,-0.790136552703127,0.959004460498329));
#3943=CARTESIAN_POINT('',(1.44458723954731,-0.874995271992915,0.890447546238288));
#3944=CARTESIAN_POINT('',(1.4658009335975,-0.875230848253336,0.890447546238288));
#3945=CARTESIAN_POINT('',(1.50823671470561,-0.85693763473849,0.890447546238288));
#3946=CARTESIAN_POINT('',(1.52537506032918,-0.812352425919814,0.890447546238288));
#3947=CARTESIAN_POINT('',(1.52498658656786,-0.790136552703127,0.890447546238288));
#3948=DRAUGHTING_PRE_DEFINED_CURVE_FONT('continuous');
#3949=COLOUR_RGB('',0.274509996175766,0.274509996175766,0.274509996175766);
#3950=AXIS2_PLACEMENT_3D('',#5652,#5653,#5654);
#3951=DRAUGHTING_PRE_DEFINED_CURVE_FONT('continuous');
#3952=COLOUR_RGB('',0.274509996175766,0.274509996175766,0.274509996175766);
#3953=AXIS2_PLACEMENT_3D('',#5655,#5656,#5657);
#3954=DRAUGHTING_PRE_DEFINED_CURVE_FONT('continuous');
#3955=COLOUR_RGB('',1.0,1.0,1.0);
#3956=CARTESIAN_POINT('',(0.8,-1.16399383191654,0.7684070774531));
#3957=AXIS2_PLACEMENT_3D('',#5658,#5659,#5660);
#3958=DRAUGHTING_PRE_DEFINED_CURVE_FONT('continuous');
#3959=COLOUR_RGB('',1.0,1.0,1.0);
#3960=CARTESIAN_POINT('',(0.15,-1.16399383191654,0.76840707746293));
#3961=CARTESIAN_POINT('',(-0.15,-1.16399383191654,0.76840707746293));
#3962=VECTOR('',#5661,0.299999999999999);
#3963=DRAUGHTING_PRE_DEFINED_CURVE_FONT('continuous');
#3964=COLOUR_RGB('',0.274509996175766,0.274509996175766,0.274509996175766);
#3965=CARTESIAN_POINT('',(1.44543478260869,-0.874999999999978,0.895630546637931));
#3966=VECTOR('',#5662,2.89086956521739);
#3967=SURFACE_SIDE_STYLE('',(#5663));
#3968=EDGE_LOOP('',(#5664,#5665,#5666));
#3969=CARTESIAN_POINT('',(1.37896290449693,0.774658411745655,0.228845975041515));
#3970=CARTESIAN_POINT('',(1.37881128896473,0.771474520425461,0.206054960885656));
#3971=CARTESIAN_POINT('',(1.37863929365734,0.750724761703264,0.163348935980783));
#3972=CARTESIAN_POINT('',(1.37881037811252,0.711259397146518,0.14672799695895));
#3973=CARTESIAN_POINT('',(1.37896164738627,0.691552605602267,0.146965960608593));
#3974=CARTESIAN_POINT('',(1.3940575840187,0.774783462850132,0.228671335922808));
#3975=CARTESIAN_POINT('',(1.39697725608363,0.771625015504662,0.205844786947055));
#3976=CARTESIAN_POINT('',(1.4002893896176,0.750904120961249,0.163098454518445));
#3977=CARTESIAN_POINT('',(1.39699479591472,0.711410044704315,0.146517610014353));
#3978=CARTESIAN_POINT('',(1.39408179231319,0.691677867674213,0.146791026865765));
#3979=CARTESIAN_POINT('',(1.42429541738988,0.767029776430511,0.239499684586859));
#3980=CARTESIAN_POINT('',(1.43336753502603,0.762293700013307,0.2188763639085));
#3981=CARTESIAN_POINT('',(1.44365909951237,0.739783113404517,0.178629406238115));
#3982=CARTESIAN_POINT('',(1.43342203689705,0.702069250890822,0.159562422354306));
#3983=CARTESIAN_POINT('',(1.42437063827174,0.683911100435417,0.157637643442234));
#3984=CARTESIAN_POINT('',(1.43859358758608,0.747488332289415,0.266790131879529));
#3985=CARTESIAN_POINT('',(1.45057492843478,0.738776187987404,0.251719552760753));
#3986=CARTESIAN_POINT('',(1.46416677215929,0.711755086565278,0.217771724449471));
#3987=CARTESIAN_POINT('',(1.45064690887533,0.678527855067558,0.192438970673573));
#3988=CARTESIAN_POINT('',(1.43869293012517,0.664336688996878,0.184974130949324));
#3989=CARTESIAN_POINT('',(1.43982219849919,0.737359097873376,0.28093603306942));
#3990=CARTESIAN_POINT('',(1.45205352342582,0.726585976503616,0.268743697351382));
#3991=CARTESIAN_POINT('',(1.46592895187401,0.697226862771106,0.238060998226528));
#3992=CARTESIAN_POINT('',(1.45212700484356,0.666325259849119,0.209480406487209));
#3993=CARTESIAN_POINT('',(1.43992361376065,0.654190366106278,0.199143896912266));
#3994=DRAUGHTING_PRE_DEFINED_CURVE_FONT('continuous');
#3995=COLOUR_RGB('',1.0,1.0,1.0);
#3996=CARTESIAN_POINT('',(1.1,1.48932298871275,-9.82924852621636E-012));
#3997=VECTOR('',#5667,0.225974068340941);
#3998=DRAUGHTING_PRE_DEFINED_CURVE_FONT('continuous');
#3999=COLOUR_RGB('',0.274509996175766,0.274509996175766,0.274509996175766);
#4000=CARTESIAN_POINT('',(1.49775773129152,-0.751197342185534,1.36324619940073));
#4001=VECTOR('',#5668,1.50239468437083);
#4002=DRAUGHTING_PRE_DEFINED_CURVE_FONT('continuous');
#4003=COLOUR_RGB('',1.0,1.0,1.0);
#4004=CARTESIAN_POINT('',(-0.8,-0.875,0.887016164637355));
#4005=VECTOR('',#5669,0.204696037995504);
#4006=DRAUGHTING_PRE_DEFINED_CURVE_FONT('continuous');
#4007=COLOUR_RGB('',0.274509996175766,0.274509996175766,0.274509996175766);
#4008=AXIS2_PLACEMENT_3D('',#5670,#5671,#5672);
#4009=DRAUGHTING_PRE_DEFINED_CURVE_FONT('continuous');
#4010=COLOUR_RGB('',1.0,1.0,1.0);
#4011=CARTESIAN_POINT('',(-0.8,0.909241399581155,0.887016164657018));
#4012=AXIS2_PLACEMENT_3D('',#5673,#5674,#5675);
#4013=SURFACE_SIDE_STYLE('',(#5676));
#4014=EDGE_LOOP('',(#5677,#5678,#5679,#5680));
#4015=CARTESIAN_POINT('',(-1.44458723954659,0.874995271992951,1.09611985852043));
#4016=CARTESIAN_POINT('',(-1.46580093359584,0.87523084825308,1.09611985852043));
#4017=CARTESIAN_POINT('',(-1.50823671470618,0.856937634739239,1.09611985852043));
#4018=CARTESIAN_POINT('',(-1.52537506032978,0.812352425918754,1.09611985852043));
#4019=CARTESIAN_POINT('',(-1.52498658656787,0.790136552702404,1.09611985852043));
#4020=CARTESIAN_POINT('',(-1.44458723954659,0.874995271992951,1.02756294426043));
#4021=CARTESIAN_POINT('',(-1.46580093359584,0.87523084825308,1.02756294426043));
#4022=CARTESIAN_POINT('',(-1.50823671470618,0.856937634739239,1.02756294426043));
#4023=CARTESIAN_POINT('',(-1.52537506032978,0.812352425918754,1.02756294426043));
#4024=CARTESIAN_POINT('',(-1.52498658656787,0.790136552702404,1.02756294426043));
#4025=CARTESIAN_POINT('',(-1.44458723954659,0.874995271992951,0.959006030000923));
#4026=CARTESIAN_POINT('',(-1.46580093359584,0.87523084825308,0.959006030000923));
#4027=CARTESIAN_POINT('',(-1.50823671470618,0.856937634739239,0.959006030000923));
#4028=CARTESIAN_POINT('',(-1.52537506032978,0.812352425918754,0.959006030000923));
#4029=CARTESIAN_POINT('',(-1.52498658656787,0.790136552702404,0.959006030000923));
#4030=CARTESIAN_POINT('',(-1.44458723954659,0.874995271992951,0.89044911574092));
#4031=CARTESIAN_POINT('',(-1.46580093359584,0.87523084825308,0.89044911574092));
#4032=CARTESIAN_POINT('',(-1.50823671470618,0.856937634739239,0.89044911574092));
#4033=CARTESIAN_POINT('',(-1.52537506032978,0.812352425918754,0.89044911574092));
#4034=CARTESIAN_POINT('',(-1.52498658656787,0.790136552702404,0.89044911574092));
#4035=DRAUGHTING_PRE_DEFINED_CURVE_FONT('continuous');
#4036=COLOUR_RGB('',1.0,1.0,1.0);
#4037=CARTESIAN_POINT('',(-0.8,-0.909241399581155,1.09171220263286));
#4038=CARTESIAN_POINT('',(-0.8,-0.875,1.09171220263286));
#4039=VECTOR('',#5681,0.0342413995811548);
#4040=SURFACE_SIDE_STYLE('',(#5682));
#4041=EDGE_LOOP('',(#5683,#5684,#5685,#5686));
#4042=AXIS2_PLACEMENT_3D('',#5687,#5688,#5689);
#4043=SURFACE_SIDE_STYLE('',(#5690));
#4044=EDGE_LOOP('',(#5691,#5692,#5693,#5694));
#4045=CARTESIAN_POINT('',(1.1,-0.909241399581155,1.09171220263286));
#4046=CARTESIAN_POINT('',(1.1,-0.973800772315068,1.09170788571709));
#4047=CARTESIAN_POINT('',(1.1,-1.10247781120169,1.02287444832838));
#4048=CARTESIAN_POINT('',(1.1,-1.16061183186525,0.854626840252201));
#4049=CARTESIAN_POINT('',(1.1,-1.16399383191656,0.768407077453079));
#4050=CARTESIAN_POINT('',(1.00000000000003,-0.909241399581155,1.09171220263286));
#4051=CARTESIAN_POINT('',(1.00000000000003,-0.973800772315068,1.09170788571709));
#4052=CARTESIAN_POINT('',(1.00000000000003,-1.10247781120169,1.02287444832838));
#4053=CARTESIAN_POINT('',(1.00000000000003,-1.16061183186525,0.854626840252201));
#4054=CARTESIAN_POINT('',(1.00000000000003,-1.16399383191656,0.768407077453079));
#4055=CARTESIAN_POINT('',(0.899999999999968,-0.909241399581155,1.09171220263286));
#4056=CARTESIAN_POINT('',(0.899999999999968,-0.973800772315068,1.09170788571709));
#4057=CARTESIAN_POINT('',(0.899999999999968,-1.10247781120169,1.02287444832838));
#4058=CARTESIAN_POINT('',(0.899999999999968,-1.16061183186525,0.854626840252201));
#4059=CARTESIAN_POINT('',(0.899999999999968,-1.16399383191656,0.768407077453079));
#4060=CARTESIAN_POINT('',(0.8,-0.909241399581155,1.09171220263286));
#4061=CARTESIAN_POINT('',(0.8,-0.973800772315068,1.09170788571709));
#4062=CARTESIAN_POINT('',(0.8,-1.10247781120169,1.02287444832838));
#4063=CARTESIAN_POINT('',(0.8,-1.16061183186525,0.854626840252201));
#4064=CARTESIAN_POINT('',(0.8,-1.16399383191656,0.768407077453079));
#4065=SURFACE_SIDE_STYLE('',(#5695));
#4066=EDGE_LOOP('',(#5696,#5697,#5698,#5699));
#4067=CARTESIAN_POINT('',(1.37939965948767,0.7744951514792,0.227697418914303));
#4068=CARTESIAN_POINT('',(1.39990317621785,0.774126348378646,0.224683789462079));
#4069=CARTESIAN_POINT('',(1.44081908403632,0.755927835882301,0.222278151269273));
#4070=CARTESIAN_POINT('',(1.45833124102669,0.713408307293522,0.228424775521275));
#4071=CARTESIAN_POINT('',(1.45868613474599,0.692101194431618,0.232773910829408));
#4072=CARTESIAN_POINT('',(1.40172067139694,0.808067706086673,0.450814667845188));
#4073=CARTESIAN_POINT('',(1.42222420159651,0.807698902986117,0.447801031647688));
#4074=CARTESIAN_POINT('',(1.46314009595726,0.789500380397459,0.445395403571334));
#4075=CARTESIAN_POINT('',(1.48065223946397,0.746980882106381,0.451542024449886));
#4076=CARTESIAN_POINT('',(1.48100714665266,0.725673749040388,0.455891159758018));
#4077=CARTESIAN_POINT('',(1.42404168329621,0.841640260702828,0.673931916774398));
#4078=CARTESIAN_POINT('',(1.44454518655699,0.841271450867578,0.670918286478978));
#4079=CARTESIAN_POINT('',(1.48546112130258,0.823072945096057,0.668512649130901));
#4080=CARTESIAN_POINT('',(1.50297325136843,0.780553423250838,0.674659274226694));
#4081=CARTESIAN_POINT('',(1.50332815855712,0.759246303653951,0.679008408691776));
#4082=CARTESIAN_POINT('',(1.44636269520548,0.875212815310301,0.897049165705283));
#4083=CARTESIAN_POINT('',(1.46686621193565,0.874844012209747,0.894035536253021));
#4084=CARTESIAN_POINT('',(1.50778211975413,0.85664549971326,0.891629898060324));
#4085=CARTESIAN_POINT('',(1.52529427674449,0.814125971124912,0.897776522312145));
#4086=CARTESIAN_POINT('',(1.52564917046379,0.79281885826272,0.902125657620387));
#4087=SURFACE_SIDE_STYLE('',(#5700));
#4088=EDGE_LOOP('',(#5701,#5702,#5703,#5704,#5705,#5706,#5707,#5708,#5709,#5710,#5711,#5712,#5713));
#4089=AXIS2_PLACEMENT_3D('',#5714,#5715,#5716);
#4090=DRAUGHTING_PRE_DEFINED_CURVE_FONT('continuous');
#4091=COLOUR_RGB('',0.274509996175766,0.274509996175766,0.274509996175766);
#4092=CARTESIAN_POINT('',(1.41878558096538,-0.751197342185534,1.44899842917012));
#4093=VECTOR('',#5717,1.50239468437083);
#4094=DRAUGHTING_PRE_DEFINED_CURVE_FONT('continuous');
#4095=COLOUR_RGB('',0.274509996175766,0.274509996175766,0.274509996175766);
#4096=CARTESIAN_POINT('',(1.1625,-0.875,0.89563054663808));
#4097=VECTOR('',#5718,1.0);
#4098=SURFACE_SIDE_STYLE('',(#5719));
#4099=EDGE_LOOP('',(#5720,#5721,#5722,#5723,#5724,#5725,#5726,#5727));
#4100=AXIS2_PLACEMENT_3D('',#5728,#5729,#5730);
#4101=SURFACE_SIDE_STYLE('',(#5731));
#4102=EDGE_LOOP('',(#5732,#5733,#5734,#5735));
#4103=AXIS2_PLACEMENT_3D('',#5736,#5737,#5738);
#4104=SURFACE_SIDE_STYLE('',(#5739));
#4105=EDGE_LOOP('',(#5740,#5741,#5742,#5743));
#4106=AXIS2_PLACEMENT_3D('',#5744,#5745,#5746);
#4107=DRAUGHTING_PRE_DEFINED_CURVE_FONT('continuous');
#4108=COLOUR_RGB('',0.274509996175766,0.274509996175766,0.274509996175766);
#4109=CARTESIAN_POINT('',(-1.37970805984339,0.69242168194919,0.146956352623793));
#4110=AXIS2_PLACEMENT_3D('',#5747,#5748,#5749);
#4111=DRAUGHTING_PRE_DEFINED_CURVE_FONT('continuous');
#4112=COLOUR_RGB('',0.274509996175766,0.274509996175766,0.274509996175766);
#4113=AXIS2_PLACEMENT_3D('',#5750,#5751,#5752);
#4114=DRAUGHTING_PRE_DEFINED_CURVE_FONT('continuous');
#4115=COLOUR_RGB('',1.0,1.0,1.0);
#4116=CARTESIAN_POINT('',(1.1,0.875,0.887016164637355));
#4117=VECTOR('',#5753,0.204696037995504);
#4118=SURFACE_SIDE_STYLE('',(#5754));
#4119=EDGE_LOOP('',(#5755,#5756,#5757,#5758));
#4120=CARTESIAN_POINT('',(1.1,1.18022464048475,0.354227527804912));
#4121=CARTESIAN_POINT('',(1.1,1.18151524280319,0.321325273495346));
#4122=CARTESIAN_POINT('',(1.1,1.20271666193653,0.257009649385522));
#4123=CARTESIAN_POINT('',(1.1,1.25043125469152,0.227537841596224));
#4124=CARTESIAN_POINT('',(1.1,1.27500760589401,0.225237897240055));
#4125=CARTESIAN_POINT('',(0.999999999999813,1.18022464048475,0.354227527804912));
#4126=CARTESIAN_POINT('',(0.999999999999813,1.18151524280319,0.321325273495346));
#4127=CARTESIAN_POINT('',(0.999999999999813,1.20271666193653,0.257009649385522));
#4128=CARTESIAN_POINT('',(0.999999999999813,1.25043125469152,0.227537841596224));
#4129=CARTESIAN_POINT('',(0.999999999999813,1.27500760589401,0.225237897240055));
#4130=CARTESIAN_POINT('',(0.900000000000187,1.18022464048475,0.354227527804912));
#4131=CARTESIAN_POINT('',(0.900000000000187,1.18151524280319,0.321325273495346));
#4132=CARTESIAN_POINT('',(0.900000000000187,1.20271666193653,0.257009649385522));
#4133=CARTESIAN_POINT('',(0.900000000000187,1.25043125469152,0.227537841596224));
#4134=CARTESIAN_POINT('',(0.900000000000187,1.27500760589401,0.225237897240055));
#4135=CARTESIAN_POINT('',(0.8,1.18022464048475,0.354227527804912));
#4136=CARTESIAN_POINT('',(0.8,1.18151524280319,0.321325273495346));
#4137=CARTESIAN_POINT('',(0.8,1.20271666193653,0.257009649385522));
#4138=CARTESIAN_POINT('',(0.8,1.25043125469152,0.227537841596224));
#4139=CARTESIAN_POINT('',(0.8,1.27500760589401,0.225237897240055));
#4140=DRAUGHTING_PRE_DEFINED_CURVE_FONT('continuous');
#4141=COLOUR_RGB('',0.274509996175766,0.274509996175766,0.274509996175766);
#4142=AXIS2_PLACEMENT_3D('',#5759,#5760,#5761);
#4143=DRAUGHTING_PRE_DEFINED_CURVE_FONT('continuous');
#4144=COLOUR_RGB('',0.274509996175766,0.274509996175766,0.274509996175766);
#4145=CARTESIAN_POINT('',(-1.4187855809654,-0.833264654936366,1.368302565967));
#4146=VECTOR('',#5762,2.83757116193078);
#4147=DRAUGHTING_PRE_DEFINED_CURVE_FONT('continuous');
#4148=COLOUR_RGB('',0.274509996175766,0.274509996175766,0.274509996175766);
#4149=CARTESIAN_POINT('',(1.52499999999999,-0.791666666666645,0.895630546637931));
#4150=VECTOR('',#5763,1.58333333333333);
#4151=DRAUGHTING_PRE_DEFINED_CURVE_FONT('continuous');
#4152=COLOUR_RGB('',1.0,1.0,1.0);
#4153=AXIS2_PLACEMENT_3D('',#5764,#5765,#5766);
#4154=DRAUGHTING_PRE_DEFINED_CURVE_FONT('continuous');
#4155=COLOUR_RGB('',0.274509996175766,0.274509996175766,0.274509996175766);
#4156=AXIS2_PLACEMENT_3D('',#5767,#5768,#5769);
#4157=DRAUGHTING_PRE_DEFINED_CURVE_FONT('continuous');
#4158=COLOUR_RGB('',1.0,1.0,1.0);
#4159=CARTESIAN_POINT('',(-0.8,0.909241399581155,0.887016164657018));
#4160=VECTOR('',#5770,0.0342413995811548);
#4161=DRAUGHTING_PRE_DEFINED_CURVE_FONT('continuous');
#4162=COLOUR_RGB('',1.0,1.0,1.0);
#4163=AXIS2_PLACEMENT_3D('',#5771,#5772,#5773);
#4164=DRAUGHTING_PRE_DEFINED_CURVE_FONT('continuous');
#4165=COLOUR_RGB('',0.274509996175766,0.274509996175766,0.274509996175766);
#4166=AXIS2_PLACEMENT_3D('',#5774,#5775,#5776);
#4167=DRAUGHTING_PRE_DEFINED_CURVE_FONT('continuous');
#4168=COLOUR_RGB('',0.274509996175766,0.274509996175766,0.274509996175766);
#4169=CARTESIAN_POINT('',(-1.37970805984339,-0.692421681949144,0.146956352623793));
#4170=VECTOR('',#5777,1.38484336389861);
#4171=DRAUGHTING_PRE_DEFINED_CURVE_FONT('continuous');
#4172=COLOUR_RGB('',1.0,1.0,1.0);
#4173=AXIS2_PLACEMENT_3D('',#5778,#5779,#5780);
#4174=DRAUGHTING_PRE_DEFINED_CURVE_FONT('continuous');
#4175=COLOUR_RGB('',1.0,1.0,1.0);
#4176=CARTESIAN_POINT('',(1.1,1.27500760589401,0.225237897240065));
#4177=VECTOR('',#5781,0.225974068340941);
#4178=SURFACE_SIDE_STYLE('',(#5782));
#4179=EDGE_LOOP('',(#5783,#5784,#5785,#5786));
#4180=AXIS2_PLACEMENT_3D('',#5787,#5788,#5789);
#4181=DRAUGHTING_PRE_DEFINED_CURVE_FONT('continuous');
#4182=COLOUR_RGB('',1.0,1.0,1.0);
#4183=AXIS2_PLACEMENT_3D('',#5790,#5791,#5792);
#4184=DRAUGHTING_PRE_DEFINED_CURVE_FONT('continuous');
#4185=COLOUR_RGB('',1.0,1.0,1.0);
#4186=AXIS2_PLACEMENT_3D('',#5793,#5794,#5795);
#4187=SURFACE_SIDE_STYLE('',(#5796));
#4188=EDGE_LOOP('',(#5797,#5798,#5799,#5800));
#4189=CARTESIAN_POINT('',(0.8,1.26433059460664,0.0210404885051198));
#4190=CARTESIAN_POINT('',(0.8,1.20288971660066,0.0267903493966108));
#4191=CARTESIAN_POINT('',(0.8,1.08360323471278,0.100469868868304));
#4192=CARTESIAN_POINT('',(0.8,1.0305996868797,0.261258929143348));
#4193=CARTESIAN_POINT('',(0.8,1.02737318108351,0.343514564917298));
#4194=CARTESIAN_POINT('',(0.899999999999968,1.26433059460664,0.0210404885051198));
#4195=CARTESIAN_POINT('',(0.899999999999968,1.20288971660066,0.0267903493966108));
#4196=CARTESIAN_POINT('',(0.899999999999968,1.08360323471278,0.100469868868304));
#4197=CARTESIAN_POINT('',(0.899999999999968,1.0305996868797,0.261258929143348));
#4198=CARTESIAN_POINT('',(0.899999999999968,1.02737318108351,0.343514564917298));
#4199=CARTESIAN_POINT('',(1.00000000000003,1.26433059460664,0.0210404885051198));
#4200=CARTESIAN_POINT('',(1.00000000000003,1.20288971660066,0.0267903493966108));
#4201=CARTESIAN_POINT('',(1.00000000000003,1.08360323471278,0.100469868868304));
#4202=CARTESIAN_POINT('',(1.00000000000003,1.0305996868797,0.261258929143348));
#4203=CARTESIAN_POINT('',(1.00000000000003,1.02737318108351,0.343514564917298));
#4204=CARTESIAN_POINT('',(1.1,1.26433059460664,0.0210404885051198));
#4205=CARTESIAN_POINT('',(1.1,1.20288971660066,0.0267903493966108));
#4206=CARTESIAN_POINT('',(1.1,1.08360323471278,0.100469868868304));
#4207=CARTESIAN_POINT('',(1.1,1.0305996868797,0.261258929143348));
#4208=CARTESIAN_POINT('',(1.1,1.02737318108351,0.343514564917298));
#4209=DRAUGHTING_PRE_DEFINED_CURVE_FONT('continuous');
#4210=COLOUR_RGB('',0.274509996175766,0.274509996175766,0.274509996175766);
#4211=AXIS2_PLACEMENT_3D('',#5801,#5802,#5803);
#4212=SURFACE_SIDE_STYLE('',(#5804));
#4213=EDGE_LOOP('',(#5805,#5806,#5807,#5808));
#4214=AXIS2_PLACEMENT_3D('',#5809,#5810,#5811);
#4215=SURFACE_SIDE_STYLE('',(#5812));
#4216=EDGE_LOOP('',(#5813,#5814,#5815,#5816));
#4217=CARTESIAN_POINT('',(-0.15,-1.18022464048475,0.354227527814742));
#4218=CARTESIAN_POINT('',(-0.15,-1.18151524280319,0.321325273505176));
#4219=CARTESIAN_POINT('',(-0.15,-1.20271666193653,0.257009649395352));
#4220=CARTESIAN_POINT('',(-0.15,-1.25043125469152,0.227537841606054));
#4221=CARTESIAN_POINT('',(-0.15,-1.27500760589401,0.225237897249885));
#4222=CARTESIAN_POINT('',(-0.0499999999998134,-1.18022464048475,0.354227527814742));
#4223=CARTESIAN_POINT('',(-0.0499999999998134,-1.18151524280319,0.321325273505176));
#4224=CARTESIAN_POINT('',(-0.0499999999998134,-1.20271666193653,0.257009649395352));
#4225=CARTESIAN_POINT('',(-0.0499999999998134,-1.25043125469152,0.227537841606054));
#4226=CARTESIAN_POINT('',(-0.0499999999998134,-1.27500760589401,0.225237897249885));
#4227=CARTESIAN_POINT('',(0.049999999999813,-1.18022464048475,0.354227527814742));
#4228=CARTESIAN_POINT('',(0.049999999999813,-1.18151524280319,0.321325273505176));
#4229=CARTESIAN_POINT('',(0.049999999999813,-1.20271666193653,0.257009649395352));
#4230=CARTESIAN_POINT('',(0.049999999999813,-1.25043125469152,0.227537841606054));
#4231=CARTESIAN_POINT('',(0.049999999999813,-1.27500760589401,0.225237897249885));
#4232=CARTESIAN_POINT('',(0.15,-1.18022464048475,0.354227527814742));
#4233=CARTESIAN_POINT('',(0.15,-1.18151524280319,0.321325273505176));
#4234=CARTESIAN_POINT('',(0.15,-1.20271666193653,0.257009649395352));
#4235=CARTESIAN_POINT('',(0.15,-1.25043125469152,0.227537841606054));
#4236=CARTESIAN_POINT('',(0.15,-1.27500760589401,0.225237897249885));
#4237=SURFACE_SIDE_STYLE('',(#5817));
#4238=EDGE_LOOP('',(#5818,#5819,#5820,#5821));
#4239=AXIS2_PLACEMENT_3D('',#5822,#5823,#5824);
#4240=SURFACE_SIDE_STYLE('',(#5825));
#4241=EDGE_LOOP('',(#5826,#5827,#5828,#5829));
#4242=CARTESIAN_POINT('',(-1.1,1.26433059460664,0.0210404885247828));
#4243=CARTESIAN_POINT('',(-1.1,1.20288971660066,0.0267903494162737));
#4244=CARTESIAN_POINT('',(-1.1,1.08360323471278,0.100469868887967));
#4245=CARTESIAN_POINT('',(-1.1,1.0305996868797,0.26125892916301));
#4246=CARTESIAN_POINT('',(-1.1,1.02737318108351,0.343514564936961));
#4247=CARTESIAN_POINT('',(-1.00000000000003,1.26433059460664,0.0210404885247828));
#4248=CARTESIAN_POINT('',(-1.00000000000003,1.20288971660066,0.0267903494162737));
#4249=CARTESIAN_POINT('',(-1.00000000000003,1.08360323471278,0.100469868887967));
#4250=CARTESIAN_POINT('',(-1.00000000000003,1.0305996868797,0.26125892916301));
#4251=CARTESIAN_POINT('',(-1.00000000000003,1.02737318108351,0.343514564936961));
#4252=CARTESIAN_POINT('',(-0.899999999999968,1.26433059460664,0.0210404885247828));
#4253=CARTESIAN_POINT('',(-0.899999999999968,1.20288971660066,0.0267903494162737));
#4254=CARTESIAN_POINT('',(-0.899999999999968,1.08360323471278,0.100469868887967));
#4255=CARTESIAN_POINT('',(-0.899999999999968,1.0305996868797,0.26125892916301));
#4256=CARTESIAN_POINT('',(-0.899999999999968,1.02737318108351,0.343514564936961));
#4257=CARTESIAN_POINT('',(-0.8,1.26433059460664,0.0210404885247828));
#4258=CARTESIAN_POINT('',(-0.8,1.20288971660066,0.0267903494162737));
#4259=CARTESIAN_POINT('',(-0.8,1.08360323471278,0.100469868887967));
#4260=CARTESIAN_POINT('',(-0.8,1.0305996868797,0.26125892916301));
#4261=CARTESIAN_POINT('',(-0.8,1.02737318108351,0.343514564936961));
#4262=DRAUGHTING_PRE_DEFINED_CURVE_FONT('continuous');
#4263=COLOUR_RGB('',1.0,1.0,1.0);
#4264=AXIS2_PLACEMENT_3D('',#5830,#5831,#5832);
#4265=SURFACE_SIDE_STYLE('',(#5833));
#4266=EDGE_LOOP('',(#5834,#5835,#5836,#5837));
#4267=CARTESIAN_POINT('',(-1.45868613474596,0.692101194431654,0.232773910829406));
#4268=CARTESIAN_POINT('',(-1.45833124102551,0.713408307293552,0.228424775521275));
#4269=CARTESIAN_POINT('',(-1.44081908403716,0.755927835882455,0.222278151269425));
#4270=CARTESIAN_POINT('',(-1.39990317621726,0.774126348378374,0.2246837894618));
#4271=CARTESIAN_POINT('',(-1.37939965948767,0.774495151479216,0.227697418914313));
#4272=CARTESIAN_POINT('',(-1.48100714664485,0.725673749043017,0.455891159759306));
#4273=CARTESIAN_POINT('',(-1.4806522529244,0.746980855170218,0.4515420177059));
#4274=CARTESIAN_POINT('',(-1.46314010267723,0.789500393858571,0.445395403569122));
#4275=CARTESIAN_POINT('',(-1.42222417465454,0.807698902989737,0.447801038391539));
#4276=CARTESIAN_POINT('',(-1.40172067139434,0.808067706090579,0.450814667844051));
#4277=CARTESIAN_POINT('',(-1.50332815856492,0.759246303651373,0.679008408690453));
#4278=CARTESIAN_POINT('',(-1.50297323790684,0.780553423247967,0.674659275068497));
#4279=CARTESIAN_POINT('',(-1.48546112805314,0.823072938370073,0.668512648290082));
#4280=CARTESIAN_POINT('',(-1.44454518655904,0.841271464332789,0.670918287323298));
#4281=CARTESIAN_POINT('',(-1.42404168329884,0.841640260698935,0.673931916775522));
#4282=CARTESIAN_POINT('',(-1.52564917046381,0.792818858262736,0.902125657620353));
#4283=CARTESIAN_POINT('',(-1.52529427674451,0.814125971124634,0.897776522312077));
#4284=CARTESIAN_POINT('',(-1.50778211975443,0.856645499713538,0.891629898060299));
#4285=CARTESIAN_POINT('',(-1.46686621193511,0.874844012209457,0.894035536253035));
#4286=CARTESIAN_POINT('',(-1.44636269520552,0.875212815310298,0.89704916570526));
#4287=DRAUGHTING_PRE_DEFINED_CURVE_FONT('continuous');
#4288=COLOUR_RGB('',1.0,1.0,1.0);
#4289=CARTESIAN_POINT('',(1.1,-0.875,0.887016164637355));
#4290=VECTOR('',#5838,0.204696037995504);
#4291=DRAUGHTING_PRE_DEFINED_CURVE_FONT('continuous');
#4292=COLOUR_RGB('',0.274509996175766,0.274509996175766,0.274509996175766);
#4293=CARTESIAN_POINT('',(-1.44543478260871,-0.874999999999978,1.09093685811988));
#4294=VECTOR('',#5839,2.89086956521739);
#4295=DRAUGHTING_PRE_DEFINED_CURVE_FONT('continuous');
#4296=COLOUR_RGB('',0.274509996175766,0.274509996175766,0.274509996175766);
#4297=AXIS2_PLACEMENT_3D('',#5840,#5841,#5842);
#4298=DRAUGHTING_PRE_DEFINED_CURVE_FONT('continuous');
#4299=COLOUR_RGB('',1.0,1.0,1.0);
#4300=CARTESIAN_POINT('',(1.1,-1.5,0.204197408725108));
#4301=VECTOR('',#5843,0.204476356344914);
#4302=DRAUGHTING_PRE_DEFINED_CURVE_FONT('continuous');
#4303=COLOUR_RGB('',1.0,1.0,1.0);
#4304=CARTESIAN_POINT('',(0.15,-0.909241399581155,0.887016164647185));
#4305=VECTOR('',#5844,0.0342413995811548);
#4306=DRAUGHTING_PRE_DEFINED_CURVE_FONT('continuous');
#4307=COLOUR_RGB('',1.0,1.0,1.0);
#4308=CARTESIAN_POINT('',(0.15,-1.16399383191654,0.76840707746293));
#4309=VECTOR('',#5845,0.414497452939877);
#4310=SURFACE_SIDE_STYLE('',(#5846));
#4311=EDGE_LOOP('',(#5847,#5848,#5849,#5850,#5851,#5852,#5853,#5854,#5855,#5856,#5857,#5858,#5859));
#4312=AXIS2_PLACEMENT_3D('',#5860,#5861,#5862);
#4313=DRAUGHTING_PRE_DEFINED_CURVE_FONT('continuous');
#4314=COLOUR_RGB('',0.274509996175766,0.274509996175766,0.274509996175766);
#4315=AXIS2_PLACEMENT_3D('',#5863,#5864,#5865);
#4316=SURFACE_SIDE_STYLE('',(#5866));
#4317=EDGE_LOOP('',(#5867,#5868,#5869));
#4318=CARTESIAN_POINT('',(1.41803916850826,0.750328265838647,1.44898882118532));
#4319=CARTESIAN_POINT('',(1.41788789923399,0.770035057382906,1.44922678483469));
#4320=CARTESIAN_POINT('',(1.4177168147801,0.80950042193967,1.43260584581325));
#4321=CARTESIAN_POINT('',(1.41788881008568,0.830250180661853,1.38989982090822));
#4322=CARTESIAN_POINT('',(1.41804042561892,0.833434071982049,1.36710880675235));
#4323=CARTESIAN_POINT('',(1.43315931343408,0.750453527910316,1.44916375492815));
#4324=CARTESIAN_POINT('',(1.43607232229251,0.770185704940425,1.44943717112108));
#4325=CARTESIAN_POINT('',(1.43936690679703,0.809679780868928,1.43285632793423));
#4326=CARTESIAN_POINT('',(1.43605477983274,0.830400676398789,1.39010999418889));
#4327=CARTESIAN_POINT('',(1.43313510514014,0.833559123087082,1.36728344587135));
#4328=CARTESIAN_POINT('',(1.46344815939459,0.742686760671802,1.43831713835168));
#4329=CARTESIAN_POINT('',(1.47249955473453,0.760844911783735,1.43639235976845));
#4330=CARTESIAN_POINT('',(1.48273662359002,0.798558773642083,1.41732537539089));
#4331=CARTESIAN_POINT('',(1.47244505352356,0.821069359591994,1.37707841788525));
#4332=CARTESIAN_POINT('',(1.46337293851244,0.825805436666772,1.35645509720689));
#4333=CARTESIAN_POINT('',(1.47777045124662,0.723112349233531,1.41098065084458));
#4334=CARTESIAN_POINT('',(1.48972443131062,0.737303513990123,1.40351581112006));
#4335=CARTESIAN_POINT('',(1.50324429130949,0.77053074712914,1.37818305701599));
#4336=CARTESIAN_POINT('',(1.48965245218493,0.797551848880439,1.34423522969135));
#4337=CARTESIAN_POINT('',(1.47767110870751,0.806263992525536,1.32916464991435));
#4338=CARTESIAN_POINT('',(1.47900113488266,0.712966026342649,1.39681088488163));
#4339=CARTESIAN_POINT('',(1.49120452596505,0.725100920085755,1.38647437530642));
#4340=CARTESIAN_POINT('',(1.50500647299629,0.756002523007485,1.35789378356747));
#4341=CARTESIAN_POINT('',(1.49113104454782,0.785361636739744,1.32721108444249));
#4342=CARTESIAN_POINT('',(1.47889971962118,0.79613475810977,1.31501874872445));
#4343=DRAUGHTING_PRE_DEFINED_CURVE_FONT('continuous');
#4344=COLOUR_RGB('',1.0,1.0,1.0);
#4345=CARTESIAN_POINT('',(-0.8,1.01114237251531,0.757694114585046));
#4346=VECTOR('',#5870,0.414497452939877);
#4347=SURFACE_SIDE_STYLE('',(#5871));
#4348=EDGE_LOOP('',(#5872,#5873,#5874,#5875));
#4349=CARTESIAN_POINT('',(0.8,0.909241399581155,1.09171220263286));
#4350=CARTESIAN_POINT('',(0.8,0.973800772315068,1.09170788571709));
#4351=CARTESIAN_POINT('',(0.8,1.10247781120169,1.02287444832838));
#4352=CARTESIAN_POINT('',(0.8,1.16061183186525,0.854626840252201));
#4353=CARTESIAN_POINT('',(0.8,1.16399383191656,0.768407077453079));
#4354=CARTESIAN_POINT('',(0.899999999999968,0.909241399581155,1.09171220263286));
#4355=CARTESIAN_POINT('',(0.899999999999968,0.973800772315068,1.09170788571709));
#4356=CARTESIAN_POINT('',(0.899999999999968,1.10247781120169,1.02287444832838));
#4357=CARTESIAN_POINT('',(0.899999999999968,1.16061183186525,0.854626840252201));
#4358=CARTESIAN_POINT('',(0.899999999999968,1.16399383191656,0.768407077453079));
#4359=CARTESIAN_POINT('',(1.00000000000003,0.909241399581155,1.09171220263286));
#4360=CARTESIAN_POINT('',(1.00000000000003,0.973800772315068,1.09170788571709));
#4361=CARTESIAN_POINT('',(1.00000000000003,1.10247781120169,1.02287444832838));
#4362=CARTESIAN_POINT('',(1.00000000000003,1.16061183186525,0.854626840252201));
#4363=CARTESIAN_POINT('',(1.00000000000003,1.16399383191656,0.768407077453079));
#4364=CARTESIAN_POINT('',(1.1,0.909241399581155,1.09171220263286));
#4365=CARTESIAN_POINT('',(1.1,0.973800772315068,1.09170788571709));
#4366=CARTESIAN_POINT('',(1.1,1.10247781120169,1.02287444832838));
#4367=CARTESIAN_POINT('',(1.1,1.16061183186525,0.854626840252201));
#4368=CARTESIAN_POINT('',(1.1,1.16399383191656,0.768407077453079));
#4369=DRAUGHTING_PRE_DEFINED_CURVE_FONT('continuous');
#4370=COLOUR_RGB('',1.0,1.0,1.0);
#4371=CARTESIAN_POINT('',(-0.8,1.48932298871275,9.83368941831481E-012));
#4372=VECTOR('',#5876,0.299999999999999);
#4373=DRAUGHTING_PRE_DEFINED_CURVE_FONT('continuous');
#4374=COLOUR_RGB('',1.0,1.0,1.0);
#4375=CARTESIAN_POINT('',(-0.15,-1.01114237251531,0.757694114575213));
#4376=VECTOR('',#5877,0.414497452939877);
#4377=DRAUGHTING_PRE_DEFINED_CURVE_FONT('continuous');
#4378=COLOUR_RGB('',1.0,1.0,1.0);
#4379=CARTESIAN_POINT('',(0.8,-1.26433059460664,0.0210404885051288));
#4380=VECTOR('',#5878,0.299999999999999);
#4381=SURFACE_SIDE_STYLE('',(#5879));
#4382=EDGE_LOOP('',(#5880,#5881,#5882,#5883));
#4383=CARTESIAN_POINT('',(-1.41847626439738,0.833270828142457,1.36825722820257));
#4384=CARTESIAN_POINT('',(-1.43898008561303,0.832902266662588,1.37127095346529));
#4385=CARTESIAN_POINT('',(-1.47989678686414,0.814703684945397,1.37367669692368));
#4386=CARTESIAN_POINT('',(-1.49740901046452,0.772183331828098,1.36752991234052));
#4387=CARTESIAN_POINT('',(-1.49776367167568,0.750875902546148,1.36318067661282));
#4388=CARTESIAN_POINT('',(-1.42777147257512,0.847251551124534,1.27534382062372));
#4389=CARTESIAN_POINT('',(-1.44827530500913,0.846882989644665,1.27835754869543));
#4390=CARTESIAN_POINT('',(-1.48919199504349,0.828684409330579,1.28076328794006));
#4391=CARTESIAN_POINT('',(-1.50670420742496,0.786164052006123,1.27461650476221));
#4392=CARTESIAN_POINT('',(-1.5070588798545,0.764856625528765,1.27026726903452));
#4393=CARTESIAN_POINT('',(-1.43706668075193,0.861232274108604,1.18243041304577));
#4394=CARTESIAN_POINT('',(-1.45757050757676,0.860863707020128,1.18544413830863));
#4395=CARTESIAN_POINT('',(-1.49848720321706,0.842665132312886,1.18784988176722));
#4396=CARTESIAN_POINT('',(-1.5159994212088,0.80014478059801,1.18170309718289));
#4397=CARTESIAN_POINT('',(-1.51635408802915,0.778837348511755,1.17735386145548));
#4398=CARTESIAN_POINT('',(-1.44636188892966,0.875212997090681,1.08951700546692));
#4399=CARTESIAN_POINT('',(-1.46686571014531,0.874844435611388,1.09253073072977));
#4400=CARTESIAN_POINT('',(-1.50778241139642,0.856645853893476,1.09493647418809));
#4401=CARTESIAN_POINT('',(-1.52529463499679,0.814125500776034,1.08878968960458));
#4402=CARTESIAN_POINT('',(-1.52564929620796,0.792818071494372,1.08444045387717));
#4403=DRAUGHTING_PRE_DEFINED_CURVE_FONT('continuous');
#4404=COLOUR_RGB('',1.0,1.0,1.0);
#4405=CARTESIAN_POINT('',(-0.8,-0.909241399581155,0.887016164637355));
#4406=AXIS2_PLACEMENT_3D('',#5884,#5885,#5886);
#4407=DRAUGHTING_PRE_DEFINED_CURVE_FONT('continuous');
#4408=COLOUR_RGB('',0.274509996175766,0.274509996175766,0.274509996175766);
#4409=CARTESIAN_POINT('',(-1.52499927526842,-0.791918170008311,0.895623302336909));
#4410=CARTESIAN_POINT('',(-1.44652758978269,-0.874990732022926,0.89556928686111));
#4411=CARTESIAN_POINT('',(-1.46711142490484,-0.874666594564909,0.893452069509979));
#4412=CARTESIAN_POINT('',(-1.50776674998906,-0.856582298041433,0.8920144414339));
#4413=CARTESIAN_POINT('',(-1.52484594401931,-0.813794586833491,0.894146502566927));
#4414=CARTESIAN_POINT('',(-1.5249972109223,-0.792168924099268,0.89560314568115));
#4415=SURFACE_SIDE_STYLE('',(#5887));
#4416=EDGE_LOOP('',(#5888,#5889,#5890,#5891));
#4417=AXIS2_PLACEMENT_3D('',#5892,#5893,#5894);
#4418=SURFACE_SIDE_STYLE('',(#5895));
#4419=EDGE_LOOP('',(#5896,#5897,#5898,#5899));
#4420=AXIS2_PLACEMENT_3D('',#5900,#5901,#5902);
#4421=DRAUGHTING_PRE_DEFINED_CURVE_FONT('continuous');
#4422=COLOUR_RGB('',1.0,1.0,1.0);
#4423=AXIS2_PLACEMENT_3D('',#5903,#5904,#5905);
#4424=SURFACE_SIDE_STYLE('',(#5906));
#4425=EDGE_LOOP('',(#5907,#5908,#5909,#5910));
#4426=AXIS2_PLACEMENT_3D('',#5911,#5912,#5913);
#4427=DRAUGHTING_PRE_DEFINED_CURVE_FONT('continuous');
#4428=COLOUR_RGB('',0.274509996175766,0.274509996175766,0.274509996175766);
#4429=CARTESIAN_POINT('',(-1.44543478260871,-0.874999999999978,1.09093685811988));
#4430=VECTOR('',#5914,2.89086956521739);
#4431=SURFACE_SIDE_STYLE('',(#5915));
#4432=EDGE_LOOP('',(#5916,#5917,#5918,#5919,#5920,#5921,#5922,#5923,#5924,#5925,#5926,#5927,#5928));
#4433=AXIS2_PLACEMENT_3D('',#5929,#5930,#5931);
#4434=DRAUGHTING_PRE_DEFINED_CURVE_FONT('continuous');
#4435=COLOUR_RGB('',0.274509996175766,0.274509996175766,0.274509996175766);
#4436=CARTESIAN_POINT('',(-1.52500000000001,0.791666666666689,1.09093685811988));
#4437=VECTOR('',#5932,0.195306311481949);
#4438=DRAUGHTING_PRE_DEFINED_CURVE_FONT('continuous');
#4439=COLOUR_RGB('',0.274509996175766,0.274509996175766,0.274509996175766);
#4440=CARTESIAN_POINT('',(-1.52500000000001,-0.791666666666645,0.895630546637931));
#4441=VECTOR('',#5933,1.58333333333333);
#4442=DRAUGHTING_PRE_DEFINED_CURVE_FONT('continuous');
#4443=COLOUR_RGB('',0.274509996175766,0.274509996175766,0.274509996175766);
#4444=CARTESIAN_POINT('',(-1.52500000000001,-0.791666666666645,1.09093685811988));
#4445=VECTOR('',#5934,0.195306311481949);
#4446=DRAUGHTING_PRE_DEFINED_CURVE_FONT('continuous');
#4447=COLOUR_RGB('',0.274509996175766,0.274509996175766,0.274509996175766);
#4448=CARTESIAN_POINT('',(-1.16250000000001,0.875,0.895630546637782));
#4449=VECTOR('',#5935,1.0);
#4450=DRAUGHTING_PRE_DEFINED_CURVE_FONT('continuous');
#4451=COLOUR_RGB('',1.0,1.0,1.0);
#4452=AXIS2_PLACEMENT_3D('',#5936,#5937,#5938);
#4453=SURFACE_SIDE_STYLE('',(#5939));
#4454=EDGE_LOOP('',(#5940,#5941));
#4455=EDGE_LOOP('',(#5942,#5943,#5944,#5945));
#4456=AXIS2_PLACEMENT_3D('',#5946,#5947,#5948);
#4457=DRAUGHTING_PRE_DEFINED_CURVE_FONT('continuous');
#4458=COLOUR_RGB('',0.274509996175766,0.274509996175766,0.274509996175766);
#4459=AXIS2_PLACEMENT_3D('',#5949,#5950,#5951);
#4460=DRAUGHTING_PRE_DEFINED_CURVE_FONT('continuous');
#4461=COLOUR_RGB('',1.0,1.0,1.0);
#4462=AXIS2_PLACEMENT_3D('',#5952,#5953,#5954);
#4463=SURFACE_SIDE_STYLE('',(#5955));
#4464=EDGE_LOOP('',(#5956,#5957,#5958,#5959));
#4465=AXIS2_PLACEMENT_3D('',#5960,#5961,#5962);
#4466=DRAUGHTING_PRE_DEFINED_CURVE_FONT('continuous');
#4467=COLOUR_RGB('',1.0,1.0,1.0);
#4468=CARTESIAN_POINT('',(-1.1,-0.909241399581155,0.887016164637355));
#4469=VECTOR('',#5963,0.299999999999999);
#4470=DRAUGHTING_PRE_DEFINED_CURVE_FONT('continuous');
#4471=COLOUR_RGB('',1.0,1.0,1.0);
#4472=CARTESIAN_POINT('',(-0.8,1.16399383191654,0.768407077472763));
#4473=VECTOR('',#5964,0.299999999999999);
#4474=DRAUGHTING_PRE_DEFINED_CURVE_FONT('continuous');
#4475=COLOUR_RGB('',1.0,1.0,1.0);
#4476=AXIS2_PLACEMENT_3D('',#5965,#5966,#5967);
#4477=SURFACE_SIDE_STYLE('',(#5968));
#4478=EDGE_LOOP('',(#5969,#5970,#5971,#5972));
#4479=AXIS2_PLACEMENT_3D('',#5973,#5974,#5975);
#4480=DRAUGHTING_PRE_DEFINED_CURVE_FONT('continuous');
#4481=COLOUR_RGB('',1.0,1.0,1.0);
#4482=CARTESIAN_POINT('',(0.8,-1.02737318108351,0.343514564917298));
#4483=VECTOR('',#5976,0.299999999999999);
#4484=SURFACE_SIDE_STYLE('',(#5977));
#4485=EDGE_LOOP('',(#5978,#5979,#5980,#5981));
#4486=AXIS2_PLACEMENT_3D('',#5982,#5983,#5984);
#4487=DRAUGHTING_PRE_DEFINED_CURVE_FONT('continuous');
#4488=COLOUR_RGB('',1.0,1.0,1.0);
#4489=CARTESIAN_POINT('',(0.8,-1.18022464048476,0.354227527804913));
#4490=CARTESIAN_POINT('',(0.8,-1.18022464048476,0.354227527804913));
#4491=VECTOR('',#5985,0.299999999999999);
#4492=DRAUGHTING_PRE_DEFINED_CURVE_FONT('continuous');
#4493=COLOUR_RGB('',1.0,1.0,1.0);
#4494=CARTESIAN_POINT('',(-0.8,-0.875,0.887016164637355));
#4495=VECTOR('',#5986,0.204696037995504);
#4496=DRAUGHTING_PRE_DEFINED_CURVE_FONT('continuous');
#4497=COLOUR_RGB('',1.0,1.0,1.0);
#4498=CARTESIAN_POINT('',(-1.1,1.16399383191654,0.768407077472763));
#4499=VECTOR('',#5987,0.414497452939877);
#4500=SURFACE_SIDE_STYLE('',(#5988));
#4501=EDGE_LOOP('',(#5989,#5990,#5991,#5992));
#4502=AXIS2_PLACEMENT_3D('',#5993,#5994,#5995);
#4503=DRAUGHTING_PRE_DEFINED_CURVE_FONT('continuous');
#4504=COLOUR_RGB('',0.274509996175766,0.274509996175766,0.274509996175766);
#4505=CARTESIAN_POINT('',(-1.44543478260871,0.875000000000022,1.09093685811988));
#4506=VECTOR('',#5996,2.89086956521739);
#4507=DRAUGHTING_PRE_DEFINED_CURVE_FONT('continuous');
#4508=COLOUR_RGB('',1.0,1.0,1.0);
#4509=CARTESIAN_POINT('',(-0.8,0.909241399581155,0.887016164657018));
#4510=VECTOR('',#5997,0.299999999999999);
#4511=DRAUGHTING_PRE_DEFINED_CURVE_FONT('continuous');
#4512=COLOUR_RGB('',0.274509996175766,0.274509996175766,0.274509996175766);
#4513=CARTESIAN_POINT('',(-1.37970805984339,0.69242168194919,0.146956352623793));
#4514=VECTOR('',#5998,2.7594161196857);
#4515=DRAUGHTING_PRE_DEFINED_CURVE_FONT('continuous');
#4516=COLOUR_RGB('',0.274509996175766,0.274509996175766,0.274509996175766);
#4517=AXIS2_PLACEMENT_3D('',#5999,#6000,#6001);
#4518=DRAUGHTING_PRE_DEFINED_CURVE_FONT('continuous');
#4519=COLOUR_RGB('',1.0,1.0,1.0);
#4520=CARTESIAN_POINT('',(0.8,-0.875,0.887016164637355));
#4521=VECTOR('',#6002,0.204696037995504);
#4522=SURFACE_SIDE_STYLE('',(#6003));
#4523=EDGE_LOOP('',(#6004,#6005,#6006,#6007));
#4524=CARTESIAN_POINT('',(-1.1,0.909241399581155,1.09171220265252));
#4525=CARTESIAN_POINT('',(-1.1,0.973800772315068,1.09170788573676));
#4526=CARTESIAN_POINT('',(-1.1,1.10247781120169,1.02287444834804));
#4527=CARTESIAN_POINT('',(-1.1,1.16061183186525,0.854626840271865));
#4528=CARTESIAN_POINT('',(-1.1,1.16399383191656,0.768407077472742));
#4529=CARTESIAN_POINT('',(-1.00000000000003,0.909241399581155,1.09171220265252));
#4530=CARTESIAN_POINT('',(-1.00000000000003,0.973800772315068,1.09170788573676));
#4531=CARTESIAN_POINT('',(-1.00000000000003,1.10247781120169,1.02287444834804));
#4532=CARTESIAN_POINT('',(-1.00000000000003,1.16061183186525,0.854626840271865));
#4533=CARTESIAN_POINT('',(-1.00000000000003,1.16399383191656,0.768407077472742));
#4534=CARTESIAN_POINT('',(-0.899999999999968,0.909241399581155,1.09171220265252));
#4535=CARTESIAN_POINT('',(-0.899999999999968,0.973800772315068,1.09170788573676));
#4536=CARTESIAN_POINT('',(-0.899999999999968,1.10247781120169,1.02287444834804));
#4537=CARTESIAN_POINT('',(-0.899999999999968,1.16061183186525,0.854626840271865));
#4538=CARTESIAN_POINT('',(-0.899999999999968,1.16399383191656,0.768407077472742));
#4539=CARTESIAN_POINT('',(-0.8,0.909241399581155,1.09171220265252));
#4540=CARTESIAN_POINT('',(-0.8,0.973800772315068,1.09170788573676));
#4541=CARTESIAN_POINT('',(-0.8,1.10247781120169,1.02287444834804));
#4542=CARTESIAN_POINT('',(-0.8,1.16061183186525,0.854626840271865));
#4543=CARTESIAN_POINT('',(-0.8,1.16399383191656,0.768407077472742));
#4544=SURFACE_SIDE_STYLE('',(#6008));
#4545=EDGE_LOOP('',(#6009,#6010,#6011));
#4546=CARTESIAN_POINT('',(-1.45892434347317,0.69054142543852,0.235743651858877));
#4547=CARTESIAN_POINT('',(-1.45712259058035,0.690102438243392,0.211634648184654));
#4548=CARTESIAN_POINT('',(-1.4382168581013,0.689590689338563,0.165281452665635));
#4549=CARTESIAN_POINT('',(-1.39875912062682,0.690073364794584,0.146793307286318));
#4550=CARTESIAN_POINT('',(-1.37903369023971,0.690501628338313,0.146985785250675));
#4551=CARTESIAN_POINT('',(-1.45922154795848,0.705717121421299,0.235331355064142));
#4552=CARTESIAN_POINT('',(-1.45748918105695,0.708821234602677,0.211126091258323));
#4553=CARTESIAN_POINT('',(-1.43866434300669,0.712439850307705,0.164660681706661));
#4554=CARTESIAN_POINT('',(-1.39913030959683,0.709026813272744,0.146278375421406));
#4555=CARTESIAN_POINT('',(-1.37933718529082,0.705998529800892,0.146564761871993));
#4556=CARTESIAN_POINT('',(-1.45225428784616,0.736340142140048,0.24499668367013));
#4557=CARTESIAN_POINT('',(-1.448895265838,0.746593871234784,0.223048003964793));
#4558=CARTESIAN_POINT('',(-1.42817414388984,0.758547147083815,0.179213202890481));
#4559=CARTESIAN_POINT('',(-1.39042865698908,0.747272960754118,0.158349737870069));
#4560=CARTESIAN_POINT('',(-1.3722224576665,0.737269710712708,0.156434664719829));
#4561=CARTESIAN_POINT('',(-1.43395933349901,0.751267326852717,0.270376351252031));
#4562=CARTESIAN_POINT('',(-1.4263289495788,0.76500613569445,0.254353111804855));
#4563=CARTESIAN_POINT('',(-1.40062849721473,0.781022138478616,0.217425889447333));
#4564=CARTESIAN_POINT('',(-1.36757946185404,0.765916036443703,0.190047278748596));
#4565=CARTESIAN_POINT('',(-1.35354027629595,0.752512840969314,0.182351512824056));
#4566=CARTESIAN_POINT('',(-1.42440203741998,0.75278846776428,0.283634706143625));
#4567=CARTESIAN_POINT('',(-1.41454029366263,0.766882420278677,0.270706921344091));
#4568=CARTESIAN_POINT('',(-1.38623863450366,0.783312432009498,0.237388221086969));
#4569=CARTESIAN_POINT('',(-1.3556430228616,0.767815841160874,0.206606095441629));
#4570=CARTESIAN_POINT('',(-1.34378069256778,0.75406617801855,0.195890491170528));
#4571=DRAUGHTING_PRE_DEFINED_CURVE_FONT('continuous');
#4572=COLOUR_RGB('',0.274509996175766,0.274509996175766,0.274509996175766);
#4573=CARTESIAN_POINT('',(1.44543478260869,0.875000000000022,1.09093685811988));
#4574=VECTOR('',#6012,0.195306311481949);
#4575=DRAUGHTING_PRE_DEFINED_CURVE_FONT('continuous');
#4576=COLOUR_RGB('',0.274509996175766,0.274509996175766,0.274509996175766);
#4577=CARTESIAN_POINT('',(1.52499855053682,0.792169673350023,0.895616058035887));
#4578=VECTOR('',#6013,0.673642416509235);
#4579=DRAUGHTING_PRE_DEFINED_CURVE_FONT('continuous');
#4580=COLOUR_RGB('',1.0,1.0,1.0);
#4581=CARTESIAN_POINT('',(0.8,-1.16399383191654,0.7684070774531));
#4582=VECTOR('',#6014,0.299999999999999);
#4583=SURFACE_SIDE_STYLE('',(#6015));
#4584=EDGE_LOOP('',(#6016,#6017,#6018,#6019));
#4585=AXIS2_PLACEMENT_3D('',#6020,#6021,#6022);
#4586=SURFACE_SIDE_STYLE('',(#6023));
#4587=EDGE_LOOP('',(#6024,#6025,#6026,#6027));
#4588=AXIS2_PLACEMENT_3D('',#6028,#6029,#6030);
#4589=DRAUGHTING_PRE_DEFINED_CURVE_FONT('continuous');
#4590=COLOUR_RGB('',1.0,1.0,1.0);
#4591=CARTESIAN_POINT('',(0.8,-1.18022464048476,0.354227527804913));
#4592=VECTOR('',#6031,0.414497452939877);
#4593=SURFACE_SIDE_STYLE('',(#6032));
#4594=EDGE_LOOP('',(#6033,#6034,#6035,#6036,#6037,#6038,#6039,#6040,#6041,#6042,#6043,#6044,#6045));
#4595=AXIS2_PLACEMENT_3D('',#6046,#6047,#6048);
#4596=DRAUGHTING_PRE_DEFINED_CURVE_FONT('continuous');
#4597=COLOUR_RGB('',1.0,1.0,1.0);
#4598=AXIS2_PLACEMENT_3D('',#6049,#6050,#6051);
#4599=DRAUGHTING_PRE_DEFINED_CURVE_FONT('continuous');
#4600=COLOUR_RGB('',1.0,1.0,1.0);
#4601=AXIS2_PLACEMENT_3D('',#6052,#6053,#6054);
#4602=SURFACE_SIDE_STYLE('',(#6055));
#4603=EDGE_LOOP('',(#6056,#6057,#6058,#6059));
#4604=AXIS2_PLACEMENT_3D('',#6060,#6061,#6062);
#4605=DRAUGHTING_PRE_DEFINED_CURVE_FONT('continuous');
#4606=COLOUR_RGB('',1.0,1.0,1.0);
#4607=AXIS2_PLACEMENT_3D('',#6063,#6064,#6065);
#4608=DRAUGHTING_PRE_DEFINED_CURVE_FONT('continuous');
#4609=COLOUR_RGB('',1.0,1.0,1.0);
#4610=CARTESIAN_POINT('',(1.1,1.01114237251531,0.757694114565382));
#4611=VECTOR('',#6066,0.299999999999999);
#4612=DRAUGHTING_PRE_DEFINED_CURVE_FONT('continuous');
#4613=COLOUR_RGB('',1.0,1.0,1.0);
#4614=CARTESIAN_POINT('',(0.8,-1.5,0.204197408725108));
#4615=VECTOR('',#6067,0.204476356344914);
#4616=SURFACE_SIDE_STYLE('',(#6068));
#4617=EDGE_LOOP('',(#6069,#6070,#6071,#6072));
#4618=AXIS2_PLACEMENT_3D('',#6073,#6074,#6075);
#4619=DRAUGHTING_PRE_DEFINED_CURVE_FONT('continuous');
#4620=COLOUR_RGB('',1.0,1.0,1.0);
#4621=CARTESIAN_POINT('',(-0.8,-0.909241399581155,0.887016164637355));
#4622=VECTOR('',#6076,0.0342413995811548);
#4623=SURFACE_SIDE_STYLE('',(#6077));
#4624=EDGE_LOOP('',(#6078,#6079,#6080,#6081));
#4625=CARTESIAN_POINT('',(-1.49775773129165,0.751197342185578,1.36324619940074));
#4626=CARTESIAN_POINT('',(-1.4954156673382,0.751197342185578,1.3866474213056));
#4627=CARTESIAN_POINT('',(-1.47630855198619,0.751197342185578,1.43114399033872));
#4628=CARTESIAN_POINT('',(-1.43799558528751,0.751197342185578,1.44899725031474));
#4629=CARTESIAN_POINT('',(-1.4187855809654,0.751197342185578,1.44899842917012));
#4630=CARTESIAN_POINT('',(-1.49775773129165,0.250399114068601,1.36324619940074));
#4631=CARTESIAN_POINT('',(-1.4954156673382,0.250399114068601,1.3866474213056));
#4632=CARTESIAN_POINT('',(-1.47630855198619,0.250399114068601,1.43114399033872));
#4633=CARTESIAN_POINT('',(-1.43799558528751,0.250399114068601,1.44899725031474));
#4634=CARTESIAN_POINT('',(-1.4187855809654,0.250399114068601,1.44899842917012));
#4635=CARTESIAN_POINT('',(-1.49775773129165,-0.250399114068557,1.36324619940074));
#4636=CARTESIAN_POINT('',(-1.4954156673382,-0.250399114068557,1.3866474213056));
#4637=CARTESIAN_POINT('',(-1.47630855198619,-0.250399114068557,1.43114399033872));
#4638=CARTESIAN_POINT('',(-1.43799558528751,-0.250399114068557,1.44899725031474));
#4639=CARTESIAN_POINT('',(-1.4187855809654,-0.250399114068557,1.44899842917012));
#4640=CARTESIAN_POINT('',(-1.49775773129165,-0.751197342185534,1.36324619940074));
#4641=CARTESIAN_POINT('',(-1.4954156673382,-0.751197342185534,1.3866474213056));
#4642=CARTESIAN_POINT('',(-1.47630855198619,-0.751197342185534,1.43114399033872));
#4643=CARTESIAN_POINT('',(-1.43799558528751,-0.751197342185534,1.44899725031474));
#4644=CARTESIAN_POINT('',(-1.4187855809654,-0.751197342185534,1.44899842917012));
#4645=SURFACE_SIDE_STYLE('',(#6082));
#4646=EDGE_LOOP('',(#6083,#6084,#6085,#6086));
#4647=AXIS2_PLACEMENT_3D('',#6087,#6088,#6089);
#4648=SURFACE_SIDE_STYLE('',(#6090));
#4649=EDGE_LOOP('',(#6091,#6092,#6093,#6094));
#4650=CARTESIAN_POINT('',(1.41878558096538,0.833264654936595,1.36830256596699));
#4651=CARTESIAN_POINT('',(1.41878558096538,0.82989621955654,1.39068204724136));
#4652=CARTESIAN_POINT('',(1.41878558096538,0.809282898175081,1.43246419139243));
#4653=CARTESIAN_POINT('',(1.41878558096538,0.770589889397791,1.44899729292396));
#4654=CARTESIAN_POINT('',(1.41878558096538,0.751197342185578,1.44899842917012));
#4655=CARTESIAN_POINT('',(0.472928526975601,0.833264654936595,1.36830256596699));
#4656=CARTESIAN_POINT('',(0.472928526975601,0.82989621955654,1.39068204724136));
#4657=CARTESIAN_POINT('',(0.472928526975601,0.809282898175081,1.43246419139243));
#4658=CARTESIAN_POINT('',(0.472928526975601,0.770589889397791,1.44899729292396));
#4659=CARTESIAN_POINT('',(0.472928526975601,0.751197342185578,1.44899842917012));
#4660=CARTESIAN_POINT('',(-0.472928526975621,0.833264654936595,1.36830256596699));
#4661=CARTESIAN_POINT('',(-0.472928526975621,0.82989621955654,1.39068204724136));
#4662=CARTESIAN_POINT('',(-0.472928526975621,0.809282898175081,1.43246419139243));
#4663=CARTESIAN_POINT('',(-0.472928526975621,0.770589889397791,1.44899729292396));
#4664=CARTESIAN_POINT('',(-0.472928526975621,0.751197342185578,1.44899842917012));
#4665=CARTESIAN_POINT('',(-1.4187855809654,0.833264654936595,1.36830256596699));
#4666=CARTESIAN_POINT('',(-1.4187855809654,0.82989621955654,1.39068204724136));
#4667=CARTESIAN_POINT('',(-1.4187855809654,0.809282898175081,1.43246419139243));
#4668=CARTESIAN_POINT('',(-1.4187855809654,0.770589889397791,1.44899729292396));
#4669=CARTESIAN_POINT('',(-1.4187855809654,0.751197342185578,1.44899842917012));
#4670=SURFACE_SIDE_STYLE('',(#6095));
#4671=EDGE_LOOP('',(#6096,#6097,#6098,#6099));
#4672=AXIS2_PLACEMENT_3D('',#6100,#6101,#6102);
#4673=SURFACE_SIDE_STYLE('',(#6103));
#4674=EDGE_LOOP('',(#6104,#6105,#6106,#6107));
#4675=AXIS2_PLACEMENT_3D('',#6108,#6109,#6110);
#4676=SURFACE_SIDE_STYLE('',(#6111));
#4677=EDGE_LOOP('',(#6112,#6113,#6114,#6115));
#4678=CARTESIAN_POINT('',(-0.8,1.01114237251532,0.757694114585047));
#4679=CARTESIAN_POINT('',(-0.8,1.00978957249477,0.79218201970487));
#4680=CARTESIAN_POINT('',(-0.8,0.986535964229351,0.859481062935158));
#4681=CARTESIAN_POINT('',(-0.8,0.93506514867484,0.887014437890651));
#4682=CARTESIAN_POINT('',(-0.8,0.909241399581155,0.887016164657018));
#4683=CARTESIAN_POINT('',(-0.900000000000187,1.01114237251532,0.757694114585047));
#4684=CARTESIAN_POINT('',(-0.900000000000187,1.00978957249477,0.79218201970487));
#4685=CARTESIAN_POINT('',(-0.900000000000187,0.986535964229351,0.859481062935158));
#4686=CARTESIAN_POINT('',(-0.900000000000187,0.93506514867484,0.887014437890651));
#4687=CARTESIAN_POINT('',(-0.900000000000187,0.909241399581155,0.887016164657018));
#4688=CARTESIAN_POINT('',(-0.999999999999813,1.01114237251532,0.757694114585047));
#4689=CARTESIAN_POINT('',(-0.999999999999813,1.00978957249477,0.79218201970487));
#4690=CARTESIAN_POINT('',(-0.999999999999813,0.986535964229351,0.859481062935158));
#4691=CARTESIAN_POINT('',(-0.999999999999813,0.93506514867484,0.887014437890651));
#4692=CARTESIAN_POINT('',(-0.999999999999813,0.909241399581155,0.887016164657018));
#4693=CARTESIAN_POINT('',(-1.1,1.01114237251532,0.757694114585047));
#4694=CARTESIAN_POINT('',(-1.1,1.00978957249477,0.79218201970487));
#4695=CARTESIAN_POINT('',(-1.1,0.986535964229351,0.859481062935158));
#4696=CARTESIAN_POINT('',(-1.1,0.93506514867484,0.887014437890651));
#4697=CARTESIAN_POINT('',(-1.1,0.909241399581155,0.887016164657018));
#4698=SURFACE_SIDE_STYLE('',(#6116));
#4699=EDGE_LOOP('',(#6117,#6118,#6119,#6120));
#4700=AXIS2_PLACEMENT_3D('',#6121,#6122,#6123);
#4701=SURFACE_SIDE_STYLE('',(#6124));
#4702=EDGE_LOOP('',(#6125,#6126,#6127));
#4703=CARTESIAN_POINT('',(1.37896164738623,-0.691552605602213,0.146965960608593));
#4704=CARTESIAN_POINT('',(1.37881037811248,-0.711259397146478,0.14672799695895));
#4705=CARTESIAN_POINT('',(1.378639293657,-0.750724761703258,0.163348935980929));
#4706=CARTESIAN_POINT('',(1.37881128896521,-0.771474520425425,0.206054960885457));
#4707=CARTESIAN_POINT('',(1.37896290449688,-0.774658411745621,0.228845975041594));
#4708=CARTESIAN_POINT('',(1.39408179231205,-0.691677867673883,0.146791026865487));
#4709=CARTESIAN_POINT('',(1.39699479985665,-0.711410045361176,0.146517610672286));
#4710=CARTESIAN_POINT('',(1.4002893883032,-0.750904120304064,0.16309845353044));
#4711=CARTESIAN_POINT('',(1.39697725477033,-0.771625016162081,0.205844788263));
#4712=CARTESIAN_POINT('',(1.39405758401922,-0.774783462850376,0.228671335922609));
#4713=CARTESIAN_POINT('',(1.42437063827202,-0.683911100435376,0.157637643442217));
#4714=CARTESIAN_POINT('',(1.43342203558271,-0.70206925121912,0.159562422354685));
#4715=CARTESIAN_POINT('',(1.44365909951121,-0.739783113569503,0.178629406732109));
#4716=CARTESIAN_POINT('',(1.43336753634271,-0.762293699355572,0.218876362921247));
#4717=CARTESIAN_POINT('',(1.42429541738957,-0.767029776430352,0.239499684587196));
#4718=CARTESIAN_POINT('',(1.43869293012572,-0.664336688997095,0.184974130949616));
#4719=CARTESIAN_POINT('',(1.45064690756206,-0.678527853753953,0.192438970015921));
#4720=CARTESIAN_POINT('',(1.46416677347286,-0.711755086893002,0.217771724449531));
#4721=CARTESIAN_POINT('',(1.45057492712091,-0.738776188644296,0.25171955341847));
#4722=CARTESIAN_POINT('',(1.43859358758603,-0.747488332289395,0.26679013187931));
#4723=CARTESIAN_POINT('',(1.43992361376064,-0.654190366106207,0.199143896912291));
#4724=CARTESIAN_POINT('',(1.45212700484409,-0.666325259849579,0.209480406487503));
#4725=CARTESIAN_POINT('',(1.4659289518735,-0.697226862770925,0.238060998226603));
#4726=CARTESIAN_POINT('',(1.45205352342631,-0.726585976503318,0.268743697351184));
#4727=CARTESIAN_POINT('',(1.43982219849915,-0.737359097873346,0.280936033069493));
#4728=SURFACE_SIDE_STYLE('',(#6128));
#4729=EDGE_LOOP('',(#6129,#6130,#6131,#6132));
#4730=CARTESIAN_POINT('',(1.1,-1.26433059460664,0.0210404885051198));
#4731=CARTESIAN_POINT('',(1.1,-1.20288971660066,0.0267903493966108));
#4732=CARTESIAN_POINT('',(1.1,-1.08360323471278,0.100469868868304));
#4733=CARTESIAN_POINT('',(1.1,-1.0305996868797,0.261258929143348));
#4734=CARTESIAN_POINT('',(1.1,-1.02737318108351,0.343514564917298));
#4735=CARTESIAN_POINT('',(1.00000000000003,-1.26433059460664,0.0210404885051198));
#4736=CARTESIAN_POINT('',(1.00000000000003,-1.20288971660066,0.0267903493966108));
#4737=CARTESIAN_POINT('',(1.00000000000003,-1.08360323471278,0.100469868868304));
#4738=CARTESIAN_POINT('',(1.00000000000003,-1.0305996868797,0.261258929143348));
#4739=CARTESIAN_POINT('',(1.00000000000003,-1.02737318108351,0.343514564917298));
#4740=CARTESIAN_POINT('',(0.899999999999968,-1.26433059460664,0.0210404885051198));
#4741=CARTESIAN_POINT('',(0.899999999999968,-1.20288971660066,0.0267903493966108));
#4742=CARTESIAN_POINT('',(0.899999999999968,-1.08360323471278,0.100469868868304));
#4743=CARTESIAN_POINT('',(0.899999999999968,-1.0305996868797,0.261258929143348));
#4744=CARTESIAN_POINT('',(0.899999999999968,-1.02737318108351,0.343514564917298));
#4745=CARTESIAN_POINT('',(0.8,-1.26433059460664,0.0210404885051198));
#4746=CARTESIAN_POINT('',(0.8,-1.20288971660066,0.0267903493966108));
#4747=CARTESIAN_POINT('',(0.8,-1.08360323471278,0.100469868868304));
#4748=CARTESIAN_POINT('',(0.8,-1.0305996868797,0.261258929143348));
#4749=CARTESIAN_POINT('',(0.8,-1.02737318108351,0.343514564917298));
#4750=DRAUGHTING_PRE_DEFINED_CURVE_FONT('continuous');
#4751=COLOUR_RGB('',0.274509996175766,0.274509996175766,0.274509996175766);
#4752=AXIS2_PLACEMENT_3D('',#6133,#6134,#6135);
#4753=DRAUGHTING_PRE_DEFINED_CURVE_FONT('continuous');
#4754=COLOUR_RGB('',1.0,1.0,1.0);
#4755=CARTESIAN_POINT('',(0.8,-1.27500760589401,0.225237897240065));
#4756=CARTESIAN_POINT('',(0.8,-1.27500760589401,0.225237897240065));
#4757=VECTOR('',#6136,0.299999999999999);
#4758=DRAUGHTING_PRE_DEFINED_CURVE_FONT('continuous');
#4759=COLOUR_RGB('',1.0,1.0,1.0);
#4760=CARTESIAN_POINT('',(1.1,1.18022464048476,0.354227527804913));
#4761=VECTOR('',#6137,0.414497452939877);
#4762=SURFACE_SIDE_STYLE('',(#6138));
#4763=EDGE_LOOP('',(#6139,#6140,#6141,#6142));
#4764=AXIS2_PLACEMENT_3D('',#6143,#6144,#6145);
#4765=DRAUGHTING_PRE_DEFINED_CURVE_FONT('continuous');
#4766=COLOUR_RGB('',1.0,1.0,1.0);
#4767=CARTESIAN_POINT('',(-0.8,1.5,0.204197408744771));
#4768=VECTOR('',#6146,0.204476356344914);
#4769=DRAUGHTING_PRE_DEFINED_CURVE_FONT('continuous');
#4770=COLOUR_RGB('',0.274509996175766,0.274509996175766,0.274509996175766);
#4771=CARTESIAN_POINT('',(1.44543478260869,0.875000000000022,0.895630546637931));
#4772=VECTOR('',#6147,2.89086956521739);
#4773=SURFACE_SIDE_STYLE('',(#6148));
#4774=EDGE_LOOP('',(#6149,#6150,#6151,#6152,#6153,#6154,#6155,#6156,#6157,#6158,#6159,#6160,#6161));
#4775=AXIS2_PLACEMENT_3D('',#6162,#6163,#6164);
#4776=SURFACE_SIDE_STYLE('',(#6165));
#4777=EDGE_LOOP('',(#6166,#6167,#6168,#6169));
#4778=AXIS2_PLACEMENT_3D('',#6170,#6171,#6172);
#4779=DRAUGHTING_PRE_DEFINED_CURVE_FONT('continuous');
#4780=COLOUR_RGB('',1.0,1.0,1.0);
#4781=CARTESIAN_POINT('',(0.8,-1.27500760589401,0.225237897240065));
#4782=VECTOR('',#6173,0.225974068340941);
#4783=SURFACE_SIDE_STYLE('',(#6174));
#4784=EDGE_LOOP('',(#6175,#6176,#6177,#6178,#6179,#6180,#6181,#6182,#6183,#6184,#6185,#6186,#6187));
#4785=AXIS2_PLACEMENT_3D('',#6188,#6189,#6190);
#4786=SURFACE_SIDE_STYLE('',(#6191));
#4787=EDGE_LOOP('',(#6192,#6193,#6194,#6195));
#4788=CARTESIAN_POINT('',(-1.1,-1.01114237251532,0.757694114565383));
#4789=CARTESIAN_POINT('',(-1.1,-1.00978957249477,0.792182019685207));
#4790=CARTESIAN_POINT('',(-1.1,-0.986535964229351,0.859481062915495));
#4791=CARTESIAN_POINT('',(-1.1,-0.93506514867484,0.887014437870988));
#4792=CARTESIAN_POINT('',(-1.1,-0.909241399581155,0.887016164637355));
#4793=CARTESIAN_POINT('',(-0.999999999999813,-1.01114237251532,0.757694114565383));
#4794=CARTESIAN_POINT('',(-0.999999999999813,-1.00978957249477,0.792182019685207));
#4795=CARTESIAN_POINT('',(-0.999999999999813,-0.986535964229351,0.859481062915495));
#4796=CARTESIAN_POINT('',(-0.999999999999813,-0.93506514867484,0.887014437870988));
#4797=CARTESIAN_POINT('',(-0.999999999999813,-0.909241399581155,0.887016164637355));
#4798=CARTESIAN_POINT('',(-0.900000000000187,-1.01114237251532,0.757694114565383));
#4799=CARTESIAN_POINT('',(-0.900000000000187,-1.00978957249477,0.792182019685207));
#4800=CARTESIAN_POINT('',(-0.900000000000187,-0.986535964229351,0.859481062915495));
#4801=CARTESIAN_POINT('',(-0.900000000000187,-0.93506514867484,0.887014437870988));
#4802=CARTESIAN_POINT('',(-0.900000000000187,-0.909241399581155,0.887016164637355));
#4803=CARTESIAN_POINT('',(-0.8,-1.01114237251532,0.757694114565383));
#4804=CARTESIAN_POINT('',(-0.8,-1.00978957249477,0.792182019685207));
#4805=CARTESIAN_POINT('',(-0.8,-0.986535964229351,0.859481062915495));
#4806=CARTESIAN_POINT('',(-0.8,-0.93506514867484,0.887014437870988));
#4807=CARTESIAN_POINT('',(-0.8,-0.909241399581155,0.887016164637355));
#4808=DRAUGHTING_PRE_DEFINED_CURVE_FONT('continuous');
#4809=COLOUR_RGB('',1.0,1.0,1.0);
#4810=CARTESIAN_POINT('',(-1.1,-1.27500760589401,0.225237897240065));
#4811=VECTOR('',#6196,0.225974068340941);
#4812=DRAUGHTING_PRE_DEFINED_CURVE_FONT('continuous');
#4813=COLOUR_RGB('',1.0,1.0,1.0);
#4814=AXIS2_PLACEMENT_3D('',#6197,#6198,#6199);
#4815=DRAUGHTING_PRE_DEFINED_CURVE_FONT('continuous');
#4816=COLOUR_RGB('',1.0,1.0,1.0);
#4817=CARTESIAN_POINT('',(-0.15,-1.18022464048476,0.354227527814743));
#4818=VECTOR('',#6200,0.299999999999999);
#4819=DRAUGHTING_PRE_DEFINED_CURVE_FONT('continuous');
#4820=COLOUR_RGB('',0.274509996175766,0.274509996175766,0.274509996175766);
#4821=CARTESIAN_POINT('',(-1.44543478260871,0.875000000000022,1.09093685811988));
#4822=VECTOR('',#6201,2.89086956521739);
#4823=SURFACE_SIDE_STYLE('',(#6202));
#4824=EDGE_LOOP('',(#6203,#6204,#6205,#6206));
#4825=CARTESIAN_POINT('',(1.1,1.01114237251532,0.757694114565383));
#4826=CARTESIAN_POINT('',(1.1,1.00978957249477,0.792182019685207));
#4827=CARTESIAN_POINT('',(1.1,0.986535964229351,0.859481062915495));
#4828=CARTESIAN_POINT('',(1.1,0.93506514867484,0.887014437870988));
#4829=CARTESIAN_POINT('',(1.1,0.909241399581155,0.887016164637355));
#4830=CARTESIAN_POINT('',(0.999999999999813,1.01114237251532,0.757694114565383));
#4831=CARTESIAN_POINT('',(0.999999999999813,1.00978957249477,0.792182019685207));
#4832=CARTESIAN_POINT('',(0.999999999999813,0.986535964229351,0.859481062915495));
#4833=CARTESIAN_POINT('',(0.999999999999813,0.93506514867484,0.887014437870988));
#4834=CARTESIAN_POINT('',(0.999999999999813,0.909241399581155,0.887016164637355));
#4835=CARTESIAN_POINT('',(0.900000000000187,1.01114237251532,0.757694114565383));
#4836=CARTESIAN_POINT('',(0.900000000000187,1.00978957249477,0.792182019685207));
#4837=CARTESIAN_POINT('',(0.900000000000187,0.986535964229351,0.859481062915495));
#4838=CARTESIAN_POINT('',(0.900000000000187,0.93506514867484,0.887014437870988));
#4839=CARTESIAN_POINT('',(0.900000000000187,0.909241399581155,0.887016164637355));
#4840=CARTESIAN_POINT('',(0.8,1.01114237251532,0.757694114565383));
#4841=CARTESIAN_POINT('',(0.8,1.00978957249477,0.792182019685207));
#4842=CARTESIAN_POINT('',(0.8,0.986535964229351,0.859481062915495));
#4843=CARTESIAN_POINT('',(0.8,0.93506514867484,0.887014437870988));
#4844=CARTESIAN_POINT('',(0.8,0.909241399581155,0.887016164637355));
#4845=DRAUGHTING_PRE_DEFINED_CURVE_FONT('continuous');
#4846=COLOUR_RGB('',1.0,1.0,1.0);
#4847=CARTESIAN_POINT('',(0.15,-0.875,0.887016164647185));
#4848=VECTOR('',#6207,0.204696037995504);
#4849=DRAUGHTING_PRE_DEFINED_CURVE_FONT('continuous');
#4850=COLOUR_RGB('',0.274509996175766,0.274509996175766,0.274509996175766);
#4851=CARTESIAN_POINT('',(-1.52499855053684,-0.792169673349977,0.895616058035887));
#4852=VECTOR('',#6208,0.673642416509235);
#4853=SURFACE_SIDE_STYLE('',(#6209));
#4854=EDGE_LOOP('',(#6210,#6211,#6212,#6213));
#4855=CARTESIAN_POINT('',(1.49775773129163,-0.751197342185534,1.36324619940074));
#4856=CARTESIAN_POINT('',(1.49541566733818,-0.751197342185534,1.3866474213056));
#4857=CARTESIAN_POINT('',(1.47630855198617,-0.751197342185534,1.43114399033872));
#4858=CARTESIAN_POINT('',(1.43799558528749,-0.751197342185534,1.44899725031474));
#4859=CARTESIAN_POINT('',(1.41878558096538,-0.751197342185534,1.44899842917012));
#4860=CARTESIAN_POINT('',(1.49775773129163,-0.250399114071893,1.36324619940074));
#4861=CARTESIAN_POINT('',(1.49541566733818,-0.250399114071893,1.3866474213056));
#4862=CARTESIAN_POINT('',(1.47630855198617,-0.250399114071893,1.43114399033872));
#4863=CARTESIAN_POINT('',(1.43799558528749,-0.250399114071893,1.44899725031474));
#4864=CARTESIAN_POINT('',(1.41878558096538,-0.250399114071893,1.44899842917012));
#4865=CARTESIAN_POINT('',(1.49775773129163,0.250399114071937,1.36324619940074));
#4866=CARTESIAN_POINT('',(1.49541566733818,0.250399114071937,1.3866474213056));
#4867=CARTESIAN_POINT('',(1.47630855198617,0.250399114071937,1.43114399033872));
#4868=CARTESIAN_POINT('',(1.43799558528749,0.250399114071937,1.44899725031474));
#4869=CARTESIAN_POINT('',(1.41878558096538,0.250399114071937,1.44899842917012));
#4870=CARTESIAN_POINT('',(1.49775773129163,0.751197342185578,1.36324619940074));
#4871=CARTESIAN_POINT('',(1.49541566733818,0.751197342185578,1.3866474213056));
#4872=CARTESIAN_POINT('',(1.47630855198617,0.751197342185578,1.43114399033872));
#4873=CARTESIAN_POINT('',(1.43799558528749,0.751197342185578,1.44899725031474));
#4874=CARTESIAN_POINT('',(1.41878558096538,0.751197342185578,1.44899842917012));
#4875=DRAUGHTING_PRE_DEFINED_CURVE_FONT('continuous');
#4876=COLOUR_RGB('',1.0,1.0,1.0);
#4877=CARTESIAN_POINT('',(-1.1,-1.27500760589401,0.225237897240065));
#4878=VECTOR('',#6214,0.299999999999999);
#4879=DRAUGHTING_PRE_DEFINED_CURVE_FONT('continuous');
#4880=COLOUR_RGB('',1.0,1.0,1.0);
#4881=CARTESIAN_POINT('',(-1.1,-1.48932298871275,-9.82924852621636E-012));
#4882=VECTOR('',#6215,0.225974068340941);
#4883=DRAUGHTING_PRE_DEFINED_CURVE_FONT('continuous');
#4884=COLOUR_RGB('',1.0,1.0,1.0);
#4885=CARTESIAN_POINT('',(-0.15,-1.48932298871275,1.22124532708767E-015));
#4886=VECTOR('',#6216,0.225974068340941);
#4887=SURFACE_SIDE_STYLE('',(#6217));
#4888=EDGE_LOOP('',(#6218,#6219,#6220,#6221,#6222,#6223,#6224,#6225,#6226,#6227));
#4889=AXIS2_PLACEMENT_3D('',#6228,#6229,#6230);
#4890=DRAUGHTING_PRE_DEFINED_CURVE_FONT('continuous');
#4891=COLOUR_RGB('',1.0,1.0,1.0);
#4892=CARTESIAN_POINT('',(-1.1,-1.5,0.204197408725108));
#4893=VECTOR('',#6231,0.299999999999999);
#4894=DRAUGHTING_PRE_DEFINED_CURVE_FONT('continuous');
#4895=COLOUR_RGB('',0.274509996175766,0.274509996175766,0.274509996175766);
#4896=CARTESIAN_POINT('',(1.45868021016951,0.69242168194919,0.232708582393026));
#4897=VECTOR('',#6232,1.38484336389861);
#4898=DRAUGHTING_PRE_DEFINED_CURVE_FONT('continuous');
#4899=COLOUR_RGB('',0.274509996175766,0.274509996175766,0.274509996175766);
#4900=CARTESIAN_POINT('',(-1.44543478260871,-0.874999999999978,1.09093685811988));
#4901=VECTOR('',#6233,2.89086956521739);
#4902=DRAUGHTING_PRE_DEFINED_CURVE_FONT('continuous');
#4903=COLOUR_RGB('',0.274509996175766,0.274509996175766,0.274509996175766);
#4904=CARTESIAN_POINT('',(-1.52499855053684,0.792169673350023,1.09095134672193));
#4905=VECTOR('',#6234,0.276704320438945);
#4906=SURFACE_SIDE_STYLE('',(#6235));
#4907=EDGE_LOOP('',(#6236,#6237,#6238,#6239));
#4908=CARTESIAN_POINT('',(-1.37970805984339,0.774488994700213,0.227652215826966));
#4909=CARTESIAN_POINT('',(-1.37970805984339,0.771120559319898,0.205272734552323));
#4910=CARTESIAN_POINT('',(-1.37970805984339,0.750507237938844,0.163490590401616));
#4911=CARTESIAN_POINT('',(-1.37970805984339,0.711814229161408,0.14695748886995));
#4912=CARTESIAN_POINT('',(-1.37970805984339,0.69242168194919,0.146956352623793));
#4913=CARTESIAN_POINT('',(-0.459902686589136,0.774488994700213,0.227652215826966));
#4914=CARTESIAN_POINT('',(-0.459902686589136,0.771120559319898,0.205272734552323));
#4915=CARTESIAN_POINT('',(-0.459902686589136,0.750507237938844,0.163490590401616));
#4916=CARTESIAN_POINT('',(-0.459902686589136,0.711814229161408,0.14695748886995));
#4917=CARTESIAN_POINT('',(-0.459902686589136,0.69242168194919,0.146956352623793));
#4918=CARTESIAN_POINT('',(0.459902686589116,0.774488994700213,0.227652215826966));
#4919=CARTESIAN_POINT('',(0.459902686589116,0.771120559319898,0.205272734552323));
#4920=CARTESIAN_POINT('',(0.459902686589116,0.750507237938844,0.163490590401616));
#4921=CARTESIAN_POINT('',(0.459902686589116,0.711814229161408,0.14695748886995));
#4922=CARTESIAN_POINT('',(0.459902686589116,0.69242168194919,0.146956352623793));
#4923=CARTESIAN_POINT('',(1.37970805984337,0.774488994700213,0.227652215826966));
#4924=CARTESIAN_POINT('',(1.37970805984337,0.771120559319898,0.205272734552323));
#4925=CARTESIAN_POINT('',(1.37970805984337,0.750507237938844,0.163490590401616));
#4926=CARTESIAN_POINT('',(1.37970805984337,0.711814229161408,0.14695748886995));
#4927=CARTESIAN_POINT('',(1.37970805984337,0.69242168194919,0.146956352623793));
#4928=DRAUGHTING_PRE_DEFINED_CURVE_FONT('continuous');
#4929=COLOUR_RGB('',1.0,1.0,1.0);
#4930=CARTESIAN_POINT('',(-1.1,-0.909241399581155,1.09171220263286));
#4931=VECTOR('',#6240,0.299999999999999);
#4933=DIRECTION('',(-0.0984473939614571,0.148072610863061,-0.984064333534345));
#4934=DIRECTION('',(1.0,-1.22464679914735E-016,0.0));
#4935=SURFACE_STYLE_FILL_AREA(#6241);
#4936=ORIENTED_EDGE('',*,*,#556,.T.);
#4937=ORIENTED_EDGE('',*,*,#922,.F.);
#4938=ORIENTED_EDGE('',*,*,#1186,.F.);
#4939=ORIENTED_EDGE('',*,*,#742,.F.);
#4940=ORIENTED_EDGE('',*,*,#724,.T.);
#4941=ORIENTED_EDGE('',*,*,#832,.T.);
#4942=ORIENTED_EDGE('',*,*,#542,.T.);
#4943=ORIENTED_EDGE('',*,*,#514,.F.);
#4944=ORIENTED_EDGE('',*,*,#846,.F.);
#4945=ORIENTED_EDGE('',*,*,#826,.F.);
#4946=ORIENTED_EDGE('',*,*,#998,.F.);
#4947=ORIENTED_EDGE('',*,*,#956,.T.);
#4948=ORIENTED_EDGE('',*,*,#1050,.T.);
#4949=CARTESIAN_POINT('',(-0.8,1.03013931524327,0.272928050670507));
#4950=DIRECTION('',(-1.0,0.0,0.0));
#4951=DIRECTION('',(0.0,0.0,1.0));
#4952=SURFACE_STYLE_FILL_AREA(#6242);
#4953=ORIENTED_EDGE('',*,*,#652,.F.);
#4954=ORIENTED_EDGE('',*,*,#1050,.F.);
#4955=ORIENTED_EDGE('',*,*,#772,.T.);
#4956=ORIENTED_EDGE('',*,*,#728,.F.);
#4957=CARTESIAN_POINT('',(-0.8,1.03918515627046,0.0420952891918559));
#4958=DIRECTION('',(0.0,-0.999233039215746,-0.0391578004957279));
#4959=DIRECTION('',(0.0,0.0391578004957279,-0.999233039215746));
#4960=DIRECTION('',(1.21932670105693E-016,0.995655810235138,0.0931101903392438));
#4961=DIRECTION('',(1.0,-1.22464679914735E-016,0.0));
#4962=DIRECTION('',(1.0,-1.22464679914735E-016,0.0));
#4963=DIRECTION('',(-1.0,0.0,0.0));
#4964=DIRECTION('',(-1.0,0.0,0.0));
#4965=DIRECTION('',(0.0,0.0391578004957279,-0.999233039215746));
#4966=DIRECTION('',(0.0,-6.11363053302569E-017,-1.0));
#4967=DIRECTION('',(-1.21932670105693E-016,-0.995655810235138,-0.0931101903392438));
#4968=SURFACE_STYLE_FILL_AREA(#6243);
#4969=ORIENTED_EDGE('',*,*,#756,.T.);
#4970=ORIENTED_EDGE('',*,*,#1082,.T.);
#4971=ORIENTED_EDGE('',*,*,#1064,.F.);
#4972=ORIENTED_EDGE('',*,*,#494,.F.);
#4973=SURFACE_STYLE_FILL_AREA(#6244);
#4974=ORIENTED_EDGE('',*,*,#1178,.T.);
#4975=ORIENTED_EDGE('',*,*,#990,.T.);
#4976=ORIENTED_EDGE('',*,*,#982,.T.);
#4977=ORIENTED_EDGE('',*,*,#900,.F.);
#4978=SURFACE_STYLE_FILL_AREA(#6245);
#4979=ORIENTED_EDGE('',*,*,#522,.F.);
#4980=ORIENTED_EDGE('',*,*,#534,.T.);
#4981=ORIENTED_EDGE('',*,*,#540,.T.);
#4982=ORIENTED_EDGE('',*,*,#550,.T.);
#4983=ORIENTED_EDGE('',*,*,#1086,.F.);
#4984=ORIENTED_EDGE('',*,*,#874,.T.);
#4985=ORIENTED_EDGE('',*,*,#1062,.F.);
#4986=ORIENTED_EDGE('',*,*,#1158,.T.);
#4987=ORIENTED_EDGE('',*,*,#952,.T.);
#4988=ORIENTED_EDGE('',*,*,#1110,.T.);
#4989=ORIENTED_EDGE('',*,*,#960,.T.);
#4990=ORIENTED_EDGE('',*,*,#1092,.F.);
#4991=ORIENTED_EDGE('',*,*,#774,.T.);
#4992=CARTESIAN_POINT('',(-0.8,-1.03013931524327,0.272928050650844));
#4993=DIRECTION('',(1.0,-1.22464679914735E-016,0.0));
#4994=DIRECTION('',(0.0,0.0,1.0));
#4995=DIRECTION('',(-1.0,0.0,0.0));
#4996=SURFACE_STYLE_FILL_AREA(#6246);
#4997=ORIENTED_EDGE('',*,*,#768,.T.);
#4998=ORIENTED_EDGE('',*,*,#786,.F.);
#4999=ORIENTED_EDGE('',*,*,#776,.F.);
#5000=ORIENTED_EDGE('',*,*,#834,.T.);
#5001=CARTESIAN_POINT('',(1.1,0.875,0.887016164637355));
#5002=DIRECTION('',(0.0,-1.0,5.76841649312682E-017));
#5003=DIRECTION('',(-1.0,0.0,0.0));
#5004=DIRECTION('',(1.0,-1.22464679914735E-016,0.0));
#5005=DIRECTION('',(6.39465996522398E-018,0.0522163612371845,-0.998635795282318));
#5006=DIRECTION('',(0.0,0.995655810235138,-0.0931101903392438));
#5007=DIRECTION('',(0.0,-0.995655810235138,0.0931101903392438));
#5008=CARTESIAN_POINT('',(1.1,-1.28212561341893,0.361369503063354));
#5009=DIRECTION('',(1.0,0.0,0.0));
#5010=DIRECTION('',(0.0,1.10919165335767E-013,-1.0));
#5011=SURFACE_STYLE_FILL_AREA(#6247);
#5012=ORIENTED_EDGE('',*,*,#1002,.T.);
#5013=ORIENTED_EDGE('',*,*,#870,.F.);
#5014=ORIENTED_EDGE('',*,*,#428,.F.);
#5015=ORIENTED_EDGE('',*,*,#566,.T.);
#5016=DIRECTION('',(0.0,-0.0391578004957279,0.999233039215746));
#5017=CARTESIAN_POINT('',(1.1,1.28212561341891,0.361369503063338));
#5018=DIRECTION('',(1.0,0.0,0.0));
#5019=DIRECTION('',(0.0,2.43947638613478E-014,-1.0));
#5020=CARTESIAN_POINT('',(0.8,1.28212561341893,0.361369503063354));
#5021=DIRECTION('',(-1.0,0.0,0.0));
#5022=DIRECTION('',(0.0,1.10919165335767E-013,1.0));
#5023=DIRECTION('',(0.0,-0.995655810235138,0.0931101903392438));
#5024=DIRECTION('',(4.79544750387437E-018,0.0391578004957279,0.999233039215746));
#5025=SURFACE_STYLE_FILL_AREA(#6248);
#5026=ORIENTED_EDGE('',*,*,#1210,.F.);
#5027=ORIENTED_EDGE('',*,*,#700,.F.);
#5028=ORIENTED_EDGE('',*,*,#554,.T.);
#5029=ORIENTED_EDGE('',*,*,#1074,.F.);
#5030=CARTESIAN_POINT('',(-1.52500000000001,-0.874999999999978,1.09093685811988));
#5031=DIRECTION('',(0.0,-1.0,6.11363053302569E-017));
#5032=DIRECTION('',(-1.0,0.0,0.0));
#5033=SURFACE_STYLE_FILL_AREA(#6249);
#5034=ORIENTED_EDGE('',*,*,#1086,.T.);
#5035=ORIENTED_EDGE('',*,*,#876,.F.);
#5036=ORIENTED_EDGE('',*,*,#760,.F.);
#5037=ORIENTED_EDGE('',*,*,#866,.T.);
#5038=SURFACE_STYLE_FILL_AREA(#6250);
#5039=ORIENTED_EDGE('',*,*,#1150,.T.);
#5040=ORIENTED_EDGE('',*,*,#520,.F.);
#5041=ORIENTED_EDGE('',*,*,#1012,.F.);
#5042=ORIENTED_EDGE('',*,*,#942,.T.);
#5043=DIRECTION('',(0.0,-6.11363053302569E-017,-1.0));
#5044=SURFACE_STYLE_FILL_AREA(#6251);
#5045=ORIENTED_EDGE('',*,*,#694,.T.);
#5046=ORIENTED_EDGE('',*,*,#862,.F.);
#5047=ORIENTED_EDGE('',*,*,#1070,.F.);
#5048=ORIENTED_EDGE('',*,*,#838,.T.);
#5049=DIRECTION('',(0.0,1.0,-6.13285254383704E-017));
#5050=DIRECTION('',(0.0984473939614571,0.148072610863061,0.984064333534345));
#5051=DIRECTION('',(0.0,-6.11363053302569E-017,-1.0));
#5052=DIRECTION('',(-0.0984473939614571,-0.148072610863061,-0.984064333534345));
#5053=DIRECTION('',(-0.0984473939614571,0.148072610863061,-0.984064333534345));
#5054=DIRECTION('',(-1.0,0.0,0.0));
#5055=CARTESIAN_POINT('',(1.41878558096538,0.75119734218562,1.3513452734292));
#5056=DIRECTION('',(-1.0,0.0,0.0));
#5057=DIRECTION('',(0.0,-1.19226670224144E-012,1.0));
#5058=DIRECTION('',(0.0,1.0,-6.49987645850835E-017));
#5059=SURFACE_STYLE_FILL_AREA(#6252);
#5060=ORIENTED_EDGE('',*,*,#544,.T.);
#5061=ORIENTED_EDGE('',*,*,#1112,.F.);
#5062=ORIENTED_EDGE('',*,*,#1098,.F.);
#5063=ORIENTED_EDGE('',*,*,#832,.F.);
#5064=CARTESIAN_POINT('',(-0.8,1.1829907746445,0.283641013558145));
#5065=DIRECTION('',(-0.0,0.999233039215746,0.0391578004957279));
#5066=DIRECTION('',(1.0,0.0,0.0));
#5067=CARTESIAN_POINT('',(-1.1,1.28212561341892,0.361369503083013));
#5068=DIRECTION('',(1.0,0.0,0.0));
#5069=DIRECTION('',(0.0,-2.11929511045457E-014,-1.0));
#5070=DIRECTION('',(1.0,-1.22464679914735E-016,0.0));
#5071=CARTESIAN_POINT('',(-0.8,-1.28212561341893,0.361369503063354));
#5072=DIRECTION('',(1.0,0.0,0.0));
#5073=DIRECTION('',(0.0,1.10919165335767E-013,-1.0));
#5074=CARTESIAN_POINT('',(-1.1,0.909241399581227,0.7505521393268));
#5075=DIRECTION('',(1.0,0.0,0.0));
#5076=DIRECTION('',(0.0,4.14281868363074E-013,-1.0));
#5077=DIRECTION('',(0.0,-0.0522163612371845,-0.998635795282318));
#5078=DIRECTION('',(0.0984473939614571,0.148072610863061,-0.984064333534345));
#5079=DIRECTION('',(-1.0,0.0,0.0));
#5080=DIRECTION('',(-1.0,0.0,0.0));
#5081=DIRECTION('',(-1.21932670105693E-016,-0.995655810235138,-0.0931101903392438));
#5082=DIRECTION('',(0.0,5.76841649312682E-017,1.0));
#5083=CARTESIAN_POINT('',(-1.41878558096537,0.751197342185578,1.35134527342912));
#5084=DIRECTION('',(0.0,-1.0,0.0));
#5085=DIRECTION('',(-5.64687044721232E-013,0.0,1.0));
#5086=DIRECTION('',(6.39465996522398E-018,0.0522163612371845,-0.998635795282318));
#5087=CARTESIAN_POINT('',(-0.8,0.909241399581227,0.7505521393268));
#5088=DIRECTION('',(1.0,0.0,0.0));
#5089=DIRECTION('',(0.0,4.14281868363074E-013,-1.0));
#5090=DIRECTION('',(-1.0,0.0,0.0));
#5091=DIRECTION('',(-1.22464679914735E-016,-1.0,-6.49987645850835E-017));
#5092=DIRECTION('',(0.0,-6.11363053302569E-017,-1.0));
#5093=DIRECTION('',(1.21932670105693E-016,0.995655810235138,0.0931101903392438));
#5094=DIRECTION('',(4.79544750387437E-018,0.0391578004957279,0.999233039215746));
#5095=DIRECTION('',(-7.06427279445657E-033,-5.76841649312682E-017,1.0));
#5096=CARTESIAN_POINT('',(-0.8,1.28212561341892,0.361369503083013));
#5097=DIRECTION('',(1.0,0.0,0.0));
#5098=DIRECTION('',(0.0,-2.11929511045457E-014,-1.0));
#5099=DIRECTION('',(-1.0,0.0,0.0));
#5100=DIRECTION('',(1.0,-1.22464679914735E-016,0.0));
#5101=SURFACE_STYLE_FILL_AREA(#6253);
#5102=ORIENTED_EDGE('',*,*,#734,.F.);
#5103=ORIENTED_EDGE('',*,*,#538,.F.);
#5104=ORIENTED_EDGE('',*,*,#678,.F.);
#5105=SURFACE_STYLE_FILL_AREA(#6254);
#5106=ORIENTED_EDGE('',*,*,#520,.T.);
#5107=ORIENTED_EDGE('',*,*,#888,.F.);
#5108=ORIENTED_EDGE('',*,*,#466,.F.);
#5109=ORIENTED_EDGE('',*,*,#822,.T.);
#5110=CARTESIAN_POINT('',(-0.15,-0.875,1.09171220264269));
#5111=DIRECTION('',(2.17905367007714E-081,-6.49987645850835E-017,1.0));
#5112=DIRECTION('',(1.0,3.35245397968258E-065,0.0));
#5113=DIRECTION('',(-0.0984473939614571,0.148072610863061,0.984064333534345));
#5114=SURFACE_STYLE_FILL_AREA(#6255);
#5115=ORIENTED_EDGE('',*,*,#1144,.T.);
#5116=ORIENTED_EDGE('',*,*,#750,.F.);
#5117=ORIENTED_EDGE('',*,*,#1154,.F.);
#5118=ORIENTED_EDGE('',*,*,#1194,.F.);
#5119=ORIENTED_EDGE('',*,*,#1202,.T.);
#5120=ORIENTED_EDGE('',*,*,#1140,.T.);
#5121=ORIENTED_EDGE('',*,*,#940,.T.);
#5122=ORIENTED_EDGE('',*,*,#546,.F.);
#5123=ORIENTED_EDGE('',*,*,#554,.F.);
#5124=ORIENTED_EDGE('',*,*,#1124,.F.);
#5125=ORIENTED_EDGE('',*,*,#702,.F.);
#5126=ORIENTED_EDGE('',*,*,#1070,.T.);
#5127=ORIENTED_EDGE('',*,*,#808,.T.);
#5128=CARTESIAN_POINT('',(0.8,-1.03013931524327,0.272928050650844));
#5129=DIRECTION('',(1.0,-1.22464679914735E-016,0.0));
#5130=DIRECTION('',(0.0,0.0,1.0));
#5131=DIRECTION('',(0.0,5.76841649312682E-017,1.0));
#5132=DIRECTION('',(0.0,1.0,-6.13285254383704E-017));
#5133=DIRECTION('',(-1.0,0.0,0.0));
#5134=DIRECTION('',(1.0,0.0,0.0));
#5135=SURFACE_STYLE_FILL_AREA(#6256);
#5136=ORIENTED_EDGE('',*,*,#876,.T.);
#5137=ORIENTED_EDGE('',*,*,#550,.F.);
#5138=ORIENTED_EDGE('',*,*,#848,.F.);
#5139=ORIENTED_EDGE('',*,*,#1218,.T.);
#5140=CARTESIAN_POINT('',(-1.1,-1.48932298871275,-9.82924852621636E-012));
#5141=DIRECTION('',(1.14027096566955E-017,0.0931101903392438,-0.995655810235138));
#5142=DIRECTION('',(-1.0,0.0,-1.14524613219528E-017));
#5143=SURFACE_STYLE_FILL_AREA(#6257);
#5144=ORIENTED_EDGE('',*,*,#866,.F.);
#5145=ORIENTED_EDGE('',*,*,#844,.F.);
#5146=ORIENTED_EDGE('',*,*,#872,.T.);
#5147=ORIENTED_EDGE('',*,*,#874,.F.);
#5148=CARTESIAN_POINT('',(-1.1,-1.03918515627046,0.0420952891721929));
#5149=DIRECTION('',(1.22370754307784E-016,0.999233039215746,-0.0391578004957279));
#5150=DIRECTION('',(-1.0,0.0,-3.12506710690082E-015));
#5151=SURFACE_STYLE_FILL_AREA(#6258);
#5152=ORIENTED_EDGE('',*,*,#6259,.F.);
#5153=ORIENTED_EDGE('',*,*,#6260,.F.);
#5154=CARTESIAN_POINT('',(-1.01492177568961,-0.460607599967977,1.44999999999823));
#5155=DIRECTION('',(0.0,0.0,1.0));
#5156=DIRECTION('',(1.0,0.0,0.0));
#5157=SURFACE_STYLE_FILL_AREA(#6261);
#5158=ORIENTED_EDGE('',*,*,#1224,.T.);
#5159=ORIENTED_EDGE('',*,*,#534,.F.);
#5160=ORIENTED_EDGE('',*,*,#1216,.F.);
#5161=ORIENTED_EDGE('',*,*,#1200,.T.);
#5162=CARTESIAN_POINT('',(-1.1,-1.18494943055953,0.233659817506885));
#5163=DIRECTION('',(-1.14027096566955E-017,-0.0931101903392439,0.995655810235138));
#5164=DIRECTION('',(-1.0,1.22464679914734E-016,0.0));
#5165=SURFACE_STYLE_FILL_AREA(#6262);
#5166=ORIENTED_EDGE('',*,*,#1032,.F.);
#5167=ORIENTED_EDGE('',*,*,#944,.F.);
#5168=ORIENTED_EDGE('',*,*,#548,.F.);
#5169=ORIENTED_EDGE('',*,*,#1228,.F.);
#5170=CARTESIAN_POINT('',(-1.52500000000001,-0.874999999999978,1.09093685811988));
#5171=DIRECTION('',(0.0,-1.0,6.11363053302569E-017));
#5172=DIRECTION('',(-1.0,0.0,0.0));
#5173=SURFACE_STYLE_FILL_AREA(#6263);
#5174=ORIENTED_EDGE('',*,*,#1204,.T.);
#5175=ORIENTED_EDGE('',*,*,#1042,.F.);
#5176=ORIENTED_EDGE('',*,*,#942,.F.);
#5177=ORIENTED_EDGE('',*,*,#552,.F.);
#5178=CARTESIAN_POINT('',(-0.15,-1.1829907746445,0.283641013548312));
#5179=DIRECTION('',(-1.22370754307785E-016,-0.999233039215746,0.0391578004957279));
#5180=DIRECTION('',(-1.0,1.22464679914736E-016,0.0));
#5181=DIRECTION('',(-7.06427279445657E-033,-5.76841649312682E-017,1.0));
#5182=CARTESIAN_POINT('',(1.37970805984341,-0.692421681949186,0.244609508364753));
#5183=DIRECTION('',(0.145998889106064,-0.200183860666348,0.968819253683839));
#5184=DIRECTION('',(-0.0767265057619118,0.974071723341609,0.212831673159506));
#5185=SURFACE_STYLE_FILL_AREA(#6264);
#5186=ORIENTED_EDGE('',*,*,#848,.T.);
#5187=ORIENTED_EDGE('',*,*,#540,.F.);
#5188=ORIENTED_EDGE('',*,*,#1224,.F.);
#5189=ORIENTED_EDGE('',*,*,#770,.T.);
#5190=CARTESIAN_POINT('',(-1.1,-1.5,0.204197408725108));
#5191=DIRECTION('',(-1.22297613020646E-016,-0.998635795282318,-0.0522163612371844));
#5192=DIRECTION('',(0.0,0.0522163612371844,-0.998635795282318));
#5193=DIRECTION('',(1.0,-1.22464679914735E-016,0.0));
#5194=DIRECTION('',(-1.0,0.0,0.0));
#5195=SURFACE_STYLE_FILL_AREA(#6265);
#5196=ORIENTED_EDGE('',*,*,#1054,.T.);
#5197=ORIENTED_EDGE('',*,*,#864,.F.);
#5198=ORIENTED_EDGE('',*,*,#616,.F.);
#5199=ORIENTED_EDGE('',*,*,#1186,.T.);
#5200=CARTESIAN_POINT('',(-0.8,1.5,0.204197408744771));
#5201=DIRECTION('',(0.0,0.998635795282318,-0.0522163612371844));
#5202=DIRECTION('',(-1.0,0.0,0.0));
#5203=DIRECTION('',(1.0,-1.22464679914735E-016,0.0));
#5204=SURFACE_STYLE_FILL_AREA(#6266);
#5205=ORIENTED_EDGE('',*,*,#758,.T.);
#5206=ORIENTED_EDGE('',*,*,#526,.F.);
#5207=ORIENTED_EDGE('',*,*,#632,.F.);
#5208=ORIENTED_EDGE('',*,*,#732,.T.);
#5209=CARTESIAN_POINT('',(1.1,1.5,0.204197408725108));
#5210=DIRECTION('',(0.0,0.998635795282318,-0.0522163612371844));
#5211=DIRECTION('',(-1.0,0.0,0.0));
#5212=DIRECTION('',(-1.0,0.0,0.0));
#5213=DIRECTION('',(0.0,1.0,-6.49987645850835E-017));
#5214=SURFACE_STYLE_FILL_AREA(#6267);
#5215=ORIENTED_EDGE('',*,*,#644,.T.);
#5216=ORIENTED_EDGE('',*,*,#952,.F.);
#5217=ORIENTED_EDGE('',*,*,#716,.F.);
#5218=ORIENTED_EDGE('',*,*,#740,.T.);
#5219=CARTESIAN_POINT('',(-1.1,-0.875,0.887016164637355));
#5220=DIRECTION('',(2.35800116288056E-065,1.0,5.76841649312682E-017));
#5221=DIRECTION('',(1.0,0.0,-4.08777896965339E-049));
#5222=DIRECTION('',(0.0,1.0,-6.13285254383704E-017));
#5223=DIRECTION('',(-1.21932670105693E-016,-0.995655810235138,-0.0931101903392438));
#5224=DIRECTION('',(-1.0,0.0,0.0));
#5225=DIRECTION('',(0.0,1.0,-6.49987645850835E-017));
#5226=SURFACE_STYLE_FILL_AREA(#6268);
#5227=ORIENTED_EDGE('',*,*,#784,.T.);
#5228=ORIENTED_EDGE('',*,*,#920,.F.);
#5229=ORIENTED_EDGE('',*,*,#560,.F.);
#5230=ORIENTED_EDGE('',*,*,#814,.T.);
#5231=CARTESIAN_POINT('',(-0.15,-0.875,0.887016164647185));
#5232=DIRECTION('',(2.35800116288056E-065,1.0,5.76841649312682E-017));
#5233=DIRECTION('',(1.0,0.0,-4.08777896965339E-049));
#5234=DIRECTION('',(0.0984473939614571,-0.148072610863061,-0.984064333534345));
#5235=SURFACE_STYLE_FILL_AREA(#6269);
#5236=ORIENTED_EDGE('',*,*,#432,.T.);
#5237=ORIENTED_EDGE('',*,*,#852,.F.);
#5238=ORIENTED_EDGE('',*,*,#854,.F.);
#5239=ORIENTED_EDGE('',*,*,#546,.T.);
#5240=CARTESIAN_POINT('',(0.8,-0.875,1.09171220263286));
#5241=DIRECTION('',(2.17905367007714E-081,-6.49987645850835E-017,1.0));
#5242=DIRECTION('',(1.0,3.35245397968258E-065,0.0));
#5243=SURFACE_STYLE_FILL_AREA(#6270);
#5244=ORIENTED_EDGE('',*,*,#830,.T.);
#5245=ORIENTED_EDGE('',*,*,#850,.F.);
#5246=ORIENTED_EDGE('',*,*,#1110,.F.);
#5247=ORIENTED_EDGE('',*,*,#698,.F.);
#5248=CARTESIAN_POINT('',(-1.52500000000001,-0.874999999999978,1.09093685811988));
#5249=DIRECTION('',(0.0,-1.0,6.11363053302569E-017));
#5250=DIRECTION('',(-1.0,0.0,0.0));
#5251=DIRECTION('',(0.0984473939614571,-0.148072610863061,-0.984064333534345));
#5252=DIRECTION('',(-1.0,0.0,0.0));
#5253=DIRECTION('',(0.0,-1.0,6.13285254383704E-017));
#5254=SURFACE_STYLE_FILL_AREA(#6271);
#5255=ORIENTED_EDGE('',*,*,#1078,.T.);
#5256=ORIENTED_EDGE('',*,*,#1080,.F.);
#5257=ORIENTED_EDGE('',*,*,#1082,.F.);
#5258=ORIENTED_EDGE('',*,*,#500,.T.);
#5259=CARTESIAN_POINT('',(-1.52500000000001,0.875000000000022,1.09093685811988));
#5260=DIRECTION('',(-1.0,0.0,0.0));
#5261=DIRECTION('',(0.0,0.0,1.0));
#5262=SURFACE_STYLE_FILL_AREA(#6272);
#5263=ORIENTED_EDGE('',*,*,#1058,.T.);
#5264=ORIENTED_EDGE('',*,*,#656,.F.);
#5265=ORIENTED_EDGE('',*,*,#800,.F.);
#5266=ORIENTED_EDGE('',*,*,#750,.T.);
#5267=CARTESIAN_POINT('',(0.8,-1.48932298871275,-9.82924852621636E-012));
#5268=DIRECTION('',(1.14027096566955E-017,0.0931101903392438,-0.995655810235138));
#5269=DIRECTION('',(-1.0,0.0,-1.14524613219528E-017));
#5270=DIRECTION('',(0.0,5.76841649312682E-017,1.0));
#5271=SURFACE_STYLE_FILL_AREA(#6273);
#5272=ORIENTED_EDGE('',*,*,#982,.F.);
#5273=ORIENTED_EDGE('',*,*,#1002,.F.);
#5274=ORIENTED_EDGE('',*,*,#936,.F.);
#5275=DIRECTION('',(1.0,-2.35800116288056E-065,1.56708578939665E-064));
#5276=SURFACE_STYLE_FILL_AREA(#6274);
#5277=ORIENTED_EDGE('',*,*,#696,.F.);
#5278=ORIENTED_EDGE('',*,*,#452,.T.);
#5279=ORIENTED_EDGE('',*,*,#468,.T.);
#5280=ORIENTED_EDGE('',*,*,#438,.T.);
#5281=ORIENTED_EDGE('',*,*,#824,.F.);
#5282=ORIENTED_EDGE('',*,*,#486,.T.);
#5283=ORIENTED_EDGE('',*,*,#1000,.F.);
#5284=ORIENTED_EDGE('',*,*,#1040,.T.);
#5285=ORIENTED_EDGE('',*,*,#920,.T.);
#5286=ORIENTED_EDGE('',*,*,#1210,.T.);
#5287=ORIENTED_EDGE('',*,*,#888,.T.);
#5288=ORIENTED_EDGE('',*,*,#1150,.F.);
#5289=ORIENTED_EDGE('',*,*,#1042,.T.);
#5290=CARTESIAN_POINT('',(0.15,-1.03013931524327,0.272928050660674));
#5291=DIRECTION('',(1.0,-1.22464679914735E-016,0.0));
#5292=DIRECTION('',(0.0,0.0,1.0));
#5293=SURFACE_STYLE_FILL_AREA(#6275);
#5294=ORIENTED_EDGE('',*,*,#598,.F.);
#5295=ORIENTED_EDGE('',*,*,#448,.F.);
#5296=ORIENTED_EDGE('',*,*,#1152,.T.);
#5297=ORIENTED_EDGE('',*,*,#478,.F.);
#5298=CARTESIAN_POINT('',(1.1,1.03918515627046,0.0420952891721929));
#5299=DIRECTION('',(0.0,-0.999233039215746,-0.0391578004957279));
#5300=DIRECTION('',(0.0,0.0391578004957279,-0.999233039215746));
#5301=DIRECTION('',(0.0,-1.0,6.13285254383704E-017));
#5302=DIRECTION('',(-1.0,0.0,0.0));
#5303=DIRECTION('',(1.21932670105693E-016,0.995655810235138,0.0931101903392438));
#5304=CARTESIAN_POINT('',(1.37970805984333,-0.692421681949144,0.244609508364831));
#5305=DIRECTION('',(0.0,1.0,0.0));
#5306=DIRECTION('',(-1.06781591313511E-012,0.0,1.0));
#5307=SURFACE_STYLE_FILL_AREA(#6276);
#5308=ORIENTED_EDGE('',*,*,#560,.T.);
#5309=ORIENTED_EDGE('',*,*,#1040,.F.);
#5310=ORIENTED_EDGE('',*,*,#718,.F.);
#5311=ORIENTED_EDGE('',*,*,#882,.T.);
#5312=CARTESIAN_POINT('',(-0.15,-1.00607451863371,0.887016164647185));
#5313=DIRECTION('',(7.9600528997655E-033,6.49987645850836E-017,-1.0));
#5314=DIRECTION('',(-1.0,0.0,-7.9600528997655E-033));
#5315=DIRECTION('',(0.0,-1.0,6.49987645850835E-017));
#5316=SURFACE_STYLE_FILL_AREA(#6277);
#5317=ORIENTED_EDGE('',*,*,#522,.T.);
#5318=ORIENTED_EDGE('',*,*,#440,.F.);
#5319=ORIENTED_EDGE('',*,*,#828,.F.);
#5320=ORIENTED_EDGE('',*,*,#1216,.T.);
#5321=DIRECTION('',(0.0,0.995655810235138,-0.0931101903392438));
#5322=SURFACE_STYLE_FILL_AREA(#6278);
#5323=ORIENTED_EDGE('',*,*,#800,.T.);
#5324=ORIENTED_EDGE('',*,*,#1038,.F.);
#5325=ORIENTED_EDGE('',*,*,#798,.F.);
#5326=ORIENTED_EDGE('',*,*,#1154,.T.);
#5327=CARTESIAN_POINT('',(0.8,-1.5,0.204197408725108));
#5328=DIRECTION('',(-1.22297613020646E-016,-0.998635795282318,-0.0522163612371844));
#5329=DIRECTION('',(0.0,0.0522163612371844,-0.998635795282318));
#5330=DIRECTION('',(-1.0,0.0,0.0));
#5331=SURFACE_STYLE_FILL_AREA(#6279);
#5332=ORIENTED_EDGE('',*,*,#792,.T.);
#5333=ORIENTED_EDGE('',*,*,#618,.F.);
#5334=ORIENTED_EDGE('',*,*,#574,.F.);
#5335=ORIENTED_EDGE('',*,*,#738,.T.);
#5336=CARTESIAN_POINT('',(1.1,0.875,1.09171220263286));
#5337=DIRECTION('',(-0.0,6.49987645850835E-017,1.0));
#5338=DIRECTION('',(1.0,0.0,0.0));
#5339=CARTESIAN_POINT('',(1.1,-0.90924139958121,0.750552139307112));
#5340=DIRECTION('',(-1.0,0.0,0.0));
#5341=DIRECTION('',(0.0,3.21635389122993E-013,1.0));
#5342=DIRECTION('',(1.0,-1.22464679914735E-016,0.0));
#5343=CARTESIAN_POINT('',(-1.4187855809654,0.751197342185566,1.35134527342913));
#5344=DIRECTION('',(1.0,0.0,0.0));
#5345=DIRECTION('',(0.0,-3.89083726965143E-013,-1.0));
#5346=SURFACE_STYLE_FILL_AREA(#6280);
#5347=ORIENTED_EDGE('',*,*,#988,.T.);
#5348=ORIENTED_EDGE('',*,*,#446,.T.);
#5349=ORIENTED_EDGE('',*,*,#914,.T.);
#5350=ORIENTED_EDGE('',*,*,#804,.F.);
#5351=SURFACE_STYLE_FILL_AREA(#6281);
#5352=ORIENTED_EDGE('',*,*,#912,.T.);
#5353=ORIENTED_EDGE('',*,*,#612,.T.);
#5354=ORIENTED_EDGE('',*,*,#996,.T.);
#5355=ORIENTED_EDGE('',*,*,#1004,.F.);
#5356=DIRECTION('',(-1.0,0.0,0.0));
#5357=SURFACE_STYLE_FILL_AREA(#6282);
#5358=ORIENTED_EDGE('',*,*,#506,.T.);
#5359=ORIENTED_EDGE('',*,*,#576,.F.);
#5360=ORIENTED_EDGE('',*,*,#628,.F.);
#5361=ORIENTED_EDGE('',*,*,#710,.F.);
#5362=ORIENTED_EDGE('',*,*,#1084,.F.);
#5363=ORIENTED_EDGE('',*,*,#1188,.F.);
#5364=ORIENTED_EDGE('',*,*,#768,.F.);
#5365=ORIENTED_EDGE('',*,*,#714,.F.);
#5366=CARTESIAN_POINT('',(-1.52500000000001,0.875000000000022,0.895630546637931));
#5367=DIRECTION('',(0.0,0.988868000661621,-0.148795420855244));
#5368=DIRECTION('',(-1.0,0.0,0.0));
#5369=SURFACE_STYLE_FILL_AREA(#6283);
#5370=ORIENTED_EDGE('',*,*,#440,.T.);
#5371=ORIENTED_EDGE('',*,*,#774,.F.);
#5372=ORIENTED_EDGE('',*,*,#442,.F.);
#5373=ORIENTED_EDGE('',*,*,#860,.F.);
#5374=CARTESIAN_POINT('',(-1.1,-1.1829907746445,0.283641013538482));
#5375=DIRECTION('',(-1.22370754307785E-016,-0.999233039215746,0.0391578004957279));
#5376=DIRECTION('',(-1.0,1.22464679914736E-016,0.0));
#5377=SURFACE_STYLE_FILL_AREA(#6284);
#5378=ORIENTED_EDGE('',*,*,#730,.T.);
#5379=ORIENTED_EDGE('',*,*,#472,.F.);
#5380=ORIENTED_EDGE('',*,*,#1054,.F.);
#5381=ORIENTED_EDGE('',*,*,#922,.T.);
#5382=CARTESIAN_POINT('',(-0.8,1.48932298871275,9.83368941831481E-012));
#5383=DIRECTION('',(-0.0,-0.0931101903392438,-0.995655810235138));
#5384=DIRECTION('',(0.0,-0.995655810235138,0.0931101903392438));
#5385=SURFACE_STYLE_FILL_AREA(#6285);
#5386=ORIENTED_EDGE('',*,*,#1108,.T.);
#5387=ORIENTED_EDGE('',*,*,#812,.F.);
#5388=ORIENTED_EDGE('',*,*,#1134,.F.);
#5389=ORIENTED_EDGE('',*,*,#1140,.F.);
#5390=CARTESIAN_POINT('',(0.8,-1.1829907746445,0.283641013538482));
#5391=DIRECTION('',(-1.22370754307785E-016,-0.999233039215746,0.0391578004957279));
#5392=DIRECTION('',(-1.0,1.22464679914736E-016,0.0));
#5393=CARTESIAN_POINT('',(1.1,-0.909241399581138,0.750552139306999));
#5394=DIRECTION('',(1.0,0.0,0.0));
#5395=DIRECTION('',(0.0,2.06939122142959E-013,-1.0));
#5396=CARTESIAN_POINT('',(0.15,-1.28212561341893,0.361369503073184));
#5397=DIRECTION('',(1.0,0.0,0.0));
#5398=DIRECTION('',(0.0,1.10919165335767E-013,-1.0));
#5399=DIRECTION('',(-1.0,0.0,0.0));
#5400=DIRECTION('',(-1.0,0.0,0.0));
#5401=DIRECTION('',(1.22464679914735E-016,1.0,6.49987645850835E-017));
#5402=SURFACE_STYLE_FILL_AREA(#6286);
#5403=ORIENTED_EDGE('',*,*,#938,.T.);
#5404=ORIENTED_EDGE('',*,*,#528,.F.);
#5405=ORIENTED_EDGE('',*,*,#1064,.T.);
#5406=ORIENTED_EDGE('',*,*,#1212,.T.);
#5407=DIRECTION('',(-0.0984473939614571,-0.148072610863061,0.984064333534345));
#5408=DIRECTION('',(0.0984473939614571,-0.148072610863061,0.984064333534345));
#5409=DIRECTION('',(-1.0,0.0,0.0));
#5410=CARTESIAN_POINT('',(1.37970805984342,0.69242168194919,0.244609508364705));
#5411=DIRECTION('',(0.0,-1.0,-0.0));
#5412=DIRECTION('',(-1.2665805328306E-012,0.0,-1.0));
#5413=DIRECTION('',(-1.0,0.0,0.0));
#5414=DIRECTION('',(1.0,-1.22464679914735E-016,0.0));
#5415=DIRECTION('',(1.0,-1.22464679914735E-016,0.0));
#5416=CARTESIAN_POINT('',(-1.1,0.90924139958114,0.750552139326665));
#5417=DIRECTION('',(-1.0,0.0,0.0));
#5418=DIRECTION('',(0.0,1.8173499829221E-013,1.0));
#5419=DIRECTION('',(1.0,-1.22464679914735E-016,0.0));
#5420=CARTESIAN_POINT('',(-0.8,1.28212561341892,0.361369503083012));
#5421=DIRECTION('',(-1.0,0.0,0.0));
#5422=DIRECTION('',(0.0,5.58143347958243E-014,1.0));
#5423=DIRECTION('',(-1.0,0.0,0.0));
#5424=DIRECTION('',(0.0,-0.0391578004957279,0.999233039215746));
#5425=DIRECTION('',(-1.0,0.0,0.0));
#5426=DIRECTION('',(0.0,-0.0522163612371845,-0.998635795282318));
#5427=CARTESIAN_POINT('',(-1.4187855809654,0.751197342185568,1.35134527342914));
#5428=DIRECTION('',(-0.145998889105973,0.200183860666378,-0.968819253683847));
#5429=DIRECTION('',(-0.0767265057667237,0.974071723341091,0.212831673160145));
#5430=DIRECTION('',(4.79544750387437E-018,0.0391578004957279,0.999233039215746));
#5431=DIRECTION('',(0.0,1.0,-6.49987645850835E-017));
#5432=DIRECTION('',(-7.06427279445657E-033,-5.76841649312682E-017,1.0));
#5433=DIRECTION('',(0.0,0.995655810235138,-0.0931101903392438));
#5434=CARTESIAN_POINT('',(0.8,1.28212561341891,0.361369503063338));
#5435=DIRECTION('',(1.0,0.0,0.0));
#5436=DIRECTION('',(0.0,2.43947638613478E-014,-1.0));
#5437=CARTESIAN_POINT('',(0.8,0.909241399581138,0.750552139306999));
#5438=DIRECTION('',(-1.0,0.0,0.0));
#5439=DIRECTION('',(0.0,2.06939122142959E-013,1.0));
#5440=DIRECTION('',(0.0,-1.0,6.49987645850835E-017));
#5441=DIRECTION('',(1.21932670105693E-016,0.995655810235138,0.0931101903392438));
#5442=SURFACE_STYLE_FILL_AREA(#6287);
#5443=ORIENTED_EDGE('',*,*,#914,.F.);
#5444=ORIENTED_EDGE('',*,*,#938,.F.);
#5445=ORIENTED_EDGE('',*,*,#912,.F.);
#5446=DIRECTION('',(0.0,0.0391578004957279,-0.999233039215746));
#5447=DIRECTION('',(-1.0,0.0,0.0));
#5448=CARTESIAN_POINT('',(-1.1,-1.28212561341891,0.361369503063338));
#5449=DIRECTION('',(-1.0,0.0,0.0));
#5450=DIRECTION('',(0.0,2.43947638613478E-014,1.0));
#5451=SURFACE_STYLE_FILL_AREA(#6288);
#5452=ORIENTED_EDGE('',*,*,#712,.T.);
#5453=ORIENTED_EDGE('',*,*,#1226,.T.);
#5454=ORIENTED_EDGE('',*,*,#658,.T.);
#5455=ORIENTED_EDGE('',*,*,#650,.F.);
#5456=SURFACE_STYLE_FILL_AREA(#6289);
#5457=ORIENTED_EDGE('',*,*,#1000,.T.);
#5458=ORIENTED_EDGE('',*,*,#916,.F.);
#5459=ORIENTED_EDGE('',*,*,#878,.F.);
#5460=ORIENTED_EDGE('',*,*,#718,.T.);
#5461=DIRECTION('',(-0.0984473939614571,-0.148072610863061,0.984064333534345));
#5462=DIRECTION('',(-1.0,-0.0,-0.0));
#5463=DIRECTION('',(6.39465996522398E-018,0.0522163612371845,-0.998635795282318));
#5464=DIRECTION('',(-1.0,0.0,0.0));
#5465=DIRECTION('',(-4.79544750387437E-018,-0.0391578004957279,-0.999233039215746));
#5466=DIRECTION('',(-1.0,0.0,0.0));
#5467=SURFACE_STYLE_FILL_AREA(#6290);
#5468=ORIENTED_EDGE('',*,*,#1028,.T.);
#5469=ORIENTED_EDGE('',*,*,#544,.F.);
#5470=ORIENTED_EDGE('',*,*,#724,.F.);
#5471=ORIENTED_EDGE('',*,*,#726,.T.);
#5472=CARTESIAN_POINT('',(1.41878558096551,0.751197342185705,1.35134527342919));
#5473=DIRECTION('',(0.145998889106065,0.200183860666349,-0.968819253683839));
#5474=DIRECTION('',(-0.0767265057531469,-0.974071723342546,-0.21283167315838));
#5475=SURFACE_STYLE_FILL_AREA(#6291);
#5476=ORIENTED_EDGE('',*,*,#1018,.F.);
#5477=ORIENTED_EDGE('',*,*,#1178,.F.);
#5478=ORIENTED_EDGE('',*,*,#1036,.F.);
#5479=DIRECTION('',(1.0,-2.35800116288056E-065,1.56708578939665E-064));
#5480=DIRECTION('',(0.0,5.76841649312682E-017,1.0));
#5481=DIRECTION('',(0.0984473939614571,0.148072610863061,0.984064333534345));
#5482=DIRECTION('',(-1.0,0.0,0.0));
#5483=DIRECTION('',(-1.0,0.0,0.0));
#5484=SURFACE_STYLE_FILL_AREA(#6292);
#5485=ORIENTED_EDGE('',*,*,#1092,.T.);
#5486=ORIENTED_EDGE('',*,*,#1234,.F.);
#5487=ORIENTED_EDGE('',*,*,#868,.F.);
#5488=ORIENTED_EDGE('',*,*,#442,.T.);
#5489=DIRECTION('',(1.0,0.0,0.0));
#5490=DIRECTION('',(1.0,-1.22464679914735E-016,0.0));
#5491=DIRECTION('',(1.0,-1.22464679914735E-016,0.0));
#5492=DIRECTION('',(0.0,-6.11363053302569E-017,-1.0));
#5493=DIRECTION('',(-1.0,0.0,0.0));
#5494=DIRECTION('',(1.0,-1.22464679914735E-016,0.0));
#5495=DIRECTION('',(-4.79544750387437E-018,-0.0391578004957279,-0.999233039215746));
#5496=DIRECTION('',(1.22464679914735E-016,1.0,6.49987645850835E-017));
#5497=DIRECTION('',(-4.79544750387437E-018,-0.0391578004957279,-0.999233039215746));
#5498=DIRECTION('',(-7.06427279445657E-033,-5.76841649312682E-017,1.0));
#5499=CARTESIAN_POINT('',(-1.1,-0.909241399581138,0.750552139306999));
#5500=DIRECTION('',(1.0,0.0,0.0));
#5501=DIRECTION('',(0.0,2.06939122142959E-013,-1.0));
#5502=SURFACE_STYLE_FILL_AREA(#6293);
#5503=ORIENTED_EDGE('',*,*,#972,.T.);
#5504=ORIENTED_EDGE('',*,*,#880,.F.);
#5505=ORIENTED_EDGE('',*,*,#892,.F.);
#5506=ORIENTED_EDGE('',*,*,#1124,.T.);
#5507=CARTESIAN_POINT('',(0.8,-0.875,0.887016164637355));
#5508=DIRECTION('',(2.35800116288056E-065,1.0,5.76841649312682E-017));
#5509=DIRECTION('',(1.0,0.0,-4.08777896965339E-049));
#5510=DIRECTION('',(6.39465996522398E-018,0.0522163612371845,-0.998635795282318));
#5511=DIRECTION('',(-1.22464679914735E-016,-1.0,-6.49987645850835E-017));
#5512=CARTESIAN_POINT('',(0.15,-1.28212561341891,0.361369503073164));
#5513=DIRECTION('',(-1.0,3.69010415578157E-016,-1.96605990952635E-016));
#5514=DIRECTION('',(-1.9660599095262E-016,3.94890240005568E-014,1.0));
#5515=DIRECTION('',(0.0,5.76841649312682E-017,1.0));
#5516=CARTESIAN_POINT('',(-1.1,-1.28212561341893,0.361369503063354));
#5517=DIRECTION('',(1.0,0.0,0.0));
#5518=DIRECTION('',(0.0,1.10919165335767E-013,-1.0));
#5519=DIRECTION('',(-7.06427279445657E-033,-5.76841649312682E-017,1.0));
#5520=DIRECTION('',(0.0,-0.0391578004957279,0.999233039215746));
#5521=DIRECTION('',(0.0,5.76841649312682E-017,1.0));
#5522=CARTESIAN_POINT('',(1.1,1.28212561341893,0.361369503063354));
#5523=DIRECTION('',(-1.0,0.0,0.0));
#5524=DIRECTION('',(0.0,1.10919165335767E-013,1.0));
#5525=DIRECTION('',(1.0,-1.22464679914735E-016,0.0));
#5526=SURFACE_STYLE_FILL_AREA(#6294);
#5527=ORIENTED_EDGE('',*,*,#930,.T.);
#5528=ORIENTED_EDGE('',*,*,#484,.F.);
#5529=ORIENTED_EDGE('',*,*,#758,.F.);
#5530=ORIENTED_EDGE('',*,*,#948,.T.);
#5531=CARTESIAN_POINT('',(1.1,1.48932298871275,-9.82924852621636E-012));
#5532=DIRECTION('',(-0.0,-0.0931101903392438,-0.995655810235138));
#5533=DIRECTION('',(0.0,-0.995655810235138,0.0931101903392438));
#5534=SURFACE_STYLE_FILL_AREA(#6295);
#5535=ORIENTED_EDGE('',*,*,#870,.T.);
#5536=ORIENTED_EDGE('',*,*,#990,.F.);
#5537=ORIENTED_EDGE('',*,*,#788,.F.);
#5538=ORIENTED_EDGE('',*,*,#1034,.T.);
#5539=ORIENTED_EDGE('',*,*,#806,.T.);
#5540=ORIENTED_EDGE('',*,*,#850,.T.);
#5541=ORIENTED_EDGE('',*,*,#466,.T.);
#5542=ORIENTED_EDGE('',*,*,#1074,.T.);
#5543=ORIENTED_EDGE('',*,*,#854,.T.);
#5544=ORIENTED_EDGE('',*,*,#1228,.T.);
#5545=CARTESIAN_POINT('',(-1.52500000000001,-0.874999999999978,1.09093685811988));
#5546=DIRECTION('',(0.0,-0.988868000661621,0.148795420855244));
#5547=DIRECTION('',(-1.0,0.0,0.0));
#5548=DIRECTION('',(-4.79544750387437E-018,-0.0391578004957279,-0.999233039215746));
#5549=DIRECTION('',(0.0,5.76841649312682E-017,1.0));
#5550=DIRECTION('',(1.0,-1.22464679914735E-016,0.0));
#5551=DIRECTION('',(1.0,0.0,0.0));
#5552=DIRECTION('',(-1.22464679914735E-016,-1.0,-6.49987645850835E-017));
#5553=DIRECTION('',(1.0,-1.22464679914735E-016,0.0));
#5554=CARTESIAN_POINT('',(-0.15,-1.28212561341891,0.361369503073172));
#5555=DIRECTION('',(-1.0,3.69010415578157E-016,-1.96605990952635E-016));
#5556=DIRECTION('',(-1.96605990952631E-016,1.13588119229401E-014,1.0));
#5557=DIRECTION('',(-1.21932670105693E-016,-0.995655810235138,-0.0931101903392438));
#5558=DIRECTION('',(4.79544750387437E-018,0.0391578004957279,0.999233039215746));
#5559=DIRECTION('',(1.0,-1.22464679914735E-016,0.0));
#5560=DIRECTION('',(0.0,-0.0522163612371845,-0.998635795282318));
#5561=DIRECTION('',(1.0,-1.22464679914735E-016,0.0));
#5562=CARTESIAN_POINT('',(-1.1,-0.909241399581203,0.750552139307102));
#5563=DIRECTION('',(-1.0,3.3133518091216E-016,-1.86940181313157E-016));
#5564=DIRECTION('',(-1.86940181313063E-016,2.84161962445288E-013,1.0));
#5565=DIRECTION('',(-0.0984473939614571,0.148072610863061,0.984064333534345));
#5566=DIRECTION('',(1.0,-1.22464679914735E-016,0.0));
#5567=DIRECTION('',(4.79544750387437E-018,0.0391578004957279,0.999233039215746));
#5568=DIRECTION('',(1.0,-1.22464679914735E-016,0.0));
#5569=CARTESIAN_POINT('',(-0.15,-0.909241399581138,0.75055213931683));
#5570=DIRECTION('',(1.0,0.0,0.0));
#5571=DIRECTION('',(0.0,2.06939122142959E-013,-1.0));
#5572=DIRECTION('',(-7.06427279445657E-033,-5.76841649312682E-017,1.0));
#5573=DIRECTION('',(1.22464679914735E-016,1.0,6.49987645850835E-017));
#5574=DIRECTION('',(0.0,-1.0,6.13285254383704E-017));
#5575=DIRECTION('',(-1.22464679914735E-016,-1.0,-6.49987645850835E-017));
#5576=SURFACE_STYLE_FILL_AREA(#6296);
#5577=ORIENTED_EDGE('',*,*,#824,.T.);
#5578=ORIENTED_EDGE('',*,*,#676,.F.);
#5579=ORIENTED_EDGE('',*,*,#856,.F.);
#5580=ORIENTED_EDGE('',*,*,#602,.T.);
#5581=DIRECTION('',(1.0,-1.22464679914735E-016,0.0));
#5582=DIRECTION('',(-1.22464679914735E-016,-1.0,-6.49987645850835E-017));
#5583=DIRECTION('',(1.22464679914735E-016,1.0,6.49987645850835E-017));
#5584=SURFACE_STYLE_FILL_AREA(#6297);
#5585=ORIENTED_EDGE('',*,*,#918,.T.);
#5586=ORIENTED_EDGE('',*,*,#452,.F.);
#5587=ORIENTED_EDGE('',*,*,#596,.F.);
#5588=ORIENTED_EDGE('',*,*,#858,.T.);
#5589=CARTESIAN_POINT('',(-0.15,-1.18494943055953,0.233659817516715));
#5590=DIRECTION('',(-1.14027096566955E-017,-0.0931101903392439,0.995655810235138));
#5591=DIRECTION('',(-1.0,1.22464679914734E-016,0.0));
#5592=DIRECTION('',(1.0,0.0,0.0));
#5593=SURFACE_STYLE_FILL_AREA(#6298);
#5594=ORIENTED_EDGE('',*,*,#884,.T.);
#5595=ORIENTED_EDGE('',*,*,#504,.T.);
#5596=ORIENTED_EDGE('',*,*,#462,.F.);
#5597=ORIENTED_EDGE('',*,*,#1130,.F.);
#5598=SURFACE_STYLE_FILL_AREA(#6299);
#5599=ORIENTED_EDGE('',*,*,#780,.T.);
#5600=ORIENTED_EDGE('',*,*,#766,.F.);
#5601=ORIENTED_EDGE('',*,*,#884,.F.);
#5602=ORIENTED_EDGE('',*,*,#706,.T.);
#5603=SURFACE_STYLE_FILL_AREA(#6300);
#5604=ORIENTED_EDGE('',*,*,#1018,.T.);
#5605=ORIENTED_EDGE('',*,*,#502,.F.);
#5606=ORIENTED_EDGE('',*,*,#756,.F.);
#5607=ORIENTED_EDGE('',*,*,#788,.T.);
#5608=SURFACE_STYLE_FILL_AREA(#6301);
#5609=ORIENTED_EDGE('',*,*,#592,.T.);
#5610=ORIENTED_EDGE('',*,*,#508,.F.);
#5611=ORIENTED_EDGE('',*,*,#654,.F.);
#5612=ORIENTED_EDGE('',*,*,#430,.T.);
#5613=SURFACE_STYLE_FILL_AREA(#6302);
#5614=ORIENTED_EDGE('',*,*,#632,.T.);
#5615=ORIENTED_EDGE('',*,*,#666,.F.);
#5616=ORIENTED_EDGE('',*,*,#532,.F.);
#5617=ORIENTED_EDGE('',*,*,#1008,.T.);
#5618=CARTESIAN_POINT('',(1.1,1.18494943055953,0.233659817506885));
#5619=DIRECTION('',(-0.0,0.0931101903392439,0.995655810235138));
#5620=DIRECTION('',(1.0,0.0,0.0));
#5621=CARTESIAN_POINT('',(-1.37970805984344,-0.692421681949144,0.244609508364705));
#5622=DIRECTION('',(0.0,1.0,0.0));
#5623=DIRECTION('',(-1.2665805328306E-012,0.0,1.0));
#5624=CARTESIAN_POINT('',(-1.37970805984339,-0.692421681949156,0.244609508364751));
#5625=DIRECTION('',(1.0,0.0,0.0));
#5626=DIRECTION('',(0.0,4.01446294835048E-013,-1.0));
#5627=DIRECTION('',(1.0,-1.22464679914735E-016,0.0));
#5628=DIRECTION('',(1.0,-1.22464679914735E-016,0.0));
#5629=DIRECTION('',(-7.06427279445657E-033,-5.76841649312682E-017,1.0));
#5630=DIRECTION('',(0.0,-0.995655810235138,0.0931101903392438));
#5631=DIRECTION('',(0.0,-1.0,6.49987645850835E-017));
#5632=SURFACE_STYLE_FILL_AREA(#6303);
#5633=SURFACE_STYLE_FILL_AREA(#6304);
#5634=ORIENTED_EDGE('',*,*,#474,.T.);
#5635=ORIENTED_EDGE('',*,*,#1108,.F.);
#5636=ORIENTED_EDGE('',*,*,#1202,.F.);
#5637=ORIENTED_EDGE('',*,*,#1180,.T.);
#5638=DIRECTION('',(-1.0,0.0,0.0));
#5639=SURFACE_STYLE_FILL_AREA(#6305);
#5640=ORIENTED_EDGE('',*,*,#984,.T.);
#5641=ORIENTED_EDGE('',*,*,#1116,.T.);
#5642=ORIENTED_EDGE('',*,*,#1130,.T.);
#5643=ORIENTED_EDGE('',*,*,#714,.T.);
#5644=CARTESIAN_POINT('',(1.52499999999999,0.875000000000022,1.09093685811988));
#5645=DIRECTION('',(0.0,1.0,-6.11363053302569E-017));
#5646=DIRECTION('',(1.0,0.0,0.0));
#5647=SURFACE_STYLE_FILL_AREA(#6306);
#5648=ORIENTED_EDGE('',*,*,#428,.T.);
#5649=ORIENTED_EDGE('',*,*,#548,.T.);
#5650=ORIENTED_EDGE('',*,*,#654,.T.);
#5651=ORIENTED_EDGE('',*,*,#450,.F.);
#5652=CARTESIAN_POINT('',(1.41878558096535,-0.751197342185532,1.35134527342912));
#5653=DIRECTION('',(0.0,1.0,0.0));
#5654=DIRECTION('',(-5.54757631055191E-013,0.0,-1.0));
#5655=CARTESIAN_POINT('',(-1.37970805984337,-0.692421681949124,0.244609508364775));
#5656=DIRECTION('',(-0.145998889105969,-0.200183860666377,0.968819253683848));
#5657=DIRECTION('',(-0.0767265057684788,-0.974071723340903,-0.212831673160369));
#5658=CARTESIAN_POINT('',(0.8,-0.909241399581203,0.750552139307102));
#5659=DIRECTION('',(-1.0,3.3133518091216E-016,-1.86940181313157E-016));
#5660=DIRECTION('',(-1.86940181313063E-016,2.84161962445288E-013,1.0));
#5661=DIRECTION('',(1.0,-1.22464679914735E-016,0.0));
#5662=DIRECTION('',(-1.0,0.0,0.0));
#5663=SURFACE_STYLE_FILL_AREA(#6307);
#5664=ORIENTED_EDGE('',*,*,#1046,.F.);
#5665=ORIENTED_EDGE('',*,*,#1090,.F.);
#5666=ORIENTED_EDGE('',*,*,#712,.F.);
#5667=DIRECTION('',(0.0,-0.995655810235138,0.0931101903392438));
#5668=DIRECTION('',(0.0,1.0,-6.13285254383704E-017));
#5669=DIRECTION('',(-7.06427279445657E-033,-5.76841649312682E-017,1.0));
#5670=CARTESIAN_POINT('',(1.41878558096538,0.751197342185578,1.35134527342914));
#5671=DIRECTION('',(0.0,-1.0,-0.0));
#5672=DIRECTION('',(-5.46404196027352E-014,0.0,-1.0));
#5673=CARTESIAN_POINT('',(-0.8,0.90924139958114,0.750552139326665));
#5674=DIRECTION('',(-1.0,0.0,0.0));
#5675=DIRECTION('',(0.0,1.8173499829221E-013,1.0));
#5676=SURFACE_STYLE_FILL_AREA(#6308);
#5677=ORIENTED_EDGE('',*,*,#630,.T.);
#5678=ORIENTED_EDGE('',*,*,#802,.T.);
#5679=ORIENTED_EDGE('',*,*,#496,.F.);
#5680=ORIENTED_EDGE('',*,*,#1078,.F.);
#5681=DIRECTION('',(-1.22464679914735E-016,-1.0,-6.49987645850835E-017));
#5682=SURFACE_STYLE_FILL_AREA(#6309);
#5683=ORIENTED_EDGE('',*,*,#570,.F.);
#5684=ORIENTED_EDGE('',*,*,#1188,.T.);
#5685=ORIENTED_EDGE('',*,*,#846,.T.);
#5686=ORIENTED_EDGE('',*,*,#1206,.T.);
#5687=CARTESIAN_POINT('',(1.52499999999999,0.875000000000022,1.09093685811988));
#5688=DIRECTION('',(0.0,1.0,-6.11363053302569E-017));
#5689=DIRECTION('',(1.0,0.0,0.0));
#5690=SURFACE_STYLE_FILL_AREA(#6310);
#5691=ORIENTED_EDGE('',*,*,#674,.T.);
#5692=ORIENTED_EDGE('',*,*,#432,.F.);
#5693=ORIENTED_EDGE('',*,*,#940,.F.);
#5694=ORIENTED_EDGE('',*,*,#1134,.T.);
#5695=SURFACE_STYLE_FILL_AREA(#6311);
#5696=ORIENTED_EDGE('',*,*,#1090,.T.);
#5697=ORIENTED_EDGE('',*,*,#506,.F.);
#5698=ORIENTED_EDGE('',*,*,#462,.T.);
#5699=ORIENTED_EDGE('',*,*,#1132,.T.);
#5700=SURFACE_STYLE_FILL_AREA(#6312);
#5701=ORIENTED_EDGE('',*,*,#482,.F.);
#5702=ORIENTED_EDGE('',*,*,#666,.T.);
#5703=ORIENTED_EDGE('',*,*,#526,.T.);
#5704=ORIENTED_EDGE('',*,*,#484,.T.);
#5705=ORIENTED_EDGE('',*,*,#744,.F.);
#5706=ORIENTED_EDGE('',*,*,#478,.T.);
#5707=ORIENTED_EDGE('',*,*,#746,.F.);
#5708=ORIENTED_EDGE('',*,*,#748,.T.);
#5709=ORIENTED_EDGE('',*,*,#786,.T.);
#5710=ORIENTED_EDGE('',*,*,#570,.T.);
#5711=ORIENTED_EDGE('',*,*,#618,.T.);
#5712=ORIENTED_EDGE('',*,*,#1006,.F.);
#5713=ORIENTED_EDGE('',*,*,#754,.T.);
#5714=CARTESIAN_POINT('',(0.8,1.03013931524327,0.272928050650844));
#5715=DIRECTION('',(-1.0,0.0,0.0));
#5716=DIRECTION('',(0.0,0.0,1.0));
#5717=DIRECTION('',(0.0,1.0,-6.13285254383704E-017));
#5718=DIRECTION('',(1.0,-2.35800116288056E-065,1.56708578939665E-064));
#5719=SURFACE_STYLE_FILL_AREA(#6313);
#5720=ORIENTED_EDGE('',*,*,#708,.T.);
#5721=ORIENTED_EDGE('',*,*,#558,.F.);
#5722=ORIENTED_EDGE('',*,*,#706,.F.);
#5723=ORIENTED_EDGE('',*,*,#1116,.F.);
#5724=ORIENTED_EDGE('',*,*,#574,.T.);
#5725=ORIENTED_EDGE('',*,*,#1206,.F.);
#5726=ORIENTED_EDGE('',*,*,#606,.T.);
#5727=ORIENTED_EDGE('',*,*,#796,.F.);
#5728=CARTESIAN_POINT('',(1.52499999999999,0.875000000000022,1.09093685811988));
#5729=DIRECTION('',(-0.0,0.988868000661621,0.148795420855244));
#5730=DIRECTION('',(1.0,0.0,0.0));
#5731=SURFACE_STYLE_FILL_AREA(#6314);
#5732=ORIENTED_EDGE('',*,*,#510,.T.);
#5733=ORIENTED_EDGE('',*,*,#924,.F.);
#5734=ORIENTED_EDGE('',*,*,#1118,.F.);
#5735=ORIENTED_EDGE('',*,*,#998,.T.);
#5736=CARTESIAN_POINT('',(-0.8,1.00607451863371,0.887016164657018));
#5737=DIRECTION('',(-0.0,-6.49987645850836E-017,-1.0));
#5738=DIRECTION('',(0.0,-1.0,6.49987645850836E-017));
#5739=SURFACE_STYLE_FILL_AREA(#6315);
#5740=ORIENTED_EDGE('',*,*,#1234,.T.);
#5741=ORIENTED_EDGE('',*,*,#960,.F.);
#5742=ORIENTED_EDGE('',*,*,#806,.F.);
#5743=ORIENTED_EDGE('',*,*,#894,.T.);
#5744=CARTESIAN_POINT('',(-1.1,-0.875,1.09171220263286));
#5745=DIRECTION('',(2.17905367007714E-081,-6.49987645850835E-017,1.0));
#5746=DIRECTION('',(1.0,3.35245397968258E-065,0.0));
#5747=CARTESIAN_POINT('',(-1.37970805984339,0.692421681949202,0.24460950836475));
#5748=DIRECTION('',(1.0,0.0,0.0));
#5749=DIRECTION('',(0.0,-4.16883217618597E-013,-1.0));
#5750=CARTESIAN_POINT('',(1.41878558096538,-0.751197342185546,1.35134527342917));
#5751=DIRECTION('',(-1.0,0.0,0.0));
#5752=DIRECTION('',(0.0,4.23249369078989E-013,1.0));
#5753=DIRECTION('',(0.0,5.76841649312682E-017,1.0));
#5754=SURFACE_STYLE_FILL_AREA(#6316);
#5755=ORIENTED_EDGE('',*,*,#482,.T.);
#5756=ORIENTED_EDGE('',*,*,#790,.F.);
#5757=ORIENTED_EDGE('',*,*,#836,.F.);
#5758=ORIENTED_EDGE('',*,*,#532,.T.);
#5759=CARTESIAN_POINT('',(1.37970805984337,-0.69242168194916,0.244609508364747));
#5760=DIRECTION('',(-1.0,0.0,0.0));
#5761=DIRECTION('',(0.0,-5.01321369335301E-013,1.0));
#5762=DIRECTION('',(1.0,0.0,0.0));
#5763=DIRECTION('',(0.0,1.0,-6.13285254383704E-017));
#5764=CARTESIAN_POINT('',(1.1,0.909241399581138,0.750552139306999));
#5765=DIRECTION('',(-1.0,0.0,0.0));
#5766=DIRECTION('',(0.0,2.06939122142959E-013,1.0));
#5767=CARTESIAN_POINT('',(-1.37970805984335,0.69242168194919,0.244609508364831));
#5768=DIRECTION('',(0.0,-1.0,-0.0));
#5769=DIRECTION('',(-1.06781591313511E-012,0.0,-1.0));
#5770=DIRECTION('',(0.0,-1.0,6.49987645850835E-017));
#5771=CARTESIAN_POINT('',(0.15,-0.909241399581138,0.75055213931683));
#5772=DIRECTION('',(1.0,0.0,0.0));
#5773=DIRECTION('',(0.0,2.06939122142959E-013,-1.0));
#5774=CARTESIAN_POINT('',(1.41878558096538,-0.751197342185524,1.35134527342914));
#5775=DIRECTION('',(0.145998889105973,-0.200183860666378,-0.968819253683847));
#5776=DIRECTION('',(-0.0767265057666881,0.974071723341094,-0.21283167316014));
#5777=DIRECTION('',(0.0,1.0,-6.13285254383704E-017));
#5778=CARTESIAN_POINT('',(0.8,0.90924139958121,0.750552139307112));
#5779=DIRECTION('',(1.0,0.0,0.0));
#5780=DIRECTION('',(0.0,3.21635389122993E-013,-1.0));
#5781=DIRECTION('',(0.0,0.995655810235138,-0.0931101903392438));
#5782=SURFACE_STYLE_FILL_AREA(#6317);
#5783=ORIENTED_EDGE('',*,*,#798,.T.);
#5784=ORIENTED_EDGE('',*,*,#614,.F.);
#5785=ORIENTED_EDGE('',*,*,#1180,.F.);
#5786=ORIENTED_EDGE('',*,*,#1194,.T.);
#5787=CARTESIAN_POINT('',(0.8,-1.18494943055953,0.233659817506885));
#5788=DIRECTION('',(-1.14027096566955E-017,-0.0931101903392439,0.995655810235138));
#5789=DIRECTION('',(-1.0,1.22464679914734E-016,0.0));
#5790=CARTESIAN_POINT('',(-0.15,-0.909241399581203,0.750552139316932));
#5791=DIRECTION('',(-1.0,3.3133518091216E-016,-1.86940181313157E-016));
#5792=DIRECTION('',(-1.86940181313063E-016,2.84161962445288E-013,1.0));
#5793=CARTESIAN_POINT('',(-0.15,-1.28212561341893,0.361369503073184));
#5794=DIRECTION('',(1.0,0.0,0.0));
#5795=DIRECTION('',(0.0,1.10919165335767E-013,-1.0));
#5796=SURFACE_STYLE_FILL_AREA(#6318);
#5797=ORIENTED_EDGE('',*,*,#744,.T.);
#5798=ORIENTED_EDGE('',*,*,#930,.F.);
#5799=ORIENTED_EDGE('',*,*,#480,.F.);
#5800=ORIENTED_EDGE('',*,*,#598,.T.);
#5801=CARTESIAN_POINT('',(-1.41878558096552,-0.751197342185643,1.35134527342919));
#5802=DIRECTION('',(-0.145998889106064,-0.200183860666349,-0.968819253683839));
#5803=DIRECTION('',(-0.076726505754913,-0.974071723342357,0.212831673158607));
#5804=SURFACE_STYLE_FILL_AREA(#6319);
#5805=ORIENTED_EDGE('',*,*,#676,.T.);
#5806=ORIENTED_EDGE('',*,*,#438,.F.);
#5807=ORIENTED_EDGE('',*,*,#722,.F.);
#5808=ORIENTED_EDGE('',*,*,#1220,.T.);
#5809=CARTESIAN_POINT('',(-0.15,-1.48932298871275,1.22124532708767E-015));
#5810=DIRECTION('',(1.14027096566955E-017,0.0931101903392438,-0.995655810235138));
#5811=DIRECTION('',(-1.0,0.0,-1.14524613219528E-017));
#5812=SURFACE_STYLE_FILL_AREA(#6320);
#5813=ORIENTED_EDGE('',*,*,#696,.T.);
#5814=ORIENTED_EDGE('',*,*,#1204,.F.);
#5815=ORIENTED_EDGE('',*,*,#1014,.F.);
#5816=ORIENTED_EDGE('',*,*,#596,.T.);
#5817=SURFACE_STYLE_FILL_AREA(#6321);
#5818=ORIENTED_EDGE('',*,*,#508,.T.);
#5819=ORIENTED_EDGE('',*,*,#1226,.F.);
#5820=ORIENTED_EDGE('',*,*,#1132,.F.);
#5821=ORIENTED_EDGE('',*,*,#992,.F.);
#5822=CARTESIAN_POINT('',(1.52499999999999,0.875000000000022,0.895630546637931));
#5823=DIRECTION('',(0.995033088655057,-6.10493126295273E-018,-0.0995447260359722));
#5824=DIRECTION('',(0.0,-1.0,6.13285254383704E-017));
#5825=SURFACE_STYLE_FILL_AREA(#6322);
#5826=ORIENTED_EDGE('',*,*,#518,.T.);
#5827=ORIENTED_EDGE('',*,*,#730,.F.);
#5828=ORIENTED_EDGE('',*,*,#556,.F.);
#5829=ORIENTED_EDGE('',*,*,#652,.T.);
#5830=CARTESIAN_POINT('',(-1.1,1.28212561341892,0.361369503083012));
#5831=DIRECTION('',(-1.0,0.0,0.0));
#5832=DIRECTION('',(0.0,5.58143347958243E-014,1.0));
#5833=SURFACE_STYLE_FILL_AREA(#6323);
#5834=ORIENTED_EDGE('',*,*,#1122,.T.);
#5835=ORIENTED_EDGE('',*,*,#622,.F.);
#5836=ORIENTED_EDGE('',*,*,#496,.T.);
#5837=ORIENTED_EDGE('',*,*,#628,.T.);
#5838=DIRECTION('',(-7.06427279445657E-033,-5.76841649312682E-017,1.0));
#5839=DIRECTION('',(1.0,0.0,0.0));
#5840=CARTESIAN_POINT('',(-1.41878558096539,-0.751197342185532,1.35134527342912));
#5841=DIRECTION('',(0.0,1.0,0.0));
#5842=DIRECTION('',(-3.59695677026057E-013,0.0,1.0));
#5843=DIRECTION('',(6.39465996522398E-018,0.0522163612371845,-0.998635795282318));
#5844=DIRECTION('',(1.22464679914735E-016,1.0,6.49987645850835E-017));
#5845=DIRECTION('',(-4.79544750387437E-018,-0.0391578004957279,-0.999233039215746));
#5846=SURFACE_STYLE_FILL_AREA(#6324);
#5847=ORIENTED_EDGE('',*,*,#760,.T.);
#5848=ORIENTED_EDGE('',*,*,#1218,.F.);
#5849=ORIENTED_EDGE('',*,*,#770,.F.);
#5850=ORIENTED_EDGE('',*,*,#1200,.F.);
#5851=ORIENTED_EDGE('',*,*,#828,.T.);
#5852=ORIENTED_EDGE('',*,*,#860,.T.);
#5853=ORIENTED_EDGE('',*,*,#868,.T.);
#5854=ORIENTED_EDGE('',*,*,#894,.F.);
#5855=ORIENTED_EDGE('',*,*,#590,.F.);
#5856=ORIENTED_EDGE('',*,*,#740,.F.);
#5857=ORIENTED_EDGE('',*,*,#896,.F.);
#5858=ORIENTED_EDGE('',*,*,#816,.T.);
#5859=ORIENTED_EDGE('',*,*,#844,.T.);
#5860=CARTESIAN_POINT('',(-1.1,-1.03013931524327,0.272928050650844));
#5861=DIRECTION('',(1.0,-1.22464679914735E-016,0.0));
#5862=DIRECTION('',(0.0,0.0,1.0));
#5863=CARTESIAN_POINT('',(1.37970805984337,0.692421681949164,0.24460950836481));
#5864=DIRECTION('',(-1.0,0.0,0.0));
#5865=DIRECTION('',(0.0,-8.57287888297707E-013,1.0));
#5866=SURFACE_STYLE_FILL_AREA(#6325);
#5867=ORIENTED_EDGE('',*,*,#512,.F.);
#5868=ORIENTED_EDGE('',*,*,#954,.F.);
#5869=ORIENTED_EDGE('',*,*,#780,.F.);
#5870=DIRECTION('',(0.0,0.0391578004957279,-0.999233039215746));
#5871=SURFACE_STYLE_FILL_AREA(#6326);
#5872=ORIENTED_EDGE('',*,*,#1006,.T.);
#5873=ORIENTED_EDGE('',*,*,#792,.F.);
#5874=ORIENTED_EDGE('',*,*,#1146,.F.);
#5875=ORIENTED_EDGE('',*,*,#684,.T.);
#5876=DIRECTION('',(-1.0,0.0,0.0));
#5877=DIRECTION('',(-4.79544750387437E-018,-0.0391578004957279,-0.999233039215746));
#5878=DIRECTION('',(1.0,-1.22464679914735E-016,0.0));
#5879=SURFACE_STYLE_FILL_AREA(#6327);
#5880=ORIENTED_EDGE('',*,*,#734,.T.);
#5881=ORIENTED_EDGE('',*,*,#708,.F.);
#5882=ORIENTED_EDGE('',*,*,#630,.F.);
#5883=ORIENTED_EDGE('',*,*,#1230,.T.);
#5884=CARTESIAN_POINT('',(-0.8,-0.909241399581138,0.750552139306999));
#5885=DIRECTION('',(1.0,0.0,0.0));
#5886=DIRECTION('',(0.0,2.06939122142959E-013,-1.0));
#5887=SURFACE_STYLE_FILL_AREA(#6328);
#5888=ORIENTED_EDGE('',*,*,#536,.F.);
#5889=ORIENTED_EDGE('',*,*,#710,.T.);
#5890=ORIENTED_EDGE('',*,*,#802,.F.);
#5891=ORIENTED_EDGE('',*,*,#796,.T.);
#5892=CARTESIAN_POINT('',(1.52499999999999,0.875000000000022,1.09093685811988));
#5893=DIRECTION('',(0.0,1.0,-6.11363053302569E-017));
#5894=DIRECTION('',(1.0,0.0,0.0));
#5895=SURFACE_STYLE_FILL_AREA(#6329);
#5896=ORIENTED_EDGE('',*,*,#1084,.T.);
#5897=ORIENTED_EDGE('',*,*,#640,.F.);
#5898=ORIENTED_EDGE('',*,*,#510,.F.);
#5899=ORIENTED_EDGE('',*,*,#826,.T.);
#5900=CARTESIAN_POINT('',(-0.8,0.875,0.887016164657018));
#5901=DIRECTION('',(0.0,-1.0,5.76841649312682E-017));
#5902=DIRECTION('',(-1.0,0.0,0.0));
#5903=CARTESIAN_POINT('',(0.8,-0.909241399581138,0.750552139306999));
#5904=DIRECTION('',(1.0,0.0,0.0));
#5905=DIRECTION('',(0.0,2.06939122142959E-013,-1.0));
#5906=SURFACE_STYLE_FILL_AREA(#6330);
#5907=ORIENTED_EDGE('',*,*,#670,.T.);
#5908=ORIENTED_EDGE('',*,*,#608,.F.);
#5909=ORIENTED_EDGE('',*,*,#606,.F.);
#5910=ORIENTED_EDGE('',*,*,#514,.T.);
#5911=CARTESIAN_POINT('',(-0.8,0.875,1.09171220265252));
#5912=DIRECTION('',(-0.0,6.49987645850835E-017,1.0));
#5913=DIRECTION('',(1.0,0.0,0.0));
#5914=DIRECTION('',(1.0,0.0,0.0));
#5915=SURFACE_STYLE_FILL_AREA(#6331);
#5916=ORIENTED_EDGE('',*,*,#480,.T.);
#5917=ORIENTED_EDGE('',*,*,#948,.F.);
#5918=ORIENTED_EDGE('',*,*,#732,.F.);
#5919=ORIENTED_EDGE('',*,*,#1008,.F.);
#5920=ORIENTED_EDGE('',*,*,#836,.T.);
#5921=ORIENTED_EDGE('',*,*,#1182,.T.);
#5922=ORIENTED_EDGE('',*,*,#1146,.T.);
#5923=ORIENTED_EDGE('',*,*,#738,.F.);
#5924=ORIENTED_EDGE('',*,*,#984,.F.);
#5925=ORIENTED_EDGE('',*,*,#834,.F.);
#5926=ORIENTED_EDGE('',*,*,#662,.F.);
#5927=ORIENTED_EDGE('',*,*,#994,.T.);
#5928=ORIENTED_EDGE('',*,*,#448,.T.);
#5929=CARTESIAN_POINT('',(1.1,1.03013931524327,0.272928050650844));
#5930=DIRECTION('',(-1.0,0.0,0.0));
#5931=DIRECTION('',(0.0,0.0,1.0));
#5932=DIRECTION('',(0.0,-6.11363053302569E-017,-1.0));
#5933=DIRECTION('',(0.0,1.0,-6.13285254383704E-017));
#5934=DIRECTION('',(0.0,-6.11363053302569E-017,-1.0));
#5935=DIRECTION('',(-1.0,-0.0,-0.0));
#5936=CARTESIAN_POINT('',(-0.8,-1.28212561341891,0.361369503063334));
#5937=DIRECTION('',(-1.0,3.69010415578157E-016,-1.96605990952635E-016));
#5938=DIRECTION('',(-1.9660599095262E-016,3.94890240005568E-014,1.0));
#5939=SURFACE_STYLE_FILL_AREA(#6332);
#5940=ORIENTED_EDGE('',*,*,#6259,.T.);
#5941=ORIENTED_EDGE('',*,*,#6260,.T.);
#5942=ORIENTED_EDGE('',*,*,#900,.T.);
#5943=ORIENTED_EDGE('',*,*,#970,.T.);
#5944=ORIENTED_EDGE('',*,*,#460,.T.);
#5945=ORIENTED_EDGE('',*,*,#634,.T.);
#5946=CARTESIAN_POINT('',(-1.01030295240889E-014,2.25218172696317E-014,1.44899842917012));
#5947=DIRECTION('',(-0.0,6.13285254383703E-017,1.0));
#5948=DIRECTION('',(1.0,0.0,0.0));
#5949=CARTESIAN_POINT('',(1.37970805984332,0.692421681949128,0.244609508364788));
#5950=DIRECTION('',(0.145998889105965,0.200183860666369,0.96881925368385));
#5951=DIRECTION('',(-0.0767265057720845,-0.97407172334052,0.212831673160825));
#5952=CARTESIAN_POINT('',(-0.8,-0.90924139958121,0.750552139307112));
#5953=DIRECTION('',(-1.0,0.0,0.0));
#5954=DIRECTION('',(0.0,3.21635389122993E-013,1.0));
#5955=SURFACE_STYLE_FILL_AREA(#6333);
#5956=ORIENTED_EDGE('',*,*,#776,.T.);
#5957=ORIENTED_EDGE('',*,*,#748,.F.);
#5958=ORIENTED_EDGE('',*,*,#530,.F.);
#5959=ORIENTED_EDGE('',*,*,#662,.T.);
#5960=CARTESIAN_POINT('',(1.1,1.00607451863371,0.887016164637355));
#5961=DIRECTION('',(-0.0,-6.49987645850836E-017,-1.0));
#5962=DIRECTION('',(0.0,-1.0,6.49987645850836E-017));
#5963=DIRECTION('',(1.0,-1.22464679914735E-016,0.0));
#5964=DIRECTION('',(-1.0,0.0,0.0));
#5965=CARTESIAN_POINT('',(1.1,-1.28212561341891,0.361369503063334));
#5966=DIRECTION('',(-1.0,3.69010415578157E-016,-1.96605990952635E-016));
#5967=DIRECTION('',(-1.9660599095262E-016,3.94890240005568E-014,1.0));
#5968=SURFACE_STYLE_FILL_AREA(#6334);
#5969=ORIENTED_EDGE('',*,*,#766,.T.);
#5970=ORIENTED_EDGE('',*,*,#950,.F.);
#5971=ORIENTED_EDGE('',*,*,#566,.F.);
#5972=ORIENTED_EDGE('',*,*,#572,.T.);
#5973=CARTESIAN_POINT('',(1.52499999999999,-0.874999999999978,1.09093685811988));
#5974=DIRECTION('',(0.995033088655057,6.10493126295273E-018,0.0995447260359722));
#5975=DIRECTION('',(0.0,-1.0,6.13285254383704E-017));
#5976=DIRECTION('',(1.0,-1.22464679914735E-016,0.0));
#5977=SURFACE_STYLE_FILL_AREA(#6335);
#5978=ORIENTED_EDGE('',*,*,#590,.T.);
#5979=ORIENTED_EDGE('',*,*,#1034,.F.);
#5980=ORIENTED_EDGE('',*,*,#494,.T.);
#5981=ORIENTED_EDGE('',*,*,#444,.F.);
#5982=CARTESIAN_POINT('',(-1.52500000000001,-0.874999999999978,1.09093685811988));
#5983=DIRECTION('',(0.0,-1.0,6.11363053302569E-017));
#5984=DIRECTION('',(-1.0,0.0,0.0));
#5985=DIRECTION('',(1.0,-1.22464679914735E-016,0.0));
#5986=DIRECTION('',(-7.06427279445657E-033,-5.76841649312682E-017,1.0));
#5987=DIRECTION('',(0.0,0.0391578004957279,-0.999233039215746));
#5988=SURFACE_STYLE_FILL_AREA(#6336);
#5989=ORIENTED_EDGE('',*,*,#804,.T.);
#5990=ORIENTED_EDGE('',*,*,#1004,.T.);
#5991=ORIENTED_EDGE('',*,*,#1120,.T.);
#5992=ORIENTED_EDGE('',*,*,#650,.T.);
#5993=CARTESIAN_POINT('',(-1.01030295240889E-014,2.24422152276871E-014,0.146956352623793));
#5994=DIRECTION('',(-0.0,-6.13285254383704E-017,-1.0));
#5995=DIRECTION('',(0.0,-1.0,6.13285254383704E-017));
#5996=DIRECTION('',(1.0,0.0,0.0));
#5997=DIRECTION('',(-1.0,0.0,0.0));
#5998=DIRECTION('',(1.0,0.0,0.0));
#5999=CARTESIAN_POINT('',(-1.37970805984344,0.692421681949237,0.244609508364751));
#6000=DIRECTION('',(-0.145998889106066,0.20018386066635,0.968819253683839));
#6001=DIRECTION('',(-0.0767265057613509,0.974071723341669,-0.212831673159436));
#6002=DIRECTION('',(-7.06427279445657E-033,-5.76841649312682E-017,1.0));
#6003=SURFACE_STYLE_FILL_AREA(#6337);
#6004=ORIENTED_EDGE('',*,*,#524,.T.);
#6005=ORIENTED_EDGE('',*,*,#670,.F.);
#6006=ORIENTED_EDGE('',*,*,#542,.F.);
#6007=ORIENTED_EDGE('',*,*,#1098,.T.);
#6008=SURFACE_STYLE_FILL_AREA(#6338);
#6009=ORIENTED_EDGE('',*,*,#996,.F.);
#6010=ORIENTED_EDGE('',*,*,#1122,.F.);
#6011=ORIENTED_EDGE('',*,*,#980,.F.);
#6012=DIRECTION('',(0.0,-6.11363053302569E-017,-1.0));
#6013=DIRECTION('',(-0.0984473939614571,-0.148072610863061,-0.984064333534345));
#6014=DIRECTION('',(1.0,-1.22464679914735E-016,0.0));
#6015=SURFACE_STYLE_FILL_AREA(#6339);
#6016=ORIENTED_EDGE('',*,*,#716,.T.);
#6017=ORIENTED_EDGE('',*,*,#1158,.F.);
#6018=ORIENTED_EDGE('',*,*,#1096,.F.);
#6019=ORIENTED_EDGE('',*,*,#896,.T.);
#6020=CARTESIAN_POINT('',(-1.1,-1.00607451863371,0.887016164637355));
#6021=DIRECTION('',(7.9600528997655E-033,6.49987645850836E-017,-1.0));
#6022=DIRECTION('',(-1.0,0.0,-7.9600528997655E-033));
#6023=SURFACE_STYLE_FILL_AREA(#6340);
#6024=ORIENTED_EDGE('',*,*,#622,.T.);
#6025=ORIENTED_EDGE('',*,*,#612,.F.);
#6026=ORIENTED_EDGE('',*,*,#1212,.F.);
#6027=ORIENTED_EDGE('',*,*,#1080,.T.);
#6028=CARTESIAN_POINT('',(-1.52500000000001,-0.874999999999978,0.895630546637931));
#6029=DIRECTION('',(-0.995033088655057,-6.10493126295273E-018,-0.0995447260359723));
#6030=DIRECTION('',(-0.0995447260359723,0.0,0.995033088655057));
#6031=DIRECTION('',(4.79544750387437E-018,0.0391578004957279,0.999233039215746));
#6032=SURFACE_STYLE_FILL_AREA(#6341);
#6033=ORIENTED_EDGE('',*,*,#1028,.F.);
#6034=ORIENTED_EDGE('',*,*,#470,.T.);
#6035=ORIENTED_EDGE('',*,*,#864,.T.);
#6036=ORIENTED_EDGE('',*,*,#472,.T.);
#6037=ORIENTED_EDGE('',*,*,#518,.F.);
#6038=ORIENTED_EDGE('',*,*,#728,.T.);
#6039=ORIENTED_EDGE('',*,*,#720,.F.);
#6040=ORIENTED_EDGE('',*,*,#924,.T.);
#6041=ORIENTED_EDGE('',*,*,#640,.T.);
#6042=ORIENTED_EDGE('',*,*,#536,.T.);
#6043=ORIENTED_EDGE('',*,*,#608,.T.);
#6044=ORIENTED_EDGE('',*,*,#524,.F.);
#6045=ORIENTED_EDGE('',*,*,#1112,.T.);
#6046=CARTESIAN_POINT('',(-1.1,1.03013931524327,0.272928050670507));
#6047=DIRECTION('',(-1.0,0.0,0.0));
#6048=DIRECTION('',(0.0,0.0,1.0));
#6049=CARTESIAN_POINT('',(0.8,-1.28212561341891,0.361369503063338));
#6050=DIRECTION('',(-1.0,0.0,0.0));
#6051=DIRECTION('',(0.0,2.43947638613478E-014,1.0));
#6052=CARTESIAN_POINT('',(1.1,0.90924139958121,0.750552139307112));
#6053=DIRECTION('',(1.0,0.0,0.0));
#6054=DIRECTION('',(0.0,3.21635389122993E-013,-1.0));
#6055=SURFACE_STYLE_FILL_AREA(#6342);
#6056=ORIENTED_EDGE('',*,*,#616,.T.);
#6057=ORIENTED_EDGE('',*,*,#470,.F.);
#6058=ORIENTED_EDGE('',*,*,#726,.F.);
#6059=ORIENTED_EDGE('',*,*,#742,.T.);
#6060=CARTESIAN_POINT('',(-0.8,1.18494943055953,0.233659817526548));
#6061=DIRECTION('',(-0.0,0.0931101903392439,0.995655810235138));
#6062=DIRECTION('',(1.0,0.0,0.0));
#6063=CARTESIAN_POINT('',(0.15,-0.90924139958121,0.750552139316942));
#6064=DIRECTION('',(-1.0,0.0,0.0));
#6065=DIRECTION('',(0.0,3.21635389122993E-013,1.0));
#6066=DIRECTION('',(-1.0,0.0,0.0));
#6067=DIRECTION('',(6.39465996522398E-018,0.0522163612371845,-0.998635795282318));
#6068=SURFACE_STYLE_FILL_AREA(#6343);
#6069=ORIENTED_EDGE('',*,*,#450,.T.);
#6070=ORIENTED_EDGE('',*,*,#992,.T.);
#6071=ORIENTED_EDGE('',*,*,#504,.F.);
#6072=ORIENTED_EDGE('',*,*,#572,.F.);
#6073=CARTESIAN_POINT('',(1.52499999999999,-0.874999999999978,1.09093685811988));
#6074=DIRECTION('',(1.0,0.0,0.0));
#6075=DIRECTION('',(0.0,1.0,0.0));
#6076=DIRECTION('',(1.22464679914735E-016,1.0,6.49987645850835E-017));
#6077=SURFACE_STYLE_FILL_AREA(#6344);
#6078=ORIENTED_EDGE('',*,*,#538,.T.);
#6079=ORIENTED_EDGE('',*,*,#886,.T.);
#6080=ORIENTED_EDGE('',*,*,#1036,.T.);
#6081=ORIENTED_EDGE('',*,*,#634,.F.);
#6082=SURFACE_STYLE_FILL_AREA(#6345);
#6083=ORIENTED_EDGE('',*,*,#502,.T.);
#6084=ORIENTED_EDGE('',*,*,#886,.F.);
#6085=ORIENTED_EDGE('',*,*,#1230,.F.);
#6086=ORIENTED_EDGE('',*,*,#500,.F.);
#6087=CARTESIAN_POINT('',(-1.52500000000001,0.875000000000022,1.09093685811988));
#6088=DIRECTION('',(-0.995033088655057,6.10493126295273E-018,0.0995447260359722));
#6089=DIRECTION('',(6.13540527702903E-018,1.0,0.0));
#6090=SURFACE_STYLE_FILL_AREA(#6346);
#6091=ORIENTED_EDGE('',*,*,#512,.T.);
#6092=ORIENTED_EDGE('',*,*,#558,.T.);
#6093=ORIENTED_EDGE('',*,*,#678,.T.);
#6094=ORIENTED_EDGE('',*,*,#460,.F.);
#6095=SURFACE_STYLE_FILL_AREA(#6347);
#6096=ORIENTED_EDGE('',*,*,#1104,.F.);
#6097=ORIENTED_EDGE('',*,*,#808,.F.);
#6098=ORIENTED_EDGE('',*,*,#862,.T.);
#6099=ORIENTED_EDGE('',*,*,#736,.F.);
#6100=CARTESIAN_POINT('',(0.8,-1.03918515627046,0.0420952891721929));
#6101=DIRECTION('',(1.22370754307784E-016,0.999233039215746,-0.0391578004957279));
#6102=DIRECTION('',(-1.0,0.0,-3.12506710690082E-015));
#6103=SURFACE_STYLE_FILL_AREA(#6348);
#6104=ORIENTED_EDGE('',*,*,#602,.F.);
#6105=ORIENTED_EDGE('',*,*,#1056,.F.);
#6106=ORIENTED_EDGE('',*,*,#916,.T.);
#6107=ORIENTED_EDGE('',*,*,#486,.F.);
#6108=CARTESIAN_POINT('',(-0.15,-1.03918515627046,0.0420952891820234));
#6109=DIRECTION('',(1.22370754307784E-016,0.999233039215746,-0.0391578004957279));
#6110=DIRECTION('',(-1.0,0.0,-3.12506710690082E-015));
#6111=SURFACE_STYLE_FILL_AREA(#6349);
#6112=ORIENTED_EDGE('',*,*,#720,.T.);
#6113=ORIENTED_EDGE('',*,*,#772,.F.);
#6114=ORIENTED_EDGE('',*,*,#956,.F.);
#6115=ORIENTED_EDGE('',*,*,#1118,.T.);
#6116=SURFACE_STYLE_FILL_AREA(#6350);
#6117=ORIENTED_EDGE('',*,*,#790,.T.);
#6118=ORIENTED_EDGE('',*,*,#754,.F.);
#6119=ORIENTED_EDGE('',*,*,#684,.F.);
#6120=ORIENTED_EDGE('',*,*,#1182,.F.);
#6121=CARTESIAN_POINT('',(1.1,1.1829907746445,0.283641013538482));
#6122=DIRECTION('',(-0.0,0.999233039215746,0.0391578004957279));
#6123=DIRECTION('',(1.0,0.0,0.0));
#6124=SURFACE_STYLE_FILL_AREA(#6351);
#6125=ORIENTED_EDGE('',*,*,#988,.F.);
#6126=ORIENTED_EDGE('',*,*,#658,.F.);
#6127=ORIENTED_EDGE('',*,*,#592,.F.);
#6128=SURFACE_STYLE_FILL_AREA(#6352);
#6129=ORIENTED_EDGE('',*,*,#1100,.T.);
#6130=ORIENTED_EDGE('',*,*,#1058,.F.);
#6131=ORIENTED_EDGE('',*,*,#1144,.F.);
#6132=ORIENTED_EDGE('',*,*,#1104,.T.);
#6133=CARTESIAN_POINT('',(-1.4187855809654,-0.751197342185574,1.3513452734292));
#6134=DIRECTION('',(1.0,0.0,0.0));
#6135=DIRECTION('',(0.0,-1.19226670224144E-012,-1.0));
#6136=DIRECTION('',(1.0,-1.22464679914735E-016,0.0));
#6137=DIRECTION('',(0.0,-0.0391578004957279,0.999233039215746));
#6138=SURFACE_STYLE_FILL_AREA(#6353);
#6139=ORIENTED_EDGE('',*,*,#722,.T.);
#6140=ORIENTED_EDGE('',*,*,#468,.F.);
#6141=ORIENTED_EDGE('',*,*,#918,.F.);
#6142=ORIENTED_EDGE('',*,*,#820,.T.);
#6143=CARTESIAN_POINT('',(-0.15,-1.5,0.204197408734938));
#6144=DIRECTION('',(-1.22297613020646E-016,-0.998635795282318,-0.0522163612371844));
#6145=DIRECTION('',(0.0,0.0522163612371844,-0.998635795282318));
#6146=DIRECTION('',(0.0,-0.0522163612371845,-0.998635795282318));
#6147=DIRECTION('',(-1.0,0.0,0.0));
#6148=SURFACE_STYLE_FILL_AREA(#6354);
#6149=ORIENTED_EDGE('',*,*,#474,.F.);
#6150=ORIENTED_EDGE('',*,*,#614,.T.);
#6151=ORIENTED_EDGE('',*,*,#1038,.T.);
#6152=ORIENTED_EDGE('',*,*,#656,.T.);
#6153=ORIENTED_EDGE('',*,*,#1100,.F.);
#6154=ORIENTED_EDGE('',*,*,#736,.T.);
#6155=ORIENTED_EDGE('',*,*,#694,.F.);
#6156=ORIENTED_EDGE('',*,*,#810,.T.);
#6157=ORIENTED_EDGE('',*,*,#880,.T.);
#6158=ORIENTED_EDGE('',*,*,#1032,.T.);
#6159=ORIENTED_EDGE('',*,*,#852,.T.);
#6160=ORIENTED_EDGE('',*,*,#674,.F.);
#6161=ORIENTED_EDGE('',*,*,#812,.T.);
#6162=CARTESIAN_POINT('',(1.1,-1.03013931524327,0.272928050650844));
#6163=DIRECTION('',(1.0,-1.22464679914735E-016,0.0));
#6164=DIRECTION('',(0.0,0.0,1.0));
#6165=SURFACE_STYLE_FILL_AREA(#6355);
#6166=ORIENTED_EDGE('',*,*,#892,.T.);
#6167=ORIENTED_EDGE('',*,*,#810,.F.);
#6168=ORIENTED_EDGE('',*,*,#838,.F.);
#6169=ORIENTED_EDGE('',*,*,#702,.T.);
#6170=CARTESIAN_POINT('',(0.8,-1.00607451863371,0.887016164637355));
#6171=DIRECTION('',(7.9600528997655E-033,6.49987645850836E-017,-1.0));
#6172=DIRECTION('',(-1.0,0.0,-7.9600528997655E-033));
#6173=DIRECTION('',(-1.21932670105693E-016,-0.995655810235138,-0.0931101903392438));
#6174=SURFACE_STYLE_FILL_AREA(#6356);
#6175=ORIENTED_EDGE('',*,*,#856,.T.);
#6176=ORIENTED_EDGE('',*,*,#1220,.F.);
#6177=ORIENTED_EDGE('',*,*,#820,.F.);
#6178=ORIENTED_EDGE('',*,*,#858,.F.);
#6179=ORIENTED_EDGE('',*,*,#1014,.T.);
#6180=ORIENTED_EDGE('',*,*,#552,.T.);
#6181=ORIENTED_EDGE('',*,*,#1012,.T.);
#6182=ORIENTED_EDGE('',*,*,#822,.F.);
#6183=ORIENTED_EDGE('',*,*,#830,.F.);
#6184=ORIENTED_EDGE('',*,*,#814,.F.);
#6185=ORIENTED_EDGE('',*,*,#882,.F.);
#6186=ORIENTED_EDGE('',*,*,#878,.T.);
#6187=ORIENTED_EDGE('',*,*,#1056,.T.);
#6188=CARTESIAN_POINT('',(-0.15,-1.03013931524327,0.272928050660674));
#6189=DIRECTION('',(1.0,-1.22464679914735E-016,0.0));
#6190=DIRECTION('',(0.0,0.0,1.0));
#6191=SURFACE_STYLE_FILL_AREA(#6357);
#6192=ORIENTED_EDGE('',*,*,#1062,.T.);
#6193=ORIENTED_EDGE('',*,*,#872,.F.);
#6194=ORIENTED_EDGE('',*,*,#816,.F.);
#6195=ORIENTED_EDGE('',*,*,#1096,.T.);
#6196=DIRECTION('',(-1.21932670105693E-016,-0.995655810235138,-0.0931101903392438));
#6197=CARTESIAN_POINT('',(0.8,-1.28212561341893,0.361369503063354));
#6198=DIRECTION('',(1.0,0.0,0.0));
#6199=DIRECTION('',(0.0,1.10919165335767E-013,-1.0));
#6200=DIRECTION('',(1.0,-1.22464679914735E-016,0.0));
#6201=DIRECTION('',(1.0,0.0,0.0));
#6202=SURFACE_STYLE_FILL_AREA(#6358);
#6203=ORIENTED_EDGE('',*,*,#746,.T.);
#6204=ORIENTED_EDGE('',*,*,#1152,.F.);
#6205=ORIENTED_EDGE('',*,*,#994,.F.);
#6206=ORIENTED_EDGE('',*,*,#530,.T.);
#6207=DIRECTION('',(-7.06427279445657E-033,-5.76841649312682E-017,1.0));
#6208=DIRECTION('',(0.0984473939614571,0.148072610863061,-0.984064333534345));
#6209=SURFACE_STYLE_FILL_AREA(#6359);
#6210=ORIENTED_EDGE('',*,*,#936,.T.);
#6211=ORIENTED_EDGE('',*,*,#950,.T.);
#6212=ORIENTED_EDGE('',*,*,#954,.T.);
#6213=ORIENTED_EDGE('',*,*,#970,.F.);
#6214=DIRECTION('',(1.0,-1.22464679914735E-016,0.0));
#6215=DIRECTION('',(1.21932670105693E-016,0.995655810235138,0.0931101903392438));
#6216=DIRECTION('',(1.21932670105693E-016,0.995655810235138,0.0931101903392438));
#6217=SURFACE_STYLE_FILL_AREA(#6360);
#6218=ORIENTED_EDGE('',*,*,#528,.T.);
#6219=ORIENTED_EDGE('',*,*,#446,.F.);
#6220=ORIENTED_EDGE('',*,*,#430,.F.);
#6221=ORIENTED_EDGE('',*,*,#944,.T.);
#6222=ORIENTED_EDGE('',*,*,#972,.F.);
#6223=ORIENTED_EDGE('',*,*,#700,.T.);
#6224=ORIENTED_EDGE('',*,*,#784,.F.);
#6225=ORIENTED_EDGE('',*,*,#698,.T.);
#6226=ORIENTED_EDGE('',*,*,#644,.F.);
#6227=ORIENTED_EDGE('',*,*,#444,.T.);
#6228=CARTESIAN_POINT('',(1.52499999999999,-0.874999999999978,0.895630546637931));
#6229=DIRECTION('',(0.0,-0.988868000661621,-0.148795420855244));
#6230=DIRECTION('',(0.0,0.148795420855244,-0.988868000661621));
#6231=DIRECTION('',(1.0,-1.22464679914735E-016,0.0));
#6232=DIRECTION('',(0.0,-1.0,6.13285254383704E-017));
#6233=DIRECTION('',(1.0,0.0,0.0));
#6234=DIRECTION('',(0.0984473939614571,-0.148072610863061,0.984064333534345));
#6235=SURFACE_STYLE_FILL_AREA(#6361);
#6236=ORIENTED_EDGE('',*,*,#980,.T.);
#6237=ORIENTED_EDGE('',*,*,#576,.T.);
#6238=ORIENTED_EDGE('',*,*,#1046,.T.);
#6239=ORIENTED_EDGE('',*,*,#1120,.F.);
#6240=DIRECTION('',(1.0,-1.22464679914735E-016,0.0));
#6241=FILL_AREA_STYLE('',(#6362));
#6242=FILL_AREA_STYLE('',(#6363));
#6243=FILL_AREA_STYLE('',(#6364));
#6244=FILL_AREA_STYLE('',(#6365));
#6245=FILL_AREA_STYLE('',(#6366));
#6246=FILL_AREA_STYLE('',(#6367));
#6247=FILL_AREA_STYLE('',(#6368));
#6248=FILL_AREA_STYLE('',(#6369));
#6249=FILL_AREA_STYLE('',(#6370));
#6250=FILL_AREA_STYLE('',(#6371));
#6251=FILL_AREA_STYLE('',(#6372));
#6252=FILL_AREA_STYLE('',(#6373));
#6253=FILL_AREA_STYLE('',(#6374));
#6254=FILL_AREA_STYLE('',(#6375));
#6255=FILL_AREA_STYLE('',(#6376));
#6256=FILL_AREA_STYLE('',(#6377));
#6257=FILL_AREA_STYLE('',(#6378));
#6258=FILL_AREA_STYLE('',(#6379));
#6259=EDGE_CURVE('',#6380,#6381,#6382,.T.);
#6260=EDGE_CURVE('',#6381,#6380,#6383,.T.);
#6261=FILL_AREA_STYLE('',(#6384));
#6262=FILL_AREA_STYLE('',(#6385));
#6263=FILL_AREA_STYLE('',(#6386));
#6264=FILL_AREA_STYLE('',(#6387));
#6265=FILL_AREA_STYLE('',(#6388));
#6266=FILL_AREA_STYLE('',(#6389));
#6267=FILL_AREA_STYLE('',(#6390));
#6268=FILL_AREA_STYLE('',(#6391));
#6269=FILL_AREA_STYLE('',(#6392));
#6270=FILL_AREA_STYLE('',(#6393));
#6271=FILL_AREA_STYLE('',(#6394));
#6272=FILL_AREA_STYLE('',(#6395));
#6273=FILL_AREA_STYLE('',(#6396));
#6274=FILL_AREA_STYLE('',(#6397));
#6275=FILL_AREA_STYLE('',(#6398));
#6276=FILL_AREA_STYLE('',(#6399));
#6277=FILL_AREA_STYLE('',(#6400));
#6278=FILL_AREA_STYLE('',(#6401));
#6279=FILL_AREA_STYLE('',(#6402));
#6280=FILL_AREA_STYLE('',(#6403));
#6281=FILL_AREA_STYLE('',(#6404));
#6282=FILL_AREA_STYLE('',(#6405));
#6283=FILL_AREA_STYLE('',(#6406));
#6284=FILL_AREA_STYLE('',(#6407));
#6285=FILL_AREA_STYLE('',(#6408));
#6286=FILL_AREA_STYLE('',(#6409));
#6287=FILL_AREA_STYLE('',(#6410));
#6288=FILL_AREA_STYLE('',(#6411));
#6289=FILL_AREA_STYLE('',(#6412));
#6290=FILL_AREA_STYLE('',(#6413));
#6291=FILL_AREA_STYLE('',(#6414));
#6292=FILL_AREA_STYLE('',(#6415));
#6293=FILL_AREA_STYLE('',(#6416));
#6294=FILL_AREA_STYLE('',(#6417));
#6295=FILL_AREA_STYLE('',(#6418));
#6296=FILL_AREA_STYLE('',(#6419));
#6297=FILL_AREA_STYLE('',(#6420));
#6298=FILL_AREA_STYLE('',(#6421));
#6299=FILL_AREA_STYLE('',(#6422));
#6300=FILL_AREA_STYLE('',(#6423));
#6301=FILL_AREA_STYLE('',(#6424));
#6302=FILL_AREA_STYLE('',(#6425));
#6303=FILL_AREA_STYLE('',(#6426));
#6304=FILL_AREA_STYLE('',(#6427));
#6305=FILL_AREA_STYLE('',(#6428));
#6306=FILL_AREA_STYLE('',(#6429));
#6307=FILL_AREA_STYLE('',(#6430));
#6308=FILL_AREA_STYLE('',(#6431));
#6309=FILL_AREA_STYLE('',(#6432));
#6310=FILL_AREA_STYLE('',(#6433));
#6311=FILL_AREA_STYLE('',(#6434));
#6312=FILL_AREA_STYLE('',(#6435));
#6313=FILL_AREA_STYLE('',(#6436));
#6314=FILL_AREA_STYLE('',(#6437));
#6315=FILL_AREA_STYLE('',(#6438));
#6316=FILL_AREA_STYLE('',(#6439));
#6317=FILL_AREA_STYLE('',(#6440));
#6318=FILL_AREA_STYLE('',(#6441));
#6319=FILL_AREA_STYLE('',(#6442));
#6320=FILL_AREA_STYLE('',(#6443));
#6321=FILL_AREA_STYLE('',(#6444));
#6322=FILL_AREA_STYLE('',(#6445));
#6323=FILL_AREA_STYLE('',(#6446));
#6324=FILL_AREA_STYLE('',(#6447));
#6325=FILL_AREA_STYLE('',(#6448));
#6326=FILL_AREA_STYLE('',(#6449));
#6327=FILL_AREA_STYLE('',(#6450));
#6328=FILL_AREA_STYLE('',(#6451));
#6329=FILL_AREA_STYLE('',(#6452));
#6330=FILL_AREA_STYLE('',(#6453));
#6331=FILL_AREA_STYLE('',(#6454));
#6332=FILL_AREA_STYLE('',(#6455));
#6333=FILL_AREA_STYLE('',(#6456));
#6334=FILL_AREA_STYLE('',(#6457));
#6335=FILL_AREA_STYLE('',(#6458));
#6336=FILL_AREA_STYLE('',(#6459));
#6337=FILL_AREA_STYLE('',(#6460));
#6338=FILL_AREA_STYLE('',(#6461));
#6339=FILL_AREA_STYLE('',(#6462));
#6340=FILL_AREA_STYLE('',(#6463));
#6341=FILL_AREA_STYLE('',(#6464));
#6342=FILL_AREA_STYLE('',(#6465));
#6343=FILL_AREA_STYLE('',(#6466));
#6344=FILL_AREA_STYLE('',(#6467));
#6345=FILL_AREA_STYLE('',(#6468));
#6346=FILL_AREA_STYLE('',(#6469));
#6347=FILL_AREA_STYLE('',(#6470));
#6348=FILL_AREA_STYLE('',(#6471));
#6349=FILL_AREA_STYLE('',(#6472));
#6350=FILL_AREA_STYLE('',(#6473));
#6351=FILL_AREA_STYLE('',(#6474));
#6352=FILL_AREA_STYLE('',(#6475));
#6353=FILL_AREA_STYLE('',(#6476));
#6354=FILL_AREA_STYLE('',(#6477));
#6355=FILL_AREA_STYLE('',(#6478));
#6356=FILL_AREA_STYLE('',(#6479));
#6357=FILL_AREA_STYLE('',(#6480));
#6358=FILL_AREA_STYLE('',(#6481));
#6359=FILL_AREA_STYLE('',(#6482));
#6360=FILL_AREA_STYLE('',(#6483));
#6361=FILL_AREA_STYLE('',(#6484));
#6362=FILL_AREA_STYLE_COLOUR('',#6485);
#6363=FILL_AREA_STYLE_COLOUR('',#6486);
#6364=FILL_AREA_STYLE_COLOUR('',#6487);
#6365=FILL_AREA_STYLE_COLOUR('',#6488);
#6366=FILL_AREA_STYLE_COLOUR('',#6489);
#6367=FILL_AREA_STYLE_COLOUR('',#6490);
#6368=FILL_AREA_STYLE_COLOUR('',#6491);
#6369=FILL_AREA_STYLE_COLOUR('',#6492);
#6370=FILL_AREA_STYLE_COLOUR('',#6493);
#6371=FILL_AREA_STYLE_COLOUR('',#6494);
#6372=FILL_AREA_STYLE_COLOUR('',#6495);
#6373=FILL_AREA_STYLE_COLOUR('',#6496);
#6374=FILL_AREA_STYLE_COLOUR('',#6497);
#6375=FILL_AREA_STYLE_COLOUR('',#6498);
#6376=FILL_AREA_STYLE_COLOUR('',#6499);
#6377=FILL_AREA_STYLE_COLOUR('',#6500);
#6378=FILL_AREA_STYLE_COLOUR('',#6501);
#6379=FILL_AREA_STYLE_COLOUR('',#6502);
#6380=VERTEX_POINT('',#6503);
#6381=VERTEX_POINT('',#6504);
#6382=CIRCLE('',#6505,0.149999999999998);
#6383=CIRCLE('',#6506,0.149999999999998);
#6384=FILL_AREA_STYLE_COLOUR('',#6507);
#6385=FILL_AREA_STYLE_COLOUR('',#6508);
#6386=FILL_AREA_STYLE_COLOUR('',#6509);
#6387=FILL_AREA_STYLE_COLOUR('',#6510);
#6388=FILL_AREA_STYLE_COLOUR('',#6511);
#6389=FILL_AREA_STYLE_COLOUR('',#6512);
#6390=FILL_AREA_STYLE_COLOUR('',#6513);
#6391=FILL_AREA_STYLE_COLOUR('',#6514);
#6392=FILL_AREA_STYLE_COLOUR('',#6515);
#6393=FILL_AREA_STYLE_COLOUR('',#6516);
#6394=FILL_AREA_STYLE_COLOUR('',#6517);
#6395=FILL_AREA_STYLE_COLOUR('',#6518);
#6396=FILL_AREA_STYLE_COLOUR('',#6519);
#6397=FILL_AREA_STYLE_COLOUR('',#6520);
#6398=FILL_AREA_STYLE_COLOUR('',#6521);
#6399=FILL_AREA_STYLE_COLOUR('',#6522);
#6400=FILL_AREA_STYLE_COLOUR('',#6523);
#6401=FILL_AREA_STYLE_COLOUR('',#6524);
#6402=FILL_AREA_STYLE_COLOUR('',#6525);
#6403=FILL_AREA_STYLE_COLOUR('',#6526);
#6404=FILL_AREA_STYLE_COLOUR('',#6527);
#6405=FILL_AREA_STYLE_COLOUR('',#6528);
#6406=FILL_AREA_STYLE_COLOUR('',#6529);
#6407=FILL_AREA_STYLE_COLOUR('',#6530);
#6408=FILL_AREA_STYLE_COLOUR('',#6531);
#6409=FILL_AREA_STYLE_COLOUR('',#6532);
#6410=FILL_AREA_STYLE_COLOUR('',#6533);
#6411=FILL_AREA_STYLE_COLOUR('',#6534);
#6412=FILL_AREA_STYLE_COLOUR('',#6535);
#6413=FILL_AREA_STYLE_COLOUR('',#6536);
#6414=FILL_AREA_STYLE_COLOUR('',#6537);
#6415=FILL_AREA_STYLE_COLOUR('',#6538);
#6416=FILL_AREA_STYLE_COLOUR('',#6539);
#6417=FILL_AREA_STYLE_COLOUR('',#6540);
#6418=FILL_AREA_STYLE_COLOUR('',#6541);
#6419=FILL_AREA_STYLE_COLOUR('',#6542);
#6420=FILL_AREA_STYLE_COLOUR('',#6543);
#6421=FILL_AREA_STYLE_COLOUR('',#6544);
#6422=FILL_AREA_STYLE_COLOUR('',#6545);
#6423=FILL_AREA_STYLE_COLOUR('',#6546);
#6424=FILL_AREA_STYLE_COLOUR('',#6547);
#6425=FILL_AREA_STYLE_COLOUR('',#6548);
#6426=FILL_AREA_STYLE_COLOUR('',#6549);
#6427=FILL_AREA_STYLE_COLOUR('',#6550);
#6428=FILL_AREA_STYLE_COLOUR('',#6551);
#6429=FILL_AREA_STYLE_COLOUR('',#6552);
#6430=FILL_AREA_STYLE_COLOUR('',#6553);
#6431=FILL_AREA_STYLE_COLOUR('',#6554);
#6432=FILL_AREA_STYLE_COLOUR('',#6555);
#6433=FILL_AREA_STYLE_COLOUR('',#6556);
#6434=FILL_AREA_STYLE_COLOUR('',#6557);
#6435=FILL_AREA_STYLE_COLOUR('',#6558);
#6436=FILL_AREA_STYLE_COLOUR('',#6559);
#6437=FILL_AREA_STYLE_COLOUR('',#6560);
#6438=FILL_AREA_STYLE_COLOUR('',#6561);
#6439=FILL_AREA_STYLE_COLOUR('',#6562);
#6440=FILL_AREA_STYLE_COLOUR('',#6563);
#6441=FILL_AREA_STYLE_COLOUR('',#6564);
#6442=FILL_AREA_STYLE_COLOUR('',#6565);
#6443=FILL_AREA_STYLE_COLOUR('',#6566);
#6444=FILL_AREA_STYLE_COLOUR('',#6567);
#6445=FILL_AREA_STYLE_COLOUR('',#6568);
#6446=FILL_AREA_STYLE_COLOUR('',#6569);
#6447=FILL_AREA_STYLE_COLOUR('',#6570);
#6448=FILL_AREA_STYLE_COLOUR('',#6571);
#6449=FILL_AREA_STYLE_COLOUR('',#6572);
#6450=FILL_AREA_STYLE_COLOUR('',#6573);
#6451=FILL_AREA_STYLE_COLOUR('',#6574);
#6452=FILL_AREA_STYLE_COLOUR('',#6575);
#6453=FILL_AREA_STYLE_COLOUR('',#6576);
#6454=FILL_AREA_STYLE_COLOUR('',#6577);
#6455=FILL_AREA_STYLE_COLOUR('',#6578);
#6456=FILL_AREA_STYLE_COLOUR('',#6579);
#6457=FILL_AREA_STYLE_COLOUR('',#6580);
#6458=FILL_AREA_STYLE_COLOUR('',#6581);
#6459=FILL_AREA_STYLE_COLOUR('',#6582);
#6460=FILL_AREA_STYLE_COLOUR('',#6583);
#6461=FILL_AREA_STYLE_COLOUR('',#6584);
#6462=FILL_AREA_STYLE_COLOUR('',#6585);
#6463=FILL_AREA_STYLE_COLOUR('',#6586);
#6464=FILL_AREA_STYLE_COLOUR('',#6587);
#6465=FILL_AREA_STYLE_COLOUR('',#6588);
#6466=FILL_AREA_STYLE_COLOUR('',#6589);
#6467=FILL_AREA_STYLE_COLOUR('',#6590);
#6468=FILL_AREA_STYLE_COLOUR('',#6591);
#6469=FILL_AREA_STYLE_COLOUR('',#6592);
#6470=FILL_AREA_STYLE_COLOUR('',#6593);
#6471=FILL_AREA_STYLE_COLOUR('',#6594);
#6472=FILL_AREA_STYLE_COLOUR('',#6595);
#6473=FILL_AREA_STYLE_COLOUR('',#6596);
#6474=FILL_AREA_STYLE_COLOUR('',#6597);
#6475=FILL_AREA_STYLE_COLOUR('',#6598);
#6476=FILL_AREA_STYLE_COLOUR('',#6599);
#6477=FILL_AREA_STYLE_COLOUR('',#6600);
#6478=FILL_AREA_STYLE_COLOUR('',#6601);
#6479=FILL_AREA_STYLE_COLOUR('',#6602);
#6480=FILL_AREA_STYLE_COLOUR('',#6603);
#6481=FILL_AREA_STYLE_COLOUR('',#6604);
#6482=FILL_AREA_STYLE_COLOUR('',#6605);
#6483=FILL_AREA_STYLE_COLOUR('',#6606);
#6484=FILL_AREA_STYLE_COLOUR('',#6607);
#6485=COLOUR_RGB('',0.87058824300766,0.87058824300766,0.87058824300766);
#6486=COLOUR_RGB('',1.0,1.0,1.0);
#6487=COLOUR_RGB('',0.274509996175766,0.274509996175766,0.274509996175766);
#6488=COLOUR_RGB('',0.274509996175766,0.274509996175766,0.274509996175766);
#6489=COLOUR_RGB('',1.0,1.0,1.0);
#6490=COLOUR_RGB('',1.0,1.0,1.0);
#6491=COLOUR_RGB('',0.274509996175766,0.274509996175766,0.274509996175766);
#6492=COLOUR_RGB('',0.274509996175766,0.274509996175766,0.274509996175766);
#6493=COLOUR_RGB('',1.0,1.0,1.0);
#6494=COLOUR_RGB('',1.0,1.0,1.0);
#6495=COLOUR_RGB('',1.0,1.0,1.0);
#6496=COLOUR_RGB('',1.0,1.0,1.0);
#6497=COLOUR_RGB('',0.274509996175766,0.274509996175766,0.274509996175766);
#6498=COLOUR_RGB('',1.0,1.0,1.0);
#6499=COLOUR_RGB('',0.87058824300766,0.87058824300766,0.87058824300766);
#6500=COLOUR_RGB('',1.0,1.0,1.0);
#6501=COLOUR_RGB('',1.0,1.0,1.0);
#6502=COLOUR_RGB('',1.0,1.0,1.0);
#6503=CARTESIAN_POINT('',(-1.31492177568961,-0.460607599967976,1.44949921458544));
#6504=CARTESIAN_POINT('',(-1.01492177568961,-0.460607599967981,1.44949882188039));
#6505=AXIS2_PLACEMENT_3D('',#6608,#6609,#6610);
#6506=AXIS2_PLACEMENT_3D('',#6611,#6612,#6613);
#6507=COLOUR_RGB('',1.0,1.0,1.0);
#6508=COLOUR_RGB('',0.274509996175766,0.274509996175766,0.274509996175766);
#6509=COLOUR_RGB('',1.0,1.0,1.0);
#6510=COLOUR_RGB('',1.0,1.0,1.0);
#6511=COLOUR_RGB('',1.0,1.0,1.0);
#6512=COLOUR_RGB('',1.0,1.0,1.0);
#6513=COLOUR_RGB('',1.0,1.0,1.0);
#6514=COLOUR_RGB('',1.0,1.0,1.0);
#6515=COLOUR_RGB('',1.0,1.0,1.0);
#6516=COLOUR_RGB('',0.274509996175766,0.274509996175766,0.274509996175766);
#6517=COLOUR_RGB('',0.274509996175766,0.274509996175766,0.274509996175766);
#6518=COLOUR_RGB('',1.0,1.0,1.0);
#6519=COLOUR_RGB('',0.274509996175766,0.274509996175766,0.274509996175766);
#6520=COLOUR_RGB('',1.0,1.0,1.0);
#6521=COLOUR_RGB('',1.0,1.0,1.0);
#6522=COLOUR_RGB('',1.0,1.0,1.0);
#6523=COLOUR_RGB('',1.0,1.0,1.0);
#6524=COLOUR_RGB('',1.0,1.0,1.0);
#6525=COLOUR_RGB('',1.0,1.0,1.0);
#6526=COLOUR_RGB('',0.274509996175766,0.274509996175766,0.274509996175766);
#6527=COLOUR_RGB('',0.274509996175766,0.274509996175766,0.274509996175766);
#6528=COLOUR_RGB('',0.274509996175766,0.274509996175766,0.274509996175766);
#6529=COLOUR_RGB('',1.0,1.0,1.0);
#6530=COLOUR_RGB('',1.0,1.0,1.0);
#6531=COLOUR_RGB('',1.0,1.0,1.0);
#6532=COLOUR_RGB('',0.274509996175766,0.274509996175766,0.274509996175766);
#6533=COLOUR_RGB('',0.274509996175766,0.274509996175766,0.274509996175766);
#6534=COLOUR_RGB('',0.274509996175766,0.274509996175766,0.274509996175766);
#6535=COLOUR_RGB('',1.0,1.0,1.0);
#6536=COLOUR_RGB('',1.0,1.0,1.0);
#6537=COLOUR_RGB('',0.274509996175766,0.274509996175766,0.274509996175766);
#6538=COLOUR_RGB('',1.0,1.0,1.0);
#6539=COLOUR_RGB('',1.0,1.0,1.0);
#6540=COLOUR_RGB('',1.0,1.0,1.0);
#6541=COLOUR_RGB('',0.274509996175766,0.274509996175766,0.274509996175766);
#6542=COLOUR_RGB('',1.0,1.0,1.0);
#6543=COLOUR_RGB('',1.0,1.0,1.0);
#6544=COLOUR_RGB('',0.274509996175766,0.274509996175766,0.274509996175766);
#6545=COLOUR_RGB('',0.274509996175766,0.274509996175766,0.274509996175766);
#6546=COLOUR_RGB('',0.274509996175766,0.274509996175766,0.274509996175766);
#6547=COLOUR_RGB('',0.274509996175766,0.274509996175766,0.274509996175766);
#6548=COLOUR_RGB('',1.0,1.0,1.0);
#6549=COLOUR_RGB('',0.87058824300766,0.87058824300766,0.87058824300766);
#6550=COLOUR_RGB('',1.0,1.0,1.0);
#6551=COLOUR_RGB('',0.274509996175766,0.274509996175766,0.274509996175766);
#6552=COLOUR_RGB('',0.274509996175766,0.274509996175766,0.274509996175766);
#6553=COLOUR_RGB('',0.274509996175766,0.274509996175766,0.274509996175766);
#6554=COLOUR_RGB('',0.274509996175766,0.274509996175766,0.274509996175766);
#6555=COLOUR_RGB('',0.274509996175766,0.274509996175766,0.274509996175766);
#6556=COLOUR_RGB('',1.0,1.0,1.0);
#6557=COLOUR_RGB('',0.274509996175766,0.274509996175766,0.274509996175766);
#6558=COLOUR_RGB('',1.0,1.0,1.0);
#6559=COLOUR_RGB('',0.274509996175766,0.274509996175766,0.274509996175766);
#6560=COLOUR_RGB('',1.0,1.0,1.0);
#6561=COLOUR_RGB('',1.0,1.0,1.0);
#6562=COLOUR_RGB('',1.0,1.0,1.0);
#6563=COLOUR_RGB('',1.0,1.0,1.0);
#6564=COLOUR_RGB('',1.0,1.0,1.0);
#6565=COLOUR_RGB('',1.0,1.0,1.0);
#6566=COLOUR_RGB('',1.0,1.0,1.0);
#6567=COLOUR_RGB('',0.274509996175766,0.274509996175766,0.274509996175766);
#6568=COLOUR_RGB('',1.0,1.0,1.0);
#6569=COLOUR_RGB('',0.274509996175766,0.274509996175766,0.274509996175766);
#6570=COLOUR_RGB('',0.87058824300766,0.87058824300766,0.87058824300766);
#6571=COLOUR_RGB('',0.274509996175766,0.274509996175766,0.274509996175766);
#6572=COLOUR_RGB('',1.0,1.0,1.0);
#6573=COLOUR_RGB('',0.274509996175766,0.274509996175766,0.274509996175766);
#6574=COLOUR_RGB('',0.274509996175766,0.274509996175766,0.274509996175766);
#6575=COLOUR_RGB('',1.0,1.0,1.0);
#6576=COLOUR_RGB('',1.0,1.0,1.0);
#6577=COLOUR_RGB('',0.87058824300766,0.87058824300766,0.87058824300766);
#6578=COLOUR_RGB('',0.329411774873734,0.329411774873734,0.329411774873734);
#6579=COLOUR_RGB('',1.0,1.0,1.0);
#6580=COLOUR_RGB('',0.274509996175766,0.274509996175766,0.274509996175766);
#6581=COLOUR_RGB('',0.274509996175766,0.274509996175766,0.274509996175766);
#6582=COLOUR_RGB('',0.274509996175766,0.274509996175766,0.274509996175766);
#6583=COLOUR_RGB('',1.0,1.0,1.0);
#6584=COLOUR_RGB('',0.274509996175766,0.274509996175766,0.274509996175766);
#6585=COLOUR_RGB('',1.0,1.0,1.0);
#6586=COLOUR_RGB('',0.274509996175766,0.274509996175766,0.274509996175766);
#6587=COLOUR_RGB('',1.0,1.0,1.0);
#6588=COLOUR_RGB('',1.0,1.0,1.0);
#6589=COLOUR_RGB('',0.274509996175766,0.274509996175766,0.274509996175766);
#6590=COLOUR_RGB('',0.274509996175766,0.274509996175766,0.274509996175766);
#6591=COLOUR_RGB('',0.274509996175766,0.274509996175766,0.274509996175766);
#6592=COLOUR_RGB('',0.274509996175766,0.274509996175766,0.274509996175766);
#6593=COLOUR_RGB('',1.0,1.0,1.0);
#6594=COLOUR_RGB('',1.0,1.0,1.0);
#6595=COLOUR_RGB('',1.0,1.0,1.0);
#6596=COLOUR_RGB('',1.0,1.0,1.0);
#6597=COLOUR_RGB('',0.274509996175766,0.274509996175766,0.274509996175766);
#6598=COLOUR_RGB('',1.0,1.0,1.0);
#6599=COLOUR_RGB('',1.0,1.0,1.0);
#6600=COLOUR_RGB('',1.0,1.0,1.0);
#6601=COLOUR_RGB('',1.0,1.0,1.0);
#6602=COLOUR_RGB('',0.87058824300766,0.87058824300766,0.87058824300766);
#6603=COLOUR_RGB('',1.0,1.0,1.0);
#6604=COLOUR_RGB('',1.0,1.0,1.0);
#6605=COLOUR_RGB('',0.274509996175766,0.274509996175766,0.274509996175766);
#6606=COLOUR_RGB('',0.274509996175766,0.274509996175766,0.274509996175766);
#6607=COLOUR_RGB('',0.274509996175766,0.274509996175766,0.274509996175766);
#6608=CARTESIAN_POINT('',(-1.16492177568961,-0.460607599967975,1.44999921458418));
#6609=DIRECTION('',(0.0,0.0,-1.0));
#6610=DIRECTION('',(-1.0,7.40148683083448E-015,0.0));
#6611=CARTESIAN_POINT('',(-1.16492177568961,-0.46060759996798,1.4489984291766));
#6612=DIRECTION('',(-1.09074758135512E-030,-6.13285254383703E-017,-1.0));
#6613=DIRECTION('',(1.0,-1.77853221410193E-014,0.0));
ENDSEC;
END-ISO-10303-21;
