ISO-10303-21;
HEADER;
FILE_DESCRIPTION(('STEP AP214'),'1');
FILE_NAME('D:/entwicklung/000_CiBOARD/00000_CiBOARD/AAA_CB_Library/mech/STEP/CB_CentLib_STEP/SMD_discrete/tmp0.stp','2018-11-07T08:21:59',(' '),(' '),'Spatial InterOp 3D',' ',' ');
FILE_SCHEMA(('automotive_design'));
ENDSEC;
DATA;
#1=MECHANICAL_DESIGN_GEOMETRIC_PRESENTATION_REPRESENTATION(' ',(#10,#11,#12,#13,#14,#15,#16,#17,#18,#19,#20,#21,#22,#23,#24,#25,#26,#27,#28,#29,#30,#31,#32,#33,#34,#35,#36,#37,#38,#39,#40,#41,#42,#43,#44,#45,#46,#47,#48,#49,#50,#51,#52,#53,#54,#55,#56,#57,#58,#59,#60,#61,#62,#63,#64,#65,#66,#67,#68,#69,#70,#71,#72,#73,#74,#75,#76,#77,#78,#79,#80,#81,#82,#83,#84,#85,#86,#87,#88,#89,#90,#91,#92,#93,#94,#95,#96,#97,#98,#99,#100,#101,#102,#103,#104,#105,#106,#107,#108,#109,#110,#111,#112,#113,#114,#115,#116,#117,#118,#119,#120,#121,#122,#123,#124,#125,#126,#127,#128,#129,#130,#131,#132,#133,#134,#135,#136,#137,#138,#139,#140,#141,#142,#143,#144,#145,#146,#147,#148,#149,#150,#151,#152,#153,#154,#155,#156,#157,#158,#159,#160,#161,#162,#163,#164,#165,#166,#167,#168,#169,#170,#171,#172,#173,#174,#175,#176,#177,#178,#179,#180,#181,#182,#183,#184,#185,#186,#187,#188,#189,#190,#191,#192,#193,#194,#195,#196,#197,#198,#199,#200,#201,#202,#203,#204,#205,#206,#207,#208,#209,#210,#211,#212,#213,#214,#215,#216,#217,#218,#219,#220,#221,#222,#223,#224,#225,#226,#227,#228,#229,#230,#231,#232,#233,#234,#235,#236,#237,#238,#239,#240,#241,#242,#243,#244,#245,#246,#247,#248,#249,#250,#251,#252,#253,#254,#255,#256,#257,#258,#259,#260,#261,#262,#263,#264,#265,#266,#267,#268,#269,#270,#271,#272,#273,#274,#275,#276,#277,#278,#279,#280,#281,#282,#283,#284,#285,#286,#287,#288,#289,#290,#291,#292,#293,#294,#295,#296,#297,#298,#299,#300,#301,#302,#303,#304,#305,#306,#307,#308,#309,#310,#311,#312,#313,#314,#315,#316,#317,#318,#319,#320,#321,#322,#323,#324,#325,#326,#327,#328,#329,#330,#331,#332,#333,#334,#335,#336,#337,#338,#339,#340,#341,#342,#343,#344,#345,#346,#347,#348,#349,#350,#351,#352,#353,#354,#355,#356,#357,#358,#359,#360,#361,#362,#363,#364,#365,#366,#367,#368,#369,#370,#371,#372,#373,#374,#375,#376,#377,#378),#6);
#2=PRODUCT_DEFINITION_CONTEXT('',#379,'design');
#3=APPLICATION_PROTOCOL_DEFINITION('INTERNATIONAL STANDARD','automotive_design',1994,#379);
#4=PRODUCT_CATEGORY_RELATIONSHIP('NONE','NONE',#380,#381);
#5=SHAPE_DEFINITION_REPRESENTATION(#382,#383);
#6= (GEOMETRIC_REPRESENTATION_CONTEXT(3)GLOBAL_UNCERTAINTY_ASSIGNED_CONTEXT((#386))GLOBAL_UNIT_ASSIGNED_CONTEXT((#388,#389,#390))REPRESENTATION_CONTEXT('NONE','WORKSPACE'));
#10=STYLED_ITEM('',(#392),#393);
#11=STYLED_ITEM('',(#394),#395);
#12=STYLED_ITEM('',(#396),#397);
#13=STYLED_ITEM('',(#398),#399);
#14=STYLED_ITEM('',(#400),#401);
#15=STYLED_ITEM('',(#402),#403);
#16=STYLED_ITEM('',(#404),#405);
#17=STYLED_ITEM('',(#406),#407);
#18=STYLED_ITEM('',(#408),#409);
#19=STYLED_ITEM('',(#410),#411);
#20=STYLED_ITEM('',(#412),#413);
#21=STYLED_ITEM('',(#414),#415);
#22=STYLED_ITEM('',(#416),#417);
#23=STYLED_ITEM('',(#418),#419);
#24=STYLED_ITEM('',(#420),#421);
#25=STYLED_ITEM('',(#422),#423);
#26=STYLED_ITEM('',(#424),#425);
#27=STYLED_ITEM('',(#426),#427);
#28=STYLED_ITEM('',(#428),#429);
#29=STYLED_ITEM('',(#430),#431);
#30=STYLED_ITEM('',(#432),#433);
#31=STYLED_ITEM('',(#434),#435);
#32=STYLED_ITEM('',(#436),#437);
#33=STYLED_ITEM('',(#438),#439);
#34=STYLED_ITEM('',(#440),#441);
#35=STYLED_ITEM('',(#442),#443);
#36=STYLED_ITEM('',(#444),#445);
#37=STYLED_ITEM('',(#446),#447);
#38=STYLED_ITEM('',(#448),#449);
#39=STYLED_ITEM('',(#450),#451);
#40=STYLED_ITEM('',(#452),#453);
#41=STYLED_ITEM('',(#454),#455);
#42=STYLED_ITEM('',(#456),#457);
#43=STYLED_ITEM('',(#458),#459);
#44=STYLED_ITEM('',(#460),#461);
#45=STYLED_ITEM('',(#462),#463);
#46=STYLED_ITEM('',(#464),#465);
#47=STYLED_ITEM('',(#466),#467);
#48=STYLED_ITEM('',(#468),#469);
#49=STYLED_ITEM('',(#470),#471);
#50=STYLED_ITEM('',(#472),#473);
#51=STYLED_ITEM('',(#474),#475);
#52=STYLED_ITEM('',(#476),#477);
#53=STYLED_ITEM('',(#478),#479);
#54=STYLED_ITEM('',(#480),#481);
#55=STYLED_ITEM('',(#482),#483);
#56=STYLED_ITEM('',(#484),#485);
#57=STYLED_ITEM('',(#486),#487);
#58=STYLED_ITEM('',(#488),#489);
#59=STYLED_ITEM('',(#490),#491);
#60=STYLED_ITEM('',(#492),#493);
#61=STYLED_ITEM('',(#494),#495);
#62=STYLED_ITEM('',(#496),#497);
#63=STYLED_ITEM('',(#498),#499);
#64=STYLED_ITEM('',(#500),#501);
#65=STYLED_ITEM('',(#502),#503);
#66=STYLED_ITEM('',(#504),#505);
#67=STYLED_ITEM('',(#506),#507);
#68=STYLED_ITEM('',(#508),#509);
#69=STYLED_ITEM('',(#510),#511);
#70=STYLED_ITEM('',(#512),#513);
#71=STYLED_ITEM('',(#514),#515);
#72=STYLED_ITEM('',(#516),#517);
#73=STYLED_ITEM('',(#518),#519);
#74=STYLED_ITEM('',(#520),#521);
#75=STYLED_ITEM('',(#522),#523);
#76=STYLED_ITEM('',(#524),#525);
#77=STYLED_ITEM('',(#526),#527);
#78=STYLED_ITEM('',(#528),#529);
#79=STYLED_ITEM('',(#530),#531);
#80=STYLED_ITEM('',(#532),#533);
#81=STYLED_ITEM('',(#534),#535);
#82=STYLED_ITEM('',(#536),#537);
#83=STYLED_ITEM('',(#538),#539);
#84=STYLED_ITEM('',(#540),#541);
#85=STYLED_ITEM('',(#542),#543);
#86=STYLED_ITEM('',(#544),#545);
#87=STYLED_ITEM('',(#546),#547);
#88=STYLED_ITEM('',(#548),#549);
#89=STYLED_ITEM('',(#550),#551);
#90=STYLED_ITEM('',(#552),#553);
#91=STYLED_ITEM('',(#554),#555);
#92=STYLED_ITEM('',(#556),#557);
#93=STYLED_ITEM('',(#558),#559);
#94=STYLED_ITEM('',(#560),#561);
#95=STYLED_ITEM('',(#562),#563);
#96=STYLED_ITEM('',(#564),#565);
#97=STYLED_ITEM('',(#566),#567);
#98=STYLED_ITEM('',(#568),#569);
#99=STYLED_ITEM('',(#570),#571);
#100=STYLED_ITEM('',(#572),#573);
#101=STYLED_ITEM('',(#574),#575);
#102=STYLED_ITEM('',(#576),#577);
#103=STYLED_ITEM('',(#578),#579);
#104=STYLED_ITEM('',(#580),#581);
#105=STYLED_ITEM('',(#582),#583);
#106=STYLED_ITEM('',(#584),#585);
#107=STYLED_ITEM('',(#586),#587);
#108=STYLED_ITEM('',(#588),#589);
#109=STYLED_ITEM('',(#590),#591);
#110=STYLED_ITEM('',(#592),#593);
#111=STYLED_ITEM('',(#594),#595);
#112=STYLED_ITEM('',(#596),#597);
#113=STYLED_ITEM('',(#598),#599);
#114=STYLED_ITEM('',(#600),#601);
#115=STYLED_ITEM('',(#602),#603);
#116=STYLED_ITEM('',(#604),#605);
#117=STYLED_ITEM('',(#606),#607);
#118=STYLED_ITEM('',(#608),#609);
#119=STYLED_ITEM('',(#610),#611);
#120=STYLED_ITEM('',(#612),#613);
#121=STYLED_ITEM('',(#614),#615);
#122=STYLED_ITEM('',(#616),#617);
#123=STYLED_ITEM('',(#618),#619);
#124=STYLED_ITEM('',(#620),#621);
#125=STYLED_ITEM('',(#622),#623);
#126=STYLED_ITEM('',(#624),#625);
#127=STYLED_ITEM('',(#626),#627);
#128=STYLED_ITEM('',(#628),#629);
#129=STYLED_ITEM('',(#630),#631);
#130=STYLED_ITEM('',(#632),#633);
#131=STYLED_ITEM('',(#634),#635);
#132=STYLED_ITEM('',(#636),#637);
#133=STYLED_ITEM('',(#638),#639);
#134=STYLED_ITEM('',(#640),#641);
#135=STYLED_ITEM('',(#642),#643);
#136=STYLED_ITEM('',(#644),#645);
#137=STYLED_ITEM('',(#646),#647);
#138=STYLED_ITEM('',(#648),#649);
#139=STYLED_ITEM('',(#650),#651);
#140=STYLED_ITEM('',(#652),#653);
#141=STYLED_ITEM('',(#654),#655);
#142=STYLED_ITEM('',(#656),#657);
#143=STYLED_ITEM('',(#658),#659);
#144=STYLED_ITEM('',(#660),#661);
#145=STYLED_ITEM('',(#662),#663);
#146=STYLED_ITEM('',(#664),#665);
#147=STYLED_ITEM('',(#666),#667);
#148=STYLED_ITEM('',(#668),#669);
#149=STYLED_ITEM('',(#670),#671);
#150=STYLED_ITEM('',(#672),#673);
#151=STYLED_ITEM('',(#674),#675);
#152=STYLED_ITEM('',(#676),#677);
#153=STYLED_ITEM('',(#678),#679);
#154=STYLED_ITEM('',(#680),#681);
#155=STYLED_ITEM('',(#682),#683);
#156=STYLED_ITEM('',(#684),#685);
#157=STYLED_ITEM('',(#686),#687);
#158=STYLED_ITEM('',(#688),#689);
#159=STYLED_ITEM('',(#690),#691);
#160=STYLED_ITEM('',(#692),#693);
#161=STYLED_ITEM('',(#694),#695);
#162=STYLED_ITEM('',(#696),#697);
#163=STYLED_ITEM('',(#698),#699);
#164=STYLED_ITEM('',(#700),#701);
#165=STYLED_ITEM('',(#702),#703);
#166=STYLED_ITEM('',(#704),#705);
#167=STYLED_ITEM('',(#706),#707);
#168=STYLED_ITEM('',(#708),#709);
#169=STYLED_ITEM('',(#710),#711);
#170=STYLED_ITEM('',(#712),#713);
#171=STYLED_ITEM('',(#714),#715);
#172=STYLED_ITEM('',(#716),#717);
#173=STYLED_ITEM('',(#718),#719);
#174=STYLED_ITEM('',(#720),#721);
#175=STYLED_ITEM('',(#722),#723);
#176=STYLED_ITEM('',(#724),#725);
#177=STYLED_ITEM('',(#726),#727);
#178=STYLED_ITEM('',(#728),#729);
#179=STYLED_ITEM('',(#730),#731);
#180=STYLED_ITEM('',(#732),#733);
#181=STYLED_ITEM('',(#734),#735);
#182=STYLED_ITEM('',(#736),#737);
#183=STYLED_ITEM('',(#738),#739);
#184=STYLED_ITEM('',(#740),#741);
#185=STYLED_ITEM('',(#742),#743);
#186=STYLED_ITEM('',(#744),#745);
#187=STYLED_ITEM('',(#746),#747);
#188=STYLED_ITEM('',(#748),#749);
#189=STYLED_ITEM('',(#750),#751);
#190=STYLED_ITEM('',(#752),#753);
#191=STYLED_ITEM('',(#754),#755);
#192=STYLED_ITEM('',(#756),#757);
#193=STYLED_ITEM('',(#758),#759);
#194=STYLED_ITEM('',(#760),#761);
#195=STYLED_ITEM('',(#762),#763);
#196=STYLED_ITEM('',(#764),#765);
#197=STYLED_ITEM('',(#766),#767);
#198=STYLED_ITEM('',(#768),#769);
#199=STYLED_ITEM('',(#770),#771);
#200=STYLED_ITEM('',(#772),#773);
#201=STYLED_ITEM('',(#774),#775);
#202=STYLED_ITEM('',(#776),#777);
#203=STYLED_ITEM('',(#778),#779);
#204=STYLED_ITEM('',(#780),#781);
#205=STYLED_ITEM('',(#782),#783);
#206=STYLED_ITEM('',(#784),#785);
#207=STYLED_ITEM('',(#786),#787);
#208=STYLED_ITEM('',(#788),#789);
#209=STYLED_ITEM('',(#790),#791);
#210=STYLED_ITEM('',(#792),#793);
#211=STYLED_ITEM('',(#794),#795);
#212=STYLED_ITEM('',(#796),#797);
#213=STYLED_ITEM('',(#798),#799);
#214=STYLED_ITEM('',(#800),#801);
#215=STYLED_ITEM('',(#802),#803);
#216=STYLED_ITEM('',(#804),#805);
#217=STYLED_ITEM('',(#806),#807);
#218=STYLED_ITEM('',(#808),#809);
#219=STYLED_ITEM('',(#810),#811);
#220=STYLED_ITEM('',(#812),#813);
#221=STYLED_ITEM('',(#814),#815);
#222=STYLED_ITEM('',(#816),#817);
#223=STYLED_ITEM('',(#818),#819);
#224=STYLED_ITEM('',(#820),#821);
#225=STYLED_ITEM('',(#822),#823);
#226=STYLED_ITEM('',(#824),#825);
#227=STYLED_ITEM('',(#826),#827);
#228=STYLED_ITEM('',(#828),#829);
#229=STYLED_ITEM('',(#830),#831);
#230=STYLED_ITEM('',(#832),#833);
#231=STYLED_ITEM('',(#834),#835);
#232=STYLED_ITEM('',(#836),#837);
#233=STYLED_ITEM('',(#838),#839);
#234=STYLED_ITEM('',(#840),#841);
#235=STYLED_ITEM('',(#842),#843);
#236=STYLED_ITEM('',(#844),#845);
#237=STYLED_ITEM('',(#846),#847);
#238=STYLED_ITEM('',(#848),#849);
#239=STYLED_ITEM('',(#850),#851);
#240=STYLED_ITEM('',(#852),#853);
#241=STYLED_ITEM('',(#854),#855);
#242=STYLED_ITEM('',(#856),#857);
#243=STYLED_ITEM('',(#858),#859);
#244=STYLED_ITEM('',(#860),#861);
#245=STYLED_ITEM('',(#862),#863);
#246=STYLED_ITEM('',(#864),#865);
#247=STYLED_ITEM('',(#866),#867);
#248=STYLED_ITEM('',(#868),#869);
#249=STYLED_ITEM('',(#870),#871);
#250=STYLED_ITEM('',(#872),#873);
#251=STYLED_ITEM('',(#874),#875);
#252=STYLED_ITEM('',(#876),#877);
#253=STYLED_ITEM('',(#878),#879);
#254=STYLED_ITEM('',(#880),#881);
#255=STYLED_ITEM('',(#882),#883);
#256=STYLED_ITEM('',(#884),#885);
#257=STYLED_ITEM('',(#886),#887);
#258=STYLED_ITEM('',(#888),#889);
#259=STYLED_ITEM('',(#890),#891);
#260=STYLED_ITEM('',(#892),#893);
#261=STYLED_ITEM('',(#894),#895);
#262=STYLED_ITEM('',(#896),#897);
#263=STYLED_ITEM('',(#898),#899);
#264=STYLED_ITEM('',(#900),#901);
#265=STYLED_ITEM('',(#902),#903);
#266=STYLED_ITEM('',(#904),#905);
#267=STYLED_ITEM('',(#906),#907);
#268=STYLED_ITEM('',(#908),#909);
#269=STYLED_ITEM('',(#910),#911);
#270=STYLED_ITEM('',(#912),#913);
#271=STYLED_ITEM('',(#914),#915);
#272=STYLED_ITEM('',(#916),#917);
#273=STYLED_ITEM('',(#918),#919);
#274=STYLED_ITEM('',(#920),#921);
#275=STYLED_ITEM('',(#922),#923);
#276=STYLED_ITEM('',(#924),#925);
#277=STYLED_ITEM('',(#926),#927);
#278=STYLED_ITEM('',(#928),#929);
#279=STYLED_ITEM('',(#930),#931);
#280=STYLED_ITEM('',(#932),#933);
#281=STYLED_ITEM('',(#934),#935);
#282=STYLED_ITEM('',(#936),#937);
#283=STYLED_ITEM('',(#938),#939);
#284=STYLED_ITEM('',(#940),#941);
#285=STYLED_ITEM('',(#942),#943);
#286=STYLED_ITEM('',(#944),#945);
#287=STYLED_ITEM('',(#946),#947);
#288=STYLED_ITEM('',(#948),#949);
#289=STYLED_ITEM('',(#950),#951);
#290=STYLED_ITEM('',(#952),#953);
#291=STYLED_ITEM('',(#954),#955);
#292=STYLED_ITEM('',(#956),#957);
#293=STYLED_ITEM('',(#958),#959);
#294=STYLED_ITEM('',(#960),#961);
#295=STYLED_ITEM('',(#962),#963);
#296=STYLED_ITEM('',(#964),#965);
#297=STYLED_ITEM('',(#966),#967);
#298=STYLED_ITEM('',(#968),#969);
#299=STYLED_ITEM('',(#970),#971);
#300=STYLED_ITEM('',(#972),#973);
#301=STYLED_ITEM('',(#974),#975);
#302=STYLED_ITEM('',(#976),#977);
#303=STYLED_ITEM('',(#978),#979);
#304=STYLED_ITEM('',(#980),#981);
#305=STYLED_ITEM('',(#982),#983);
#306=STYLED_ITEM('',(#984),#985);
#307=STYLED_ITEM('',(#986),#987);
#308=STYLED_ITEM('',(#988),#989);
#309=STYLED_ITEM('',(#990),#991);
#310=STYLED_ITEM('',(#992),#993);
#311=STYLED_ITEM('',(#994),#995);
#312=STYLED_ITEM('',(#996),#997);
#313=STYLED_ITEM('',(#998),#999);
#314=STYLED_ITEM('',(#1000),#1001);
#315=STYLED_ITEM('',(#1002),#1003);
#316=STYLED_ITEM('',(#1004),#1005);
#317=STYLED_ITEM('',(#1006),#1007);
#318=STYLED_ITEM('',(#1008),#1009);
#319=STYLED_ITEM('',(#1010),#1011);
#320=STYLED_ITEM('',(#1012),#1013);
#321=STYLED_ITEM('',(#1014),#1015);
#322=STYLED_ITEM('',(#1016),#1017);
#323=STYLED_ITEM('',(#1018),#1019);
#324=STYLED_ITEM('',(#1020),#1021);
#325=STYLED_ITEM('',(#1022),#1023);
#326=STYLED_ITEM('',(#1024),#1025);
#327=STYLED_ITEM('',(#1026),#1027);
#328=STYLED_ITEM('',(#1028),#1029);
#329=STYLED_ITEM('',(#1030),#1031);
#330=STYLED_ITEM('',(#1032),#1033);
#331=STYLED_ITEM('',(#1034),#1035);
#332=STYLED_ITEM('',(#1036),#1037);
#333=STYLED_ITEM('',(#1038),#1039);
#334=STYLED_ITEM('',(#1040),#1041);
#335=STYLED_ITEM('',(#1042),#1043);
#336=STYLED_ITEM('',(#1044),#1045);
#337=STYLED_ITEM('',(#1046),#1047);
#338=STYLED_ITEM('',(#1048),#1049);
#339=STYLED_ITEM('',(#1050),#1051);
#340=STYLED_ITEM('',(#1052),#1053);
#341=STYLED_ITEM('',(#1054),#1055);
#342=STYLED_ITEM('',(#1056),#1057);
#343=STYLED_ITEM('',(#1058),#1059);
#344=STYLED_ITEM('',(#1060),#1061);
#345=STYLED_ITEM('',(#1062),#1063);
#346=STYLED_ITEM('',(#1064),#1065);
#347=STYLED_ITEM('',(#1066),#1067);
#348=STYLED_ITEM('',(#1068),#1069);
#349=STYLED_ITEM('',(#1070),#1071);
#350=STYLED_ITEM('',(#1072),#1073);
#351=STYLED_ITEM('',(#1074),#1075);
#352=STYLED_ITEM('',(#1076),#1077);
#353=STYLED_ITEM('',(#1078),#1079);
#354=STYLED_ITEM('',(#1080),#1081);
#355=STYLED_ITEM('',(#1082),#1083);
#356=STYLED_ITEM('',(#1084),#1085);
#357=STYLED_ITEM('',(#1086),#1087);
#358=STYLED_ITEM('',(#1088),#1089);
#359=STYLED_ITEM('',(#1090),#1091);
#360=STYLED_ITEM('',(#1092),#1093);
#361=STYLED_ITEM('',(#1094),#1095);
#362=STYLED_ITEM('',(#1096),#1097);
#363=STYLED_ITEM('',(#1098),#1099);
#364=STYLED_ITEM('',(#1100),#1101);
#365=STYLED_ITEM('',(#1102),#1103);
#366=STYLED_ITEM('',(#1104),#1105);
#367=STYLED_ITEM('',(#1106),#1107);
#368=STYLED_ITEM('',(#1108),#1109);
#369=STYLED_ITEM('',(#1110),#1111);
#370=STYLED_ITEM('',(#1112),#1113);
#371=STYLED_ITEM('',(#1114),#1115);
#372=STYLED_ITEM('',(#1116),#1117);
#373=STYLED_ITEM('',(#1118),#1119);
#374=STYLED_ITEM('',(#1120),#1121);
#375=STYLED_ITEM('',(#1122),#1123);
#376=STYLED_ITEM('',(#1124),#1125);
#377=STYLED_ITEM('',(#1126),#1127);
#378=STYLED_ITEM('',(#1128),#1129);
#379=APPLICATION_CONTEXT(' ');
#380=PRODUCT_CATEGORY('part','NONE');
#381=PRODUCT_RELATED_PRODUCT_CATEGORY('detail',' ',(#1130));
#382=PRODUCT_DEFINITION_SHAPE('NONE','NONE',#1131);
#383=ADVANCED_BREP_SHAPE_REPRESENTATION('MF05A_ASM|Next assembly relationship#LEAD_MF05F;LEAD_MF05F',(#897,#1132),#6);
#386=UNCERTAINTY_MEASURE_WITH_UNIT(LENGTH_MEASURE(1.0E-006),#388,'','');
#388= (CONVERSION_BASED_UNIT('MILLIMETRE',#1135)LENGTH_UNIT()NAMED_UNIT(#1138));
#389= (NAMED_UNIT(#1140)PLANE_ANGLE_UNIT()SI_UNIT($,.RADIAN.));
#390= (NAMED_UNIT(#1140)SOLID_ANGLE_UNIT()SI_UNIT($,.STERADIAN.));
#392=PRESENTATION_STYLE_ASSIGNMENT((#1146));
#393=EDGE_CURVE('',#1147,#1148,#1149,.T.);
#394=PRESENTATION_STYLE_ASSIGNMENT((#1150));
#395=EDGE_CURVE('',#1151,#1152,#1153,.T.);
#396=PRESENTATION_STYLE_ASSIGNMENT((#1154));
#397=EDGE_CURVE('',#1155,#1156,#1157,.T.);
#398=PRESENTATION_STYLE_ASSIGNMENT((#1158));
#399=ADVANCED_FACE('',(#1159),#1160,.T.);
#400=PRESENTATION_STYLE_ASSIGNMENT((#1161));
#401=EDGE_CURVE('',#1162,#1163,#1164,.T.);
#402=PRESENTATION_STYLE_ASSIGNMENT((#1165));
#403=EDGE_CURVE('',#1166,#1167,#1168,.T.);
#404=PRESENTATION_STYLE_ASSIGNMENT((#1169));
#405=EDGE_CURVE('',#1170,#1171,#1172,.T.);
#406=PRESENTATION_STYLE_ASSIGNMENT((#1173));
#407=EDGE_CURVE('',#1174,#1175,#1176,.T.);
#408=PRESENTATION_STYLE_ASSIGNMENT((#1177));
#409=ADVANCED_FACE('',(#1178),#1179,.T.);
#410=PRESENTATION_STYLE_ASSIGNMENT((#1180));
#411=EDGE_CURVE('',#1181,#1182,#1183,.T.);
#412=PRESENTATION_STYLE_ASSIGNMENT((#1184));
#413=EDGE_CURVE('',#1185,#1186,#1187,.T.);
#414=PRESENTATION_STYLE_ASSIGNMENT((#1188));
#415=EDGE_CURVE('',#1189,#1190,#1191,.T.);
#416=PRESENTATION_STYLE_ASSIGNMENT((#1192));
#417=EDGE_CURVE('',#1193,#1194,#1195,.T.);
#418=PRESENTATION_STYLE_ASSIGNMENT((#1196));
#419=EDGE_CURVE('',#1197,#1198,#1199,.T.);
#420=PRESENTATION_STYLE_ASSIGNMENT((#1200));
#421=EDGE_CURVE('',#1201,#1202,#1203,.T.);
#422=PRESENTATION_STYLE_ASSIGNMENT((#1204));
#423=EDGE_CURVE('',#1205,#1206,#1207,.T.);
#424=PRESENTATION_STYLE_ASSIGNMENT((#1208));
#425=EDGE_CURVE('',#1209,#1171,#1210,.T.);
#426=PRESENTATION_STYLE_ASSIGNMENT((#1211));
#427=EDGE_CURVE('',#1212,#1213,#1214,.T.);
#428=PRESENTATION_STYLE_ASSIGNMENT((#1215));
#429=EDGE_CURVE('',#1216,#1217,#1218,.T.);
#430=PRESENTATION_STYLE_ASSIGNMENT((#1219));
#431=EDGE_CURVE('',#1220,#1221,#1222,.T.);
#432=PRESENTATION_STYLE_ASSIGNMENT((#1223));
#433=EDGE_CURVE('',#1224,#1225,#1226,.T.);
#434=PRESENTATION_STYLE_ASSIGNMENT((#1227));
#435=ADVANCED_FACE('',(#1228),#1229,.T.);
#436=PRESENTATION_STYLE_ASSIGNMENT((#1230));
#437=EDGE_CURVE('',#1231,#1232,#1233,.T.);
#438=PRESENTATION_STYLE_ASSIGNMENT((#1234));
#439=EDGE_CURVE('',#1235,#1236,#1237,.T.);
#440=PRESENTATION_STYLE_ASSIGNMENT((#1238));
#441=ADVANCED_FACE('',(#1239),#1240,.T.);
#442=PRESENTATION_STYLE_ASSIGNMENT((#1241));
#443=EDGE_CURVE('',#1242,#1243,#1244,.T.);
#444=PRESENTATION_STYLE_ASSIGNMENT((#1245));
#445=EDGE_CURVE('',#1246,#1247,#1248,.T.);
#446=PRESENTATION_STYLE_ASSIGNMENT((#1249));
#447=EDGE_CURVE('',#1250,#1251,#1252,.T.);
#448=PRESENTATION_STYLE_ASSIGNMENT((#1253));
#449=ADVANCED_FACE('',(#1254),#1255,.T.);
#450=PRESENTATION_STYLE_ASSIGNMENT((#1256));
#451=EDGE_CURVE('',#1257,#1258,#1259,.T.);
#452=PRESENTATION_STYLE_ASSIGNMENT((#1260));
#453=EDGE_CURVE('',#1261,#1262,#1263,.T.);
#454=PRESENTATION_STYLE_ASSIGNMENT((#1264));
#455=EDGE_CURVE('',#1206,#1265,#1266,.T.);
#456=PRESENTATION_STYLE_ASSIGNMENT((#1267));
#457=EDGE_CURVE('',#1268,#1174,#1269,.T.);
#458=PRESENTATION_STYLE_ASSIGNMENT((#1270));
#459=ADVANCED_FACE('',(#1271),#1272,.T.);
#460=PRESENTATION_STYLE_ASSIGNMENT((#1273));
#461=EDGE_CURVE('',#1202,#1274,#1275,.T.);
#462=PRESENTATION_STYLE_ASSIGNMENT((#1276));
#463=ADVANCED_FACE('',(#1277),#1278,.T.);
#464=PRESENTATION_STYLE_ASSIGNMENT((#1279));
#465=ADVANCED_FACE('',(#1280),#1281,.T.);
#466=PRESENTATION_STYLE_ASSIGNMENT((#1282));
#467=ADVANCED_FACE('',(#1283),#1284,.T.);
#468=PRESENTATION_STYLE_ASSIGNMENT((#1285));
#469=EDGE_CURVE('',#1286,#1287,#1288,.T.);
#470=PRESENTATION_STYLE_ASSIGNMENT((#1289));
#471=EDGE_CURVE('',#1198,#1290,#1291,.T.);
#472=PRESENTATION_STYLE_ASSIGNMENT((#1292));
#473=ADVANCED_FACE('',(#1293),#1294,.T.);
#474=PRESENTATION_STYLE_ASSIGNMENT((#1295));
#475=EDGE_CURVE('',#1296,#1297,#1298,.T.);
#476=PRESENTATION_STYLE_ASSIGNMENT((#1299));
#477=EDGE_CURVE('',#1300,#1301,#1302,.T.);
#478=PRESENTATION_STYLE_ASSIGNMENT((#1303));
#479=EDGE_CURVE('',#1304,#1305,#1306,.T.);
#480=PRESENTATION_STYLE_ASSIGNMENT((#1307));
#481=EDGE_CURVE('',#1308,#1247,#1309,.T.);
#482=PRESENTATION_STYLE_ASSIGNMENT((#1310));
#483=EDGE_CURVE('',#1311,#1312,#1313,.T.);
#484=PRESENTATION_STYLE_ASSIGNMENT((#1314));
#485=EDGE_CURVE('',#1315,#1311,#1316,.T.);
#486=PRESENTATION_STYLE_ASSIGNMENT((#1317));
#487=EDGE_CURVE('',#1251,#1318,#1319,.T.);
#488=PRESENTATION_STYLE_ASSIGNMENT((#1320));
#489=ADVANCED_FACE('',(#1321),#1322,.T.);
#490=PRESENTATION_STYLE_ASSIGNMENT((#1323));
#491=EDGE_CURVE('',#1324,#1325,#1326,.T.);
#492=PRESENTATION_STYLE_ASSIGNMENT((#1327));
#493=EDGE_CURVE('',#1242,#1328,#1329,.T.);
#494=PRESENTATION_STYLE_ASSIGNMENT((#1330));
#495=EDGE_CURVE('',#1235,#1304,#1331,.T.);
#496=PRESENTATION_STYLE_ASSIGNMENT((#1332));
#497=EDGE_CURVE('',#1333,#1334,#1335,.T.);
#498=PRESENTATION_STYLE_ASSIGNMENT((#1336));
#499=ADVANCED_FACE('',(#1337),#1338,.T.);
#500=PRESENTATION_STYLE_ASSIGNMENT((#1339));
#501=ADVANCED_FACE('',(#1340,#1341,#1342,#1343),#1344,.T.);
#502=PRESENTATION_STYLE_ASSIGNMENT((#1345));
#503=ADVANCED_FACE('',(#1346),#1347,.T.);
#504=PRESENTATION_STYLE_ASSIGNMENT((#1348));
#505=ADVANCED_FACE('',(#1349),#1350,.T.);
#506=PRESENTATION_STYLE_ASSIGNMENT((#1351));
#507=EDGE_CURVE('',#1352,#1353,#1354,.T.);
#508=PRESENTATION_STYLE_ASSIGNMENT((#1355));
#509=EDGE_CURVE('',#1352,#1356,#1357,.T.);
#510=PRESENTATION_STYLE_ASSIGNMENT((#1358));
#511=EDGE_CURVE('',#1359,#1201,#1360,.T.);
#512=PRESENTATION_STYLE_ASSIGNMENT((#1361));
#513=EDGE_CURVE('',#1362,#1152,#1363,.T.);
#514=PRESENTATION_STYLE_ASSIGNMENT((#1364));
#515=EDGE_CURVE('',#1365,#1366,#1367,.T.);
#516=PRESENTATION_STYLE_ASSIGNMENT((#1368));
#517=ADVANCED_FACE('',(#1369),#1370,.T.);
#518=PRESENTATION_STYLE_ASSIGNMENT((#1371));
#519=ADVANCED_FACE('',(#1372),#1373,.T.);
#520=PRESENTATION_STYLE_ASSIGNMENT((#1374));
#521=ADVANCED_FACE('',(#1375),#1376,.T.);
#522=PRESENTATION_STYLE_ASSIGNMENT((#1377));
#523=EDGE_CURVE('',#1378,#1318,#1379,.T.);
#524=PRESENTATION_STYLE_ASSIGNMENT((#1380));
#525=EDGE_CURVE('',#1381,#1382,#1383,.T.);
#526=PRESENTATION_STYLE_ASSIGNMENT((#1384));
#527=ADVANCED_FACE('',(#1385),#1386,.T.);
#528=PRESENTATION_STYLE_ASSIGNMENT((#1387));
#529=EDGE_CURVE('',#1286,#1388,#1389,.T.);
#530=PRESENTATION_STYLE_ASSIGNMENT((#1390));
#531=ADVANCED_FACE('',(#1391),#1392,.T.);
#532=PRESENTATION_STYLE_ASSIGNMENT((#1393));
#533=EDGE_CURVE('',#1394,#1395,#1396,.T.);
#534=PRESENTATION_STYLE_ASSIGNMENT((#1397));
#535=ADVANCED_FACE('',(#1398),#1399,.T.);
#536=PRESENTATION_STYLE_ASSIGNMENT((#1400));
#537=EDGE_CURVE('',#1175,#1268,#1401,.T.);
#538=PRESENTATION_STYLE_ASSIGNMENT((#1402));
#539=EDGE_CURVE('',#1182,#1209,#1403,.T.);
#540=PRESENTATION_STYLE_ASSIGNMENT((#1404));
#541=EDGE_CURVE('',#1395,#1405,#1406,.T.);
#542=PRESENTATION_STYLE_ASSIGNMENT((#1407));
#543=ADVANCED_FACE('',(#1408),#1409,.F.);
#544=PRESENTATION_STYLE_ASSIGNMENT((#1410));
#545=ADVANCED_FACE('',(#1411),#1412,.T.);
#546=PRESENTATION_STYLE_ASSIGNMENT((#1413));
#547=EDGE_CURVE('',#1359,#1414,#1415,.T.);
#548=PRESENTATION_STYLE_ASSIGNMENT((#1416));
#549=EDGE_CURVE('',#1417,#1418,#1419,.T.);
#550=PRESENTATION_STYLE_ASSIGNMENT((#1420));
#551=EDGE_CURVE('',#1421,#1422,#1423,.T.);
#552=PRESENTATION_STYLE_ASSIGNMENT((#1424));
#553=EDGE_CURVE('',#1388,#1425,#1426,.T.);
#554=PRESENTATION_STYLE_ASSIGNMENT((#1427));
#555=EDGE_CURVE('',#1328,#1212,#1428,.T.);
#556=PRESENTATION_STYLE_ASSIGNMENT((#1429));
#557=EDGE_CURVE('',#1167,#1430,#1431,.T.);
#558=PRESENTATION_STYLE_ASSIGNMENT((#1432));
#559=EDGE_CURVE('',#1433,#1434,#1435,.T.);
#560=PRESENTATION_STYLE_ASSIGNMENT((#1436));
#561=EDGE_CURVE('',#1220,#1430,#1437,.T.);
#562=PRESENTATION_STYLE_ASSIGNMENT((#1438));
#563=ADVANCED_FACE('',(#1439),#1440,.T.);
#564=PRESENTATION_STYLE_ASSIGNMENT((#1441));
#565=EDGE_CURVE('',#1442,#1258,#1443,.T.);
#566=PRESENTATION_STYLE_ASSIGNMENT((#1444));
#567=EDGE_CURVE('',#1353,#1268,#1445,.T.);
#568=PRESENTATION_STYLE_ASSIGNMENT((#1446));
#569=EDGE_CURVE('',#1217,#1447,#1448,.T.);
#570=PRESENTATION_STYLE_ASSIGNMENT((#1449));
#571=EDGE_CURVE('',#1450,#1170,#1451,.T.);
#572=PRESENTATION_STYLE_ASSIGNMENT((#1452));
#573=ADVANCED_FACE('',(#1453),#1454,.T.);
#574=PRESENTATION_STYLE_ASSIGNMENT((#1455));
#575=EDGE_CURVE('',#1166,#1356,#1456,.T.);
#576=PRESENTATION_STYLE_ASSIGNMENT((#1457));
#577=EDGE_CURVE('',#1362,#1442,#1458,.T.);
#578=PRESENTATION_STYLE_ASSIGNMENT((#1459));
#579=EDGE_CURVE('',#1395,#1297,#1460,.T.);
#580=PRESENTATION_STYLE_ASSIGNMENT((#1461));
#581=EDGE_CURVE('',#1462,#1162,#1463,.T.);
#582=PRESENTATION_STYLE_ASSIGNMENT((#1464));
#583=EDGE_CURVE('',#1465,#1466,#1467,.T.);
#584=PRESENTATION_STYLE_ASSIGNMENT((#1468));
#585=EDGE_CURVE('',#1469,#1301,#1470,.T.);
#586=PRESENTATION_STYLE_ASSIGNMENT((#1471));
#587=EDGE_CURVE('',#1356,#1472,#1473,.T.);
#588=PRESENTATION_STYLE_ASSIGNMENT((#1474));
#589=ADVANCED_FACE('',(#1475),#1476,.F.);
#590=PRESENTATION_STYLE_ASSIGNMENT((#1477));
#591=ADVANCED_FACE('',(#1478),#1479,.F.);
#592=PRESENTATION_STYLE_ASSIGNMENT((#1480));
#593=EDGE_CURVE('',#1325,#1481,#1482,.T.);
#594=PRESENTATION_STYLE_ASSIGNMENT((#1483));
#595=EDGE_CURVE('',#1469,#1325,#1484,.T.);
#596=PRESENTATION_STYLE_ASSIGNMENT((#1485));
#597=EDGE_CURVE('',#1356,#1430,#1486,.T.);
#598=PRESENTATION_STYLE_ASSIGNMENT((#1487));
#599=ADVANCED_FACE('',(#1488),#1489,.F.);
#600=PRESENTATION_STYLE_ASSIGNMENT((#1490));
#601=ADVANCED_FACE('',(#1491),#1492,.T.);
#602=PRESENTATION_STYLE_ASSIGNMENT((#1493));
#603=EDGE_CURVE('',#1242,#1494,#1495,.T.);
#604=PRESENTATION_STYLE_ASSIGNMENT((#1496));
#605=EDGE_CURVE('',#1300,#1418,#1497,.T.);
#606=PRESENTATION_STYLE_ASSIGNMENT((#1498));
#607=EDGE_CURVE('',#1417,#1434,#1499,.T.);
#608=PRESENTATION_STYLE_ASSIGNMENT((#1500));
#609=EDGE_CURVE('',#1334,#1501,#1502,.T.);
#610=PRESENTATION_STYLE_ASSIGNMENT((#1503));
#611=EDGE_CURVE('',#1504,#1505,#1506,.T.);
#612=PRESENTATION_STYLE_ASSIGNMENT((#1507));
#613=EDGE_CURVE('',#1201,#1508,#1509,.T.);
#614=PRESENTATION_STYLE_ASSIGNMENT((#1510));
#615=EDGE_CURVE('',#1181,#1257,#1511,.T.);
#616=PRESENTATION_STYLE_ASSIGNMENT((#1512));
#617=ADVANCED_FACE('',(#1513),#1514,.F.);
#618=PRESENTATION_STYLE_ASSIGNMENT((#1515));
#619=ADVANCED_FACE('',(#1516),#1517,.T.);
#620=PRESENTATION_STYLE_ASSIGNMENT((#1518));
#621=ADVANCED_FACE('',(#1519),#1520,.T.);
#622=PRESENTATION_STYLE_ASSIGNMENT((#1521));
#623=ADVANCED_FACE('',(#1522),#1523,.T.);
#624=PRESENTATION_STYLE_ASSIGNMENT((#1524));
#625=ADVANCED_FACE('',(#1525),#1526,.T.);
#626=PRESENTATION_STYLE_ASSIGNMENT((#1527));
#627=EDGE_CURVE('',#1300,#1328,#1528,.T.);
#628=PRESENTATION_STYLE_ASSIGNMENT((#1529));
#629=EDGE_CURVE('',#1163,#1305,#1530,.T.);
#630=PRESENTATION_STYLE_ASSIGNMENT((#1531));
#631=EDGE_CURVE('',#1532,#1447,#1533,.T.);
#632=PRESENTATION_STYLE_ASSIGNMENT((#1534));
#633=ADVANCED_FACE('',(#1535),#1536,.T.);
#634=PRESENTATION_STYLE_ASSIGNMENT((#1537));
#635=EDGE_CURVE('',#1324,#1538,#1539,.T.);
#636=PRESENTATION_STYLE_ASSIGNMENT((#1540));
#637=EDGE_CURVE('',#1541,#1542,#1543,.T.);
#638=PRESENTATION_STYLE_ASSIGNMENT((#1544));
#639=EDGE_CURVE('',#1545,#1318,#1546,.T.);
#640=PRESENTATION_STYLE_ASSIGNMENT((#1547));
#641=EDGE_CURVE('',#1548,#1541,#1549,.T.);
#642=PRESENTATION_STYLE_ASSIGNMENT((#1550));
#643=EDGE_CURVE('',#1551,#1538,#1552,.T.);
#644=PRESENTATION_STYLE_ASSIGNMENT((#1553));
#645=EDGE_CURVE('',#1434,#1167,#1554,.T.);
#646=PRESENTATION_STYLE_ASSIGNMENT((#1555));
#647=EDGE_CURVE('',#1556,#1557,#1558,.T.);
#648=PRESENTATION_STYLE_ASSIGNMENT((#1559));
#649=EDGE_CURVE('',#1221,#1560,#1561,.T.);
#650=PRESENTATION_STYLE_ASSIGNMENT((#1562));
#651=EDGE_CURVE('',#1365,#1425,#1563,.T.);
#652=PRESENTATION_STYLE_ASSIGNMENT((#1564));
#653=EDGE_CURVE('',#1565,#1566,#1567,.T.);
#654=PRESENTATION_STYLE_ASSIGNMENT((#1568));
#655=EDGE_CURVE('',#1171,#1247,#1569,.T.);
#656=PRESENTATION_STYLE_ASSIGNMENT((#1570));
#657=EDGE_CURVE('',#1213,#1221,#1571,.T.);
#658=PRESENTATION_STYLE_ASSIGNMENT((#1572));
#659=EDGE_CURVE('',#1243,#1206,#1573,.T.);
#660=PRESENTATION_STYLE_ASSIGNMENT((#1574));
#661=EDGE_CURVE('',#1170,#1308,#1575,.T.);
#662=PRESENTATION_STYLE_ASSIGNMENT((#1576));
#663=EDGE_CURVE('',#1213,#1577,#1578,.T.);
#664=PRESENTATION_STYLE_ASSIGNMENT((#1579));
#665=EDGE_CURVE('',#1560,#1213,#1580,.T.);
#666=PRESENTATION_STYLE_ASSIGNMENT((#1581));
#667=EDGE_CURVE('',#1582,#1447,#1583,.T.);
#668=PRESENTATION_STYLE_ASSIGNMENT((#1584));
#669=EDGE_CURVE('',#1585,#1551,#1586,.T.);
#670=PRESENTATION_STYLE_ASSIGNMENT((#1587));
#671=EDGE_CURVE('',#1588,#1235,#1589,.T.);
#672=PRESENTATION_STYLE_ASSIGNMENT((#1590));
#673=EDGE_CURVE('',#1198,#1262,#1591,.T.);
#674=PRESENTATION_STYLE_ASSIGNMENT((#1592));
#675=ADVANCED_FACE('',(#1593),#1594,.T.);
#676=PRESENTATION_STYLE_ASSIGNMENT((#1595));
#677=EDGE_CURVE('',#1216,#1193,#1596,.T.);
#678=PRESENTATION_STYLE_ASSIGNMENT((#1597));
#679=EDGE_CURVE('',#1209,#1246,#1598,.T.);
#680=PRESENTATION_STYLE_ASSIGNMENT((#1599));
#681=EDGE_CURVE('',#1600,#1162,#1601,.T.);
#682=PRESENTATION_STYLE_ASSIGNMENT((#1602));
#683=ADVANCED_FACE('',(#1603),#1604,.T.);
#684=PRESENTATION_STYLE_ASSIGNMENT((#1605));
#685=EDGE_CURVE('',#1182,#1557,#1606,.T.);
#686=PRESENTATION_STYLE_ASSIGNMENT((#1607));
#687=EDGE_CURVE('',#1504,#1508,#1608,.T.);
#688=PRESENTATION_STYLE_ASSIGNMENT((#1609));
#689=EDGE_CURVE('',#1557,#1246,#1610,.T.);
#690=PRESENTATION_STYLE_ASSIGNMENT((#1611));
#691=EDGE_CURVE('',#1612,#1382,#1613,.T.);
#692=PRESENTATION_STYLE_ASSIGNMENT((#1614));
#693=EDGE_CURVE('',#1232,#1566,#1615,.T.);
#694=PRESENTATION_STYLE_ASSIGNMENT((#1616));
#695=EDGE_CURVE('',#1617,#1545,#1618,.T.);
#696=PRESENTATION_STYLE_ASSIGNMENT((#1619));
#697=EDGE_CURVE('',#1205,#1268,#1620,.T.);
#698=PRESENTATION_STYLE_ASSIGNMENT((#1621));
#699=EDGE_CURVE('',#1505,#1622,#1623,.T.);
#700=PRESENTATION_STYLE_ASSIGNMENT((#1624));
#701=EDGE_CURVE('',#1532,#1625,#1626,.T.);
#702=PRESENTATION_STYLE_ASSIGNMENT((#1627));
#703=EDGE_CURVE('',#1628,#1629,#1630,.T.);
#704=PRESENTATION_STYLE_ASSIGNMENT((#1631));
#705=ADVANCED_FACE('',(#1632,#1633,#1634),#1635,.T.);
#706=PRESENTATION_STYLE_ASSIGNMENT((#1636));
#707=EDGE_CURVE('',#1637,#1638,#1639,.T.);
#708=PRESENTATION_STYLE_ASSIGNMENT((#1640));
#709=ADVANCED_FACE('',(#1641),#1642,.F.);
#710=PRESENTATION_STYLE_ASSIGNMENT((#1643));
#711=ADVANCED_FACE('',(#1644),#1645,.T.);
#712=PRESENTATION_STYLE_ASSIGNMENT((#1646));
#713=EDGE_CURVE('',#1647,#1566,#1648,.T.);
#714=PRESENTATION_STYLE_ASSIGNMENT((#1649));
#715=ADVANCED_FACE('',(#1650),#1651,.T.);
#716=PRESENTATION_STYLE_ASSIGNMENT((#1652));
#717=EDGE_CURVE('',#1353,#1472,#1653,.T.);
#718=PRESENTATION_STYLE_ASSIGNMENT((#1654));
#719=EDGE_CURVE('',#1301,#1166,#1655,.T.);
#720=PRESENTATION_STYLE_ASSIGNMENT((#1656));
#721=EDGE_CURVE('',#1657,#1612,#1658,.T.);
#722=PRESENTATION_STYLE_ASSIGNMENT((#1659));
#723=EDGE_CURVE('',#1638,#1388,#1660,.T.);
#724=PRESENTATION_STYLE_ASSIGNMENT((#1661));
#725=EDGE_CURVE('',#1301,#1433,#1662,.T.);
#726=PRESENTATION_STYLE_ASSIGNMENT((#1663));
#727=EDGE_CURVE('',#1548,#1664,#1665,.T.);
#728=PRESENTATION_STYLE_ASSIGNMENT((#1666));
#729=ADVANCED_FACE('',(#1667),#1668,.T.);
#730=PRESENTATION_STYLE_ASSIGNMENT((#1669));
#731=ADVANCED_FACE('',(#1670),#1671,.T.);
#732=PRESENTATION_STYLE_ASSIGNMENT((#1672));
#733=EDGE_CURVE('',#1538,#1265,#1673,.T.);
#734=PRESENTATION_STYLE_ASSIGNMENT((#1674));
#735=ADVANCED_FACE('',(#1675),#1676,.F.);
#736=PRESENTATION_STYLE_ASSIGNMENT((#1677));
#737=EDGE_CURVE('',#1678,#1679,#1680,.T.);
#738=PRESENTATION_STYLE_ASSIGNMENT((#1681));
#739=EDGE_CURVE('',#1194,#1148,#1682,.T.);
#740=PRESENTATION_STYLE_ASSIGNMENT((#1683));
#741=EDGE_CURVE('',#1450,#1629,#1684,.T.);
#742=PRESENTATION_STYLE_ASSIGNMENT((#1685));
#743=EDGE_CURVE('',#1600,#1297,#1686,.T.);
#744=PRESENTATION_STYLE_ASSIGNMENT((#1687));
#745=EDGE_CURVE('',#1688,#1366,#1689,.T.);
#746=PRESENTATION_STYLE_ASSIGNMENT((#1690));
#747=EDGE_CURVE('',#1328,#1577,#1691,.T.);
#748=PRESENTATION_STYLE_ASSIGNMENT((#1692));
#749=EDGE_CURVE('',#1156,#1625,#1693,.T.);
#750=PRESENTATION_STYLE_ASSIGNMENT((#1694));
#751=ADVANCED_FACE('',(#1695),#1696,.T.);
#752=PRESENTATION_STYLE_ASSIGNMENT((#1697));
#753=ADVANCED_FACE('',(#1698),#1699,.T.);
#754=PRESENTATION_STYLE_ASSIGNMENT((#1700));
#755=EDGE_CURVE('',#1701,#1702,#1703,.T.);
#756=PRESENTATION_STYLE_ASSIGNMENT((#1704));
#757=ADVANCED_FACE('',(#1705),#1706,.T.);
#758=PRESENTATION_STYLE_ASSIGNMENT((#1707));
#759=ADVANCED_FACE('',(#1708),#1709,.F.);
#760=PRESENTATION_STYLE_ASSIGNMENT((#1710));
#761=EDGE_CURVE('',#1333,#1628,#1711,.T.);
#762=PRESENTATION_STYLE_ASSIGNMENT((#1712));
#763=ADVANCED_FACE('',(#1713),#1714,.T.);
#764=PRESENTATION_STYLE_ASSIGNMENT((#1715));
#765=EDGE_CURVE('',#1716,#1236,#1717,.T.);
#766=PRESENTATION_STYLE_ASSIGNMENT((#1718));
#767=EDGE_CURVE('',#1304,#1312,#1719,.T.);
#768=PRESENTATION_STYLE_ASSIGNMENT((#1720));
#769=EDGE_CURVE('',#1494,#1551,#1721,.T.);
#770=PRESENTATION_STYLE_ASSIGNMENT((#1722));
#771=EDGE_CURVE('',#1723,#1724,#1725,.T.);
#772=PRESENTATION_STYLE_ASSIGNMENT((#1726));
#773=ADVANCED_FACE('',(#1727),#1728,.T.);
#774=PRESENTATION_STYLE_ASSIGNMENT((#1729));
#775=EDGE_CURVE('',#1418,#1577,#1730,.T.);
#776=PRESENTATION_STYLE_ASSIGNMENT((#1731));
#777=EDGE_CURVE('',#1732,#1166,#1733,.T.);
#778=PRESENTATION_STYLE_ASSIGNMENT((#1734));
#779=EDGE_CURVE('',#1174,#1324,#1735,.T.);
#780=PRESENTATION_STYLE_ASSIGNMENT((#1736));
#781=EDGE_CURVE('',#1545,#1679,#1737,.T.);
#782=PRESENTATION_STYLE_ASSIGNMENT((#1738));
#783=ADVANCED_FACE('',(#1739),#1740,.T.);
#784=PRESENTATION_STYLE_ASSIGNMENT((#1741));
#785=EDGE_CURVE('',#1465,#1723,#1742,.T.);
#786=PRESENTATION_STYLE_ASSIGNMENT((#1743));
#787=EDGE_CURVE('',#1732,#1481,#1744,.T.);
#788=PRESENTATION_STYLE_ASSIGNMENT((#1745));
#789=EDGE_CURVE('',#1381,#1250,#1746,.T.);
#790=PRESENTATION_STYLE_ASSIGNMENT((#1747));
#791=ADVANCED_FACE('',(#1748),#1749,.T.);
#792=PRESENTATION_STYLE_ASSIGNMENT((#1750));
#793=ADVANCED_FACE('',(#1751),#1752,.T.);
#794=PRESENTATION_STYLE_ASSIGNMENT((#1753));
#795=EDGE_CURVE('',#1628,#1501,#1754,.T.);
#796=PRESENTATION_STYLE_ASSIGNMENT((#1755));
#797=ADVANCED_FACE('',(#1756),#1757,.T.);
#798=PRESENTATION_STYLE_ASSIGNMENT((#1758));
#799=EDGE_CURVE('',#1334,#1151,#1759,.T.);
#800=PRESENTATION_STYLE_ASSIGNMENT((#1760));
#801=ADVANCED_FACE('',(#1761),#1762,.T.);
#802=PRESENTATION_STYLE_ASSIGNMENT((#1763));
#803=EDGE_CURVE('',#1622,#1508,#1764,.T.);
#804=PRESENTATION_STYLE_ASSIGNMENT((#1765));
#805=EDGE_CURVE('',#1766,#1767,#1768,.T.);
#806=PRESENTATION_STYLE_ASSIGNMENT((#1769));
#807=ADVANCED_FACE('',(#1770),#1771,.T.);
#808=PRESENTATION_STYLE_ASSIGNMENT((#1772));
#809=EDGE_CURVE('',#1465,#1678,#1773,.T.);
#810=PRESENTATION_STYLE_ASSIGNMENT((#1774));
#811=EDGE_CURVE('',#1775,#1287,#1776,.T.);
#812=PRESENTATION_STYLE_ASSIGNMENT((#1777));
#813=EDGE_CURVE('',#1678,#1724,#1778,.T.);
#814=PRESENTATION_STYLE_ASSIGNMENT((#1779));
#815=EDGE_CURVE('',#1582,#1194,#1780,.T.);
#816=PRESENTATION_STYLE_ASSIGNMENT((#1781));
#817=EDGE_CURVE('',#1308,#1629,#1782,.T.);
#818=PRESENTATION_STYLE_ASSIGNMENT((#1783));
#819=EDGE_CURVE('',#1462,#1716,#1784,.T.);
#820=PRESENTATION_STYLE_ASSIGNMENT((#1785));
#821=EDGE_CURVE('',#1236,#1305,#1786,.T.);
#822=PRESENTATION_STYLE_ASSIGNMENT((#1787));
#823=EDGE_CURVE('',#1466,#1679,#1788,.T.);
#824=PRESENTATION_STYLE_ASSIGNMENT((#1789));
#825=EDGE_CURVE('',#1290,#1565,#1790,.T.);
#826=PRESENTATION_STYLE_ASSIGNMENT((#1791));
#827=EDGE_CURVE('',#1243,#1212,#1792,.T.);
#828=PRESENTATION_STYLE_ASSIGNMENT((#1793));
#829=EDGE_CURVE('',#1657,#1381,#1794,.T.);
#830=PRESENTATION_STYLE_ASSIGNMENT((#1795));
#831=EDGE_CURVE('',#1197,#1637,#1796,.T.);
#832=PRESENTATION_STYLE_ASSIGNMENT((#1797));
#833=ADVANCED_FACE('',(#1798),#1799,.T.);
#834=PRESENTATION_STYLE_ASSIGNMENT((#1800));
#835=EDGE_CURVE('',#1560,#1417,#1801,.T.);
#836=PRESENTATION_STYLE_ASSIGNMENT((#1802));
#837=ADVANCED_FACE('',(#1803),#1804,.F.);
#838=PRESENTATION_STYLE_ASSIGNMENT((#1805));
#839=ADVANCED_FACE('',(#1806),#1807,.T.);
#840=PRESENTATION_STYLE_ASSIGNMENT((#1808));
#841=EDGE_CURVE('',#1265,#1174,#1809,.T.);
#842=PRESENTATION_STYLE_ASSIGNMENT((#1810));
#843=EDGE_CURVE('',#1394,#1702,#1811,.T.);
#844=PRESENTATION_STYLE_ASSIGNMENT((#1812));
#845=ADVANCED_FACE('',(#1813),#1814,.T.);
#846=PRESENTATION_STYLE_ASSIGNMENT((#1815));
#847=ADVANCED_FACE('',(#1816),#1817,.T.);
#848=PRESENTATION_STYLE_ASSIGNMENT((#1818));
#849=EDGE_CURVE('',#1819,#1820,#1821,.T.);
#850=PRESENTATION_STYLE_ASSIGNMENT((#1822));
#851=EDGE_CURVE('',#1723,#1189,#1823,.T.);
#852=PRESENTATION_STYLE_ASSIGNMENT((#1824));
#853=EDGE_CURVE('',#1565,#1262,#1825,.T.);
#854=PRESENTATION_STYLE_ASSIGNMENT((#1826));
#855=EDGE_CURVE('',#1612,#1186,#1827,.T.);
#856=PRESENTATION_STYLE_ASSIGNMENT((#1828));
#857=EDGE_CURVE('',#1197,#1261,#1829,.T.);
#858=PRESENTATION_STYLE_ASSIGNMENT((#1830));
#859=EDGE_CURVE('',#1353,#1224,#1831,.T.);
#860=PRESENTATION_STYLE_ASSIGNMENT((#1832));
#861=EDGE_CURVE('',#1701,#1833,#1834,.T.);
#862=PRESENTATION_STYLE_ASSIGNMENT((#1835));
#863=EDGE_CURVE('',#1732,#1352,#1836,.T.);
#864=PRESENTATION_STYLE_ASSIGNMENT((#1837));
#865=EDGE_CURVE('',#1225,#1472,#1838,.T.);
#866=PRESENTATION_STYLE_ASSIGNMENT((#1839));
#867=EDGE_CURVE('',#1442,#1820,#1840,.T.);
#868=PRESENTATION_STYLE_ASSIGNMENT((#1841));
#869=EDGE_CURVE('',#1224,#1243,#1842,.T.);
#870=PRESENTATION_STYLE_ASSIGNMENT((#1843));
#871=EDGE_CURVE('',#1585,#1300,#1844,.T.);
#872=PRESENTATION_STYLE_ASSIGNMENT((#1845));
#873=EDGE_CURVE('',#1414,#1202,#1846,.T.);
#874=PRESENTATION_STYLE_ASSIGNMENT((#1847));
#875=ADVANCED_FACE('',(#1848),#1849,.T.);
#876=PRESENTATION_STYLE_ASSIGNMENT((#1850));
#877=EDGE_CURVE('',#1851,#1600,#1852,.T.);
#878=PRESENTATION_STYLE_ASSIGNMENT((#1853));
#879=ADVANCED_FACE('',(#1854),#1855,.T.);
#880=PRESENTATION_STYLE_ASSIGNMENT((#1856));
#881=ADVANCED_FACE('',(#1857),#1858,.T.);
#882=PRESENTATION_STYLE_ASSIGNMENT((#1859));
#883=EDGE_CURVE('',#1767,#1833,#1860,.T.);
#884=PRESENTATION_STYLE_ASSIGNMENT((#1861));
#885=EDGE_CURVE('',#1548,#1688,#1862,.T.);
#886=PRESENTATION_STYLE_ASSIGNMENT((#1863));
#887=EDGE_CURVE('',#1225,#1221,#1864,.T.);
#888=PRESENTATION_STYLE_ASSIGNMENT((#1865));
#889=ADVANCED_FACE('',(#1866),#1867,.T.);
#890=PRESENTATION_STYLE_ASSIGNMENT((#1868));
#891=EDGE_CURVE('',#1382,#1251,#1869,.T.);
#892=PRESENTATION_STYLE_ASSIGNMENT((#1870));
#893=EDGE_CURVE('',#1190,#1871,#1872,.T.);
#894=PRESENTATION_STYLE_ASSIGNMENT((#1873));
#895=EDGE_CURVE('',#1664,#1366,#1874,.T.);
#896=PRESENTATION_STYLE_ASSIGNMENT((#1875));
#897=MANIFOLD_SOLID_BREP('MF05A_ASM|Next assembly relationship#LEAD_MF05F;LEAD_MF05F',#1876);
#898=PRESENTATION_STYLE_ASSIGNMENT((#1877));
#899=ADVANCED_FACE('',(#1878),#1879,.F.);
#900=PRESENTATION_STYLE_ASSIGNMENT((#1880));
#901=ADVANCED_FACE('',(#1881),#1882,.T.);
#902=PRESENTATION_STYLE_ASSIGNMENT((#1883));
#903=EDGE_CURVE('',#1225,#1212,#1884,.T.);
#904=PRESENTATION_STYLE_ASSIGNMENT((#1885));
#905=EDGE_CURVE('',#1472,#1220,#1886,.T.);
#906=PRESENTATION_STYLE_ASSIGNMENT((#1887));
#907=ADVANCED_FACE('',(#1888),#1889,.F.);
#908=PRESENTATION_STYLE_ASSIGNMENT((#1890));
#909=EDGE_CURVE('',#1359,#1504,#1891,.T.);
#910=PRESENTATION_STYLE_ASSIGNMENT((#1892));
#911=EDGE_CURVE('',#1622,#1893,#1894,.T.);
#912=PRESENTATION_STYLE_ASSIGNMENT((#1895));
#913=EDGE_CURVE('',#1896,#1893,#1897,.T.);
#914=PRESENTATION_STYLE_ASSIGNMENT((#1898));
#915=EDGE_CURVE('',#1315,#1588,#1899,.T.);
#916=PRESENTATION_STYLE_ASSIGNMENT((#1900));
#917=EDGE_CURVE('',#1430,#1901,#1902,.T.);
#918=PRESENTATION_STYLE_ASSIGNMENT((#1903));
#919=EDGE_CURVE('',#1311,#1767,#1904,.T.);
#920=PRESENTATION_STYLE_ASSIGNMENT((#1905));
#921=EDGE_CURVE('',#1189,#1906,#1907,.T.);
#922=PRESENTATION_STYLE_ASSIGNMENT((#1908));
#923=EDGE_CURVE('',#1422,#1190,#1909,.T.);
#924=PRESENTATION_STYLE_ASSIGNMENT((#1910));
#925=ADVANCED_FACE('',(#1911),#1912,.T.);
#926=PRESENTATION_STYLE_ASSIGNMENT((#1913));
#927=ADVANCED_FACE('',(#1914),#1915,.T.);
#928=PRESENTATION_STYLE_ASSIGNMENT((#1916));
#929=ADVANCED_FACE('',(#1917),#1918,.T.);
#930=PRESENTATION_STYLE_ASSIGNMENT((#1919));
#931=EDGE_CURVE('',#1494,#1206,#1920,.T.);
#932=PRESENTATION_STYLE_ASSIGNMENT((#1921));
#933=EDGE_CURVE('',#1505,#1896,#1922,.T.);
#934=PRESENTATION_STYLE_ASSIGNMENT((#1923));
#935=EDGE_CURVE('',#1147,#1896,#1924,.T.);
#936=PRESENTATION_STYLE_ASSIGNMENT((#1925));
#937=EDGE_CURVE('',#1261,#1638,#1926,.T.);
#938=PRESENTATION_STYLE_ASSIGNMENT((#1927));
#939=ADVANCED_FACE('',(#1928),#1929,.T.);
#940=PRESENTATION_STYLE_ASSIGNMENT((#1930));
#941=ADVANCED_FACE('',(#1931),#1932,.F.);
#942=PRESENTATION_STYLE_ASSIGNMENT((#1933));
#943=EDGE_CURVE('',#1250,#1378,#1934,.T.);
#944=PRESENTATION_STYLE_ASSIGNMENT((#1935));
#945=EDGE_CURVE('',#1421,#1186,#1936,.T.);
#946=PRESENTATION_STYLE_ASSIGNMENT((#1937));
#947=EDGE_CURVE('',#1290,#1647,#1938,.T.);
#948=PRESENTATION_STYLE_ASSIGNMENT((#1939));
#949=EDGE_CURVE('',#1901,#1560,#1940,.T.);
#950=PRESENTATION_STYLE_ASSIGNMENT((#1941));
#951=ADVANCED_FACE('',(#1942),#1943,.T.);
#952=PRESENTATION_STYLE_ASSIGNMENT((#1944));
#953=EDGE_CURVE('',#1469,#1585,#1945,.T.);
#954=PRESENTATION_STYLE_ASSIGNMENT((#1946));
#955=EDGE_CURVE('',#1766,#1701,#1947,.T.);
#956=PRESENTATION_STYLE_ASSIGNMENT((#1948));
#957=ADVANCED_FACE('',(#1949),#1950,.T.);
#958=PRESENTATION_STYLE_ASSIGNMENT((#1951));
#959=EDGE_CURVE('',#1637,#1286,#1952,.T.);
#960=PRESENTATION_STYLE_ASSIGNMENT((#1953));
#961=EDGE_CURVE('',#1481,#1324,#1954,.T.);
#962=PRESENTATION_STYLE_ASSIGNMENT((#1955));
#963=EDGE_CURVE('',#1352,#1175,#1956,.T.);
#964=PRESENTATION_STYLE_ASSIGNMENT((#1957));
#965=EDGE_CURVE('',#1617,#1378,#1958,.T.);
#966=PRESENTATION_STYLE_ASSIGNMENT((#1959));
#967=ADVANCED_FACE('',(#1960),#1961,.T.);
#968=PRESENTATION_STYLE_ASSIGNMENT((#1962));
#969=ADVANCED_FACE('',(#1963),#1964,.T.);
#970=PRESENTATION_STYLE_ASSIGNMENT((#1965));
#971=EDGE_CURVE('',#1217,#1155,#1966,.T.);
#972=PRESENTATION_STYLE_ASSIGNMENT((#1967));
#973=EDGE_CURVE('',#1542,#1647,#1968,.T.);
#974=PRESENTATION_STYLE_ASSIGNMENT((#1969));
#975=EDGE_CURVE('',#1257,#1362,#1970,.T.);
#976=PRESENTATION_STYLE_ASSIGNMENT((#1971));
#977=EDGE_CURVE('',#1501,#1819,#1972,.T.);
#978=PRESENTATION_STYLE_ASSIGNMENT((#1973));
#979=ADVANCED_FACE('',(#1974),#1975,.T.);
#980=PRESENTATION_STYLE_ASSIGNMENT((#1976));
#981=EDGE_CURVE('',#1167,#1433,#1977,.T.);
#982=PRESENTATION_STYLE_ASSIGNMENT((#1978));
#983=ADVANCED_FACE('',(#1979),#1980,.T.);
#984=PRESENTATION_STYLE_ASSIGNMENT((#1981));
#985=EDGE_CURVE('',#1469,#1732,#1982,.T.);
#986=PRESENTATION_STYLE_ASSIGNMENT((#1983));
#987=EDGE_CURVE('',#1657,#1421,#1984,.T.);
#988=PRESENTATION_STYLE_ASSIGNMENT((#1985));
#989=ADVANCED_FACE('',(#1986),#1987,.T.);
#990=PRESENTATION_STYLE_ASSIGNMENT((#1988));
#991=EDGE_CURVE('',#1193,#1147,#1989,.T.);
#992=PRESENTATION_STYLE_ASSIGNMENT((#1990));
#993=ADVANCED_FACE('',(#1991),#1992,.T.);
#994=PRESENTATION_STYLE_ASSIGNMENT((#1993));
#995=ADVANCED_FACE('',(#1994),#1995,.T.);
#996=PRESENTATION_STYLE_ASSIGNMENT((#1996));
#997=EDGE_CURVE('',#1466,#1617,#1997,.T.);
#998=PRESENTATION_STYLE_ASSIGNMENT((#1998));
#999=EDGE_CURVE('',#1724,#1906,#1999,.T.);
#1000=PRESENTATION_STYLE_ASSIGNMENT((#2000));
#1001=ADVANCED_FACE('',(#2001),#2002,.T.);
#1002=PRESENTATION_STYLE_ASSIGNMENT((#2003));
#1003=ADVANCED_FACE('',(#2004),#2005,.T.);
#1004=PRESENTATION_STYLE_ASSIGNMENT((#2006));
#1005=ADVANCED_FACE('',(#2007),#2008,.T.);
#1006=PRESENTATION_STYLE_ASSIGNMENT((#2009));
#1007=ADVANCED_FACE('',(#2010),#2011,.T.);
#1008=PRESENTATION_STYLE_ASSIGNMENT((#2012));
#1009=EDGE_CURVE('',#1901,#1220,#2013,.T.);
#1010=PRESENTATION_STYLE_ASSIGNMENT((#2014));
#1011=EDGE_CURVE('',#1434,#1901,#2015,.T.);
#1012=PRESENTATION_STYLE_ASSIGNMENT((#2016));
#1013=EDGE_CURVE('',#1542,#1232,#2017,.T.);
#1014=PRESENTATION_STYLE_ASSIGNMENT((#2018));
#1015=ADVANCED_FACE('',(#2019),#2020,.T.);
#1016=PRESENTATION_STYLE_ASSIGNMENT((#2021));
#1017=EDGE_CURVE('',#1175,#1481,#2022,.T.);
#1018=PRESENTATION_STYLE_ASSIGNMENT((#2023));
#1019=ADVANCED_FACE('',(#2024),#2025,.T.);
#1020=PRESENTATION_STYLE_ASSIGNMENT((#2026));
#1021=ADVANCED_FACE('',(#2027),#2028,.T.);
#1022=PRESENTATION_STYLE_ASSIGNMENT((#2029));
#1023=EDGE_CURVE('',#1155,#1532,#2030,.T.);
#1024=PRESENTATION_STYLE_ASSIGNMENT((#2031));
#1025=EDGE_CURVE('',#1577,#1417,#2032,.T.);
#1026=PRESENTATION_STYLE_ASSIGNMENT((#2033));
#1027=EDGE_CURVE('',#1325,#1551,#2034,.T.);
#1028=PRESENTATION_STYLE_ASSIGNMENT((#2035));
#1029=EDGE_CURVE('',#1287,#1425,#2036,.T.);
#1030=PRESENTATION_STYLE_ASSIGNMENT((#2037));
#1031=ADVANCED_FACE('',(#2038),#2039,.T.);
#1032=PRESENTATION_STYLE_ASSIGNMENT((#2040));
#1033=ADVANCED_FACE('',(#2041),#2042,.T.);
#1034=PRESENTATION_STYLE_ASSIGNMENT((#2043));
#1035=ADVANCED_FACE('',(#2044),#2045,.F.);
#1036=PRESENTATION_STYLE_ASSIGNMENT((#2046));
#1037=ADVANCED_FACE('',(#2047),#2048,.T.);
#1038=PRESENTATION_STYLE_ASSIGNMENT((#2049));
#1039=EDGE_CURVE('',#1315,#1766,#2050,.T.);
#1040=PRESENTATION_STYLE_ASSIGNMENT((#2051));
#1041=EDGE_CURVE('',#1414,#2052,#2053,.T.);
#1042=PRESENTATION_STYLE_ASSIGNMENT((#2054));
#1043=ADVANCED_FACE('',(#2055),#2056,.T.);
#1044=PRESENTATION_STYLE_ASSIGNMENT((#2057));
#1045=EDGE_CURVE('',#1185,#1871,#2058,.T.);
#1046=PRESENTATION_STYLE_ASSIGNMENT((#2059));
#1047=ADVANCED_FACE('',(#2060),#2061,.T.);
#1048=PRESENTATION_STYLE_ASSIGNMENT((#2062));
#1049=ADVANCED_FACE('',(#2063),#2064,.T.);
#1050=PRESENTATION_STYLE_ASSIGNMENT((#2065));
#1051=EDGE_CURVE('',#1151,#1819,#2066,.T.);
#1052=PRESENTATION_STYLE_ASSIGNMENT((#2067));
#1053=EDGE_CURVE('',#1242,#1585,#2068,.T.);
#1054=PRESENTATION_STYLE_ASSIGNMENT((#2069));
#1055=EDGE_CURVE('',#1296,#1394,#2070,.T.);
#1056=PRESENTATION_STYLE_ASSIGNMENT((#2071));
#1057=ADVANCED_FACE('',(#2072),#2073,.F.);
#1058=PRESENTATION_STYLE_ASSIGNMENT((#2074));
#1059=EDGE_CURVE('',#2052,#1274,#2075,.T.);
#1060=PRESENTATION_STYLE_ASSIGNMENT((#2076));
#1061=EDGE_CURVE('',#1152,#1820,#2077,.T.);
#1062=PRESENTATION_STYLE_ASSIGNMENT((#2078));
#1063=EDGE_CURVE('',#1833,#1405,#2079,.T.);
#1064=PRESENTATION_STYLE_ASSIGNMENT((#2080));
#1065=ADVANCED_FACE('',(#2081,#2082),#2083,.T.);
#1066=PRESENTATION_STYLE_ASSIGNMENT((#2084));
#1067=EDGE_CURVE('',#1216,#1582,#2085,.T.);
#1068=PRESENTATION_STYLE_ASSIGNMENT((#2086));
#1069=ADVANCED_FACE('',(#2087),#2088,.T.);
#1070=PRESENTATION_STYLE_ASSIGNMENT((#2089));
#1071=EDGE_CURVE('',#1181,#1556,#2090,.T.);
#1072=PRESENTATION_STYLE_ASSIGNMENT((#2091));
#1073=EDGE_CURVE('',#1224,#1205,#2092,.T.);
#1074=PRESENTATION_STYLE_ASSIGNMENT((#2093));
#1075=EDGE_CURVE('',#1716,#1163,#2094,.T.);
#1076=PRESENTATION_STYLE_ASSIGNMENT((#2095));
#1077=EDGE_CURVE('',#1422,#1185,#2096,.T.);
#1078=PRESENTATION_STYLE_ASSIGNMENT((#2097));
#1079=EDGE_CURVE('',#1775,#1365,#2098,.T.);
#1080=PRESENTATION_STYLE_ASSIGNMENT((#2099));
#1081=EDGE_CURVE('',#1851,#1462,#2100,.T.);
#1082=PRESENTATION_STYLE_ASSIGNMENT((#2101));
#1083=EDGE_CURVE('',#1556,#1258,#2102,.T.);
#1084=PRESENTATION_STYLE_ASSIGNMENT((#2103));
#1085=ADVANCED_FACE('',(#2104),#2105,.T.);
#1086=PRESENTATION_STYLE_ASSIGNMENT((#2106));
#1087=EDGE_CURVE('',#1148,#1893,#2107,.T.);
#1088=PRESENTATION_STYLE_ASSIGNMENT((#2108));
#1089=EDGE_CURVE('',#1418,#1433,#2109,.T.);
#1090=PRESENTATION_STYLE_ASSIGNMENT((#2110));
#1091=ADVANCED_FACE('',(#2111),#2112,.T.);
#1092=PRESENTATION_STYLE_ASSIGNMENT((#2113));
#1093=EDGE_CURVE('',#1851,#1296,#2114,.T.);
#1094=PRESENTATION_STYLE_ASSIGNMENT((#2115));
#1095=ADVANCED_FACE('',(#2116),#2117,.F.);
#1096=PRESENTATION_STYLE_ASSIGNMENT((#2118));
#1097=EDGE_CURVE('',#2052,#1156,#2119,.T.);
#1098=PRESENTATION_STYLE_ASSIGNMENT((#2120));
#1099=EDGE_CURVE('',#1333,#1450,#2121,.T.);
#1100=PRESENTATION_STYLE_ASSIGNMENT((#2122));
#1101=ADVANCED_FACE('',(#2123),#2124,.T.);
#1102=PRESENTATION_STYLE_ASSIGNMENT((#2125));
#1103=ADVANCED_FACE('',(#2126),#2127,.T.);
#1104=PRESENTATION_STYLE_ASSIGNMENT((#2128));
#1105=ADVANCED_FACE('',(#2129),#2130,.T.);
#1106=PRESENTATION_STYLE_ASSIGNMENT((#2131));
#1107=EDGE_CURVE('',#1274,#1625,#2132,.T.);
#1108=PRESENTATION_STYLE_ASSIGNMENT((#2133));
#1109=EDGE_CURVE('',#1588,#1312,#2134,.T.);
#1110=PRESENTATION_STYLE_ASSIGNMENT((#2135));
#1111=EDGE_CURVE('',#1688,#1775,#2136,.T.);
#1112=PRESENTATION_STYLE_ASSIGNMENT((#2137));
#1113=EDGE_CURVE('',#1265,#1205,#2138,.T.);
#1114=PRESENTATION_STYLE_ASSIGNMENT((#2139));
#1115=ADVANCED_FACE('',(#2140),#2141,.T.);
#1116=PRESENTATION_STYLE_ASSIGNMENT((#2142));
#1117=EDGE_CURVE('',#1538,#1494,#2143,.T.);
#1118=PRESENTATION_STYLE_ASSIGNMENT((#2144));
#1119=EDGE_CURVE('',#1541,#1231,#2145,.T.);
#1120=PRESENTATION_STYLE_ASSIGNMENT((#2146));
#1121=EDGE_CURVE('',#1906,#1871,#2147,.T.);
#1122=PRESENTATION_STYLE_ASSIGNMENT((#2148));
#1123=EDGE_CURVE('',#1702,#1405,#2149,.T.);
#1124=PRESENTATION_STYLE_ASSIGNMENT((#2150));
#1125=ADVANCED_FACE('',(#2151),#2152,.T.);
#1126=PRESENTATION_STYLE_ASSIGNMENT((#2153));
#1127=ADVANCED_FACE('',(#2154),#2155,.T.);
#1128=PRESENTATION_STYLE_ASSIGNMENT((#2156));
#1129=EDGE_CURVE('',#1664,#1231,#2157,.T.);
#1130=PRODUCT('MF05A_ASM|Next assembly relationship#LEAD_MF05F;LEAD_MF05F','MF05A_ASM|Next assembly relationship#LEAD_MF05F;LEAD_MF05F','PART-MF05A_ASM|Next assembly relationship#LEAD_MF05F;LEAD_MF05F-DESC',(#2158));
#1131=PRODUCT_DEFINITION('NONE','NONE',#2159,#2);
#1132=AXIS2_PLACEMENT_3D('',#2160,#2161,#2162);
#1135=LENGTH_MEASURE_WITH_UNIT(LENGTH_MEASURE(1.0),#2163);
#1138=DIMENSIONAL_EXPONENTS(1.0,0.0,0.0,0.0,0.0,0.0,0.0);
#1140=DIMENSIONAL_EXPONENTS(0.0,0.0,0.0,0.0,0.0,0.0,0.0);
#1146=CURVE_STYLE('',#2164,POSITIVE_LENGTH_MEASURE(0.02),#2165);
#1147=VERTEX_POINT('',#2166);
#1148=VERTEX_POINT('',#2167);
#1149=LINE('',#2168,#2169);
#1150=CURVE_STYLE('',#2170,POSITIVE_LENGTH_MEASURE(0.02),#2171);
#1151=VERTEX_POINT('',#2172);
#1152=VERTEX_POINT('',#2173);
#1153=LINE('',#2174,#2175);
#1154=CURVE_STYLE('',#2176,POSITIVE_LENGTH_MEASURE(0.02),#2177);
#1155=VERTEX_POINT('',#2178);
#1156=VERTEX_POINT('',#2179);
#1157=ELLIPSE('',#2180,0.335182802181523,0.244897959183679);
#1158=SURFACE_STYLE_USAGE(.BOTH.,#2181);
#1159=FACE_OUTER_BOUND('',#2182,.T.);
#1160=B_SPLINE_SURFACE_WITH_KNOTS('',3,3,((#2183,#2184,#2185,#2186,#2187),(#2188,#2189,#2190,#2191,#2192),(#2193,#2194,#2195,#2196,#2197),(#2198,#2199,#2200,#2201,#2202)),.UNSPECIFIED.,.F.,.F.,.F.,(4,4),(4,1,4),(-1.575,0.0),(-1.51843644923507,-0.759218224617536,-3.44169825973451E-017),.UNSPECIFIED.);
#1161=CURVE_STYLE('',#2203,POSITIVE_LENGTH_MEASURE(0.02),#2204);
#1162=VERTEX_POINT('',#2205);
#1163=VERTEX_POINT('',#2206);
#1164=LINE('',#2207,#2208);
#1165=CURVE_STYLE('',#2209,POSITIVE_LENGTH_MEASURE(0.02),#2210);
#1166=VERTEX_POINT('',#2211);
#1167=VERTEX_POINT('',#2212);
#1168=LINE('',#2213,#2214);
#1169=CURVE_STYLE('',#2215,POSITIVE_LENGTH_MEASURE(0.02),#2216);
#1170=VERTEX_POINT('',#2217);
#1171=VERTEX_POINT('',#2218);
#1172=ELLIPSE('',#2219,0.335182802181739,0.244897959183812);
#1173=CURVE_STYLE('',#2220,POSITIVE_LENGTH_MEASURE(0.02),#2221);
#1174=VERTEX_POINT('',#2222);
#1175=VERTEX_POINT('',#2223);
#1176=ELLIPSE('',#2224,0.102695973892067,0.0756521739130137);
#1177=SURFACE_STYLE_USAGE(.BOTH.,#2225);
#1178=FACE_OUTER_BOUND('',#2226,.T.);
#1179=PLANE('',#2227);
#1180=CURVE_STYLE('',#2228,POSITIVE_LENGTH_MEASURE(0.02),#2229);
#1181=VERTEX_POINT('',#2230);
#1182=VERTEX_POINT('',#2231);
#1183=LINE('',#2232,#2233);
#1184=CURVE_STYLE('',#2234,POSITIVE_LENGTH_MEASURE(0.02),#2235);
#1185=VERTEX_POINT('',#2236);
#1186=VERTEX_POINT('',#2237);
#1187=LINE('',#2238,#2239);
#1188=CURVE_STYLE('',#2240,POSITIVE_LENGTH_MEASURE(0.02),#2241);
#1189=VERTEX_POINT('',#2242);
#1190=VERTEX_POINT('',#2243);
#1191=LINE('',#2244,#2245);
#1192=CURVE_STYLE('',#2246,POSITIVE_LENGTH_MEASURE(0.02),#2247);
#1193=VERTEX_POINT('',#2248);
#1194=VERTEX_POINT('',#2249);
#1195=LINE('',#2250,#2251);
#1196=CURVE_STYLE('',#2252,POSITIVE_LENGTH_MEASURE(0.02),#2253);
#1197=VERTEX_POINT('',#2254);
#1198=VERTEX_POINT('',#2255);
#1199=ELLIPSE('',#2256,0.134073120872647,0.097959183673489);
#1200=CURVE_STYLE('',#2257,POSITIVE_LENGTH_MEASURE(0.02),#2258);
#1201=VERTEX_POINT('',#2259);
#1202=VERTEX_POINT('',#2260);
#1203=LINE('',#2261,#2262);
#1204=CURVE_STYLE('',#2263,POSITIVE_LENGTH_MEASURE(0.02),#2264);
#1205=VERTEX_POINT('',#2265);
#1206=VERTEX_POINT('',#2266);
#1207=ELLIPSE('',#2267,0.0774238945418533,0.0757904961210288);
#1208=CURVE_STYLE('',#2268,POSITIVE_LENGTH_MEASURE(0.02),#2269);
#1209=VERTEX_POINT('',#2270);
#1210=LINE('',#2271,#2272);
#1211=CURVE_STYLE('',#2273,POSITIVE_LENGTH_MEASURE(0.02),#2274);
#1212=VERTEX_POINT('',#2275);
#1213=VERTEX_POINT('',#2276);
#1214=LINE('',#2277,#2278);
#1215=CURVE_STYLE('',#2279,POSITIVE_LENGTH_MEASURE(0.02),#2280);
#1216=VERTEX_POINT('',#2281);
#1217=VERTEX_POINT('',#2282);
#1218=ELLIPSE('',#2283,0.134073120872655,0.0979591836735031);
#1219=CURVE_STYLE('',#2284,POSITIVE_LENGTH_MEASURE(0.02),#2285);
#1220=VERTEX_POINT('',#2286);
#1221=VERTEX_POINT('',#2287);
#1222=LINE('',#2288,#2289);
#1223=CURVE_STYLE('',#2290,POSITIVE_LENGTH_MEASURE(0.02),#2291);
#1224=VERTEX_POINT('',#2292);
#1225=VERTEX_POINT('',#2293);
#1226=LINE('',#2294,#2295);
#1227=SURFACE_STYLE_USAGE(.BOTH.,#2296);
#1228=FACE_OUTER_BOUND('',#2297,.T.);
#1229=PLANE('',#2298);
#1230=CURVE_STYLE('',#2299,POSITIVE_LENGTH_MEASURE(0.02),#2300);
#1231=VERTEX_POINT('',#2301);
#1232=VERTEX_POINT('',#2302);
#1233=LINE('',#2303,#2304);
#1234=CURVE_STYLE('',#2305,POSITIVE_LENGTH_MEASURE(0.02),#2306);
#1235=VERTEX_POINT('',#2307);
#1236=VERTEX_POINT('',#2308);
#1237=ELLIPSE('',#2309,0.335182802181415,0.244897959183594);
#1238=SURFACE_STYLE_USAGE(.BOTH.,#2310);
#1239=FACE_OUTER_BOUND('',#2311,.T.);
#1240=PLANE('',#2312);
#1241=CURVE_STYLE('',#2313,POSITIVE_LENGTH_MEASURE(0.02),#2314);
#1242=VERTEX_POINT('',#2315);
#1243=VERTEX_POINT('',#2316);
#1244=LINE('',#2317,#2318);
#1245=CURVE_STYLE('',#2319,POSITIVE_LENGTH_MEASURE(0.02),#2320);
#1246=VERTEX_POINT('',#2321);
#1247=VERTEX_POINT('',#2322);
#1248=LINE('',#2323,#2324);
#1249=CURVE_STYLE('',#2325,POSITIVE_LENGTH_MEASURE(0.02),#2326);
#1250=VERTEX_POINT('',#2327);
#1251=VERTEX_POINT('',#2328);
#1252=LINE('',#2329,#2330);
#1253=SURFACE_STYLE_USAGE(.BOTH.,#2331);
#1254=FACE_OUTER_BOUND('',#2332,.T.);
#1255=PLANE('',#2333);
#1256=CURVE_STYLE('',#2334,POSITIVE_LENGTH_MEASURE(0.02),#2335);
#1257=VERTEX_POINT('',#2336);
#1258=VERTEX_POINT('',#2337);
#1259=LINE('',#2338,#2339);
#1260=CURVE_STYLE('',#2340,POSITIVE_LENGTH_MEASURE(0.02),#2341);
#1261=VERTEX_POINT('',#2342);
#1262=VERTEX_POINT('',#2343);
#1263=ELLIPSE('',#2344,0.134073120872647,0.097959183673489);
#1264=CURVE_STYLE('',#2345,POSITIVE_LENGTH_MEASURE(0.02),#2346);
#1265=VERTEX_POINT('',#2347);
#1266=ELLIPSE('',#2348,0.102695973892061,0.0756521739130194);
#1267=CURVE_STYLE('',#2349,POSITIVE_LENGTH_MEASURE(0.02),#2350);
#1268=VERTEX_POINT('',#2351);
#1269=ELLIPSE('',#2352,0.102695973892151,0.0761904761905033);
#1270=SURFACE_STYLE_USAGE(.BOTH.,#2353);
#1271=FACE_OUTER_BOUND('',#2354,.T.);
#1272=PLANE('',#2355);
#1273=CURVE_STYLE('',#2356,POSITIVE_LENGTH_MEASURE(0.02),#2357);
#1274=VERTEX_POINT('',#2358);
#1275=LINE('',#2359,#2360);
#1276=SURFACE_STYLE_USAGE(.BOTH.,#2361);
#1277=FACE_OUTER_BOUND('',#2362,.T.);
#1278=PLANE('',#2363);
#1279=SURFACE_STYLE_USAGE(.BOTH.,#2364);
#1280=FACE_OUTER_BOUND('',#2365,.T.);
#1281=PLANE('',#2366);
#1282=SURFACE_STYLE_USAGE(.BOTH.,#2367);
#1283=FACE_OUTER_BOUND('',#2368,.T.);
#1284=B_SPLINE_SURFACE_WITH_KNOTS('',3,3,((#2369,#2370,#2371,#2372,#2373),(#2374,#2375,#2376,#2377,#2378),(#2379,#2380,#2381,#2382,#2383),(#2384,#2385,#2386,#2387,#2388)),.UNSPECIFIED.,.F.,.F.,.F.,(4,4),(4,1,4),(-1.575,0.0),(-1.44862327915532,-0.724311639577642,3.74542813115617E-014),.UNSPECIFIED.);
#1285=CURVE_STYLE('',#2389,POSITIVE_LENGTH_MEASURE(0.02),#2390);
#1286=VERTEX_POINT('',#2391);
#1287=VERTEX_POINT('',#2392);
#1288=LINE('',#2393,#2394);
#1289=CURVE_STYLE('',#2395,POSITIVE_LENGTH_MEASURE(0.02),#2396);
#1290=VERTEX_POINT('',#2397);
#1291=LINE('',#2398,#2399);
#1292=SURFACE_STYLE_USAGE(.BOTH.,#2400);
#1293=FACE_OUTER_BOUND('',#2401,.T.);
#1294=PLANE('',#2402);
#1295=CURVE_STYLE('',#2403,POSITIVE_LENGTH_MEASURE(0.02),#2404);
#1296=VERTEX_POINT('',#2405);
#1297=VERTEX_POINT('',#2406);
#1298=LINE('',#2407,#2408);
#1299=CURVE_STYLE('',#2409,POSITIVE_LENGTH_MEASURE(0.02),#2410);
#1300=VERTEX_POINT('',#2411);
#1301=VERTEX_POINT('',#2412);
#1302=LINE('',#2413,#2414);
#1303=CURVE_STYLE('',#2415,POSITIVE_LENGTH_MEASURE(0.02),#2416);
#1304=VERTEX_POINT('',#2417);
#1305=VERTEX_POINT('',#2418);
#1306=ELLIPSE('',#2419,0.335182802181609,0.244897959183729);
#1307=CURVE_STYLE('',#2420,POSITIVE_LENGTH_MEASURE(0.02),#2421);
#1308=VERTEX_POINT('',#2422);
#1309=ELLIPSE('',#2423,0.335182802181613,0.244897959183726);
#1310=CURVE_STYLE('',#2424,POSITIVE_LENGTH_MEASURE(0.02),#2425);
#1311=VERTEX_POINT('',#2426);
#1312=VERTEX_POINT('',#2427);
#1313=ELLIPSE('',#2428,0.134073120872611,0.0979591836734685);
#1314=CURVE_STYLE('',#2429,POSITIVE_LENGTH_MEASURE(0.02),#2430);
#1315=VERTEX_POINT('',#2431);
#1316=LINE('',#2432,#2433);
#1317=CURVE_STYLE('',#2434,POSITIVE_LENGTH_MEASURE(0.02),#2435);
#1318=VERTEX_POINT('',#2436);
#1319=LINE('',#2437,#2438);
#1320=SURFACE_STYLE_USAGE(.BOTH.,#2439);
#1321=FACE_OUTER_BOUND('',#2440,.T.);
#1322=PLANE('',#2441);
#1323=CURVE_STYLE('',#2442,POSITIVE_LENGTH_MEASURE(0.02),#2443);
#1324=VERTEX_POINT('',#2444);
#1325=VERTEX_POINT('',#2445);
#1326=ELLIPSE('',#2446,0.10269597389212,0.0761904761904899);
#1327=CURVE_STYLE('',#2447,POSITIVE_LENGTH_MEASURE(0.02),#2448);
#1328=VERTEX_POINT('',#2449);
#1329=LINE('',#2450,#2451);
#1330=CURVE_STYLE('',#2452,POSITIVE_LENGTH_MEASURE(0.02),#2453);
#1331=LINE('',#2454,#2455);
#1332=CURVE_STYLE('',#2456,POSITIVE_LENGTH_MEASURE(0.02),#2457);
#1333=VERTEX_POINT('',#2458);
#1334=VERTEX_POINT('',#2459);
#1335=LINE('',#2460,#2461);
#1336=SURFACE_STYLE_USAGE(.BOTH.,#2462);
#1337=FACE_OUTER_BOUND('',#2463,.T.);
#1338=PLANE('',#2464);
#1339=SURFACE_STYLE_USAGE(.BOTH.,#2465);
#1340=FACE_OUTER_BOUND('',#2466,.T.);
#1341=FACE_BOUND('',#2467,.T.);
#1342=FACE_BOUND('',#2468,.T.);
#1343=FACE_BOUND('',#2469,.T.);
#1344=PLANE('',#2470);
#1345=SURFACE_STYLE_USAGE(.BOTH.,#2471);
#1346=FACE_OUTER_BOUND('',#2472,.T.);
#1347=PLANE('',#2473);
#1348=SURFACE_STYLE_USAGE(.BOTH.,#2474);
#1349=FACE_OUTER_BOUND('',#2475,.T.);
#1350=B_SPLINE_SURFACE_WITH_KNOTS('',3,3,((#2476,#2477,#2478,#2479,#2480),(#2481,#2482,#2483,#2484,#2485),(#2486,#2487,#2488,#2489,#2490),(#2491,#2492,#2493,#2494,#2495)),.UNSPECIFIED.,.F.,.F.,.F.,(4,4),(4,1,4),(0.83909963118,17.45721999796),(-1.44862327915534,-0.724311639577669,0.0),.UNSPECIFIED.);
#1351=CURVE_STYLE('',#2496,POSITIVE_LENGTH_MEASURE(0.02),#2497);
#1352=VERTEX_POINT('',#2498);
#1353=VERTEX_POINT('',#2499);
#1354=B_SPLINE_CURVE_WITH_KNOTS('',3,(#2500,#2501,#2502,#2503,#2504),.UNSPECIFIED.,.F.,.F.,(4,1,4),(1.52271884728402E-011,0.499882305362096,0.999999999997878),.UNSPECIFIED.);
#1355=CURVE_STYLE('',#2505,POSITIVE_LENGTH_MEASURE(0.02),#2506);
#1356=VERTEX_POINT('',#2507);
#1357=LINE('',#2508,#2509);
#1358=CURVE_STYLE('',#2510,POSITIVE_LENGTH_MEASURE(0.02),#2511);
#1359=VERTEX_POINT('',#2512);
#1360=LINE('',#2513,#2514);
#1361=CURVE_STYLE('',#2515,POSITIVE_LENGTH_MEASURE(0.02),#2516);
#1362=VERTEX_POINT('',#2517);
#1363=ELLIPSE('',#2518,0.335182802181529,0.244897959183682);
#1364=CURVE_STYLE('',#2519,POSITIVE_LENGTH_MEASURE(0.02),#2520);
#1365=VERTEX_POINT('',#2521);
#1366=VERTEX_POINT('',#2522);
#1367=LINE('',#2523,#2524);
#1368=SURFACE_STYLE_USAGE(.BOTH.,#2525);
#1369=FACE_OUTER_BOUND('',#2526,.T.);
#1370=B_SPLINE_SURFACE_WITH_KNOTS('',3,3,((#2527,#2528,#2529,#2530,#2531),(#2532,#2533,#2534,#2535,#2536),(#2537,#2538,#2539,#2540,#2541),(#2542,#2543,#2544,#2545,#2546)),.UNSPECIFIED.,.F.,.F.,.F.,(4,4),(4,1,4),(-2.9051398543075,0.0143967255868472),(-1.55354827071472,-0.774816178749226,0.00391591321626838),.UNSPECIFIED.);
#1371=SURFACE_STYLE_USAGE(.BOTH.,#2547);
#1372=FACE_OUTER_BOUND('',#2548,.T.);
#1373=B_SPLINE_SURFACE_WITH_KNOTS('',3,3,((#2549,#2550,#2551,#2552,#2553),(#2554,#2555,#2556,#2557,#2558),(#2559,#2560,#2561,#2562,#2563),(#2564,#2565,#2566,#2567,#2568)),.UNSPECIFIED.,.F.,.F.,.F.,(4,4),(4,1,4),(0.83909963118,17.45721999796),(-1.44862327915534,-0.724311639577669,0.0),.UNSPECIFIED.);
#1374=SURFACE_STYLE_USAGE(.BOTH.,#2569);
#1375=FACE_OUTER_BOUND('',#2570,.T.);
#1376=PLANE('',#2571);
#1377=CURVE_STYLE('',#2572,POSITIVE_LENGTH_MEASURE(0.02),#2573);
#1378=VERTEX_POINT('',#2574);
#1379=LINE('',#2575,#2576);
#1380=CURVE_STYLE('',#2577,POSITIVE_LENGTH_MEASURE(0.02),#2578);
#1381=VERTEX_POINT('',#2579);
#1382=VERTEX_POINT('',#2580);
#1383=LINE('',#2581,#2582);
#1384=SURFACE_STYLE_USAGE(.BOTH.,#2583);
#1385=FACE_OUTER_BOUND('',#2584,.T.);
#1386=PLANE('',#2585);
#1387=CURVE_STYLE('',#2586,POSITIVE_LENGTH_MEASURE(0.02),#2587);
#1388=VERTEX_POINT('',#2588);
#1389=LINE('',#2589,#2590);
#1390=SURFACE_STYLE_USAGE(.BOTH.,#2591);
#1391=FACE_OUTER_BOUND('',#2592,.T.);
#1392=PLANE('',#2593);
#1393=CURVE_STYLE('',#2594,POSITIVE_LENGTH_MEASURE(0.02),#2595);
#1394=VERTEX_POINT('',#2596);
#1395=VERTEX_POINT('',#2597);
#1396=LINE('',#2598,#2599);
#1397=SURFACE_STYLE_USAGE(.BOTH.,#2600);
#1398=FACE_OUTER_BOUND('',#2601,.T.);
#1399=PLANE('',#2602);
#1400=CURVE_STYLE('',#2603,POSITIVE_LENGTH_MEASURE(0.02),#2604);
#1401=ELLIPSE('',#2605,0.0774238945418004,0.0757904961210058);
#1402=CURVE_STYLE('',#2606,POSITIVE_LENGTH_MEASURE(0.02),#2607);
#1403=LINE('',#2608,#2609);
#1404=CURVE_STYLE('',#2610,POSITIVE_LENGTH_MEASURE(0.02),#2611);
#1405=VERTEX_POINT('',#2612);
#1406=ELLIPSE('',#2613,0.335182802181546,0.244897959183693);
#1407=SURFACE_STYLE_USAGE(.BOTH.,#2614);
#1408=FACE_OUTER_BOUND('',#2615,.T.);
#1409=B_SPLINE_SURFACE_WITH_KNOTS('',3,3,((#2616,#2617,#2618,#2619,#2620),(#2621,#2622,#2623,#2624,#2625),(#2626,#2627,#2628,#2629,#2630),(#2631,#2632,#2633,#2634,#2635)),.UNSPECIFIED.,.F.,.F.,.F.,(4,4),(4,1,4),(0.0,3.9375),(-1.51843644923551,-0.759218224617753,0.0),.UNSPECIFIED.);
#1410=SURFACE_STYLE_USAGE(.BOTH.,#2636);
#1411=FACE_OUTER_BOUND('',#2637,.T.);
#1412=B_SPLINE_SURFACE_WITH_KNOTS('',3,3,((#2638,#2639,#2640,#2641,#2642),(#2643,#2644,#2645,#2646,#2647),(#2648,#2649,#2650,#2651,#2652),(#2653,#2654,#2655,#2656,#2657)),.UNSPECIFIED.,.F.,.F.,.F.,(4,4),(4,1,4),(-1.575,0.0),(-1.51843644923507,-0.759218224617536,-3.44169825973451E-017),.UNSPECIFIED.);
#1413=CURVE_STYLE('',#2658,POSITIVE_LENGTH_MEASURE(0.02),#2659);
#1414=VERTEX_POINT('',#2660);
#1415=LINE('',#2661,#2662);
#1416=CURVE_STYLE('',#2663,POSITIVE_LENGTH_MEASURE(0.02),#2664);
#1417=VERTEX_POINT('',#2665);
#1418=VERTEX_POINT('',#2666);
#1419=ELLIPSE('',#2667,0.10269597389198,0.0761904761903943);
#1420=CURVE_STYLE('',#2668,POSITIVE_LENGTH_MEASURE(0.02),#2669);
#1421=VERTEX_POINT('',#2670);
#1422=VERTEX_POINT('',#2671);
#1423=LINE('',#2672,#2673);
#1424=CURVE_STYLE('',#2674,POSITIVE_LENGTH_MEASURE(0.02),#2675);
#1425=VERTEX_POINT('',#2676);
#1426=LINE('',#2677,#2678);
#1427=CURVE_STYLE('',#2679,POSITIVE_LENGTH_MEASURE(0.02),#2680);
#1428=LINE('',#2681,#2682);
#1429=CURVE_STYLE('',#2683,POSITIVE_LENGTH_MEASURE(0.02),#2684);
#1430=VERTEX_POINT('',#2685);
#1431=LINE('',#2686,#2687);
#1432=CURVE_STYLE('',#2688,POSITIVE_LENGTH_MEASURE(0.02),#2689);
#1433=VERTEX_POINT('',#2690);
#1434=VERTEX_POINT('',#2691);
#1435=ELLIPSE('',#2692,0.102695973892046,0.07619047619044);
#1436=CURVE_STYLE('',#2693,POSITIVE_LENGTH_MEASURE(0.02),#2694);
#1437=ELLIPSE('',#2695,0.0774238945417277,0.0757904961209546);
#1438=SURFACE_STYLE_USAGE(.BOTH.,#2696);
#1439=FACE_OUTER_BOUND('',#2697,.T.);
#1440=B_SPLINE_SURFACE_WITH_KNOTS('',3,3,((#2698,#2699,#2700,#2701,#2702),(#2703,#2704,#2705,#2706,#2707),(#2708,#2709,#2710,#2711,#2712),(#2713,#2714,#2715,#2716,#2717)),.UNSPECIFIED.,.F.,.F.,.F.,(4,4),(4,1,4),(0.839099631176665,18.86783584363),(-1.44862327915534,-0.724311639577669,0.0),.UNSPECIFIED.);
#1441=CURVE_STYLE('',#2718,POSITIVE_LENGTH_MEASURE(0.02),#2719);
#1442=VERTEX_POINT('',#2720);
#1443=LINE('',#2721,#2722);
#1444=CURVE_STYLE('',#2723,POSITIVE_LENGTH_MEASURE(0.02),#2724);
#1445=LINE('',#2725,#2726);
#1446=CURVE_STYLE('',#2727,POSITIVE_LENGTH_MEASURE(0.02),#2728);
#1447=VERTEX_POINT('',#2729);
#1448=LINE('',#2730,#2731);
#1449=CURVE_STYLE('',#2732,POSITIVE_LENGTH_MEASURE(0.02),#2733);
#1450=VERTEX_POINT('',#2734);
#1451=LINE('',#2735,#2736);
#1452=SURFACE_STYLE_USAGE(.BOTH.,#2737);
#1453=FACE_OUTER_BOUND('',#2738,.T.);
#1454=PLANE('',#2739);
#1455=CURVE_STYLE('',#2740,POSITIVE_LENGTH_MEASURE(0.02),#2741);
#1456=LINE('',#2742,#2743);
#1457=CURVE_STYLE('',#2744,POSITIVE_LENGTH_MEASURE(0.02),#2745);
#1458=LINE('',#2746,#2747);
#1459=CURVE_STYLE('',#2748,POSITIVE_LENGTH_MEASURE(0.02),#2749);
#1460=LINE('',#2750,#2751);
#1461=CURVE_STYLE('',#2752,POSITIVE_LENGTH_MEASURE(0.02),#2753);
#1462=VERTEX_POINT('',#2754);
#1463=LINE('',#2755,#2756);
#1464=CURVE_STYLE('',#2757,POSITIVE_LENGTH_MEASURE(0.02),#2758);
#1465=VERTEX_POINT('',#2759);
#1466=VERTEX_POINT('',#2760);
#1467=ELLIPSE('',#2761,0.134073120872597,0.0979591836734465);
#1468=CURVE_STYLE('',#2762,POSITIVE_LENGTH_MEASURE(0.02),#2763);
#1469=VERTEX_POINT('',#2764);
#1470=LINE('',#2765,#2766);
#1471=CURVE_STYLE('',#2767,POSITIVE_LENGTH_MEASURE(0.02),#2768);
#1472=VERTEX_POINT('',#2769);
#1473=B_SPLINE_CURVE_WITH_KNOTS('',3,(#2770,#2771,#2772,#2773,#2774),.UNSPECIFIED.,.F.,.F.,(4,1,4),(1.65192207151392E-011,0.499896511638066,0.999999999997888),.UNSPECIFIED.);
#1474=SURFACE_STYLE_USAGE(.BOTH.,#2775);
#1475=FACE_OUTER_BOUND('',#2776,.T.);
#1476=B_SPLINE_SURFACE_WITH_KNOTS('',3,3,((#2777,#2778,#2779,#2780,#2781),(#2782,#2783,#2784,#2785,#2786),(#2787,#2788,#2789,#2790,#2791),(#2792,#2793,#2794,#2795,#2796)),.UNSPECIFIED.,.F.,.F.,.F.,(4,4),(4,1,4),(0.0,3.9375),(-1.44862327915523,-0.724311639577551,1.24170020026994E-013),.UNSPECIFIED.);
#1477=SURFACE_STYLE_USAGE(.BOTH.,#2797);
#1478=FACE_OUTER_BOUND('',#2798,.T.);
#1479=B_SPLINE_SURFACE_WITH_KNOTS('',3,3,((#2799,#2800,#2801,#2802,#2803),(#2804,#2805,#2806,#2807,#2808),(#2809,#2810,#2811,#2812,#2813),(#2814,#2815,#2816,#2817,#2818)),.UNSPECIFIED.,.F.,.F.,.F.,(4,4),(4,1,4),(0.0,3.9375),(-1.44862327915523,-0.724311639577551,1.24170020026994E-013),.UNSPECIFIED.);
#1480=CURVE_STYLE('',#2819,POSITIVE_LENGTH_MEASURE(0.02),#2820);
#1481=VERTEX_POINT('',#2821);
#1482=ELLIPSE('',#2822,0.0774238945415202,0.0757904961208468);
#1483=CURVE_STYLE('',#2823,POSITIVE_LENGTH_MEASURE(0.02),#2824);
#1484=LINE('',#2825,#2826);
#1485=CURVE_STYLE('',#2827,POSITIVE_LENGTH_MEASURE(0.02),#2828);
#1486=LINE('',#2829,#2830);
#1487=SURFACE_STYLE_USAGE(.BOTH.,#2831);
#1488=FACE_OUTER_BOUND('',#2832,.T.);
#1489=B_SPLINE_SURFACE_WITH_KNOTS('',3,3,((#2833,#2834,#2835,#2836,#2837),(#2838,#2839,#2840,#2841,#2842),(#2843,#2844,#2845,#2846,#2847),(#2848,#2849,#2850,#2851,#2852)),.UNSPECIFIED.,.F.,.F.,.F.,(4,4),(4,1,4),(0.0,3.9375),(-1.51843644923551,-0.759218224617753,0.0),.UNSPECIFIED.);
#1490=SURFACE_STYLE_USAGE(.BOTH.,#2853);
#1491=FACE_OUTER_BOUND('',#2854,.T.);
#1492=B_SPLINE_SURFACE_WITH_KNOTS('',3,3,((#2855,#2856,#2857,#2858,#2859),(#2860,#2861,#2862,#2863,#2864),(#2865,#2866,#2867,#2868,#2869),(#2870,#2871,#2872,#2873,#2874)),.UNSPECIFIED.,.F.,.F.,.F.,(4,4),(4,1,4),(-1.575,0.0),(-1.51843644923507,-0.759218224617536,-3.44169825973451E-017),.UNSPECIFIED.);
#1493=CURVE_STYLE('',#2875,POSITIVE_LENGTH_MEASURE(0.02),#2876);
#1494=VERTEX_POINT('',#2877);
#1495=LINE('',#2878,#2879);
#1496=CURVE_STYLE('',#2880,POSITIVE_LENGTH_MEASURE(0.02),#2881);
#1497=LINE('',#2882,#2883);
#1498=CURVE_STYLE('',#2884,POSITIVE_LENGTH_MEASURE(0.02),#2885);
#1499=LINE('',#2886,#2887);
#1500=CURVE_STYLE('',#2888,POSITIVE_LENGTH_MEASURE(0.02),#2889);
#1501=VERTEX_POINT('',#2890);
#1502=LINE('',#2891,#2892);
#1503=CURVE_STYLE('',#2893,POSITIVE_LENGTH_MEASURE(0.02),#2894);
#1504=VERTEX_POINT('',#2895);
#1505=VERTEX_POINT('',#2896);
#1506=LINE('',#2897,#2898);
#1507=CURVE_STYLE('',#2899,POSITIVE_LENGTH_MEASURE(0.02),#2900);
#1508=VERTEX_POINT('',#2901);
#1509=ELLIPSE('',#2902,0.134073120872648,0.097959183673494);
#1510=CURVE_STYLE('',#2903,POSITIVE_LENGTH_MEASURE(0.02),#2904);
#1511=ELLIPSE('',#2905,0.134073120872663,0.0979591836735095);
#1512=SURFACE_STYLE_USAGE(.BOTH.,#2906);
#1513=FACE_OUTER_BOUND('',#2907,.T.);
#1514=B_SPLINE_SURFACE_WITH_KNOTS('',3,3,((#2908,#2909,#2910,#2911,#2912),(#2913,#2914,#2915,#2916,#2917),(#2918,#2919,#2920,#2921,#2922),(#2923,#2924,#2925,#2926,#2927)),.UNSPECIFIED.,.F.,.F.,.F.,(4,4),(4,1,4),(0.0,3.9375),(-1.51843644923551,-0.759218224617753,0.0),.UNSPECIFIED.);
#1515=SURFACE_STYLE_USAGE(.BOTH.,#2928);
#1516=FACE_OUTER_BOUND('',#2929,.T.);
#1517=B_SPLINE_SURFACE_WITH_KNOTS('',3,3,((#2930,#2931,#2932,#2933,#2934),(#2935,#2936,#2937,#2938,#2939),(#2940,#2941,#2942,#2943,#2944),(#2945,#2946,#2947,#2948,#2949)),.UNSPECIFIED.,.F.,.F.,.F.,(4,4),(4,1,4),(-2.90513985430752,0.0143967255868224),(-1.55354827071249,-0.77481617874703,0.00391591321843137),.UNSPECIFIED.);
#1518=SURFACE_STYLE_USAGE(.BOTH.,#2950);
#1519=FACE_OUTER_BOUND('',#2951,.T.);
#1520=PLANE('',#2952);
#1521=SURFACE_STYLE_USAGE(.BOTH.,#2953);
#1522=FACE_OUTER_BOUND('',#2954,.T.);
#1523=B_SPLINE_SURFACE_WITH_KNOTS('',3,3,((#2955,#2956,#2957,#2958,#2959),(#2960,#2961,#2962,#2963,#2964),(#2965,#2966,#2967,#2968,#2969),(#2970,#2971,#2972,#2973,#2974)),.UNSPECIFIED.,.F.,.F.,.F.,(4,4),(4,1,4),(-0.0530756058075239,2.05305953359591),(-1.58915872624163,-0.789253172113287,0.0106523820150529),.UNSPECIFIED.);
#1524=SURFACE_STYLE_USAGE(.BOTH.,#2975);
#1525=FACE_OUTER_BOUND('',#2976,.T.);
#1526=B_SPLINE_SURFACE_WITH_KNOTS('',3,3,((#2977,#2978,#2979,#2980,#2981),(#2982,#2983,#2984,#2985,#2986),(#2987,#2988,#2989,#2990,#2991),(#2992,#2993,#2994,#2995,#2996)),.UNSPECIFIED.,.F.,.F.,.F.,(4,4),(4,1,4),(-1.575,0.0),(-1.44862327915532,-0.724311639577642,3.74542813115617E-014),.UNSPECIFIED.);
#1527=CURVE_STYLE('',#2997,POSITIVE_LENGTH_MEASURE(0.02),#2998);
#1528=B_SPLINE_CURVE_WITH_KNOTS('',3,(#2999,#3000,#3001,#3002,#3003),.UNSPECIFIED.,.F.,.F.,(4,1,4),(3.40375358594258E-011,0.500117694637996,0.999999999998415),.UNSPECIFIED.);
#1529=CURVE_STYLE('',#3004,POSITIVE_LENGTH_MEASURE(0.02),#3005);
#1530=LINE('',#3006,#3007);
#1531=CURVE_STYLE('',#3008,POSITIVE_LENGTH_MEASURE(0.02),#3009);
#1532=VERTEX_POINT('',#3010);
#1533=LINE('',#3011,#3012);
#1534=SURFACE_STYLE_USAGE(.BOTH.,#3013);
#1535=FACE_OUTER_BOUND('',#3014,.T.);
#1536=PLANE('',#3015);
#1537=CURVE_STYLE('',#3016,POSITIVE_LENGTH_MEASURE(0.02),#3017);
#1538=VERTEX_POINT('',#3018);
#1539=LINE('',#3019,#3020);
#1540=CURVE_STYLE('',#3021,POSITIVE_LENGTH_MEASURE(0.02),#3022);
#1541=VERTEX_POINT('',#3023);
#1542=VERTEX_POINT('',#3024);
#1543=LINE('',#3025,#3026);
#1544=CURVE_STYLE('',#3027,POSITIVE_LENGTH_MEASURE(0.02),#3028);
#1545=VERTEX_POINT('',#3029);
#1546=ELLIPSE('',#3030,0.335182802181524,0.244897959183657);
#1547=CURVE_STYLE('',#3031,POSITIVE_LENGTH_MEASURE(0.02),#3032);
#1548=VERTEX_POINT('',#3033);
#1549=LINE('',#3034,#3035);
#1550=CURVE_STYLE('',#3036,POSITIVE_LENGTH_MEASURE(0.02),#3037);
#1551=VERTEX_POINT('',#3038);
#1552=ELLIPSE('',#3039,0.102695973891986,0.0761904761904092);
#1553=CURVE_STYLE('',#3040,POSITIVE_LENGTH_MEASURE(0.02),#3041);
#1554=ELLIPSE('',#3042,0.102695973892241,0.0756521739131447);
#1555=CURVE_STYLE('',#3043,POSITIVE_LENGTH_MEASURE(0.02),#3044);
#1556=VERTEX_POINT('',#3045);
#1557=VERTEX_POINT('',#3046);
#1558=LINE('',#3047,#3048);
#1559=CURVE_STYLE('',#3049,POSITIVE_LENGTH_MEASURE(0.02),#3050);
#1560=VERTEX_POINT('',#3051);
#1561=ELLIPSE('',#3052,0.102695973892045,0.0761904761904439);
#1562=CURVE_STYLE('',#3053,POSITIVE_LENGTH_MEASURE(0.02),#3054);
#1563=ELLIPSE('',#3055,0.335182802181689,0.244897959183761);
#1564=CURVE_STYLE('',#3056,POSITIVE_LENGTH_MEASURE(0.02),#3057);
#1565=VERTEX_POINT('',#3058);
#1566=VERTEX_POINT('',#3059);
#1567=ELLIPSE('',#3060,0.335182802181462,0.244897959183617);
#1568=CURVE_STYLE('',#3061,POSITIVE_LENGTH_MEASURE(0.02),#3062);
#1569=LINE('',#3063,#3064);
#1570=CURVE_STYLE('',#3065,POSITIVE_LENGTH_MEASURE(0.02),#3066);
#1571=ELLIPSE('',#3067,0.0774238945420175,0.0757904961211098);
#1572=CURVE_STYLE('',#3068,POSITIVE_LENGTH_MEASURE(0.02),#3069);
#1573=LINE('',#3070,#3071);
#1574=CURVE_STYLE('',#3072,POSITIVE_LENGTH_MEASURE(0.02),#3073);
#1575=LINE('',#3074,#3075);
#1576=CURVE_STYLE('',#3076,POSITIVE_LENGTH_MEASURE(0.02),#3077);
#1577=VERTEX_POINT('',#3078);
#1578=LINE('',#3079,#3080);
#1579=CURVE_STYLE('',#3081,POSITIVE_LENGTH_MEASURE(0.02),#3082);
#1580=ELLIPSE('',#3083,0.10269597389221,0.0756521739131364);
#1581=CURVE_STYLE('',#3084,POSITIVE_LENGTH_MEASURE(0.02),#3085);
#1582=VERTEX_POINT('',#3086);
#1583=ELLIPSE('',#3087,0.134073120872655,0.0979591836735031);
#1584=CURVE_STYLE('',#3088,POSITIVE_LENGTH_MEASURE(0.02),#3089);
#1585=VERTEX_POINT('',#3090);
#1586=LINE('',#3091,#3092);
#1587=CURVE_STYLE('',#3093,POSITIVE_LENGTH_MEASURE(0.02),#3094);
#1588=VERTEX_POINT('',#3095);
#1589=LINE('',#3096,#3097);
#1590=CURVE_STYLE('',#3098,POSITIVE_LENGTH_MEASURE(0.02),#3099);
#1591=LINE('',#3100,#3101);
#1592=SURFACE_STYLE_USAGE(.BOTH.,#3102);
#1593=FACE_OUTER_BOUND('',#3103,.T.);
#1594=B_SPLINE_SURFACE_WITH_KNOTS('',3,3,((#3104,#3105,#3106,#3107,#3108),(#3109,#3110,#3111,#3112,#3113),(#3114,#3115,#3116,#3117,#3118),(#3119,#3120,#3121,#3122,#3123),(#3124,#3125,#3126,#3127,#3128)),.UNSPECIFIED.,.F.,.F.,.F.,(4,1,4),(4,1,4),(-0.0123549178861977,0.738506905513284,1.48936872891277),(-0.710486618684041,-0.000981532868367607,0.708523552947305),.UNSPECIFIED.);
#1595=CURVE_STYLE('',#3129,POSITIVE_LENGTH_MEASURE(0.02),#3130);
#1596=LINE('',#3131,#3132);
#1597=CURVE_STYLE('',#3133,POSITIVE_LENGTH_MEASURE(0.02),#3134);
#1598=LINE('',#3135,#3136);
#1599=CURVE_STYLE('',#3137,POSITIVE_LENGTH_MEASURE(0.02),#3138);
#1600=VERTEX_POINT('',#3139);
#1601=LINE('',#3140,#3141);
#1602=SURFACE_STYLE_USAGE(.BOTH.,#3142);
#1603=FACE_OUTER_BOUND('',#3143,.T.);
#1604=PLANE('',#3144);
#1605=CURVE_STYLE('',#3145,POSITIVE_LENGTH_MEASURE(0.02),#3146);
#1606=LINE('',#3147,#3148);
#1607=CURVE_STYLE('',#3149,POSITIVE_LENGTH_MEASURE(0.02),#3150);
#1608=LINE('',#3151,#3152);
#1609=CURVE_STYLE('',#3153,POSITIVE_LENGTH_MEASURE(0.02),#3154);
#1610=LINE('',#3155,#3156);
#1611=CURVE_STYLE('',#3157,POSITIVE_LENGTH_MEASURE(0.02),#3158);
#1612=VERTEX_POINT('',#3159);
#1613=LINE('',#3160,#3161);
#1614=CURVE_STYLE('',#3162,POSITIVE_LENGTH_MEASURE(0.02),#3163);
#1615=LINE('',#3164,#3165);
#1616=CURVE_STYLE('',#3166,POSITIVE_LENGTH_MEASURE(0.02),#3167);
#1617=VERTEX_POINT('',#3168);
#1618=LINE('',#3169,#3170);
#1619=CURVE_STYLE('',#3171,POSITIVE_LENGTH_MEASURE(0.02),#3172);
#1620=LINE('',#3173,#3174);
#1621=CURVE_STYLE('',#3175,POSITIVE_LENGTH_MEASURE(0.02),#3176);
#1622=VERTEX_POINT('',#3177);
#1623=LINE('',#3178,#3179);
#1624=CURVE_STYLE('',#3180,POSITIVE_LENGTH_MEASURE(0.02),#3181);
#1625=VERTEX_POINT('',#3182);
#1626=ELLIPSE('',#3183,0.335182802181477,0.244897959183645);
#1627=CURVE_STYLE('',#3184,POSITIVE_LENGTH_MEASURE(0.02),#3185);
#1628=VERTEX_POINT('',#3186);
#1629=VERTEX_POINT('',#3187);
#1630=ELLIPSE('',#3188,0.134073120872683,0.0979591836735225);
#1631=SURFACE_STYLE_USAGE(.BOTH.,#3189);
#1632=FACE_OUTER_BOUND('',#3190,.T.);
#1633=FACE_BOUND('',#3191,.T.);
#1634=FACE_BOUND('',#3192,.T.);
#1635=PLANE('',#3193);
#1636=CURVE_STYLE('',#3194,POSITIVE_LENGTH_MEASURE(0.02),#3195);
#1637=VERTEX_POINT('',#3196);
#1638=VERTEX_POINT('',#3197);
#1639=LINE('',#3198,#3199);
#1640=SURFACE_STYLE_USAGE(.BOTH.,#3200);
#1641=FACE_OUTER_BOUND('',#3201,.T.);
#1642=PLANE('',#3202);
#1643=SURFACE_STYLE_USAGE(.BOTH.,#3203);
#1644=FACE_OUTER_BOUND('',#3204,.T.);
#1645=PLANE('',#3205);
#1646=CURVE_STYLE('',#3206,POSITIVE_LENGTH_MEASURE(0.02),#3207);
#1647=VERTEX_POINT('',#3208);
#1648=LINE('',#3209,#3210);
#1649=SURFACE_STYLE_USAGE(.BOTH.,#3211);
#1650=FACE_OUTER_BOUND('',#3212,.T.);
#1651=PLANE('',#3213);
#1652=CURVE_STYLE('',#3214,POSITIVE_LENGTH_MEASURE(0.02),#3215);
#1653=LINE('',#3216,#3217);
#1654=CURVE_STYLE('',#3218,POSITIVE_LENGTH_MEASURE(0.02),#3219);
#1655=B_SPLINE_CURVE_WITH_KNOTS('',3,(#3220,#3221,#3222,#3223,#3224),.UNSPECIFIED.,.F.,.F.,(4,1,4),(3.39998559231877E-011,0.500103488361765,0.999999999998217),.UNSPECIFIED.);
#1656=CURVE_STYLE('',#3225,POSITIVE_LENGTH_MEASURE(0.02),#3226);
#1657=VERTEX_POINT('',#3227);
#1658=LINE('',#3228,#3229);
#1659=CURVE_STYLE('',#3230,POSITIVE_LENGTH_MEASURE(0.02),#3231);
#1660=LINE('',#3232,#3233);
#1661=CURVE_STYLE('',#3234,POSITIVE_LENGTH_MEASURE(0.02),#3235);
#1662=LINE('',#3236,#3237);
#1663=CURVE_STYLE('',#3238,POSITIVE_LENGTH_MEASURE(0.02),#3239);
#1664=VERTEX_POINT('',#3240);
#1665=LINE('',#3241,#3242);
#1666=SURFACE_STYLE_USAGE(.BOTH.,#3243);
#1667=FACE_OUTER_BOUND('',#3244,.T.);
#1668=B_SPLINE_SURFACE_WITH_KNOTS('',3,3,((#3245,#3246,#3247,#3248,#3249),(#3250,#3251,#3252,#3253,#3254),(#3255,#3256,#3257,#3258,#3259),(#3260,#3261,#3262,#3263,#3264),(#3265,#3266,#3267,#3268,#3269)),.UNSPECIFIED.,.F.,.F.,.F.,(4,1,4),(4,1,4),(-0.012354917885814,0.738506905513212,1.48936872891224),(-0.710486618683527,-0.000981532868161272,0.708523552947204),.UNSPECIFIED.);
#1669=SURFACE_STYLE_USAGE(.BOTH.,#3270);
#1670=FACE_OUTER_BOUND('',#3271,.T.);
#1671=PLANE('',#3272);
#1672=CURVE_STYLE('',#3273,POSITIVE_LENGTH_MEASURE(0.02),#3274);
#1673=LINE('',#3275,#3276);
#1674=SURFACE_STYLE_USAGE(.BOTH.,#3277);
#1675=FACE_OUTER_BOUND('',#3278,.T.);
#1676=PLANE('',#3279);
#1677=CURVE_STYLE('',#3280,POSITIVE_LENGTH_MEASURE(0.02),#3281);
#1678=VERTEX_POINT('',#3282);
#1679=VERTEX_POINT('',#3283);
#1680=ELLIPSE('',#3284,0.134073120872597,0.0979591836734465);
#1681=CURVE_STYLE('',#3285,POSITIVE_LENGTH_MEASURE(0.02),#3286);
#1682=LINE('',#3287,#3288);
#1683=CURVE_STYLE('',#3289,POSITIVE_LENGTH_MEASURE(0.02),#3290);
#1684=LINE('',#3291,#3292);
#1685=CURVE_STYLE('',#3293,POSITIVE_LENGTH_MEASURE(0.02),#3294);
#1686=ELLIPSE('',#3295,0.134073120872667,0.0979591836735134);
#1687=CURVE_STYLE('',#3296,POSITIVE_LENGTH_MEASURE(0.02),#3297);
#1688=VERTEX_POINT('',#3298);
#1689=LINE('',#3299,#3300);
#1690=CURVE_STYLE('',#3301,POSITIVE_LENGTH_MEASURE(0.02),#3302);
#1691=LINE('',#3303,#3304);
#1692=CURVE_STYLE('',#3305,POSITIVE_LENGTH_MEASURE(0.02),#3306);
#1693=LINE('',#3307,#3308);
#1694=SURFACE_STYLE_USAGE(.BOTH.,#3309);
#1695=FACE_OUTER_BOUND('',#3310,.T.);
#1696=B_SPLINE_SURFACE_WITH_KNOTS('',3,3,((#3311,#3312,#3313,#3314,#3315),(#3316,#3317,#3318,#3319,#3320),(#3321,#3322,#3323,#3324,#3325),(#3326,#3327,#3328,#3329,#3330)),.UNSPECIFIED.,.F.,.F.,.F.,(4,4),(4,1,4),(-0.0530595336029044,2.05307560580418),(-1.58144870880667,-0.78154315468161,0.0183623994434492),.UNSPECIFIED.);
#1697=SURFACE_STYLE_USAGE(.BOTH.,#3331);
#1698=FACE_OUTER_BOUND('',#3332,.T.);
#1699=B_SPLINE_SURFACE_WITH_KNOTS('',3,3,((#3333,#3334,#3335,#3336,#3337),(#3338,#3339,#3340,#3341,#3342),(#3343,#3344,#3345,#3346,#3347),(#3348,#3349,#3350,#3351,#3352)),.UNSPECIFIED.,.F.,.F.,.F.,(4,4),(4,1,4),(-6.99643256448634,0.0143852155713365),(-1.5535366715059,-0.774816178747028,0.00390431401184053),.UNSPECIFIED.);
#1700=CURVE_STYLE('',#3353,POSITIVE_LENGTH_MEASURE(0.02),#3354);
#1701=VERTEX_POINT('',#3355);
#1702=VERTEX_POINT('',#3356);
#1703=LINE('',#3357,#3358);
#1704=SURFACE_STYLE_USAGE(.BOTH.,#3359);
#1705=FACE_OUTER_BOUND('',#3360,.T.);
#1706=PLANE('',#3361);
#1707=SURFACE_STYLE_USAGE(.BOTH.,#3362);
#1708=FACE_OUTER_BOUND('',#3363,.T.);
#1709=PLANE('',#3364);
#1710=CURVE_STYLE('',#3365,POSITIVE_LENGTH_MEASURE(0.02),#3366);
#1711=LINE('',#3367,#3368);
#1712=SURFACE_STYLE_USAGE(.BOTH.,#3369);
#1713=FACE_OUTER_BOUND('',#3370,.T.);
#1714=B_SPLINE_SURFACE_WITH_KNOTS('',3,3,((#3371,#3372,#3373,#3374,#3375),(#3376,#3377,#3378,#3379,#3380),(#3381,#3382,#3383,#3384,#3385),(#3386,#3387,#3388,#3389,#3390),(#3391,#3392,#3393,#3394,#3395)),.UNSPECIFIED.,.F.,.F.,.F.,(4,1,4),(4,1,4),(-0.0123549178861352,0.73850690551322,1.48936872891257),(-0.708523552947299,0.000981532868320201,0.710486618683939),.UNSPECIFIED.);
#1715=CURVE_STYLE('',#3396,POSITIVE_LENGTH_MEASURE(0.02),#3397);
#1716=VERTEX_POINT('',#3398);
#1717=LINE('',#3399,#3400);
#1718=CURVE_STYLE('',#3401,POSITIVE_LENGTH_MEASURE(0.02),#3402);
#1719=LINE('',#3403,#3404);
#1720=CURVE_STYLE('',#3405,POSITIVE_LENGTH_MEASURE(0.02),#3406);
#1721=ELLIPSE('',#3407,0.0774238945419446,0.0757904961210721);
#1722=CURVE_STYLE('',#3408,POSITIVE_LENGTH_MEASURE(0.02),#3409);
#1723=VERTEX_POINT('',#3410);
#1724=VERTEX_POINT('',#3411);
#1725=LINE('',#3412,#3413);
#1726=SURFACE_STYLE_USAGE(.BOTH.,#3414);
#1727=FACE_OUTER_BOUND('',#3415,.T.);
#1728=PLANE('',#3416);
#1729=CURVE_STYLE('',#3417,POSITIVE_LENGTH_MEASURE(0.02),#3418);
#1730=ELLIPSE('',#3419,0.0774238945422384,0.0757904961212413);
#1731=CURVE_STYLE('',#3420,POSITIVE_LENGTH_MEASURE(0.02),#3421);
#1732=VERTEX_POINT('',#3422);
#1733=LINE('',#3423,#3424);
#1734=CURVE_STYLE('',#3425,POSITIVE_LENGTH_MEASURE(0.02),#3426);
#1735=LINE('',#3427,#3428);
#1736=CURVE_STYLE('',#3429,POSITIVE_LENGTH_MEASURE(0.02),#3430);
#1737=LINE('',#3431,#3432);
#1738=SURFACE_STYLE_USAGE(.BOTH.,#3433);
#1739=FACE_OUTER_BOUND('',#3434,.T.);
#1740=PLANE('',#3435);
#1741=CURVE_STYLE('',#3436,POSITIVE_LENGTH_MEASURE(0.02),#3437);
#1742=LINE('',#3438,#3439);
#1743=CURVE_STYLE('',#3440,POSITIVE_LENGTH_MEASURE(0.02),#3441);
#1744=LINE('',#3442,#3443);
#1745=CURVE_STYLE('',#3444,POSITIVE_LENGTH_MEASURE(0.02),#3445);
#1746=LINE('',#3446,#3447);
#1747=SURFACE_STYLE_USAGE(.BOTH.,#3448);
#1748=FACE_OUTER_BOUND('',#3449,.T.);
#1749=PLANE('',#3450);
#1750=SURFACE_STYLE_USAGE(.BOTH.,#3451);
#1751=FACE_OUTER_BOUND('',#3452,.T.);
#1752=PLANE('',#3453);
#1753=CURVE_STYLE('',#3454,POSITIVE_LENGTH_MEASURE(0.02),#3455);
#1754=LINE('',#3456,#3457);
#1755=SURFACE_STYLE_USAGE(.BOTH.,#3458);
#1756=FACE_OUTER_BOUND('',#3459,.T.);
#1757=B_SPLINE_SURFACE_WITH_KNOTS('',3,3,((#3460,#3461,#3462,#3463,#3464),(#3465,#3466,#3467,#3468,#3469),(#3470,#3471,#3472,#3473,#3474),(#3475,#3476,#3477,#3478,#3479)),.UNSPECIFIED.,.F.,.F.,.F.,(4,4),(4,1,4),(-1.575,0.0),(-1.51843644923507,-0.759218224617536,-3.44169825973451E-017),.UNSPECIFIED.);
#1758=CURVE_STYLE('',#3480,POSITIVE_LENGTH_MEASURE(0.02),#3481);
#1759=LINE('',#3482,#3483);
#1760=SURFACE_STYLE_USAGE(.BOTH.,#3484);
#1761=FACE_OUTER_BOUND('',#3485,.T.);
#1762=PLANE('',#3486);
#1763=CURVE_STYLE('',#3487,POSITIVE_LENGTH_MEASURE(0.02),#3488);
#1764=LINE('',#3489,#3490);
#1765=CURVE_STYLE('',#3491,POSITIVE_LENGTH_MEASURE(0.02),#3492);
#1766=VERTEX_POINT('',#3493);
#1767=VERTEX_POINT('',#3494);
#1768=LINE('',#3495,#3496);
#1769=SURFACE_STYLE_USAGE(.BOTH.,#3497);
#1770=FACE_OUTER_BOUND('',#3498,.T.);
#1771=PLANE('',#3499);
#1772=CURVE_STYLE('',#3500,POSITIVE_LENGTH_MEASURE(0.02),#3501);
#1773=LINE('',#3502,#3503);
#1774=CURVE_STYLE('',#3504,POSITIVE_LENGTH_MEASURE(0.02),#3505);
#1775=VERTEX_POINT('',#3506);
#1776=ELLIPSE('',#3507,0.335182802181689,0.244897959183761);
#1777=CURVE_STYLE('',#3508,POSITIVE_LENGTH_MEASURE(0.02),#3509);
#1778=LINE('',#3510,#3511);
#1779=CURVE_STYLE('',#3512,POSITIVE_LENGTH_MEASURE(0.02),#3513);
#1780=LINE('',#3514,#3515);
#1781=CURVE_STYLE('',#3516,POSITIVE_LENGTH_MEASURE(0.02),#3517);
#1782=LINE('',#3518,#3519);
#1783=CURVE_STYLE('',#3520,POSITIVE_LENGTH_MEASURE(0.02),#3521);
#1784=LINE('',#3522,#3523);
#1785=CURVE_STYLE('',#3524,POSITIVE_LENGTH_MEASURE(0.02),#3525);
#1786=LINE('',#3526,#3527);
#1787=CURVE_STYLE('',#3528,POSITIVE_LENGTH_MEASURE(0.02),#3529);
#1788=LINE('',#3530,#3531);
#1789=CURVE_STYLE('',#3532,POSITIVE_LENGTH_MEASURE(0.02),#3533);
#1790=LINE('',#3534,#3535);
#1791=CURVE_STYLE('',#3536,POSITIVE_LENGTH_MEASURE(0.02),#3537);
#1792=LINE('',#3538,#3539);
#1793=CURVE_STYLE('',#3540,POSITIVE_LENGTH_MEASURE(0.02),#3541);
#1794=LINE('',#3542,#3543);
#1795=CURVE_STYLE('',#3544,POSITIVE_LENGTH_MEASURE(0.02),#3545);
#1796=LINE('',#3546,#3547);
#1797=SURFACE_STYLE_USAGE(.BOTH.,#3548);
#1798=FACE_OUTER_BOUND('',#3549,.T.);
#1799=PLANE('',#3550);
#1800=CURVE_STYLE('',#3551,POSITIVE_LENGTH_MEASURE(0.02),#3552);
#1801=LINE('',#3553,#3554);
#1802=SURFACE_STYLE_USAGE(.BOTH.,#3555);
#1803=FACE_OUTER_BOUND('',#3556,.T.);
#1804=B_SPLINE_SURFACE_WITH_KNOTS('',3,3,((#3557,#3558,#3559,#3560,#3561),(#3562,#3563,#3564,#3565,#3566),(#3567,#3568,#3569,#3570,#3571),(#3572,#3573,#3574,#3575,#3576)),.UNSPECIFIED.,.F.,.F.,.F.,(4,4),(4,1,4),(0.0,3.9375),(-1.44862327915523,-0.724311639577551,1.24170020026994E-013),.UNSPECIFIED.);
#1805=SURFACE_STYLE_USAGE(.BOTH.,#3577);
#1806=FACE_OUTER_BOUND('',#3578,.T.);
#1807=B_SPLINE_SURFACE_WITH_KNOTS('',3,3,((#3579,#3580,#3581,#3582,#3583),(#3584,#3585,#3586,#3587,#3588),(#3589,#3590,#3591,#3592,#3593),(#3594,#3595,#3596,#3597,#3598),(#3599,#3600,#3601,#3602,#3603)),.UNSPECIFIED.,.F.,.F.,.F.,(4,1,4),(4,1,4),(-0.0355462939435697,0.681181392748152,1.39790907943987),(-0.788527843905152,0.0109173143932216,0.810362472691595),.UNSPECIFIED.);
#1808=CURVE_STYLE('',#3604,POSITIVE_LENGTH_MEASURE(0.02),#3605);
#1809=LINE('',#3606,#3607);
#1810=CURVE_STYLE('',#3608,POSITIVE_LENGTH_MEASURE(0.02),#3609);
#1811=ELLIPSE('',#3610,0.33518280218151,0.24489795918367);
#1812=SURFACE_STYLE_USAGE(.BOTH.,#3611);
#1813=FACE_OUTER_BOUND('',#3612,.T.);
#1814=PLANE('',#3613);
#1815=SURFACE_STYLE_USAGE(.BOTH.,#3614);
#1816=FACE_OUTER_BOUND('',#3615,.T.);
#1817=PLANE('',#3616);
#1818=CURVE_STYLE('',#3617,POSITIVE_LENGTH_MEASURE(0.02),#3618);
#1819=VERTEX_POINT('',#3619);
#1820=VERTEX_POINT('',#3620);
#1821=LINE('',#3621,#3622);
#1822=CURVE_STYLE('',#3623,POSITIVE_LENGTH_MEASURE(0.02),#3624);
#1823=LINE('',#3625,#3626);
#1824=CURVE_STYLE('',#3627,POSITIVE_LENGTH_MEASURE(0.02),#3628);
#1825=LINE('',#3629,#3630);
#1826=CURVE_STYLE('',#3631,POSITIVE_LENGTH_MEASURE(0.02),#3632);
#1827=ELLIPSE('',#3633,0.134073120872638,0.0979591836734778);
#1828=CURVE_STYLE('',#3634,POSITIVE_LENGTH_MEASURE(0.02),#3635);
#1829=LINE('',#3636,#3637);
#1830=CURVE_STYLE('',#3638,POSITIVE_LENGTH_MEASURE(0.02),#3639);
#1831=LINE('',#3640,#3641);
#1832=CURVE_STYLE('',#3642,POSITIVE_LENGTH_MEASURE(0.02),#3643);
#1833=VERTEX_POINT('',#3644);
#1834=LINE('',#3645,#3646);
#1835=CURVE_STYLE('',#3647,POSITIVE_LENGTH_MEASURE(0.02),#3648);
#1836=LINE('',#3649,#3650);
#1837=CURVE_STYLE('',#3651,POSITIVE_LENGTH_MEASURE(0.02),#3652);
#1838=LINE('',#3653,#3654);
#1839=CURVE_STYLE('',#3655,POSITIVE_LENGTH_MEASURE(0.02),#3656);
#1840=ELLIPSE('',#3657,0.335182802181564,0.244897959183699);
#1841=CURVE_STYLE('',#3658,POSITIVE_LENGTH_MEASURE(0.02),#3659);
#1842=B_SPLINE_CURVE_WITH_KNOTS('',3,(#3660,#3661,#3662,#3663,#3664),.UNSPECIFIED.,.F.,.F.,(4,1,4),(3.39988180924844E-011,0.500117694638007,0.99999999999732),.UNSPECIFIED.);
#1843=CURVE_STYLE('',#3665,POSITIVE_LENGTH_MEASURE(0.02),#3666);
#1844=LINE('',#3667,#3668);
#1845=CURVE_STYLE('',#3669,POSITIVE_LENGTH_MEASURE(0.02),#3670);
#1846=LINE('',#3671,#3672);
#1847=SURFACE_STYLE_USAGE(.BOTH.,#3673);
#1848=FACE_OUTER_BOUND('',#3674,.T.);
#1849=PLANE('',#3675);
#1850=CURVE_STYLE('',#3676,POSITIVE_LENGTH_MEASURE(0.02),#3677);
#1851=VERTEX_POINT('',#3678);
#1852=LINE('',#3679,#3680);
#1853=SURFACE_STYLE_USAGE(.BOTH.,#3681);
#1854=FACE_OUTER_BOUND('',#3682,.T.);
#1855=PLANE('',#3683);
#1856=SURFACE_STYLE_USAGE(.BOTH.,#3684);
#1857=FACE_OUTER_BOUND('',#3685,.T.);
#1858=PLANE('',#3686);
#1859=CURVE_STYLE('',#3687,POSITIVE_LENGTH_MEASURE(0.02),#3688);
#1860=LINE('',#3689,#3690);
#1861=CURVE_STYLE('',#3691,POSITIVE_LENGTH_MEASURE(0.02),#3692);
#1862=ELLIPSE('',#3693,0.134073120872695,0.0979591836735255);
#1863=CURVE_STYLE('',#3694,POSITIVE_LENGTH_MEASURE(0.02),#3695);
#1864=LINE('',#3696,#3697);
#1865=SURFACE_STYLE_USAGE(.BOTH.,#3698);
#1866=FACE_OUTER_BOUND('',#3699,.T.);
#1867=B_SPLINE_SURFACE_WITH_KNOTS('',3,3,((#3700,#3701,#3702,#3703,#3704),(#3705,#3706,#3707,#3708,#3709),(#3710,#3711,#3712,#3713,#3714),(#3715,#3716,#3717,#3718,#3719)),.UNSPECIFIED.,.F.,.F.,.F.,(4,4),(4,1,4),(-6.99643256448641,0.0143852155715702),(-1.55353667150834,-0.774816178749229,0.00390431400988465),.UNSPECIFIED.);
#1868=CURVE_STYLE('',#3720,POSITIVE_LENGTH_MEASURE(0.02),#3721);
#1869=LINE('',#3722,#3723);
#1870=CURVE_STYLE('',#3724,POSITIVE_LENGTH_MEASURE(0.02),#3725);
#1871=VERTEX_POINT('',#3726);
#1872=LINE('',#3727,#3728);
#1873=CURVE_STYLE('',#3729,POSITIVE_LENGTH_MEASURE(0.02),#3730);
#1874=ELLIPSE('',#3731,0.134073120872695,0.0979591836735255);
#1875=SURFACE_STYLE_USAGE(.BOTH.,#3732);
#1876=CLOSED_SHELL('',(#463,#705,#501,#1065,#939,#839,#1019,#675,#563,#763,#989,#925,#1021,#1125,#409,#517,#1031,#1101,#619,#979,#751,#503,#1001,#1037,#1047,#499,#753,#901,#623,#465,#1043,#1015,#889,#729,#519,#441,#951,#1007,#505,#1033,#967,#995,#983,#907,#531,#683,#801,#1049,#1103,#527,#599,#1095,#731,#535,#807,#993,#941,#473,#773,#845,#601,#633,#833,#1035,#589,#1005,#881,#573,#1069,#709,#1115,#435,#715,#797,#711,#957,#899,#591,#489,#459,#1105,#1085,#759,#875,#1091,#927,#545,#969,#521,#543,#1057,#879,#449,#1003,#467,#735,#757,#847,#783,#399,#929,#621,#617,#837,#1127,#791,#793,#625));
#1877=SURFACE_STYLE_USAGE(.BOTH.,#3733);
#1878=FACE_OUTER_BOUND('',#3734,.T.);
#1879=B_SPLINE_SURFACE_WITH_KNOTS('',3,3,((#3735,#3736,#3737,#3738,#3739),(#3740,#3741,#3742,#3743,#3744),(#3745,#3746,#3747,#3748,#3749),(#3750,#3751,#3752,#3753,#3754)),.UNSPECIFIED.,.F.,.F.,.F.,(4,4),(4,1,4),(0.0,3.9375),(-1.51843644923551,-0.759218224617753,0.0),.UNSPECIFIED.);
#1880=SURFACE_STYLE_USAGE(.BOTH.,#3755);
#1881=FACE_OUTER_BOUND('',#3756,.T.);
#1882=PLANE('',#3757);
#1883=CURVE_STYLE('',#3758,POSITIVE_LENGTH_MEASURE(0.02),#3759);
#1884=B_SPLINE_CURVE_WITH_KNOTS('',3,(#3760,#3761,#3762,#3763,#3764),.UNSPECIFIED.,.F.,.F.,(4,1,4),(3.39642058719401E-011,0.50010348836182,0.999999999997467),.UNSPECIFIED.);
#1885=CURVE_STYLE('',#3765,POSITIVE_LENGTH_MEASURE(0.02),#3766);
#1886=LINE('',#3767,#3768);
#1887=SURFACE_STYLE_USAGE(.BOTH.,#3769);
#1888=FACE_OUTER_BOUND('',#3770,.T.);
#1889=PLANE('',#3771);
#1890=CURVE_STYLE('',#3772,POSITIVE_LENGTH_MEASURE(0.02),#3773);
#1891=ELLIPSE('',#3774,0.134073120872648,0.097959183673494);
#1892=CURVE_STYLE('',#3775,POSITIVE_LENGTH_MEASURE(0.02),#3776);
#1893=VERTEX_POINT('',#3777);
#1894=ELLIPSE('',#3778,0.335182802181565,0.244897959183691);
#1895=CURVE_STYLE('',#3779,POSITIVE_LENGTH_MEASURE(0.02),#3780);
#1896=VERTEX_POINT('',#3781);
#1897=LINE('',#3782,#3783);
#1898=CURVE_STYLE('',#3784,POSITIVE_LENGTH_MEASURE(0.02),#3785);
#1899=ELLIPSE('',#3786,0.134073120872611,0.0979591836734685);
#1900=CURVE_STYLE('',#3787,POSITIVE_LENGTH_MEASURE(0.02),#3788);
#1901=VERTEX_POINT('',#3789);
#1902=ELLIPSE('',#3790,0.102695973892201,0.0756521739131092);
#1903=CURVE_STYLE('',#3791,POSITIVE_LENGTH_MEASURE(0.02),#3792);
#1904=LINE('',#3793,#3794);
#1905=CURVE_STYLE('',#3795,POSITIVE_LENGTH_MEASURE(0.02),#3796);
#1906=VERTEX_POINT('',#3797);
#1907=LINE('',#3798,#3799);
#1908=CURVE_STYLE('',#3800,POSITIVE_LENGTH_MEASURE(0.02),#3801);
#1909=ELLIPSE('',#3802,0.335182802181585,0.244897959183694);
#1910=SURFACE_STYLE_USAGE(.BOTH.,#3803);
#1911=FACE_OUTER_BOUND('',#3804,.T.);
#1912=PLANE('',#3805);
#1913=SURFACE_STYLE_USAGE(.BOTH.,#3806);
#1914=FACE_OUTER_BOUND('',#3807,.T.);
#1915=PLANE('',#3808);
#1916=SURFACE_STYLE_USAGE(.BOTH.,#3809);
#1917=FACE_OUTER_BOUND('',#3810,.T.);
#1918=PLANE('',#3811);
#1919=CURVE_STYLE('',#3812,POSITIVE_LENGTH_MEASURE(0.02),#3813);
#1920=LINE('',#3814,#3815);
#1921=CURVE_STYLE('',#3816,POSITIVE_LENGTH_MEASURE(0.02),#3817);
#1922=ELLIPSE('',#3818,0.335182802181479,0.244897959183641);
#1923=CURVE_STYLE('',#3819,POSITIVE_LENGTH_MEASURE(0.02),#3820);
#1924=LINE('',#3821,#3822);
#1925=CURVE_STYLE('',#3823,POSITIVE_LENGTH_MEASURE(0.02),#3824);
#1926=LINE('',#3825,#3826);
#1927=SURFACE_STYLE_USAGE(.BOTH.,#3827);
#1928=FACE_OUTER_BOUND('',#3828,.T.);
#1929=B_SPLINE_SURFACE_WITH_KNOTS('',3,3,((#3829,#3830,#3831,#3832,#3833),(#3834,#3835,#3836,#3837,#3838),(#3839,#3840,#3841,#3842,#3843),(#3844,#3845,#3846,#3847,#3848)),.UNSPECIFIED.,.F.,.F.,.F.,(4,4),(4,1,4),(0.993937758519998,19.0226739709733),(-1.44862327915534,-0.724311639577669,0.0),.UNSPECIFIED.);
#1930=SURFACE_STYLE_USAGE(.BOTH.,#3849);
#1931=FACE_OUTER_BOUND('',#3850,.T.);
#1932=PLANE('',#3851);
#1933=CURVE_STYLE('',#3852,POSITIVE_LENGTH_MEASURE(0.02),#3853);
#1934=LINE('',#3854,#3855);
#1935=CURVE_STYLE('',#3856,POSITIVE_LENGTH_MEASURE(0.02),#3857);
#1936=LINE('',#3858,#3859);
#1937=CURVE_STYLE('',#3860,POSITIVE_LENGTH_MEASURE(0.02),#3861);
#1938=ELLIPSE('',#3862,0.335182802181462,0.244897959183617);
#1939=CURVE_STYLE('',#3863,POSITIVE_LENGTH_MEASURE(0.02),#3864);
#1940=LINE('',#3865,#3866);
#1941=SURFACE_STYLE_USAGE(.BOTH.,#3867);
#1942=FACE_OUTER_BOUND('',#3868,.T.);
#1943=B_SPLINE_SURFACE_WITH_KNOTS('',3,3,((#3869,#3870,#3871,#3872,#3873),(#3874,#3875,#3876,#3877,#3878),(#3879,#3880,#3881,#3882,#3883),(#3884,#3885,#3886,#3887,#3888)),.UNSPECIFIED.,.F.,.F.,.F.,(4,4),(4,1,4),(0.88472526455333,35.5659114682667),(-1.39626340159592,-0.698131700797959,0.0),.UNSPECIFIED.);
#1944=CURVE_STYLE('',#3889,POSITIVE_LENGTH_MEASURE(0.02),#3890);
#1945=LINE('',#3891,#3892);
#1946=CURVE_STYLE('',#3893,POSITIVE_LENGTH_MEASURE(0.02),#3894);
#1947=LINE('',#3895,#3896);
#1948=SURFACE_STYLE_USAGE(.BOTH.,#3897);
#1949=FACE_OUTER_BOUND('',#3898,.T.);
#1950=PLANE('',#3899);
#1951=CURVE_STYLE('',#3900,POSITIVE_LENGTH_MEASURE(0.02),#3901);
#1952=LINE('',#3902,#3903);
#1953=CURVE_STYLE('',#3904,POSITIVE_LENGTH_MEASURE(0.02),#3905);
#1954=ELLIPSE('',#3906,0.10269597389217,0.0756521739130901);
#1955=CURVE_STYLE('',#3907,POSITIVE_LENGTH_MEASURE(0.02),#3908);
#1956=LINE('',#3909,#3910);
#1957=CURVE_STYLE('',#3911,POSITIVE_LENGTH_MEASURE(0.02),#3912);
#1958=ELLIPSE('',#3913,0.335182802181524,0.244897959183657);
#1959=SURFACE_STYLE_USAGE(.BOTH.,#3914);
#1960=FACE_OUTER_BOUND('',#3915,.T.);
#1961=B_SPLINE_SURFACE_WITH_KNOTS('',3,3,((#3916,#3917,#3918,#3919,#3920),(#3921,#3922,#3923,#3924,#3925),(#3926,#3927,#3928,#3929,#3930),(#3931,#3932,#3933,#3934,#3935)),.UNSPECIFIED.,.F.,.F.,.F.,(4,4),(4,1,4),(-6.99643256448641,0.0143852155715702),(-1.55353667150834,-0.774816178749229,0.00390431400988465),.UNSPECIFIED.);
#1962=SURFACE_STYLE_USAGE(.BOTH.,#3936);
#1963=FACE_OUTER_BOUND('',#3937,.T.);
#1964=PLANE('',#3938);
#1965=CURVE_STYLE('',#3939,POSITIVE_LENGTH_MEASURE(0.02),#3940);
#1966=LINE('',#3941,#3942);
#1967=CURVE_STYLE('',#3943,POSITIVE_LENGTH_MEASURE(0.02),#3944);
#1968=LINE('',#3945,#3946);
#1969=CURVE_STYLE('',#3947,POSITIVE_LENGTH_MEASURE(0.02),#3948);
#1970=LINE('',#3949,#3950);
#1971=CURVE_STYLE('',#3951,POSITIVE_LENGTH_MEASURE(0.02),#3952);
#1972=LINE('',#3953,#3954);
#1973=SURFACE_STYLE_USAGE(.BOTH.,#3955);
#1974=FACE_OUTER_BOUND('',#3956,.T.);
#1975=PLANE('',#3957);
#1976=CURVE_STYLE('',#3958,POSITIVE_LENGTH_MEASURE(0.02),#3959);
#1977=ELLIPSE('',#3960,0.0774238945420941,0.0757904961211495);
#1978=SURFACE_STYLE_USAGE(.BOTH.,#3961);
#1979=FACE_OUTER_BOUND('',#3962,.T.);
#1980=B_SPLINE_SURFACE_WITH_KNOTS('',3,3,((#3963,#3964,#3965,#3966,#3967),(#3968,#3969,#3970,#3971,#3972),(#3973,#3974,#3975,#3976,#3977),(#3978,#3979,#3980,#3981,#3982),(#3983,#3984,#3985,#3986,#3987)),.UNSPECIFIED.,.F.,.F.,.F.,(4,1,4),(4,1,4),(-0.0123549178865425,0.738506905513111,1.48936872891277),(-0.708523552947299,0.000981532868523871,0.710486618684347),.UNSPECIFIED.);
#1981=CURVE_STYLE('',#3988,POSITIVE_LENGTH_MEASURE(0.02),#3989);
#1982=B_SPLINE_CURVE_WITH_KNOTS('',3,(#3990,#3991,#3992,#3993,#3994),.UNSPECIFIED.,.F.,.F.,(4,1,4),(3.40612880431089E-011,0.500117694638028,0.999999999998742),.UNSPECIFIED.);
#1983=CURVE_STYLE('',#3995,POSITIVE_LENGTH_MEASURE(0.02),#3996);
#1984=ELLIPSE('',#3997,0.134073120872638,0.0979591836734778);
#1985=SURFACE_STYLE_USAGE(.BOTH.,#3998);
#1986=FACE_OUTER_BOUND('',#3999,.T.);
#1987=B_SPLINE_SURFACE_WITH_KNOTS('',3,3,((#4000,#4001,#4002,#4003,#4004),(#4005,#4006,#4007,#4008,#4009),(#4010,#4011,#4012,#4013,#4014),(#4015,#4016,#4017,#4018,#4019)),.UNSPECIFIED.,.F.,.F.,.F.,(4,4),(4,1,4),(-2.90513985430752,0.0143967255868205),(-1.55354827071249,-0.77481617874703,0.00391591321843159),.UNSPECIFIED.);
#1988=CURVE_STYLE('',#4020,POSITIVE_LENGTH_MEASURE(0.02),#4021);
#1989=LINE('',#4022,#4023);
#1990=SURFACE_STYLE_USAGE(.BOTH.,#4024);
#1991=FACE_OUTER_BOUND('',#4025,.T.);
#1992=B_SPLINE_SURFACE_WITH_KNOTS('',3,3,((#4026,#4027,#4028,#4029,#4030),(#4031,#4032,#4033,#4034,#4035),(#4036,#4037,#4038,#4039,#4040),(#4041,#4042,#4043,#4044,#4045)),.UNSPECIFIED.,.F.,.F.,.F.,(4,4),(4,1,4),(-1.575,0.0),(-1.44862327915532,-0.724311639577642,3.74542813115617E-014),.UNSPECIFIED.);
#1993=SURFACE_STYLE_USAGE(.BOTH.,#4046);
#1994=FACE_OUTER_BOUND('',#4047,.T.);
#1995=B_SPLINE_SURFACE_WITH_KNOTS('',3,3,((#4048,#4049,#4050,#4051,#4052),(#4053,#4054,#4055,#4056,#4057),(#4058,#4059,#4060,#4061,#4062),(#4063,#4064,#4065,#4066,#4067)),.UNSPECIFIED.,.F.,.F.,.F.,(4,4),(4,1,4),(0.0,34.6811862037133),(-1.39626340159592,-0.698131700797959,0.0),.UNSPECIFIED.);
#1996=CURVE_STYLE('',#4068,POSITIVE_LENGTH_MEASURE(0.02),#4069);
#1997=LINE('',#4070,#4071);
#1998=CURVE_STYLE('',#4072,POSITIVE_LENGTH_MEASURE(0.02),#4073);
#1999=LINE('',#4074,#4075);
#2000=SURFACE_STYLE_USAGE(.BOTH.,#4076);
#2001=FACE_OUTER_BOUND('',#4077,.T.);
#2002=PLANE('',#4078);
#2003=SURFACE_STYLE_USAGE(.BOTH.,#4079);
#2004=FACE_OUTER_BOUND('',#4080,.T.);
#2005=PLANE('',#4081);
#2006=SURFACE_STYLE_USAGE(.BOTH.,#4082);
#2007=FACE_OUTER_BOUND('',#4083,.T.);
#2008=PLANE('',#4084);
#2009=SURFACE_STYLE_USAGE(.BOTH.,#4085);
#2010=FACE_OUTER_BOUND('',#4086,.T.);
#2011=B_SPLINE_SURFACE_WITH_KNOTS('',3,3,((#4087,#4088,#4089,#4090,#4091),(#4092,#4093,#4094,#4095,#4096),(#4097,#4098,#4099,#4100,#4101),(#4102,#4103,#4104,#4105,#4106),(#4107,#4108,#4109,#4110,#4111)),.UNSPECIFIED.,.F.,.F.,.F.,(4,1,4),(4,1,4),(-0.0309956071288398,0.719747506110431,1.4704906193497),(-0.755307246706803,-0.0113782286296087,0.732550789447586),.UNSPECIFIED.);
#2012=CURVE_STYLE('',#4112,POSITIVE_LENGTH_MEASURE(0.02),#4113);
#2013=ELLIPSE('',#4114,0.102695973892093,0.0761904761904735);
#2014=CURVE_STYLE('',#4115,POSITIVE_LENGTH_MEASURE(0.02),#4116);
#2015=LINE('',#4117,#4118);
#2016=CURVE_STYLE('',#4119,POSITIVE_LENGTH_MEASURE(0.02),#4120);
#2017=LINE('',#4121,#4122);
#2018=SURFACE_STYLE_USAGE(.BOTH.,#4123);
#2019=FACE_OUTER_BOUND('',#4124,.T.);
#2020=PLANE('',#4125);
#2021=CURVE_STYLE('',#4126,POSITIVE_LENGTH_MEASURE(0.02),#4127);
#2022=LINE('',#4128,#4129);
#2023=SURFACE_STYLE_USAGE(.BOTH.,#4130);
#2024=FACE_OUTER_BOUND('',#4131,.T.);
#2025=B_SPLINE_SURFACE_WITH_KNOTS('',3,3,((#4132,#4133,#4134,#4135,#4136),(#4137,#4138,#4139,#4140,#4141),(#4142,#4143,#4144,#4145,#4146),(#4147,#4148,#4149,#4150,#4151)),.UNSPECIFIED.,.F.,.F.,.F.,(4,4),(4,1,4),(0.986188510213333,36.6496512011467),(-1.39626340159549,-0.698131700797746,0.0),.UNSPECIFIED.);
#2026=SURFACE_STYLE_USAGE(.BOTH.,#4152);
#2027=FACE_OUTER_BOUND('',#4153,.T.);
#2028=B_SPLINE_SURFACE_WITH_KNOTS('',3,3,((#4154,#4155,#4156,#4157,#4158),(#4159,#4160,#4161,#4162,#4163),(#4164,#4165,#4166,#4167,#4168),(#4169,#4170,#4171,#4172,#4173)),.UNSPECIFIED.,.F.,.F.,.F.,(4,4),(4,1,4),(-0.0530756058134688,2.05305953358798),(-1.58144870881589,-0.781543154681609,0.0183623994526746),.UNSPECIFIED.);
#2029=CURVE_STYLE('',#4174,POSITIVE_LENGTH_MEASURE(0.02),#4175);
#2030=LINE('',#4176,#4177);
#2031=CURVE_STYLE('',#4178,POSITIVE_LENGTH_MEASURE(0.02),#4179);
#2032=ELLIPSE('',#4180,0.102695973892189,0.0756521739131001);
#2033=CURVE_STYLE('',#4181,POSITIVE_LENGTH_MEASURE(0.02),#4182);
#2034=LINE('',#4183,#4184);
#2035=CURVE_STYLE('',#4185,POSITIVE_LENGTH_MEASURE(0.02),#4186);
#2036=LINE('',#4187,#4188);
#2037=SURFACE_STYLE_USAGE(.BOTH.,#4189);
#2038=FACE_OUTER_BOUND('',#4190,.T.);
#2039=B_SPLINE_SURFACE_WITH_KNOTS('',3,3,((#4191,#4192,#4193,#4194,#4195),(#4196,#4197,#4198,#4199,#4200),(#4201,#4202,#4203,#4204,#4205),(#4206,#4207,#4208,#4209,#4210),(#4211,#4212,#4213,#4214,#4215)),.UNSPECIFIED.,.F.,.F.,.F.,(4,1,4),(4,1,4),(-0.0355462939434794,0.681181392748193,1.39790907943987),(-0.810362472691576,-0.0109173143931745,0.788527843905227),.UNSPECIFIED.);
#2040=SURFACE_STYLE_USAGE(.BOTH.,#4216);
#2041=FACE_OUTER_BOUND('',#4217,.T.);
#2042=B_SPLINE_SURFACE_WITH_KNOTS('',3,3,((#4218,#4219,#4220,#4221,#4222),(#4223,#4224,#4225,#4226,#4227),(#4228,#4229,#4230,#4231,#4232),(#4233,#4234,#4235,#4236,#4237),(#4238,#4239,#4240,#4241,#4242)),.UNSPECIFIED.,.F.,.F.,.F.,(4,1,4),(4,1,4),(-0.012354917885814,0.738506905513212,1.48936872891224),(-0.710486618683527,-0.000981532868161272,0.708523552947204),.UNSPECIFIED.);
#2043=SURFACE_STYLE_USAGE(.BOTH.,#4243);
#2044=FACE_OUTER_BOUND('',#4244,.T.);
#2045=B_SPLINE_SURFACE_WITH_KNOTS('',3,3,((#4245,#4246,#4247,#4248,#4249),(#4250,#4251,#4252,#4253,#4254),(#4255,#4256,#4257,#4258,#4259),(#4260,#4261,#4262,#4263,#4264)),.UNSPECIFIED.,.F.,.F.,.F.,(4,4),(4,1,4),(0.0,3.9375),(-1.51843644923551,-0.759218224617753,0.0),.UNSPECIFIED.);
#2046=SURFACE_STYLE_USAGE(.BOTH.,#4265);
#2047=FACE_OUTER_BOUND('',#4266,.T.);
#2048=B_SPLINE_SURFACE_WITH_KNOTS('',3,3,((#4267,#4268,#4269,#4270,#4271),(#4272,#4273,#4274,#4275,#4276),(#4277,#4278,#4279,#4280,#4281),(#4282,#4283,#4284,#4285,#4286)),.UNSPECIFIED.,.F.,.F.,.F.,(4,4),(4,1,4),(-2.9051398543075,0.0143852155712224),(-1.55353667150799,-0.774816178749226,0.00390431400953301),.UNSPECIFIED.);
#2049=CURVE_STYLE('',#4287,POSITIVE_LENGTH_MEASURE(0.02),#4288);
#2050=LINE('',#4289,#4290);
#2051=CURVE_STYLE('',#4291,POSITIVE_LENGTH_MEASURE(0.02),#4292);
#2052=VERTEX_POINT('',#4293);
#2053=LINE('',#4294,#4295);
#2054=SURFACE_STYLE_USAGE(.BOTH.,#4296);
#2055=FACE_OUTER_BOUND('',#4297,.T.);
#2056=B_SPLINE_SURFACE_WITH_KNOTS('',3,3,((#4298,#4299,#4300,#4301,#4302),(#4303,#4304,#4305,#4306,#4307),(#4308,#4309,#4310,#4311,#4312),(#4313,#4314,#4315,#4316,#4317)),.UNSPECIFIED.,.F.,.F.,.F.,(4,4),(4,1,4),(-6.99643256448634,0.0143967255865176),(-1.55354827071218,-0.774816178747028,0.00391591321812899),.UNSPECIFIED.);
#2057=CURVE_STYLE('',#4318,POSITIVE_LENGTH_MEASURE(0.02),#4319);
#2058=ELLIPSE('',#4320,0.335182802181585,0.244897959183694);
#2059=SURFACE_STYLE_USAGE(.BOTH.,#4321);
#2060=FACE_OUTER_BOUND('',#4322,.T.);
#2061=B_SPLINE_SURFACE_WITH_KNOTS('',3,3,((#4323,#4324,#4325,#4326,#4327),(#4328,#4329,#4330,#4331,#4332),(#4333,#4334,#4335,#4336,#4337),(#4338,#4339,#4340,#4341,#4342)),.UNSPECIFIED.,.F.,.F.,.F.,(4,4),(4,1,4),(-0.0530756058122867,2.05305953359591),(-1.58915872624638,-0.789253172113287,0.0106523820198101),.UNSPECIFIED.);
#2062=SURFACE_STYLE_USAGE(.BOTH.,#4343);
#2063=FACE_OUTER_BOUND('',#4344,.T.);
#2064=B_SPLINE_SURFACE_WITH_KNOTS('',3,3,((#4345,#4346,#4347,#4348,#4349),(#4350,#4351,#4352,#4353,#4354),(#4355,#4356,#4357,#4358,#4359),(#4360,#4361,#4362,#4363,#4364)),.UNSPECIFIED.,.F.,.F.,.F.,(4,4),(4,1,4),(-1.575,0.0),(-1.51843644923507,-0.759218224617536,-3.44169825973451E-017),.UNSPECIFIED.);
#2065=CURVE_STYLE('',#4365,POSITIVE_LENGTH_MEASURE(0.02),#4366);
#2066=LINE('',#4367,#4368);
#2067=CURVE_STYLE('',#4369,POSITIVE_LENGTH_MEASURE(0.02),#4370);
#2068=B_SPLINE_CURVE_WITH_KNOTS('',3,(#4371,#4372,#4373,#4374,#4375),.UNSPECIFIED.,.F.,.F.,(4,1,4),(1.5342951676801E-011,0.49989651163807,0.999999999997977),.UNSPECIFIED.);
#2069=CURVE_STYLE('',#4376,POSITIVE_LENGTH_MEASURE(0.02),#4377);
#2070=LINE('',#4378,#4379);
#2071=SURFACE_STYLE_USAGE(.BOTH.,#4380);
#2072=FACE_OUTER_BOUND('',#4381,.T.);
#2073=B_SPLINE_SURFACE_WITH_KNOTS('',3,3,((#4382,#4383,#4384,#4385,#4386),(#4387,#4388,#4389,#4390,#4391),(#4392,#4393,#4394,#4395,#4396),(#4397,#4398,#4399,#4400,#4401)),.UNSPECIFIED.,.F.,.F.,.F.,(4,4),(4,1,4),(0.0,3.9375),(-1.44862327915523,-0.724311639577551,1.24170020026994E-013),.UNSPECIFIED.);
#2074=CURVE_STYLE('',#4402,POSITIVE_LENGTH_MEASURE(0.02),#4403);
#2075=LINE('',#4404,#4405);
#2076=CURVE_STYLE('',#4406,POSITIVE_LENGTH_MEASURE(0.02),#4407);
#2077=LINE('',#4408,#4409);
#2078=CURVE_STYLE('',#4410,POSITIVE_LENGTH_MEASURE(0.02),#4411);
#2079=LINE('',#4412,#4413);
#2080=SURFACE_STYLE_USAGE(.BOTH.,#4414);
#2081=FACE_BOUND('',#4415,.T.);
#2082=FACE_OUTER_BOUND('',#4416,.T.);
#2083=PLANE('',#4417);
#2084=CURVE_STYLE('',#4418,POSITIVE_LENGTH_MEASURE(0.02),#4419);
#2085=LINE('',#4420,#4421);
#2086=SURFACE_STYLE_USAGE(.BOTH.,#4422);
#2087=FACE_OUTER_BOUND('',#4423,.T.);
#2088=B_SPLINE_SURFACE_WITH_KNOTS('',3,3,((#4424,#4425,#4426,#4427,#4428),(#4429,#4430,#4431,#4432,#4433),(#4434,#4435,#4436,#4437,#4438),(#4439,#4440,#4441,#4442,#4443)),.UNSPECIFIED.,.F.,.F.,.F.,(4,4),(4,1,4),(-1.575,0.0),(-1.44862327915532,-0.724311639577642,3.74542813115617E-014),.UNSPECIFIED.);
#2089=CURVE_STYLE('',#4444,POSITIVE_LENGTH_MEASURE(0.02),#4445);
#2090=LINE('',#4446,#4447);
#2091=CURVE_STYLE('',#4448,POSITIVE_LENGTH_MEASURE(0.02),#4449);
#2092=LINE('',#4450,#4451);
#2093=CURVE_STYLE('',#4452,POSITIVE_LENGTH_MEASURE(0.02),#4453);
#2094=LINE('',#4454,#4455);
#2095=CURVE_STYLE('',#4456,POSITIVE_LENGTH_MEASURE(0.02),#4457);
#2096=LINE('',#4458,#4459);
#2097=CURVE_STYLE('',#4460,POSITIVE_LENGTH_MEASURE(0.02),#4461);
#2098=LINE('',#4462,#4463);
#2099=CURVE_STYLE('',#4464,POSITIVE_LENGTH_MEASURE(0.02),#4465);
#2100=LINE('',#4466,#4467);
#2101=CURVE_STYLE('',#4468,POSITIVE_LENGTH_MEASURE(0.02),#4469);
#2102=ELLIPSE('',#4470,0.134073120872663,0.0979591836735095);
#2103=SURFACE_STYLE_USAGE(.BOTH.,#4471);
#2104=FACE_OUTER_BOUND('',#4472,.T.);
#2105=B_SPLINE_SURFACE_WITH_KNOTS('',3,3,((#4473,#4474,#4475,#4476,#4477),(#4478,#4479,#4480,#4481,#4482),(#4483,#4484,#4485,#4486,#4487),(#4488,#4489,#4490,#4491,#4492)),.UNSPECIFIED.,.F.,.F.,.F.,(4,4),(4,1,4),(-1.575,0.0),(-1.44862327915532,-0.724311639577642,3.74542813115617E-014),.UNSPECIFIED.);
#2106=CURVE_STYLE('',#4493,POSITIVE_LENGTH_MEASURE(0.02),#4494);
#2107=LINE('',#4495,#4496);
#2108=CURVE_STYLE('',#4497,POSITIVE_LENGTH_MEASURE(0.02),#4498);
#2109=LINE('',#4499,#4500);
#2110=SURFACE_STYLE_USAGE(.BOTH.,#4501);
#2111=FACE_OUTER_BOUND('',#4502,.T.);
#2112=PLANE('',#4503);
#2113=CURVE_STYLE('',#4504,POSITIVE_LENGTH_MEASURE(0.02),#4505);
#2114=ELLIPSE('',#4506,0.134073120872667,0.0979591836735134);
#2115=SURFACE_STYLE_USAGE(.BOTH.,#4507);
#2116=FACE_OUTER_BOUND('',#4508,.T.);
#2117=B_SPLINE_SURFACE_WITH_KNOTS('',3,3,((#4509,#4510,#4511,#4512,#4513),(#4514,#4515,#4516,#4517,#4518),(#4519,#4520,#4521,#4522,#4523),(#4524,#4525,#4526,#4527,#4528)),.UNSPECIFIED.,.F.,.F.,.F.,(4,4),(4,1,4),(0.0,3.9375),(-1.44862327915523,-0.724311639577551,1.24170020026994E-013),.UNSPECIFIED.);
#2118=CURVE_STYLE('',#4529,POSITIVE_LENGTH_MEASURE(0.02),#4530);
#2119=LINE('',#4531,#4532);
#2120=CURVE_STYLE('',#4533,POSITIVE_LENGTH_MEASURE(0.02),#4534);
#2121=ELLIPSE('',#4535,0.134073120872683,0.0979591836735225);
#2122=SURFACE_STYLE_USAGE(.BOTH.,#4536);
#2123=FACE_OUTER_BOUND('',#4537,.T.);
#2124=B_SPLINE_SURFACE_WITH_KNOTS('',3,3,((#4538,#4539,#4540,#4541,#4542),(#4543,#4544,#4545,#4546,#4547),(#4548,#4549,#4550,#4551,#4552),(#4553,#4554,#4555,#4556,#4557)),.UNSPECIFIED.,.F.,.F.,.F.,(4,4),(4,1,4),(0.0,35.6634626909333),(-1.39626340159549,-0.698131700797746,0.0),.UNSPECIFIED.);
#2125=SURFACE_STYLE_USAGE(.BOTH.,#4558);
#2126=FACE_OUTER_BOUND('',#4559,.T.);
#2127=PLANE('',#4560);
#2128=SURFACE_STYLE_USAGE(.BOTH.,#4561);
#2129=FACE_OUTER_BOUND('',#4562,.T.);
#2130=PLANE('',#4563);
#2131=CURVE_STYLE('',#4564,POSITIVE_LENGTH_MEASURE(0.02),#4565);
#2132=LINE('',#4566,#4567);
#2133=CURVE_STYLE('',#4568,POSITIVE_LENGTH_MEASURE(0.02),#4569);
#2134=LINE('',#4570,#4571);
#2135=CURVE_STYLE('',#4572,POSITIVE_LENGTH_MEASURE(0.02),#4573);
#2136=LINE('',#4574,#4575);
#2137=CURVE_STYLE('',#4576,POSITIVE_LENGTH_MEASURE(0.02),#4577);
#2138=ELLIPSE('',#4578,0.102695973892006,0.0761904761904103);
#2139=SURFACE_STYLE_USAGE(.BOTH.,#4579);
#2140=FACE_OUTER_BOUND('',#4580,.T.);
#2141=PLANE('',#4581);
#2142=CURVE_STYLE('',#4582,POSITIVE_LENGTH_MEASURE(0.02),#4583);
#2143=ELLIPSE('',#4584,0.102695973892244,0.0756521739131519);
#2144=CURVE_STYLE('',#4585,POSITIVE_LENGTH_MEASURE(0.02),#4586);
#2145=LINE('',#4587,#4588);
#2146=CURVE_STYLE('',#4589,POSITIVE_LENGTH_MEASURE(0.02),#4590);
#2147=LINE('',#4591,#4592);
#2148=CURVE_STYLE('',#4593,POSITIVE_LENGTH_MEASURE(0.02),#4594);
#2149=LINE('',#4595,#4596);
#2150=SURFACE_STYLE_USAGE(.BOTH.,#4597);
#2151=FACE_OUTER_BOUND('',#4598,.T.);
#2152=PLANE('',#4599);
#2153=SURFACE_STYLE_USAGE(.BOTH.,#4600);
#2154=FACE_OUTER_BOUND('',#4601,.T.);
#2155=PLANE('',#4602);
#2156=CURVE_STYLE('',#4603,POSITIVE_LENGTH_MEASURE(0.02),#4604);
#2157=LINE('',#4605,#4606);
#2158=PRODUCT_CONTEXT('',#379,'mechanical');
#2159=PRODUCT_DEFINITION_FORMATION_WITH_SPECIFIED_SOURCE(' ','NONE',#1130,.NOT_KNOWN.);
#2160=CARTESIAN_POINT('',(0.0,0.0,0.0));
#2161=DIRECTION('',(0.0,0.0,1.0));
#2162=DIRECTION('',(1.0,0.0,0.0));
#2163= (NAMED_UNIT(#1138)LENGTH_UNIT()SI_UNIT(.MILLI.,.METRE.));
#2164=DRAUGHTING_PRE_DEFINED_CURVE_FONT('continuous');
#2165=COLOUR_RGB('',1.0,1.0,1.0);
#2166=CARTESIAN_POINT('',(-0.149999999999975,-1.38975006916424,8.49412013748108E-006));
#2167=CARTESIAN_POINT('',(0.150000000000025,-1.38975006916424,8.49412013748108E-006));
#2168=CARTESIAN_POINT('',(-0.149999999999975,-1.38975006916424,8.49412013748108E-006));
#2169=VECTOR('',#4608,0.299999999999999);
#2170=DRAUGHTING_PRE_DEFINED_CURVE_FONT('continuous');
#2171=COLOUR_RGB('',1.0,1.0,1.0);
#2172=CARTESIAN_POINT('',(-1.09999999999998,-0.799999999999976,1.07259346110131));
#2173=CARTESIAN_POINT('',(-1.09999999999998,-0.832871743597886,1.07259346110131));
#2174=CARTESIAN_POINT('',(-1.09999999999998,-0.799999999999976,1.07259346110131));
#2175=VECTOR('',#4609,0.0328717435979098);
#2176=DRAUGHTING_PRE_DEFINED_CURVE_FONT('continuous');
#2177=COLOUR_RGB('',1.0,1.0,1.0);
#2178=CARTESIAN_POINT('',(-0.149999999999975,-1.07743407863986,0.754952771388075));
#2179=CARTESIAN_POINT('',(-0.149999999999975,-0.832871743597886,1.07259346110131));
#2180=AXIS2_PLACEMENT_3D('',#4610,#4611,#4612);
#2181=SURFACE_SIDE_STYLE('',(#4613));
#2182=EDGE_LOOP('',(#4614,#4615,#4616,#4617));
#2183=CARTESIAN_POINT('',(0.800000000000025,0.832871743597929,1.07258893090813));
#2184=CARTESIAN_POINT('',(0.800000000000025,0.894848741422484,1.07258468962646));
#2185=CARTESIAN_POINT('',(0.800000000000025,1.01837869875364,1.00495724166897));
#2186=CARTESIAN_POINT('',(0.800000000000025,1.07418735859065,0.83965739916816));
#2187=CARTESIAN_POINT('',(0.800000000000025,1.07743407863991,0.754948241194878));
#2188=CARTESIAN_POINT('',(0.899999999999993,0.832871743597929,1.07258893090813));
#2189=CARTESIAN_POINT('',(0.899999999999993,0.894848741422484,1.07258468962646));
#2190=CARTESIAN_POINT('',(0.899999999999993,1.01837869875364,1.00495724166897));
#2191=CARTESIAN_POINT('',(0.899999999999993,1.07418735859065,0.83965739916816));
#2192=CARTESIAN_POINT('',(0.899999999999993,1.07743407863991,0.754948241194878));
#2193=CARTESIAN_POINT('',(1.00000000000006,0.832871743597929,1.07258893090813));
#2194=CARTESIAN_POINT('',(1.00000000000006,0.894848741422484,1.07258468962646));
#2195=CARTESIAN_POINT('',(1.00000000000006,1.01837869875364,1.00495724166897));
#2196=CARTESIAN_POINT('',(1.00000000000006,1.07418735859065,0.83965739916816));
#2197=CARTESIAN_POINT('',(1.00000000000006,1.07743407863991,0.754948241194878));
#2198=CARTESIAN_POINT('',(1.10000000000003,0.832871743597929,1.07258893090813));
#2199=CARTESIAN_POINT('',(1.10000000000003,0.894848741422484,1.07258468962646));
#2200=CARTESIAN_POINT('',(1.10000000000003,1.01837869875364,1.00495724166897));
#2201=CARTESIAN_POINT('',(1.10000000000003,1.07418735859065,0.83965739916816));
#2202=CARTESIAN_POINT('',(1.10000000000003,1.07743407863991,0.754948241194878));
#2203=DRAUGHTING_PRE_DEFINED_CURVE_FONT('continuous');
#2204=COLOUR_RGB('',1.0,1.0,1.0);
#2205=CARTESIAN_POINT('',(1.10000000000003,-1.4,0.200620354524777));
#2206=CARTESIAN_POINT('',(1.10000000000003,-1.38975006916424,5.66291734505064E-007));
#2207=CARTESIAN_POINT('',(1.10000000000003,-1.4,0.200620354524777));
#2208=VECTOR('',#4618,0.200881458857729);
#2209=DRAUGHTING_PRE_DEFINED_CURVE_FONT('continuous');
#2210=COLOUR_RGB('',0.274509996175766,0.274509996175766,0.274509996175766);
#2211=CARTESIAN_POINT('',(-1.44999931091094,-0.724039469721883,0.868041659810745));
#2212=CARTESIAN_POINT('',(-1.38694183917756,-0.633071252067788,0.170893961352092));
#2213=CARTESIAN_POINT('',(-1.4499986218219,-0.724269415634263,0.868034041413337));
#2214=VECTOR('',#4619,0.705901943688187);
#2215=DRAUGHTING_PRE_DEFINED_CURVE_FONT('continuous');
#2216=COLOUR_RGB('',1.0,1.0,1.0);
#2217=CARTESIAN_POINT('',(-1.09999999999998,-0.946278253840154,0.337504546090625));
#2218=CARTESIAN_POINT('',(-1.09999999999998,-1.17375737082237,0.0206803448372537));
#2219=AXIS2_PLACEMENT_3D('',#4620,#4621,#4622);
#2220=DRAUGHTING_PRE_DEFINED_CURVE_FONT('continuous');
#2221=COLOUR_RGB('',0.274509996175766,0.274509996175766,0.274509996175766);
#2222=CARTESIAN_POINT('',(-1.34900924091791,0.68680899856967,1.44999313026338));
#2223=CARTESIAN_POINT('',(-1.42409751499849,0.68680899856967,1.35981264727985));
#2224=AXIS2_PLACEMENT_3D('',#4623,#4624,#4625);
#2225=SURFACE_SIDE_STYLE('',(#4626));
#2226=EDGE_LOOP('',(#4627,#4628,#4629,#4630));
#2227=AXIS2_PLACEMENT_3D('',#4631,#4632,#4633);
#2228=DRAUGHTING_PRE_DEFINED_CURVE_FONT('continuous');
#2229=COLOUR_RGB('',1.0,1.0,1.0);
#2230=CARTESIAN_POINT('',(-1.09999999999998,-1.18400730165824,0.221300133070293));
#2231=CARTESIAN_POINT('',(-1.09999999999998,-1.4,0.200628282353178));
#2232=CARTESIAN_POINT('',(-1.09999999999998,-1.18400730165824,0.221300133070293));
#2233=VECTOR('',#4634,0.216979656071906);
#2234=DRAUGHTING_PRE_DEFINED_CURVE_FONT('continuous');
#2235=COLOUR_RGB('',1.0,1.0,1.0);
#2236=CARTESIAN_POINT('',(-1.09999999999997,0.946278253840188,0.337497750820179));
#2237=CARTESIAN_POINT('',(-1.09999999999997,0.930696677614714,0.744420708636529));
#2238=CARTESIAN_POINT('',(-1.09999999999997,0.946278253840188,0.337497750820179));
#2239=VECTOR('',#4635,0.407221167322928);
#2240=DRAUGHTING_PRE_DEFINED_CURVE_FONT('continuous');
#2241=COLOUR_RGB('',1.0,1.0,1.0);
#2242=CARTESIAN_POINT('',(-0.799999999999975,1.38975006916424,1.6988496881476E-006));
#2243=CARTESIAN_POINT('',(-0.799999999999975,1.17375737082239,0.0206735495668047));
#2244=CARTESIAN_POINT('',(-0.799999999999975,1.38975006916424,1.6988496881476E-006));
#2245=VECTOR('',#4636,0.216979656071891);
#2246=DRAUGHTING_PRE_DEFINED_CURVE_FONT('continuous');
#2247=COLOUR_RGB('',1.0,1.0,1.0);
#2248=CARTESIAN_POINT('',(-0.149999999999975,-1.4,0.200628282353178));
#2249=CARTESIAN_POINT('',(0.150000000000025,-1.4,0.200628282353178));
#2250=CARTESIAN_POINT('',(-0.149999999999975,-1.4,0.200628282353178));
#2251=VECTOR('',#4637,0.299999999999999);
#2252=DRAUGHTING_PRE_DEFINED_CURVE_FONT('continuous');
#2253=COLOUR_RGB('',1.0,1.0,1.0);
#2254=CARTESIAN_POINT('',(1.10000000000003,1.18400730165826,0.221295602877115));
#2255=CARTESIAN_POINT('',(1.10000000000003,1.09301565486538,0.348025283378446));
#2256=AXIS2_PLACEMENT_3D('',#4638,#4639,#4640);
#2257=DRAUGHTING_PRE_DEFINED_CURVE_FONT('continuous');
#2258=COLOUR_RGB('',1.0,1.0,1.0);
#2259=CARTESIAN_POINT('',(0.150000000000025,-0.832871743597886,0.871483779792338));
#2260=CARTESIAN_POINT('',(0.150000000000025,-0.799999999999976,0.871483779792338));
#2261=CARTESIAN_POINT('',(0.150000000000025,-0.832871743597886,0.871483779792338));
#2262=VECTOR('',#4641,0.0328717435979098);
#2263=DRAUGHTING_PRE_DEFINED_CURVE_FONT('continuous');
#2264=COLOUR_RGB('',0.274509996175766,0.274509996175766,0.274509996175766);
#2265=CARTESIAN_POINT('',(1.34900924091793,0.761841970227574,1.36513012509138));
#2266=CARTESIAN_POINT('',(1.42409751499851,0.68680899856967,1.35981264727985));
#2267=AXIS2_PLACEMENT_3D('',#4642,#4643,#4644);
#2268=DRAUGHTING_PRE_DEFINED_CURVE_FONT('continuous');
#2269=COLOUR_RGB('',1.0,1.0,1.0);
#2270=CARTESIAN_POINT('',(-1.09999999999998,-1.38975006916424,8.49412013737005E-006));
#2271=CARTESIAN_POINT('',(-1.09999999999998,-1.38975006916424,8.49412013737005E-006));
#2272=VECTOR('',#4645,0.216979656071906);
#2273=DRAUGHTING_PRE_DEFINED_CURVE_FONT('continuous');
#2274=COLOUR_RGB('',0.274509996175766,0.274509996175766,0.274509996175766);
#2275=CARTESIAN_POINT('',(1.44999931091096,0.724039469721924,0.868041659810745));
#2276=CARTESIAN_POINT('',(1.3869418391776,0.63307125206783,0.170893961352092));
#2277=CARTESIAN_POINT('',(1.44999862182192,0.724269415634305,0.868034041413337));
#2278=VECTOR('',#4646,0.705901943688187);
#2279=DRAUGHTING_PRE_DEFINED_CURVE_FONT('continuous');
#2280=COLOUR_RGB('',1.0,1.0,1.0);
#2281=CARTESIAN_POINT('',(-0.149999999999975,-1.18400730165824,0.221300133070294));
#2282=CARTESIAN_POINT('',(-0.149999999999975,-1.09301565486536,0.348029813571624));
#2283=AXIS2_PLACEMENT_3D('',#4647,#4648,#4649);
#2284=DRAUGHTING_PRE_DEFINED_CURVE_FONT('continuous');
#2285=COLOUR_RGB('',0.274509996175766,0.274509996175766,0.274509996175766);
#2286=CARTESIAN_POINT('',(-1.31185356509695,0.708104223725987,0.165576483540764));
#2287=CARTESIAN_POINT('',(1.31185356509699,0.708104223725987,0.165576483540764));
#2288=CARTESIAN_POINT('',(-1.31185356509695,0.708104223725987,0.165576483540764));
#2289=VECTOR('',#4650,2.62370713019295);
#2290=DRAUGHTING_PRE_DEFINED_CURVE_FONT('continuous');
#2291=COLOUR_RGB('',0.274509996175766,0.274509996175766,0.274509996175766);
#2292=CARTESIAN_POINT('',(1.3748677721829,0.799996400890813,1.0734687384243));
#2293=CARTESIAN_POINT('',(1.3748677721829,0.799996400890813,0.868021765776208));
#2294=CARTESIAN_POINT('',(1.37434782608697,0.80000000000002,1.07344122599235));
#2295=VECTOR('',#4651,0.205391947784197);
#2296=SURFACE_SIDE_STYLE('',(#4652));
#2297=EDGE_LOOP('',(#4653,#4654,#4655,#4656,#4657,#4658,#4659,#4660,#4661,#4662,#4663,#4664));
#2298=AXIS2_PLACEMENT_3D('',#4665,#4666,#4667);
#2299=DRAUGHTING_PRE_DEFINED_CURVE_FONT('continuous');
#2300=COLOUR_RGB('',1.0,1.0,1.0);
#2301=CARTESIAN_POINT('',(0.800000000000025,0.800000000000022,0.87147924959916));
#2302=CARTESIAN_POINT('',(0.800000000000025,0.800000000000022,1.07258893090813));
#2303=CARTESIAN_POINT('',(0.800000000000025,0.800000000000022,0.87147924959916));
#2304=VECTOR('',#4668,0.201109681308969);
#2305=DRAUGHTING_PRE_DEFINED_CURVE_FONT('continuous');
#2306=COLOUR_RGB('',1.0,1.0,1.0);
#2307=CARTESIAN_POINT('',(0.800000000000025,-0.946278253840154,0.337496618262225));
#2308=CARTESIAN_POINT('',(0.800000000000025,-1.17375737082237,0.0206724170088509));
#2309=AXIS2_PLACEMENT_3D('',#4669,#4670,#4671);
#2310=SURFACE_SIDE_STYLE('',(#4672));
#2311=EDGE_LOOP('',(#4673,#4674,#4675,#4676));
#2312=AXIS2_PLACEMENT_3D('',#4677,#4678,#4679);
#2313=DRAUGHTING_PRE_DEFINED_CURVE_FONT('continuous');
#2314=COLOUR_RGB('',0.274509996175766,0.274509996175766,0.274509996175766);
#2315=CARTESIAN_POINT('',(1.44999931091096,-0.724039469721883,1.07344884438976));
#2316=CARTESIAN_POINT('',(1.44999931091096,0.724039469721924,1.07344884438976));
#2317=CARTESIAN_POINT('',(1.45,-0.723809523809503,1.07344122599235));
#2318=VECTOR('',#4680,1.44761904761904);
#2319=DRAUGHTING_PRE_DEFINED_CURVE_FONT('continuous');
#2320=COLOUR_RGB('',1.0,1.0,1.0);
#2321=CARTESIAN_POINT('',(-0.799999999999975,-1.38975006916424,8.49412013737005E-006));
#2322=CARTESIAN_POINT('',(-0.799999999999975,-1.17375737082237,0.0206803448372537));
#2323=CARTESIAN_POINT('',(-0.799999999999975,-1.38975006916424,8.49412013737005E-006));
#2324=VECTOR('',#4681,0.216979656071906);
#2325=DRAUGHTING_PRE_DEFINED_CURVE_FONT('continuous');
#2326=COLOUR_RGB('',1.0,1.0,1.0);
#2327=CARTESIAN_POINT('',(-0.799999999999975,0.800000000000022,1.07258666583086));
#2328=CARTESIAN_POINT('',(-1.09999999999997,0.800000000000022,1.07258666583086));
#2329=CARTESIAN_POINT('',(-0.799999999999975,0.800000000000022,1.07258666583086));
#2330=VECTOR('',#4682,0.299999999999999);
#2331=SURFACE_SIDE_STYLE('',(#4683));
#2332=EDGE_LOOP('',(#4684,#4685,#4686,#4687));
#2333=AXIS2_PLACEMENT_3D('',#4688,#4689,#4690);
#2334=DRAUGHTING_PRE_DEFINED_CURVE_FONT('continuous');
#2335=COLOUR_RGB('',1.0,1.0,1.0);
#2336=CARTESIAN_POINT('',(-1.09999999999998,-1.09301565486536,0.348029813571624));
#2337=CARTESIAN_POINT('',(-0.799999999999975,-1.09301565486536,0.348029813571624));
#2338=CARTESIAN_POINT('',(-1.09999999999998,-1.09301565486536,0.348029813571624));
#2339=VECTOR('',#4691,0.299999999999999);
#2340=DRAUGHTING_PRE_DEFINED_CURVE_FONT('continuous');
#2341=COLOUR_RGB('',1.0,1.0,1.0);
#2342=CARTESIAN_POINT('',(0.800000000000025,1.18400730165826,0.221295602877115));
#2343=CARTESIAN_POINT('',(0.800000000000025,1.09301565486538,0.348025283378446));
#2344=AXIS2_PLACEMENT_3D('',#4692,#4693,#4694);
#2345=DRAUGHTING_PRE_DEFINED_CURVE_FONT('continuous');
#2346=COLOUR_RGB('',0.274509996175766,0.274509996175766,0.274509996175766);
#2347=CARTESIAN_POINT('',(1.34900924091793,0.68680899856967,1.44999313026338));
#2348=AXIS2_PLACEMENT_3D('',#4695,#4696,#4697);
#2349=DRAUGHTING_PRE_DEFINED_CURVE_FONT('continuous');
#2350=COLOUR_RGB('',0.274509996175766,0.274509996175766,0.274509996175766);
#2351=CARTESIAN_POINT('',(-1.34900924091791,0.761841970227574,1.36513012509138));
#2352=AXIS2_PLACEMENT_3D('',#4698,#4699,#4700);
#2353=SURFACE_SIDE_STYLE('',(#4701));
#2354=EDGE_LOOP('',(#4702,#4703,#4704,#4705));
#2355=AXIS2_PLACEMENT_3D('',#4706,#4707,#4708);
#2356=DRAUGHTING_PRE_DEFINED_CURVE_FONT('continuous');
#2357=COLOUR_RGB('',1.0,1.0,1.0);
#2358=CARTESIAN_POINT('',(0.150000000000025,-0.799999999999976,1.07259346110131));
#2359=CARTESIAN_POINT('',(0.150000000000025,-0.799999999999976,0.871483779792338));
#2360=VECTOR('',#4709,0.201109681308969);
#2361=SURFACE_SIDE_STYLE('',(#4710));
#2362=EDGE_LOOP('',(#4711,#4712));
#2363=AXIS2_PLACEMENT_3D('',#4713,#4714,#4715);
#2364=SURFACE_SIDE_STYLE('',(#4716));
#2365=EDGE_LOOP('',(#4717,#4718,#4719,#4720));
#2366=AXIS2_PLACEMENT_3D('',#4721,#4722,#4723);
#2367=SURFACE_SIDE_STYLE('',(#4724));
#2368=EDGE_LOOP('',(#4725,#4726,#4727,#4728));
#2369=CARTESIAN_POINT('',(-1.09999999999997,1.17375737082239,0.0206735495667963));
#2370=CARTESIAN_POINT('',(-1.09999999999997,1.11477412793664,0.0263226705892754));
#2371=CARTESIAN_POINT('',(-1.09999999999997,1.00025910532429,0.0987112953279505));
#2372=CARTESIAN_POINT('',(-1.09999999999997,0.949375699404531,0.256683266776626));
#2373=CARTESIAN_POINT('',(-1.09999999999997,0.946278253840188,0.337497750820179));
#2374=CARTESIAN_POINT('',(-1.0,1.17375737082239,0.0206735495667963));
#2375=CARTESIAN_POINT('',(-1.0,1.11477412793664,0.0263226705892754));
#2376=CARTESIAN_POINT('',(-1.0,1.00025910532429,0.0987112953279505));
#2377=CARTESIAN_POINT('',(-1.0,0.949375699404531,0.256683266776626));
#2378=CARTESIAN_POINT('',(-1.0,0.946278253840188,0.337497750820179));
#2379=CARTESIAN_POINT('',(-0.899999999999943,1.17375737082239,0.0206735495667963));
#2380=CARTESIAN_POINT('',(-0.899999999999943,1.11477412793664,0.0263226705892754));
#2381=CARTESIAN_POINT('',(-0.899999999999943,1.00025910532429,0.0987112953279505));
#2382=CARTESIAN_POINT('',(-0.899999999999943,0.949375699404531,0.256683266776626));
#2383=CARTESIAN_POINT('',(-0.899999999999943,0.946278253840188,0.337497750820179));
#2384=CARTESIAN_POINT('',(-0.799999999999975,1.17375737082239,0.0206735495667963));
#2385=CARTESIAN_POINT('',(-0.799999999999975,1.11477412793664,0.0263226705892754));
#2386=CARTESIAN_POINT('',(-0.799999999999975,1.00025910532429,0.0987112953279505));
#2387=CARTESIAN_POINT('',(-0.799999999999975,0.949375699404531,0.256683266776626));
#2388=CARTESIAN_POINT('',(-0.799999999999975,0.946278253840188,0.337497750820179));
#2389=DRAUGHTING_PRE_DEFINED_CURVE_FONT('continuous');
#2390=COLOUR_RGB('',1.0,1.0,1.0);
#2391=CARTESIAN_POINT('',(1.10000000000003,1.38975006916424,3.96392695911629E-006));
#2392=CARTESIAN_POINT('',(1.10000000000003,1.17375737082239,0.0206758146440756));
#2393=CARTESIAN_POINT('',(1.10000000000003,1.38975006916424,3.96392695911629E-006));
#2394=VECTOR('',#4729,0.216979656071891);
#2395=DRAUGHTING_PRE_DEFINED_CURVE_FONT('continuous');
#2396=COLOUR_RGB('',1.0,1.0,1.0);
#2397=CARTESIAN_POINT('',(1.10000000000003,1.07743407863989,0.754948241194897));
#2398=CARTESIAN_POINT('',(1.10000000000003,1.09301565486538,0.348025283378446));
#2399=VECTOR('',#4730,0.407221167322928);
#2400=SURFACE_SIDE_STYLE('',(#4731));
#2401=EDGE_LOOP('',(#4732,#4733,#4734,#4735));
#2402=AXIS2_PLACEMENT_3D('',#4736,#4737,#4738);
#2403=DRAUGHTING_PRE_DEFINED_CURVE_FONT('continuous');
#2404=COLOUR_RGB('',1.0,1.0,1.0);
#2405=CARTESIAN_POINT('',(0.800000000000025,-1.09301565486536,0.348021885743221));
#2406=CARTESIAN_POINT('',(1.10000000000003,-1.09301565486536,0.348021885743221));
#2407=CARTESIAN_POINT('',(0.800000000000025,-1.09301565486536,0.348021885743221));
#2408=VECTOR('',#4739,0.299999999999999);
#2409=DRAUGHTING_PRE_DEFINED_CURVE_FONT('continuous');
#2410=COLOUR_RGB('',0.274509996175766,0.274509996175766,0.274509996175766);
#2411=CARTESIAN_POINT('',(1.3748677721829,-0.799996400890772,0.868021765776208));
#2412=CARTESIAN_POINT('',(-1.37486777218287,-0.799996400890772,0.868021765776208));
#2413=CARTESIAN_POINT('',(1.37434782608697,-0.799999999999979,0.868049278208154));
#2414=VECTOR('',#4740,2.7486956521739);
#2415=DRAUGHTING_PRE_DEFINED_CURVE_FONT('continuous');
#2416=COLOUR_RGB('',1.0,1.0,1.0);
#2417=CARTESIAN_POINT('',(1.10000000000003,-0.946278253840154,0.337496618262225));
#2418=CARTESIAN_POINT('',(1.10000000000003,-1.17375737082237,0.0206724170088509));
#2419=AXIS2_PLACEMENT_3D('',#4741,#4742,#4743);
#2420=DRAUGHTING_PRE_DEFINED_CURVE_FONT('continuous');
#2421=COLOUR_RGB('',1.0,1.0,1.0);
#2422=CARTESIAN_POINT('',(-0.799999999999975,-0.946278253840154,0.337504546090625));
#2423=AXIS2_PLACEMENT_3D('',#4744,#4745,#4746);
#2424=DRAUGHTING_PRE_DEFINED_CURVE_FONT('continuous');
#2425=COLOUR_RGB('',1.0,1.0,1.0);
#2426=CARTESIAN_POINT('',(1.10000000000003,-0.832871743597886,0.871475851963936));
#2427=CARTESIAN_POINT('',(1.10000000000003,-0.930696677614679,0.744419576078575));
#2428=AXIS2_PLACEMENT_3D('',#4747,#4748,#4749);
#2429=DRAUGHTING_PRE_DEFINED_CURVE_FONT('continuous');
#2430=COLOUR_RGB('',1.0,1.0,1.0);
#2431=CARTESIAN_POINT('',(0.800000000000025,-0.832871743597886,0.871475851963936));
#2432=CARTESIAN_POINT('',(0.800000000000025,-0.832871743597886,0.871475851963936));
#2433=VECTOR('',#4750,0.299999999999999);
#2434=DRAUGHTING_PRE_DEFINED_CURVE_FONT('continuous');
#2435=COLOUR_RGB('',1.0,1.0,1.0);
#2436=CARTESIAN_POINT('',(-1.09999999999997,0.832871743597929,1.07258666583086));
#2437=CARTESIAN_POINT('',(-1.09999999999997,0.800000000000022,1.07258666583086));
#2438=VECTOR('',#4751,0.0328717435979074);
#2439=SURFACE_SIDE_STYLE('',(#4752));
#2440=EDGE_LOOP('',(#4753,#4754,#4755,#4756));
#2441=AXIS2_PLACEMENT_3D('',#4757,#4758,#4759);
#2442=DRAUGHTING_PRE_DEFINED_CURVE_FONT('continuous');
#2443=COLOUR_RGB('',0.274509996175766,0.274509996175766,0.274509996175766);
#2444=CARTESIAN_POINT('',(-1.34900924091791,-0.68680899856963,1.44999313026338));
#2445=CARTESIAN_POINT('',(-1.34900924091791,-0.761841970227533,1.36513012509138));
#2446=AXIS2_PLACEMENT_3D('',#4760,#4761,#4762);
#2447=DRAUGHTING_PRE_DEFINED_CURVE_FONT('continuous');
#2448=COLOUR_RGB('',0.274509996175766,0.274509996175766,0.274509996175766);
#2449=CARTESIAN_POINT('',(1.44999931091096,-0.724039469721883,0.868041659810745));
#2450=CARTESIAN_POINT('',(1.45,-0.723809523809503,1.07344122599235));
#2451=VECTOR('',#4763,0.205391947784197);
#2452=DRAUGHTING_PRE_DEFINED_CURVE_FONT('continuous');
#2453=COLOUR_RGB('',1.0,1.0,1.0);
#2454=CARTESIAN_POINT('',(0.800000000000025,-0.946278253840154,0.337496618262225));
#2455=VECTOR('',#4764,0.299999999999999);
#2456=DRAUGHTING_PRE_DEFINED_CURVE_FONT('continuous');
#2457=COLOUR_RGB('',1.0,1.0,1.0);
#2458=CARTESIAN_POINT('',(-1.09999999999998,-0.832871743597886,0.871483779792338));
#2459=CARTESIAN_POINT('',(-1.09999999999998,-0.799999999999976,0.871483779792338));
#2460=CARTESIAN_POINT('',(-1.09999999999998,-0.832871743597886,0.871483779792338));
#2461=VECTOR('',#4765,0.0328717435979098);
#2462=SURFACE_SIDE_STYLE('',(#4766));
#2463=EDGE_LOOP('',(#4767,#4768,#4769,#4770));
#2464=AXIS2_PLACEMENT_3D('',#4771,#4772,#4773);
#2465=SURFACE_SIDE_STYLE('',(#4774));
#2466=EDGE_LOOP('',(#4775,#4776,#4777,#4778));
#2467=EDGE_LOOP('',(#4779,#4780,#4781,#4782));
#2468=EDGE_LOOP('',(#4783,#4784,#4785,#4786));
#2469=EDGE_LOOP('',(#4787,#4788,#4789,#4790));
#2470=AXIS2_PLACEMENT_3D('',#4791,#4792,#4793);
#2471=SURFACE_SIDE_STYLE('',(#4794));
#2472=EDGE_LOOP('',(#4795,#4796,#4797,#4798));
#2473=AXIS2_PLACEMENT_3D('',#4799,#4800,#4801);
#2474=SURFACE_SIDE_STYLE('',(#4802));
#2475=EDGE_LOOP('',(#4803,#4804,#4805,#4806));
#2476=CARTESIAN_POINT('',(-1.38694183917765,-0.633071252067788,0.170893961352253));
#2477=CARTESIAN_POINT('',(-1.38471495869681,-0.633071252067788,0.146284298146003));
#2478=CARTESIAN_POINT('',(-1.36654753754348,-0.633071252067788,0.0994899221015306));
#2479=CARTESIAN_POINT('',(-1.33011881510764,-0.633071252067788,0.0807147181003209));
#2480=CARTESIAN_POINT('',(-1.31185356509695,-0.633071252067788,0.0807134783687309));
#2481=CARTESIAN_POINT('',(-1.38694183917765,-0.211023750686485,0.170893961352253));
#2482=CARTESIAN_POINT('',(-1.38471495869681,-0.211023750686485,0.146284298146003));
#2483=CARTESIAN_POINT('',(-1.36654753754348,-0.211023750686485,0.0994899221015306));
#2484=CARTESIAN_POINT('',(-1.33011881510764,-0.211023750686485,0.0807147181003209));
#2485=CARTESIAN_POINT('',(-1.31185356509695,-0.211023750686485,0.0807134783687309));
#2486=CARTESIAN_POINT('',(-1.38694183917765,0.211023750686525,0.170893961352253));
#2487=CARTESIAN_POINT('',(-1.38471495869681,0.211023750686525,0.146284298146003));
#2488=CARTESIAN_POINT('',(-1.36654753754348,0.211023750686525,0.0994899221015306));
#2489=CARTESIAN_POINT('',(-1.33011881510764,0.211023750686525,0.0807147181003209));
#2490=CARTESIAN_POINT('',(-1.31185356509695,0.211023750686525,0.0807134783687309));
#2491=CARTESIAN_POINT('',(-1.38694183917765,0.63307125206783,0.170893961352253));
#2492=CARTESIAN_POINT('',(-1.38471495869681,0.63307125206783,0.146284298146003));
#2493=CARTESIAN_POINT('',(-1.36654753754348,0.63307125206783,0.0994899221015306));
#2494=CARTESIAN_POINT('',(-1.33011881510764,0.63307125206783,0.0807147181003209));
#2495=CARTESIAN_POINT('',(-1.31185356509695,0.63307125206783,0.0807134783687309));
#2496=DRAUGHTING_PRE_DEFINED_CURVE_FONT('continuous');
#2497=COLOUR_RGB('',0.274509996175766,0.274509996175766,0.274509996175766);
#2498=CARTESIAN_POINT('',(-1.44999931091094,0.724039469721924,1.07344884438976));
#2499=CARTESIAN_POINT('',(-1.37486777218287,0.799996400890813,1.0734687384243));
#2500=CARTESIAN_POINT('',(-1.44999734593051,0.724269027400813,1.07347006243675));
#2501=CARTESIAN_POINT('',(-1.44985340137506,0.744046138762252,1.07500218877902));
#2502=CARTESIAN_POINT('',(-1.43361365137514,0.783159885682542,1.0772441011332));
#2503=CARTESIAN_POINT('',(-1.39495667429222,0.799695103844453,1.07573189076297));
#2504=CARTESIAN_POINT('',(-1.37538723513875,0.799991521173491,1.0735056868986));
#2505=DRAUGHTING_PRE_DEFINED_CURVE_FONT('continuous');
#2506=COLOUR_RGB('',0.274509996175766,0.274509996175766,0.274509996175766);
#2507=CARTESIAN_POINT('',(-1.44999931091094,0.724039469721924,0.868041659810745));
#2508=CARTESIAN_POINT('',(-1.44999999999998,0.723809523809543,1.07344122599235));
#2509=VECTOR('',#4807,0.205391947784197);
#2510=DRAUGHTING_PRE_DEFINED_CURVE_FONT('continuous');
#2511=COLOUR_RGB('',1.0,1.0,1.0);
#2512=CARTESIAN_POINT('',(-0.149999999999975,-0.832871743597886,0.871483779792338));
#2513=CARTESIAN_POINT('',(-0.149999999999975,-0.832871743597886,0.871483779792338));
#2514=VECTOR('',#4808,0.299999999999999);
#2515=DRAUGHTING_PRE_DEFINED_CURVE_FONT('continuous');
#2516=COLOUR_RGB('',1.0,1.0,1.0);
#2517=CARTESIAN_POINT('',(-1.09999999999998,-1.07743407863986,0.754952771388075));
#2518=AXIS2_PLACEMENT_3D('',#4809,#4810,#4811);
#2519=DRAUGHTING_PRE_DEFINED_CURVE_FONT('continuous');
#2520=COLOUR_RGB('',1.0,1.0,1.0);
#2521=CARTESIAN_POINT('',(0.800000000000025,0.946278253840188,0.337500015897447));
#2522=CARTESIAN_POINT('',(0.800000000000025,0.930696677614714,0.7444229737138));
#2523=CARTESIAN_POINT('',(0.800000000000025,0.946278253840188,0.337500015897447));
#2524=VECTOR('',#4812,0.407221167322928);
#2525=SURFACE_SIDE_STYLE('',(#4813));
#2526=EDGE_LOOP('',(#4814,#4815,#4816,#4817));
#2527=CARTESIAN_POINT('',(-1.34871513664011,0.761847614301674,1.36508244608054));
#2528=CARTESIAN_POINT('',(-1.36821057320581,0.761510643805794,1.3682518003994));
#2529=CARTESIAN_POINT('',(-1.40711497767408,0.744871940521505,1.37078177667635));
#2530=CARTESIAN_POINT('',(-1.42376594437607,0.705996189099974,1.36431757155893));
#2531=CARTESIAN_POINT('',(-1.42410316323257,0.686515110899334,1.359743740889));
#2532=CARTESIAN_POINT('',(-1.35755320343207,0.774629989599573,1.26737098139164));
#2533=CARTESIAN_POINT('',(-1.37704865066439,0.774293019103691,1.27054033866455));
#2534=CARTESIAN_POINT('',(-1.41595304446756,0.757654317102241,1.27307031051014));
#2535=CARTESIAN_POINT('',(-1.4326040005024,0.718778561834168,1.2666061068706));
#2536=CARTESIAN_POINT('',(-1.43294123002557,0.699297486197727,1.26203227620069));
#2537=CARTESIAN_POINT('',(-1.36639127022311,0.787412364899294,1.16965951670369));
#2538=CARTESIAN_POINT('',(-1.38588671212215,0.787075389275544,1.1728288710227));
#2539=CARTESIAN_POINT('',(-1.42479111125554,0.770436692400352,1.17535884729986));
#2540=CARTESIAN_POINT('',(-1.44144207262475,0.731560942261036,1.16889464218121));
#2541=CARTESIAN_POINT('',(-1.44177929681457,0.71207986149646,1.1643208115116));
#2542=CARTESIAN_POINT('',(-1.37522933701507,0.800194740197193,1.07194805201479));
#2543=CARTESIAN_POINT('',(-1.39472477358075,0.799857769701839,1.07511740633379));
#2544=CARTESIAN_POINT('',(-1.43362917804902,0.783219066416891,1.07764738261067));
#2545=CARTESIAN_POINT('',(-1.45028014475102,0.74434331499523,1.07118317749288));
#2546=CARTESIAN_POINT('',(-1.45061736360754,0.724862236794854,1.06660934682327));
#2547=SURFACE_SIDE_STYLE('',(#4818));
#2548=EDGE_LOOP('',(#4819,#4820,#4821,#4822));
#2549=CARTESIAN_POINT('',(1.38694183917769,0.63307125206783,0.170893961352253));
#2550=CARTESIAN_POINT('',(1.38471495869683,0.63307125206783,0.146284298146003));
#2551=CARTESIAN_POINT('',(1.3665475375435,0.63307125206783,0.0994899221015306));
#2552=CARTESIAN_POINT('',(1.33011881510766,0.63307125206783,0.0807147181003209));
#2553=CARTESIAN_POINT('',(1.31185356509699,0.63307125206783,0.0807134783687309));
#2554=CARTESIAN_POINT('',(1.38694183917769,0.211023750686525,0.170893961352253));
#2555=CARTESIAN_POINT('',(1.38471495869683,0.211023750686525,0.146284298146003));
#2556=CARTESIAN_POINT('',(1.3665475375435,0.211023750686525,0.0994899221015306));
#2557=CARTESIAN_POINT('',(1.33011881510766,0.211023750686525,0.0807147181003209));
#2558=CARTESIAN_POINT('',(1.31185356509699,0.211023750686525,0.0807134783687309));
#2559=CARTESIAN_POINT('',(1.38694183917769,-0.211023750686485,0.170893961352253));
#2560=CARTESIAN_POINT('',(1.38471495869683,-0.211023750686485,0.146284298146003));
#2561=CARTESIAN_POINT('',(1.3665475375435,-0.211023750686485,0.0994899221015306));
#2562=CARTESIAN_POINT('',(1.33011881510766,-0.211023750686485,0.0807147181003209));
#2563=CARTESIAN_POINT('',(1.31185356509699,-0.211023750686485,0.0807134783687309));
#2564=CARTESIAN_POINT('',(1.38694183917769,-0.633071252067788,0.170893961352253));
#2565=CARTESIAN_POINT('',(1.38471495869683,-0.633071252067788,0.146284298146003));
#2566=CARTESIAN_POINT('',(1.3665475375435,-0.633071252067788,0.0994899221015306));
#2567=CARTESIAN_POINT('',(1.33011881510766,-0.633071252067788,0.0807147181003209));
#2568=CARTESIAN_POINT('',(1.31185356509699,-0.633071252067788,0.0807134783687309));
#2569=SURFACE_SIDE_STYLE('',(#4823));
#2570=EDGE_LOOP('',(#4824,#4825,#4826,#4827));
#2571=AXIS2_PLACEMENT_3D('',#4828,#4829,#4830);
#2572=DRAUGHTING_PRE_DEFINED_CURVE_FONT('continuous');
#2573=COLOUR_RGB('',1.0,1.0,1.0);
#2574=CARTESIAN_POINT('',(-0.799999999999975,0.832871743597929,1.07258666583086));
#2575=CARTESIAN_POINT('',(-0.799999999999975,0.832871743597929,1.07258666583086));
#2576=VECTOR('',#4831,0.299999999999999);
#2577=DRAUGHTING_PRE_DEFINED_CURVE_FONT('continuous');
#2578=COLOUR_RGB('',1.0,1.0,1.0);
#2579=CARTESIAN_POINT('',(-0.799999999999975,0.800000000000022,0.871476984521888));
#2580=CARTESIAN_POINT('',(-1.09999999999997,0.800000000000022,0.871476984521888));
#2581=CARTESIAN_POINT('',(-0.799999999999975,0.800000000000022,0.871476984521888));
#2582=VECTOR('',#4832,0.299999999999999);
#2583=SURFACE_SIDE_STYLE('',(#4833));
#2584=EDGE_LOOP('',(#4834,#4835,#4836,#4837));
#2585=AXIS2_PLACEMENT_3D('',#4838,#4839,#4840);
#2586=DRAUGHTING_PRE_DEFINED_CURVE_FONT('continuous');
#2587=COLOUR_RGB('',1.0,1.0,1.0);
#2588=CARTESIAN_POINT('',(0.800000000000025,1.38975006916424,3.96392695911629E-006));
#2589=CARTESIAN_POINT('',(1.10000000000003,1.38975006916424,3.96392695911629E-006));
#2590=VECTOR('',#4841,0.299999999999999);
#2591=SURFACE_SIDE_STYLE('',(#4842));
#2592=EDGE_LOOP('',(#4843,#4844,#4845,#4846));
#2593=AXIS2_PLACEMENT_3D('',#4847,#4848,#4849);
#2594=DRAUGHTING_PRE_DEFINED_CURVE_FONT('continuous');
#2595=COLOUR_RGB('',1.0,1.0,1.0);
#2596=CARTESIAN_POINT('',(0.800000000000025,-1.07743407863986,0.754944843559672));
#2597=CARTESIAN_POINT('',(1.10000000000003,-1.07743407863986,0.754944843559672));
#2598=CARTESIAN_POINT('',(0.800000000000025,-1.07743407863986,0.754944843559672));
#2599=VECTOR('',#4850,0.299999999999999);
#2600=SURFACE_SIDE_STYLE('',(#4851));
#2601=EDGE_LOOP('',(#4852,#4853,#4854,#4855));
#2602=AXIS2_PLACEMENT_3D('',#4856,#4857,#4858);
#2603=DRAUGHTING_PRE_DEFINED_CURVE_FONT('continuous');
#2604=COLOUR_RGB('',0.274509996175766,0.274509996175766,0.274509996175766);
#2605=AXIS2_PLACEMENT_3D('',#4859,#4860,#4861);
#2606=DRAUGHTING_PRE_DEFINED_CURVE_FONT('continuous');
#2607=COLOUR_RGB('',1.0,1.0,1.0);
#2608=CARTESIAN_POINT('',(-1.09999999999998,-1.4,0.200628282353178));
#2609=VECTOR('',#4862,0.200881458857729);
#2610=DRAUGHTING_PRE_DEFINED_CURVE_FONT('continuous');
#2611=COLOUR_RGB('',1.0,1.0,1.0);
#2612=CARTESIAN_POINT('',(1.10000000000003,-0.832871743597886,1.07258553327291));
#2613=AXIS2_PLACEMENT_3D('',#4863,#4864,#4865);
#2614=SURFACE_SIDE_STYLE('',(#4866));
#2615=EDGE_LOOP('',(#4867,#4868,#4869,#4870));
#2616=CARTESIAN_POINT('',(-0.799999999999975,0.930696677614725,0.744420708636529));
#2617=CARTESIAN_POINT('',(-0.799999999999975,0.929397989594997,0.778304371826015));
#2618=CARTESIAN_POINT('',(-0.799999999999975,0.907074525660195,0.844424308826159));
#2619=CARTESIAN_POINT('',(-0.799999999999975,0.857662542727867,0.871475288009163));
#2620=CARTESIAN_POINT('',(-0.799999999999975,0.832871743597929,0.871476984521888));
#2621=CARTESIAN_POINT('',(-0.900000000000162,0.930696677614725,0.744420708636529));
#2622=CARTESIAN_POINT('',(-0.900000000000162,0.929397989594997,0.778304371826015));
#2623=CARTESIAN_POINT('',(-0.900000000000162,0.907074525660195,0.844424308826159));
#2624=CARTESIAN_POINT('',(-0.900000000000162,0.857662542727867,0.871475288009163));
#2625=CARTESIAN_POINT('',(-0.900000000000162,0.832871743597929,0.871476984521888));
#2626=CARTESIAN_POINT('',(-0.999999999999788,0.930696677614725,0.744420708636529));
#2627=CARTESIAN_POINT('',(-0.999999999999788,0.929397989594997,0.778304371826015));
#2628=CARTESIAN_POINT('',(-0.999999999999788,0.907074525660195,0.844424308826159));
#2629=CARTESIAN_POINT('',(-0.999999999999788,0.857662542727867,0.871475288009163));
#2630=CARTESIAN_POINT('',(-0.999999999999788,0.832871743597929,0.871476984521888));
#2631=CARTESIAN_POINT('',(-1.09999999999997,0.930696677614725,0.744420708636529));
#2632=CARTESIAN_POINT('',(-1.09999999999997,0.929397989594997,0.778304371826015));
#2633=CARTESIAN_POINT('',(-1.09999999999997,0.907074525660195,0.844424308826159));
#2634=CARTESIAN_POINT('',(-1.09999999999997,0.857662542727867,0.871475288009163));
#2635=CARTESIAN_POINT('',(-1.09999999999997,0.832871743597929,0.871476984521888));
#2636=SURFACE_SIDE_STYLE('',(#4871));
#2637=EDGE_LOOP('',(#4872,#4873,#4874,#4875));
#2638=CARTESIAN_POINT('',(-1.09999999999997,0.832871743597929,1.07258666583086));
#2639=CARTESIAN_POINT('',(-1.09999999999997,0.894848741422484,1.07258242454919));
#2640=CARTESIAN_POINT('',(-1.09999999999997,1.01837869875364,1.0049549765917));
#2641=CARTESIAN_POINT('',(-1.09999999999997,1.07418735859065,0.839655134090891));
#2642=CARTESIAN_POINT('',(-1.09999999999997,1.07743407863991,0.754945976117605));
#2643=CARTESIAN_POINT('',(-1.0,0.832871743597929,1.07258666583086));
#2644=CARTESIAN_POINT('',(-1.0,0.894848741422484,1.07258242454919));
#2645=CARTESIAN_POINT('',(-1.0,1.01837869875364,1.0049549765917));
#2646=CARTESIAN_POINT('',(-1.0,1.07418735859065,0.839655134090891));
#2647=CARTESIAN_POINT('',(-1.0,1.07743407863991,0.754945976117605));
#2648=CARTESIAN_POINT('',(-0.899999999999943,0.832871743597929,1.07258666583086));
#2649=CARTESIAN_POINT('',(-0.899999999999943,0.894848741422484,1.07258242454919));
#2650=CARTESIAN_POINT('',(-0.899999999999943,1.01837869875364,1.0049549765917));
#2651=CARTESIAN_POINT('',(-0.899999999999943,1.07418735859065,0.839655134090891));
#2652=CARTESIAN_POINT('',(-0.899999999999943,1.07743407863991,0.754945976117605));
#2653=CARTESIAN_POINT('',(-0.799999999999975,0.832871743597929,1.07258666583086));
#2654=CARTESIAN_POINT('',(-0.799999999999975,0.894848741422484,1.07258242454919));
#2655=CARTESIAN_POINT('',(-0.799999999999975,1.01837869875364,1.0049549765917));
#2656=CARTESIAN_POINT('',(-0.799999999999975,1.07418735859065,0.839655134090891));
#2657=CARTESIAN_POINT('',(-0.799999999999975,1.07743407863991,0.754945976117605));
#2658=DRAUGHTING_PRE_DEFINED_CURVE_FONT('continuous');
#2659=COLOUR_RGB('',1.0,1.0,1.0);
#2660=CARTESIAN_POINT('',(-0.149999999999975,-0.799999999999976,0.871483779792338));
#2661=CARTESIAN_POINT('',(-0.149999999999975,-0.832871743597886,0.871483779792338));
#2662=VECTOR('',#4876,0.0328717435979098);
#2663=DRAUGHTING_PRE_DEFINED_CURVE_FONT('continuous');
#2664=COLOUR_RGB('',0.274509996175766,0.274509996175766,0.274509996175766);
#2665=CARTESIAN_POINT('',(1.31185356509699,-0.633071252067788,0.0807134783687309));
#2666=CARTESIAN_POINT('',(1.31185356509699,-0.708104223725947,0.165576483540764));
#2667=AXIS2_PLACEMENT_3D('',#4877,#4878,#4879);
#2668=DRAUGHTING_PRE_DEFINED_CURVE_FONT('continuous');
#2669=COLOUR_RGB('',1.0,1.0,1.0);
#2670=CARTESIAN_POINT('',(-0.799999999999975,0.930696677614714,0.744420708636529));
#2671=CARTESIAN_POINT('',(-0.799999999999975,0.946278253840188,0.337497750820179));
#2672=CARTESIAN_POINT('',(-0.799999999999975,0.930696677614714,0.744420708636529));
#2673=VECTOR('',#4880,0.407221167322928);
#2674=DRAUGHTING_PRE_DEFINED_CURVE_FONT('continuous');
#2675=COLOUR_RGB('',1.0,1.0,1.0);
#2676=CARTESIAN_POINT('',(0.800000000000025,1.17375737082239,0.0206758146440756));
#2677=CARTESIAN_POINT('',(0.800000000000025,1.38975006916424,3.96392695911629E-006));
#2678=VECTOR('',#4881,0.216979656071891);
#2679=DRAUGHTING_PRE_DEFINED_CURVE_FONT('continuous');
#2680=COLOUR_RGB('',0.274509996175766,0.274509996175766,0.274509996175766);
#2681=CARTESIAN_POINT('',(1.45,-0.723809523809503,0.868049278208154));
#2682=VECTOR('',#4882,1.44761904761904);
#2683=DRAUGHTING_PRE_DEFINED_CURVE_FONT('continuous');
#2684=COLOUR_RGB('',0.274509996175766,0.274509996175766,0.274509996175766);
#2685=CARTESIAN_POINT('',(-1.38694183917756,0.63307125206783,0.170893961352092));
#2686=CARTESIAN_POINT('',(-1.38694183917756,-0.633071252067788,0.170893961352092));
#2687=VECTOR('',#4883,1.26614250413587);
#2688=DRAUGHTING_PRE_DEFINED_CURVE_FONT('continuous');
#2689=COLOUR_RGB('',0.274509996175766,0.274509996175766,0.274509996175766);
#2690=CARTESIAN_POINT('',(-1.31185356509695,-0.708104223725947,0.165576483540764));
#2691=CARTESIAN_POINT('',(-1.31185356509695,-0.633071252067788,0.0807134783687309));
#2692=AXIS2_PLACEMENT_3D('',#4884,#4885,#4886);
#2693=DRAUGHTING_PRE_DEFINED_CURVE_FONT('continuous');
#2694=COLOUR_RGB('',0.274509996175766,0.274509996175766,0.274509996175766);
#2695=AXIS2_PLACEMENT_3D('',#4887,#4888,#4889);
#2696=SURFACE_SIDE_STYLE('',(#4890));
#2697=EDGE_LOOP('',(#4891,#4892,#4893,#4894));
#2698=CARTESIAN_POINT('',(1.42409751499861,-0.68680899856963,1.35981264727987));
#2699=CARTESIAN_POINT('',(1.42187063451829,-0.68680899856963,1.38442231048583));
#2700=CARTESIAN_POINT('',(1.40370321336391,-0.68680899856963,1.43121668653071));
#2701=CARTESIAN_POINT('',(1.3672744909291,-0.68680899856963,1.4499918905318));
#2702=CARTESIAN_POINT('',(1.34900924091793,-0.68680899856963,1.44999313026338));
#2703=CARTESIAN_POINT('',(1.42409751499861,-0.22893633286573,1.35981264727987));
#2704=CARTESIAN_POINT('',(1.42187063451829,-0.22893633286573,1.38442231048583));
#2705=CARTESIAN_POINT('',(1.40370321336391,-0.22893633286573,1.43121668653071));
#2706=CARTESIAN_POINT('',(1.3672744909291,-0.22893633286573,1.4499918905318));
#2707=CARTESIAN_POINT('',(1.34900924091793,-0.22893633286573,1.44999313026338));
#2708=CARTESIAN_POINT('',(1.42409751499861,0.228936332865771,1.35981264727987));
#2709=CARTESIAN_POINT('',(1.42187063451829,0.228936332865771,1.38442231048583));
#2710=CARTESIAN_POINT('',(1.40370321336391,0.228936332865771,1.43121668653071));
#2711=CARTESIAN_POINT('',(1.3672744909291,0.228936332865771,1.4499918905318));
#2712=CARTESIAN_POINT('',(1.34900924091793,0.228936332865771,1.44999313026338));
#2713=CARTESIAN_POINT('',(1.42409751499861,0.68680899856967,1.35981264727987));
#2714=CARTESIAN_POINT('',(1.42187063451829,0.68680899856967,1.38442231048583));
#2715=CARTESIAN_POINT('',(1.40370321336391,0.68680899856967,1.43121668653071));
#2716=CARTESIAN_POINT('',(1.3672744909291,0.68680899856967,1.4499918905318));
#2717=CARTESIAN_POINT('',(1.34900924091793,0.68680899856967,1.44999313026338));
#2718=DRAUGHTING_PRE_DEFINED_CURVE_FONT('continuous');
#2719=COLOUR_RGB('',1.0,1.0,1.0);
#2720=CARTESIAN_POINT('',(-0.799999999999975,-1.07743407863986,0.754952771388075));
#2721=CARTESIAN_POINT('',(-0.799999999999975,-1.07743407863986,0.754952771388075));
#2722=VECTOR('',#4895,0.40722116732293);
#2723=DRAUGHTING_PRE_DEFINED_CURVE_FONT('continuous');
#2724=COLOUR_RGB('',0.274509996175766,0.274509996175766,0.274509996175766);
#2725=CARTESIAN_POINT('',(-1.37538771827879,0.799992801781606,1.07349625085625));
#2726=VECTOR('',#4896,0.295299215402837);
#2727=DRAUGHTING_PRE_DEFINED_CURVE_FONT('continuous');
#2728=COLOUR_RGB('',1.0,1.0,1.0);
#2729=CARTESIAN_POINT('',(0.150000000000025,-1.09301565486536,0.348029813571624));
#2730=CARTESIAN_POINT('',(-0.149999999999975,-1.09301565486536,0.348029813571624));
#2731=VECTOR('',#4897,0.299999999999999);
#2732=DRAUGHTING_PRE_DEFINED_CURVE_FONT('continuous');
#2733=COLOUR_RGB('',1.0,1.0,1.0);
#2734=CARTESIAN_POINT('',(-1.09999999999998,-0.930696677614679,0.744427503906978));
#2735=CARTESIAN_POINT('',(-1.09999999999998,-0.930696677614679,0.744427503906978));
#2736=VECTOR('',#4898,0.40722116732293);
#2737=SURFACE_SIDE_STYLE('',(#4899));
#2738=EDGE_LOOP('',(#4900,#4901,#4902,#4903));
#2739=AXIS2_PLACEMENT_3D('',#4904,#4905,#4906);
#2740=DRAUGHTING_PRE_DEFINED_CURVE_FONT('continuous');
#2741=COLOUR_RGB('',0.274509996175766,0.274509996175766,0.274509996175766);
#2742=CARTESIAN_POINT('',(-1.44999999999998,-0.723809523809503,0.868049278208154));
#2743=VECTOR('',#4907,1.44761904761904);
#2744=DRAUGHTING_PRE_DEFINED_CURVE_FONT('continuous');
#2745=COLOUR_RGB('',1.0,1.0,1.0);
#2746=CARTESIAN_POINT('',(-1.09999999999998,-1.07743407863986,0.754952771388075));
#2747=VECTOR('',#4908,0.299999999999999);
#2748=DRAUGHTING_PRE_DEFINED_CURVE_FONT('continuous');
#2749=COLOUR_RGB('',1.0,1.0,1.0);
#2750=CARTESIAN_POINT('',(1.10000000000003,-1.07743407863986,0.754944843559672));
#2751=VECTOR('',#4909,0.40722116732293);
#2752=DRAUGHTING_PRE_DEFINED_CURVE_FONT('continuous');
#2753=COLOUR_RGB('',1.0,1.0,1.0);
#2754=CARTESIAN_POINT('',(0.800000000000025,-1.4,0.200620354524777));
#2755=CARTESIAN_POINT('',(0.800000000000025,-1.4,0.200620354524777));
#2756=VECTOR('',#4910,0.299999999999999);
#2757=DRAUGHTING_PRE_DEFINED_CURVE_FONT('continuous');
#2758=COLOUR_RGB('',1.0,1.0,1.0);
#2759=CARTESIAN_POINT('',(-0.799999999999975,1.18400730165826,0.221293337799846));
#2760=CARTESIAN_POINT('',(-0.799999999999975,1.09301565486538,0.348023018301175));
#2761=AXIS2_PLACEMENT_3D('',#4911,#4912,#4913);
#2762=DRAUGHTING_PRE_DEFINED_CURVE_FONT('continuous');
#2763=COLOUR_RGB('',0.274509996175766,0.274509996175766,0.274509996175766);
#2764=CARTESIAN_POINT('',(-1.37486777218287,-0.799996400890772,1.0734687384243));
#2765=CARTESIAN_POINT('',(-1.37434782608695,-0.799999999999979,1.07344122599235));
#2766=VECTOR('',#4914,0.205391947784197);
#2767=DRAUGHTING_PRE_DEFINED_CURVE_FONT('continuous');
#2768=COLOUR_RGB('',0.274509996175766,0.274509996175766,0.274509996175766);
#2769=CARTESIAN_POINT('',(-1.37486777218287,0.799996400890813,0.868021765776208));
#2770=CARTESIAN_POINT('',(-1.44999734593123,0.724269027301742,0.868020439334678));
#2771=CARTESIAN_POINT('',(-1.4498534405154,0.744040764864988,0.866488603410703));
#2772=CARTESIAN_POINT('',(-1.43361432731764,0.783161005552472,0.864246425289455));
#2773=CARTESIAN_POINT('',(-1.39495840318519,0.799695077685677,0.865758322275918));
#2774=CARTESIAN_POINT('',(-1.37538723503359,0.799991521175084,0.867984815555134));
#2775=SURFACE_SIDE_STYLE('',(#4915));
#2776=EDGE_LOOP('',(#4916,#4917,#4918,#4919));
#2777=CARTESIAN_POINT('',(-1.09999999999998,-1.09301565486535,0.348029813571624));
#2778=CARTESIAN_POINT('',(-1.09999999999998,-1.09425463309105,0.315704019954217));
#2779=CARTESIAN_POINT('',(-1.09999999999998,-1.11460799545906,0.252515231374937));
#2780=CARTESIAN_POINT('',(-1.09999999999998,-1.16041400450385,0.223559781478856));
#2781=CARTESIAN_POINT('',(-1.09999999999998,-1.18400730165824,0.221300133070283));
#2782=CARTESIAN_POINT('',(-0.999999999999788,-1.09301565486535,0.348029813571624));
#2783=CARTESIAN_POINT('',(-0.999999999999788,-1.09425463309105,0.315704019954217));
#2784=CARTESIAN_POINT('',(-0.999999999999788,-1.11460799545906,0.252515231374937));
#2785=CARTESIAN_POINT('',(-0.999999999999788,-1.16041400450385,0.223559781478856));
#2786=CARTESIAN_POINT('',(-0.999999999999788,-1.18400730165824,0.221300133070283));
#2787=CARTESIAN_POINT('',(-0.900000000000162,-1.09301565486535,0.348029813571624));
#2788=CARTESIAN_POINT('',(-0.900000000000162,-1.09425463309105,0.315704019954217));
#2789=CARTESIAN_POINT('',(-0.900000000000162,-1.11460799545906,0.252515231374937));
#2790=CARTESIAN_POINT('',(-0.900000000000162,-1.16041400450385,0.223559781478856));
#2791=CARTESIAN_POINT('',(-0.900000000000162,-1.18400730165824,0.221300133070283));
#2792=CARTESIAN_POINT('',(-0.799999999999975,-1.09301565486535,0.348029813571624));
#2793=CARTESIAN_POINT('',(-0.799999999999975,-1.09425463309105,0.315704019954217));
#2794=CARTESIAN_POINT('',(-0.799999999999975,-1.11460799545906,0.252515231374937));
#2795=CARTESIAN_POINT('',(-0.799999999999975,-1.16041400450385,0.223559781478856));
#2796=CARTESIAN_POINT('',(-0.799999999999975,-1.18400730165824,0.221300133070283));
#2797=SURFACE_SIDE_STYLE('',(#4920));
#2798=EDGE_LOOP('',(#4921,#4922,#4923,#4924));
#2799=CARTESIAN_POINT('',(0.800000000000025,-1.09301565486535,0.348021885743221));
#2800=CARTESIAN_POINT('',(0.800000000000025,-1.09425463309105,0.315696092125815));
#2801=CARTESIAN_POINT('',(0.800000000000025,-1.11460799545906,0.252507303546534));
#2802=CARTESIAN_POINT('',(0.800000000000025,-1.16041400450385,0.223551853650453));
#2803=CARTESIAN_POINT('',(0.800000000000025,-1.18400730165824,0.221292205241881));
#2804=CARTESIAN_POINT('',(0.900000000000212,-1.09301565486535,0.348021885743221));
#2805=CARTESIAN_POINT('',(0.900000000000212,-1.09425463309105,0.315696092125815));
#2806=CARTESIAN_POINT('',(0.900000000000212,-1.11460799545906,0.252507303546534));
#2807=CARTESIAN_POINT('',(0.900000000000212,-1.16041400450385,0.223551853650453));
#2808=CARTESIAN_POINT('',(0.900000000000212,-1.18400730165824,0.221292205241881));
#2809=CARTESIAN_POINT('',(0.999999999999838,-1.09301565486535,0.348021885743221));
#2810=CARTESIAN_POINT('',(0.999999999999838,-1.09425463309105,0.315696092125815));
#2811=CARTESIAN_POINT('',(0.999999999999838,-1.11460799545906,0.252507303546534));
#2812=CARTESIAN_POINT('',(0.999999999999838,-1.16041400450385,0.223551853650453));
#2813=CARTESIAN_POINT('',(0.999999999999838,-1.18400730165824,0.221292205241881));
#2814=CARTESIAN_POINT('',(1.10000000000003,-1.09301565486535,0.348021885743221));
#2815=CARTESIAN_POINT('',(1.10000000000003,-1.09425463309105,0.315696092125815));
#2816=CARTESIAN_POINT('',(1.10000000000003,-1.11460799545906,0.252507303546534));
#2817=CARTESIAN_POINT('',(1.10000000000003,-1.16041400450385,0.223551853650453));
#2818=CARTESIAN_POINT('',(1.10000000000003,-1.18400730165824,0.221292205241881));
#2819=DRAUGHTING_PRE_DEFINED_CURVE_FONT('continuous');
#2820=COLOUR_RGB('',0.274509996175766,0.274509996175766,0.274509996175766);
#2821=CARTESIAN_POINT('',(-1.42409751499849,-0.68680899856963,1.35981264727985));
#2822=AXIS2_PLACEMENT_3D('',#4925,#4926,#4927);
#2823=DRAUGHTING_PRE_DEFINED_CURVE_FONT('continuous');
#2824=COLOUR_RGB('',0.274509996175766,0.274509996175766,0.274509996175766);
#2825=CARTESIAN_POINT('',(-1.37538771827879,-0.799992801781566,1.07349625085625));
#2826=VECTOR('',#4928,0.295299215402837);
#2827=DRAUGHTING_PRE_DEFINED_CURVE_FONT('continuous');
#2828=COLOUR_RGB('',0.274509996175766,0.274509996175766,0.274509996175766);
#2829=CARTESIAN_POINT('',(-1.4499986218219,0.724269415634305,0.868034041413337));
#2830=VECTOR('',#4929,0.705901943688187);
#2831=SURFACE_SIDE_STYLE('',(#4930));
#2832=EDGE_LOOP('',(#4931,#4932,#4933,#4934));
#2833=CARTESIAN_POINT('',(-0.149999999999975,-0.930696677614689,0.74442750390698));
#2834=CARTESIAN_POINT('',(-0.149999999999975,-0.929397989594961,0.778311167096463));
#2835=CARTESIAN_POINT('',(-0.149999999999975,-0.907074525660158,0.844431104096607));
#2836=CARTESIAN_POINT('',(-0.149999999999975,-0.857662542727825,0.871482083279611));
#2837=CARTESIAN_POINT('',(-0.149999999999975,-0.832871743597886,0.871483779792338));
#2838=CARTESIAN_POINT('',(-0.0499999999997897,-0.930696677614689,0.74442750390698));
#2839=CARTESIAN_POINT('',(-0.0499999999997897,-0.929397989594961,0.778311167096463));
#2840=CARTESIAN_POINT('',(-0.0499999999997897,-0.907074525660158,0.844431104096607));
#2841=CARTESIAN_POINT('',(-0.0499999999997897,-0.857662542727825,0.871482083279611));
#2842=CARTESIAN_POINT('',(-0.0499999999997897,-0.832871743597886,0.871483779792338));
#2843=CARTESIAN_POINT('',(0.0499999999998367,-0.930696677614689,0.74442750390698));
#2844=CARTESIAN_POINT('',(0.0499999999998367,-0.929397989594961,0.778311167096463));
#2845=CARTESIAN_POINT('',(0.0499999999998367,-0.907074525660158,0.844431104096607));
#2846=CARTESIAN_POINT('',(0.0499999999998367,-0.857662542727825,0.871482083279611));
#2847=CARTESIAN_POINT('',(0.0499999999998367,-0.832871743597886,0.871483779792338));
#2848=CARTESIAN_POINT('',(0.150000000000025,-0.930696677614689,0.74442750390698));
#2849=CARTESIAN_POINT('',(0.150000000000025,-0.929397989594961,0.778311167096463));
#2850=CARTESIAN_POINT('',(0.150000000000025,-0.907074525660158,0.844431104096607));
#2851=CARTESIAN_POINT('',(0.150000000000025,-0.857662542727825,0.871482083279611));
#2852=CARTESIAN_POINT('',(0.150000000000025,-0.832871743597886,0.871483779792338));
#2853=SURFACE_SIDE_STYLE('',(#4935));
#2854=EDGE_LOOP('',(#4936,#4937,#4938,#4939));
#2855=CARTESIAN_POINT('',(-0.799999999999975,-0.832871743597886,1.07259346110131));
#2856=CARTESIAN_POINT('',(-0.799999999999975,-0.894848741422445,1.07258921981963));
#2857=CARTESIAN_POINT('',(-0.799999999999975,-1.01837869875361,1.00496177186215));
#2858=CARTESIAN_POINT('',(-0.799999999999975,-1.07418735859063,0.839661929361338));
#2859=CARTESIAN_POINT('',(-0.799999999999975,-1.07743407863988,0.754952771388054));
#2860=CARTESIAN_POINT('',(-0.899999999999943,-0.832871743597886,1.07259346110131));
#2861=CARTESIAN_POINT('',(-0.899999999999943,-0.894848741422445,1.07258921981963));
#2862=CARTESIAN_POINT('',(-0.899999999999943,-1.01837869875361,1.00496177186215));
#2863=CARTESIAN_POINT('',(-0.899999999999943,-1.07418735859063,0.839661929361338));
#2864=CARTESIAN_POINT('',(-0.899999999999943,-1.07743407863988,0.754952771388054));
#2865=CARTESIAN_POINT('',(-1.0,-0.832871743597886,1.07259346110131));
#2866=CARTESIAN_POINT('',(-1.0,-0.894848741422445,1.07258921981963));
#2867=CARTESIAN_POINT('',(-1.0,-1.01837869875361,1.00496177186215));
#2868=CARTESIAN_POINT('',(-1.0,-1.07418735859063,0.839661929361338));
#2869=CARTESIAN_POINT('',(-1.0,-1.07743407863988,0.754952771388054));
#2870=CARTESIAN_POINT('',(-1.09999999999998,-0.832871743597886,1.07259346110131));
#2871=CARTESIAN_POINT('',(-1.09999999999998,-0.894848741422445,1.07258921981963));
#2872=CARTESIAN_POINT('',(-1.09999999999998,-1.01837869875361,1.00496177186215));
#2873=CARTESIAN_POINT('',(-1.09999999999998,-1.07418735859063,0.839661929361338));
#2874=CARTESIAN_POINT('',(-1.09999999999998,-1.07743407863988,0.754952771388054));
#2875=DRAUGHTING_PRE_DEFINED_CURVE_FONT('continuous');
#2876=COLOUR_RGB('',0.274509996175766,0.274509996175766,0.274509996175766);
#2877=CARTESIAN_POINT('',(1.42409751499851,-0.68680899856963,1.35981264727985));
#2878=CARTESIAN_POINT('',(1.44999862182192,-0.724269415634263,1.07345646278717));
#2879=VECTOR('',#4940,0.289955194087891);
#2880=DRAUGHTING_PRE_DEFINED_CURVE_FONT('continuous');
#2881=COLOUR_RGB('',0.274509996175766,0.274509996175766,0.274509996175766);
#2882=CARTESIAN_POINT('',(1.37538771827883,-0.799992801781566,0.867994253344263));
#2883=VECTOR('',#4941,0.711245965003235);
#2884=DRAUGHTING_PRE_DEFINED_CURVE_FONT('continuous');
#2885=COLOUR_RGB('',0.274509996175766,0.274509996175766,0.274509996175766);
#2886=CARTESIAN_POINT('',(1.31185356509699,-0.633071252067788,0.0807134783687309));
#2887=VECTOR('',#4942,2.62370713019295);
#2888=DRAUGHTING_PRE_DEFINED_CURVE_FONT('continuous');
#2889=COLOUR_RGB('',1.0,1.0,1.0);
#2890=CARTESIAN_POINT('',(-0.799999999999975,-0.799999999999976,0.871483779792338));
#2891=CARTESIAN_POINT('',(-1.09999999999998,-0.799999999999976,0.871483779792338));
#2892=VECTOR('',#4943,0.299999999999999);
#2893=DRAUGHTING_PRE_DEFINED_CURVE_FONT('continuous');
#2894=COLOUR_RGB('',1.0,1.0,1.0);
#2895=CARTESIAN_POINT('',(-0.149999999999975,-0.930696677614679,0.744427503906978));
#2896=CARTESIAN_POINT('',(-0.149999999999975,-0.946278253840154,0.337504546090625));
#2897=CARTESIAN_POINT('',(-0.149999999999975,-0.930696677614679,0.744427503906978));
#2898=VECTOR('',#4944,0.40722116732293);
#2899=DRAUGHTING_PRE_DEFINED_CURVE_FONT('continuous');
#2900=COLOUR_RGB('',1.0,1.0,1.0);
#2901=CARTESIAN_POINT('',(0.150000000000025,-0.930696677614679,0.744427503906978));
#2902=AXIS2_PLACEMENT_3D('',#4945,#4946,#4947);
#2903=DRAUGHTING_PRE_DEFINED_CURVE_FONT('continuous');
#2904=COLOUR_RGB('',1.0,1.0,1.0);
#2905=AXIS2_PLACEMENT_3D('',#4948,#4949,#4950);
#2906=SURFACE_SIDE_STYLE('',(#4951));
#2907=EDGE_LOOP('',(#4952,#4953,#4954,#4955));
#2908=CARTESIAN_POINT('',(1.10000000000003,0.930696677614725,0.744422973713802));
#2909=CARTESIAN_POINT('',(1.10000000000003,0.929397989594997,0.778306636903285));
#2910=CARTESIAN_POINT('',(1.10000000000003,0.907074525660195,0.844426573903428));
#2911=CARTESIAN_POINT('',(1.10000000000003,0.857662542727867,0.871477553086432));
#2912=CARTESIAN_POINT('',(1.10000000000003,0.832871743597929,0.87147924959916));
#2913=CARTESIAN_POINT('',(0.999999999999838,0.930696677614725,0.744422973713802));
#2914=CARTESIAN_POINT('',(0.999999999999838,0.929397989594997,0.778306636903285));
#2915=CARTESIAN_POINT('',(0.999999999999838,0.907074525660195,0.844426573903428));
#2916=CARTESIAN_POINT('',(0.999999999999838,0.857662542727867,0.871477553086432));
#2917=CARTESIAN_POINT('',(0.999999999999838,0.832871743597929,0.87147924959916));
#2918=CARTESIAN_POINT('',(0.900000000000212,0.930696677614725,0.744422973713802));
#2919=CARTESIAN_POINT('',(0.900000000000212,0.929397989594997,0.778306636903285));
#2920=CARTESIAN_POINT('',(0.900000000000212,0.907074525660195,0.844426573903428));
#2921=CARTESIAN_POINT('',(0.900000000000212,0.857662542727867,0.871477553086432));
#2922=CARTESIAN_POINT('',(0.900000000000212,0.832871743597929,0.87147924959916));
#2923=CARTESIAN_POINT('',(0.800000000000025,0.930696677614725,0.744422973713802));
#2924=CARTESIAN_POINT('',(0.800000000000025,0.929397989594997,0.778306636903285));
#2925=CARTESIAN_POINT('',(0.800000000000025,0.907074525660195,0.844426573903428));
#2926=CARTESIAN_POINT('',(0.800000000000025,0.857662542727867,0.871477553086432));
#2927=CARTESIAN_POINT('',(0.800000000000025,0.832871743597929,0.87147924959916));
#2928=SURFACE_SIDE_STYLE('',(#4956));
#2929=EDGE_LOOP('',(#4957,#4958,#4959,#4960));
#2930=CARTESIAN_POINT('',(-1.42410316323257,-0.686515110899301,1.35974374088903));
#2931=CARTESIAN_POINT('',(-1.42376594437551,-0.705996189099939,1.36431757155864));
#2932=CARTESIAN_POINT('',(-1.40711497767379,-0.744871940521599,1.3707817766762));
#2933=CARTESIAN_POINT('',(-1.36821057320689,-0.761510643805494,1.3682518004));
#2934=CARTESIAN_POINT('',(-1.34871513664009,-0.761847614301638,1.36508244608054));
#2935=CARTESIAN_POINT('',(-1.43294123002453,-0.699297486197198,1.2620322762007));
#2936=CARTESIAN_POINT('',(-1.43260400583412,-0.718778566962037,1.26660610391625));
#2937=CARTESIAN_POINT('',(-1.41595304979494,-0.75765431453888,1.27307031346375));
#2938=CARTESIAN_POINT('',(-1.37704863466549,-0.774293019104381,1.27054033571166));
#2939=CARTESIAN_POINT('',(-1.35755320343205,-0.774629989600525,1.2673709813922));
#2940=CARTESIAN_POINT('',(-1.44177929681559,-0.712079861496916,1.16432081151161));
#2941=CARTESIAN_POINT('',(-1.44144208862407,-0.731560942261753,1.16889464218122));
#2942=CARTESIAN_POINT('',(-1.42479110592815,-0.7704366911176,1.17535884730015));
#2943=CARTESIAN_POINT('',(-1.38588670678993,-0.787075391838187,1.17282887102213));
#2944=CARTESIAN_POINT('',(-1.36639127022311,-0.787412364898266,1.16965951670312));
#2945=CARTESIAN_POINT('',(-1.45061736360754,-0.724862236794813,1.06660934682328));
#2946=CARTESIAN_POINT('',(-1.45028014474938,-0.744343314995453,1.07118317749289));
#2947=CARTESIAN_POINT('',(-1.43362917804929,-0.783219066416981,1.07764738261068));
#2948=CARTESIAN_POINT('',(-1.39472477358187,-0.799857769701271,1.07511740633379));
#2949=CARTESIAN_POINT('',(-1.37522933701507,-0.800194740197151,1.07194805201479));
#2950=SURFACE_SIDE_STYLE('',(#4961));
#2951=EDGE_LOOP('',(#4962,#4963,#4964,#4965));
#2952=AXIS2_PLACEMENT_3D('',#4966,#4967,#4968);
#2953=SURFACE_SIDE_STYLE('',(#4969));
#2954=EDGE_LOOP('',(#4970,#4971,#4972,#4973));
#2955=CARTESIAN_POINT('',(-1.44998724624484,-0.722410562471179,1.07889187702067));
#2956=CARTESIAN_POINT('',(-1.4503566147392,-0.742722217983662,1.07889187702067));
#2957=CARTESIAN_POINT('',(-1.43406113857262,-0.783485837475274,1.07889187702067));
#2958=CARTESIAN_POINT('',(-1.39371236309254,-0.80021106126019,1.07889187702067));
#2959=CARTESIAN_POINT('',(-1.37354196547095,-0.79999567725066,1.07889187702067));
#2960=CARTESIAN_POINT('',(-1.44998724624484,-0.722410562471179,1.00679467725776));
#2961=CARTESIAN_POINT('',(-1.4503566147392,-0.742722217983662,1.00679467725776));
#2962=CARTESIAN_POINT('',(-1.43406113857262,-0.783485837475274,1.00679467725776));
#2963=CARTESIAN_POINT('',(-1.39371236309254,-0.80021106126019,1.00679467725776));
#2964=CARTESIAN_POINT('',(-1.37354196547095,-0.79999567725066,1.00679467725776));
#2965=CARTESIAN_POINT('',(-1.44998724624484,-0.722410562471179,0.934697477494161));
#2966=CARTESIAN_POINT('',(-1.4503566147392,-0.742722217983662,0.934697477494161));
#2967=CARTESIAN_POINT('',(-1.43406113857262,-0.783485837475274,0.934697477494161));
#2968=CARTESIAN_POINT('',(-1.39371236309254,-0.80021106126019,0.934697477494161));
#2969=CARTESIAN_POINT('',(-1.37354196547095,-0.79999567725066,0.934697477494161));
#2970=CARTESIAN_POINT('',(-1.44998724624484,-0.722410562471179,0.86260027773126));
#2971=CARTESIAN_POINT('',(-1.4503566147392,-0.742722217983662,0.86260027773126));
#2972=CARTESIAN_POINT('',(-1.43406113857262,-0.783485837475274,0.86260027773126));
#2973=CARTESIAN_POINT('',(-1.39371236309254,-0.80021106126019,0.86260027773126));
#2974=CARTESIAN_POINT('',(-1.37354196547095,-0.79999567725066,0.86260027773126));
#2975=SURFACE_SIDE_STYLE('',(#4974));
#2976=EDGE_LOOP('',(#4975,#4976,#4977,#4978));
#2977=CARTESIAN_POINT('',(0.800000000000025,1.17375737082239,0.0206758146440672));
#2978=CARTESIAN_POINT('',(0.800000000000025,1.11477412793664,0.0263249356665466));
#2979=CARTESIAN_POINT('',(0.800000000000025,1.00025910532429,0.0987135604052214));
#2980=CARTESIAN_POINT('',(0.800000000000025,0.949375699404531,0.256685531853898));
#2981=CARTESIAN_POINT('',(0.800000000000025,0.946278253840188,0.337500015897447));
#2982=CARTESIAN_POINT('',(0.899999999999993,1.17375737082239,0.0206758146440672));
#2983=CARTESIAN_POINT('',(0.899999999999993,1.11477412793664,0.0263249356665466));
#2984=CARTESIAN_POINT('',(0.899999999999993,1.00025910532429,0.0987135604052214));
#2985=CARTESIAN_POINT('',(0.899999999999993,0.949375699404531,0.256685531853898));
#2986=CARTESIAN_POINT('',(0.899999999999993,0.946278253840188,0.337500015897447));
#2987=CARTESIAN_POINT('',(1.00000000000006,1.17375737082239,0.0206758146440672));
#2988=CARTESIAN_POINT('',(1.00000000000006,1.11477412793664,0.0263249356665466));
#2989=CARTESIAN_POINT('',(1.00000000000006,1.00025910532429,0.0987135604052214));
#2990=CARTESIAN_POINT('',(1.00000000000006,0.949375699404531,0.256685531853898));
#2991=CARTESIAN_POINT('',(1.00000000000006,0.946278253840188,0.337500015897447));
#2992=CARTESIAN_POINT('',(1.10000000000003,1.17375737082239,0.0206758146440672));
#2993=CARTESIAN_POINT('',(1.10000000000003,1.11477412793664,0.0263249356665466));
#2994=CARTESIAN_POINT('',(1.10000000000003,1.00025910532429,0.0987135604052214));
#2995=CARTESIAN_POINT('',(1.10000000000003,0.949375699404531,0.256685531853898));
#2996=CARTESIAN_POINT('',(1.10000000000003,0.946278253840188,0.337500015897447));
#2997=DRAUGHTING_PRE_DEFINED_CURVE_FONT('continuous');
#2998=COLOUR_RGB('',0.274509996175766,0.274509996175766,0.274509996175766);
#2999=CARTESIAN_POINT('',(1.37538723513794,-0.799991521173504,0.867984817288992));
#3000=CARTESIAN_POINT('',(1.39495667422037,-0.799695103845947,0.865758612566002));
#3001=CARTESIAN_POINT('',(1.43361365141449,-0.783159885586519,0.864246401632854));
#3002=CARTESIAN_POINT('',(1.44985340137331,-0.744046138947472,0.866488319160428));
#3003=CARTESIAN_POINT('',(1.44999734593049,-0.724269027401603,0.868020441818017));
#3004=DRAUGHTING_PRE_DEFINED_CURVE_FONT('continuous');
#3005=COLOUR_RGB('',1.0,1.0,1.0);
#3006=CARTESIAN_POINT('',(1.10000000000003,-1.38975006916424,5.66291734505064E-007));
#3007=VECTOR('',#4979,0.216979656071906);
#3008=DRAUGHTING_PRE_DEFINED_CURVE_FONT('continuous');
#3009=COLOUR_RGB('',1.0,1.0,1.0);
#3010=CARTESIAN_POINT('',(0.150000000000025,-1.07743407863986,0.754952771388075));
#3011=CARTESIAN_POINT('',(0.150000000000025,-1.07743407863986,0.754952771388075));
#3012=VECTOR('',#4980,0.40722116732293);
#3013=SURFACE_SIDE_STYLE('',(#4981));
#3014=EDGE_LOOP('',(#4982,#4983,#4984,#4985));
#3015=AXIS2_PLACEMENT_3D('',#4986,#4987,#4988);
#3016=DRAUGHTING_PRE_DEFINED_CURVE_FONT('continuous');
#3017=COLOUR_RGB('',0.274509996175766,0.274509996175766,0.274509996175766);
#3018=CARTESIAN_POINT('',(1.34900924091793,-0.68680899856963,1.44999313026338));
#3019=CARTESIAN_POINT('',(-1.34900924091791,-0.68680899856963,1.44999313026338));
#3020=VECTOR('',#4989,2.69801848183582);
#3021=DRAUGHTING_PRE_DEFINED_CURVE_FONT('continuous');
#3022=COLOUR_RGB('',1.0,1.0,1.0);
#3023=CARTESIAN_POINT('',(1.10000000000003,0.800000000000022,0.87147924959916));
#3024=CARTESIAN_POINT('',(1.10000000000003,0.800000000000022,1.07258893090813));
#3025=CARTESIAN_POINT('',(1.10000000000003,0.800000000000022,0.87147924959916));
#3026=VECTOR('',#4990,0.201109681308969);
#3027=DRAUGHTING_PRE_DEFINED_CURVE_FONT('continuous');
#3028=COLOUR_RGB('',1.0,1.0,1.0);
#3029=CARTESIAN_POINT('',(-1.09999999999997,1.07743407863989,0.754945976117626));
#3030=AXIS2_PLACEMENT_3D('',#4991,#4992,#4993);
#3031=DRAUGHTING_PRE_DEFINED_CURVE_FONT('continuous');
#3032=COLOUR_RGB('',1.0,1.0,1.0);
#3033=CARTESIAN_POINT('',(1.10000000000003,0.832871743597929,0.87147924959916));
#3034=CARTESIAN_POINT('',(1.10000000000003,0.832871743597929,0.87147924959916));
#3035=VECTOR('',#4994,0.0328717435979074);
#3036=DRAUGHTING_PRE_DEFINED_CURVE_FONT('continuous');
#3037=COLOUR_RGB('',0.274509996175766,0.274509996175766,0.274509996175766);
#3038=CARTESIAN_POINT('',(1.34900924091793,-0.761841970227533,1.36513012509138));
#3039=AXIS2_PLACEMENT_3D('',#4995,#4996,#4997);
#3040=DRAUGHTING_PRE_DEFINED_CURVE_FONT('continuous');
#3041=COLOUR_RGB('',0.274509996175766,0.274509996175766,0.274509996175766);
#3042=AXIS2_PLACEMENT_3D('',#4998,#4999,#5000);
#3043=DRAUGHTING_PRE_DEFINED_CURVE_FONT('continuous');
#3044=COLOUR_RGB('',1.0,1.0,1.0);
#3045=CARTESIAN_POINT('',(-0.799999999999975,-1.18400730165824,0.221300133070293));
#3046=CARTESIAN_POINT('',(-0.799999999999975,-1.4,0.200628282353178));
#3047=CARTESIAN_POINT('',(-0.799999999999975,-1.18400730165824,0.221300133070293));
#3048=VECTOR('',#5001,0.216979656071906);
#3049=DRAUGHTING_PRE_DEFINED_CURVE_FONT('continuous');
#3050=COLOUR_RGB('',0.274509996175766,0.274509996175766,0.274509996175766);
#3051=CARTESIAN_POINT('',(1.31185356509699,0.63307125206783,0.0807134783687309));
#3052=AXIS2_PLACEMENT_3D('',#5002,#5003,#5004);
#3053=DRAUGHTING_PRE_DEFINED_CURVE_FONT('continuous');
#3054=COLOUR_RGB('',1.0,1.0,1.0);
#3055=AXIS2_PLACEMENT_3D('',#5005,#5006,#5007);
#3056=DRAUGHTING_PRE_DEFINED_CURVE_FONT('continuous');
#3057=COLOUR_RGB('',1.0,1.0,1.0);
#3058=CARTESIAN_POINT('',(0.800000000000025,1.07743407863989,0.754948241194897));
#3059=CARTESIAN_POINT('',(0.800000000000025,0.832871743597929,1.07258893090813));
#3060=AXIS2_PLACEMENT_3D('',#5008,#5009,#5010);
#3061=DRAUGHTING_PRE_DEFINED_CURVE_FONT('continuous');
#3062=COLOUR_RGB('',1.0,1.0,1.0);
#3063=CARTESIAN_POINT('',(-1.09999999999998,-1.17375737082237,0.0206803448372537));
#3064=VECTOR('',#5011,0.299999999999999);
#3065=DRAUGHTING_PRE_DEFINED_CURVE_FONT('continuous');
#3066=COLOUR_RGB('',0.274509996175766,0.274509996175766,0.274509996175766);
#3067=AXIS2_PLACEMENT_3D('',#5012,#5013,#5014);
#3068=DRAUGHTING_PRE_DEFINED_CURVE_FONT('continuous');
#3069=COLOUR_RGB('',0.274509996175766,0.274509996175766,0.274509996175766);
#3070=CARTESIAN_POINT('',(1.44999862182192,0.724269415634305,1.07345646278717));
#3071=VECTOR('',#5015,0.289955194087891);
#3072=DRAUGHTING_PRE_DEFINED_CURVE_FONT('continuous');
#3073=COLOUR_RGB('',1.0,1.0,1.0);
#3074=CARTESIAN_POINT('',(-1.09999999999998,-0.946278253840154,0.337504546090625));
#3075=VECTOR('',#5016,0.299999999999999);
#3076=DRAUGHTING_PRE_DEFINED_CURVE_FONT('continuous');
#3077=COLOUR_RGB('',0.274509996175766,0.274509996175766,0.274509996175766);
#3078=CARTESIAN_POINT('',(1.3869418391776,-0.633071252067788,0.170893961352092));
#3079=CARTESIAN_POINT('',(1.3869418391776,0.63307125206783,0.170893961352092));
#3080=VECTOR('',#5017,1.26614250413587);
#3081=DRAUGHTING_PRE_DEFINED_CURVE_FONT('continuous');
#3082=COLOUR_RGB('',0.274509996175766,0.274509996175766,0.274509996175766);
#3083=AXIS2_PLACEMENT_3D('',#5018,#5019,#5020);
#3084=DRAUGHTING_PRE_DEFINED_CURVE_FONT('continuous');
#3085=COLOUR_RGB('',1.0,1.0,1.0);
#3086=CARTESIAN_POINT('',(0.150000000000025,-1.18400730165824,0.221300133070294));
#3087=AXIS2_PLACEMENT_3D('',#5021,#5022,#5023);
#3088=DRAUGHTING_PRE_DEFINED_CURVE_FONT('continuous');
#3089=COLOUR_RGB('',0.274509996175766,0.274509996175766,0.274509996175766);
#3090=CARTESIAN_POINT('',(1.3748677721829,-0.799996400890772,1.0734687384243));
#3091=CARTESIAN_POINT('',(1.37538771827883,-0.799992801781566,1.07349625085625));
#3092=VECTOR('',#5024,0.295299215402837);
#3093=DRAUGHTING_PRE_DEFINED_CURVE_FONT('continuous');
#3094=COLOUR_RGB('',1.0,1.0,1.0);
#3095=CARTESIAN_POINT('',(0.800000000000025,-0.930696677614679,0.744419576078575));
#3096=CARTESIAN_POINT('',(0.800000000000025,-0.930696677614679,0.744419576078575));
#3097=VECTOR('',#5025,0.40722116732293);
#3098=DRAUGHTING_PRE_DEFINED_CURVE_FONT('continuous');
#3099=COLOUR_RGB('',1.0,1.0,1.0);
#3100=CARTESIAN_POINT('',(1.10000000000003,1.09301565486538,0.348025283378446));
#3101=VECTOR('',#5026,0.299999999999999);
#3102=SURFACE_SIDE_STYLE('',(#5027));
#3103=EDGE_LOOP('',(#5028,#5029,#5030));
#3104=CARTESIAN_POINT('',(1.34830073255569,-0.761996865812119,1.36387472003855));
#3105=CARTESIAN_POINT('',(1.3481565735241,-0.759085879462224,1.38784266431023));
#3106=CARTESIAN_POINT('',(1.3479930370038,-0.74011467148766,1.43275403235923));
#3107=CARTESIAN_POINT('',(1.3481557074689,-0.70403205246433,1.45023327823624));
#3108=CARTESIAN_POINT('',(1.34829953727018,-0.686014414481005,1.44998302612133));
#3109=CARTESIAN_POINT('',(1.36265305079008,-0.76211119825126,1.36405837753809));
#3110=CARTESIAN_POINT('',(1.36542913367431,-0.759223474363122,1.3880636902667));
#3111=CARTESIAN_POINT('',(1.3685783735199,-0.740278657094581,1.43301744974703));
#3112=CARTESIAN_POINT('',(1.36544580964201,-0.704169787975165,1.45045452889054));
#3113=CARTESIAN_POINT('',(1.36267606851271,-0.68612893980393,1.4501669934594));
#3114=CARTESIAN_POINT('',(1.39140377760122,-0.755022113523737,1.3526708519297));
#3115=CARTESIAN_POINT('',(1.40002972489495,-0.750691985912992,1.37435916317441));
#3116=CARTESIAN_POINT('',(1.40981514780006,-0.730110879058686,1.41668447666004));
#3117=CARTESIAN_POINT('',(1.40008154696969,-0.695629633029954,1.43673608259844));
#3118=CARTESIAN_POINT('',(1.39147529909546,-0.679027895471318,1.43876025658188));
#3119=CARTESIAN_POINT('',(1.40499875909948,-0.737155650309017,1.32397112337109));
#3120=CARTESIAN_POINT('',(1.41639085367743,-0.729190263035198,1.33981994930583));
#3121=CARTESIAN_POINT('',(1.42931424607054,-0.704485253616877,1.37552084597378));
#3122=CARTESIAN_POINT('',(1.41645929409584,-0.674106070534375,1.40216178484561));
#3123=CARTESIAN_POINT('',(1.40509321593998,-0.661131290727499,1.41001211028782));
#3124=CARTESIAN_POINT('',(1.40616694652507,-0.72789463598603,1.30909472651268));
#3125=CARTESIAN_POINT('',(1.41779673088205,-0.718044925019148,1.32191667559444));
#3126=CARTESIAN_POINT('',(1.43098976120911,-0.691202306749652,1.35418383218917));
#3127=CARTESIAN_POINT('',(1.4178665984591,-0.662949412649784,1.38424032837522));
#3128=CARTESIAN_POINT('',(1.40626337415074,-0.651854652656086,1.39511061627724));
#3129=DRAUGHTING_PRE_DEFINED_CURVE_FONT('continuous');
#3130=COLOUR_RGB('',1.0,1.0,1.0);
#3131=CARTESIAN_POINT('',(-0.149999999999975,-1.18400730165824,0.221300133070294));
#3132=VECTOR('',#5031,0.216979656071906);
#3133=DRAUGHTING_PRE_DEFINED_CURVE_FONT('continuous');
#3134=COLOUR_RGB('',1.0,1.0,1.0);
#3135=CARTESIAN_POINT('',(-1.09999999999998,-1.38975006916424,8.49412013737005E-006));
#3136=VECTOR('',#5032,0.299999999999999);
#3137=DRAUGHTING_PRE_DEFINED_CURVE_FONT('continuous');
#3138=COLOUR_RGB('',1.0,1.0,1.0);
#3139=CARTESIAN_POINT('',(1.10000000000003,-1.18400730165824,0.221292205241891));
#3140=CARTESIAN_POINT('',(1.10000000000003,-1.18400730165824,0.221292205241891));
#3141=VECTOR('',#5033,0.216979656071906);
#3142=SURFACE_SIDE_STYLE('',(#5034));
#3143=EDGE_LOOP('',(#5035,#5036,#5037,#5038,#5039,#5040,#5041,#5042,#5043,#5044,#5045,#5046));
#3144=AXIS2_PLACEMENT_3D('',#5047,#5048,#5049);
#3145=DRAUGHTING_PRE_DEFINED_CURVE_FONT('continuous');
#3146=COLOUR_RGB('',1.0,1.0,1.0);
#3147=CARTESIAN_POINT('',(-1.09999999999998,-1.4,0.200628282353178));
#3148=VECTOR('',#5050,0.299999999999999);
#3149=DRAUGHTING_PRE_DEFINED_CURVE_FONT('continuous');
#3150=COLOUR_RGB('',1.0,1.0,1.0);
#3151=CARTESIAN_POINT('',(-0.149999999999975,-0.930696677614679,0.744427503906978));
#3152=VECTOR('',#5051,0.299999999999999);
#3153=DRAUGHTING_PRE_DEFINED_CURVE_FONT('continuous');
#3154=COLOUR_RGB('',1.0,1.0,1.0);
#3155=CARTESIAN_POINT('',(-0.799999999999975,-1.4,0.200628282353178));
#3156=VECTOR('',#5052,0.200881458857729);
#3157=DRAUGHTING_PRE_DEFINED_CURVE_FONT('continuous');
#3158=COLOUR_RGB('',1.0,1.0,1.0);
#3159=CARTESIAN_POINT('',(-1.09999999999997,0.832871743597929,0.871476984521888));
#3160=CARTESIAN_POINT('',(-1.09999999999997,0.832871743597929,0.871476984521888));
#3161=VECTOR('',#5053,0.0328717435979074);
#3162=DRAUGHTING_PRE_DEFINED_CURVE_FONT('continuous');
#3163=COLOUR_RGB('',1.0,1.0,1.0);
#3164=CARTESIAN_POINT('',(0.800000000000025,0.800000000000022,1.07258893090813));
#3165=VECTOR('',#5054,0.0328717435979074);
#3166=DRAUGHTING_PRE_DEFINED_CURVE_FONT('continuous');
#3167=COLOUR_RGB('',1.0,1.0,1.0);
#3168=CARTESIAN_POINT('',(-0.799999999999975,1.07743407863989,0.754945976117626));
#3169=CARTESIAN_POINT('',(-0.799999999999975,1.07743407863989,0.754945976117626));
#3170=VECTOR('',#5055,0.299999999999999);
#3171=DRAUGHTING_PRE_DEFINED_CURVE_FONT('continuous');
#3172=COLOUR_RGB('',0.274509996175766,0.274509996175766,0.274509996175766);
#3173=CARTESIAN_POINT('',(1.34900924091793,0.761841970227574,1.36513012509138));
#3174=VECTOR('',#5056,2.69801848183582);
#3175=DRAUGHTING_PRE_DEFINED_CURVE_FONT('continuous');
#3176=COLOUR_RGB('',1.0,1.0,1.0);
#3177=CARTESIAN_POINT('',(0.150000000000025,-0.946278253840154,0.337504546090625));
#3178=CARTESIAN_POINT('',(-0.149999999999975,-0.946278253840154,0.337504546090625));
#3179=VECTOR('',#5057,0.299999999999999);
#3180=DRAUGHTING_PRE_DEFINED_CURVE_FONT('continuous');
#3181=COLOUR_RGB('',1.0,1.0,1.0);
#3182=CARTESIAN_POINT('',(0.150000000000025,-0.832871743597886,1.07259346110131));
#3183=AXIS2_PLACEMENT_3D('',#5058,#5059,#5060);
#3184=DRAUGHTING_PRE_DEFINED_CURVE_FONT('continuous');
#3185=COLOUR_RGB('',1.0,1.0,1.0);
#3186=CARTESIAN_POINT('',(-0.799999999999975,-0.832871743597886,0.871483779792338));
#3187=CARTESIAN_POINT('',(-0.799999999999975,-0.930696677614679,0.744427503906978));
#3188=AXIS2_PLACEMENT_3D('',#5061,#5062,#5063);
#3189=SURFACE_SIDE_STYLE('',(#5064));
#3190=EDGE_LOOP('',(#5065,#5066,#5067,#5068));
#3191=EDGE_LOOP('',(#5069,#5070,#5071,#5072));
#3192=EDGE_LOOP('',(#5073,#5074,#5075,#5076));
#3193=AXIS2_PLACEMENT_3D('',#5077,#5078,#5079);
#3194=DRAUGHTING_PRE_DEFINED_CURVE_FONT('continuous');
#3195=COLOUR_RGB('',1.0,1.0,1.0);
#3196=CARTESIAN_POINT('',(1.10000000000003,1.4,0.200623752160001));
#3197=CARTESIAN_POINT('',(0.800000000000025,1.4,0.200623752160001));
#3198=CARTESIAN_POINT('',(1.10000000000003,1.4,0.200623752160001));
#3199=VECTOR('',#5080,0.299999999999999);
#3200=SURFACE_SIDE_STYLE('',(#5081));
#3201=EDGE_LOOP('',(#5082,#5083,#5084,#5085,#5086,#5087,#5088,#5089,#5090,#5091,#5092,#5093));
#3202=AXIS2_PLACEMENT_3D('',#5094,#5095,#5096);
#3203=SURFACE_SIDE_STYLE('',(#5097));
#3204=EDGE_LOOP('',(#5098,#5099,#5100,#5101));
#3205=AXIS2_PLACEMENT_3D('',#5102,#5103,#5104);
#3206=DRAUGHTING_PRE_DEFINED_CURVE_FONT('continuous');
#3207=COLOUR_RGB('',1.0,1.0,1.0);
#3208=CARTESIAN_POINT('',(1.10000000000003,0.832871743597929,1.07258893090813));
#3209=CARTESIAN_POINT('',(1.10000000000003,0.832871743597929,1.07258893090813));
#3210=VECTOR('',#5105,0.299999999999999);
#3211=SURFACE_SIDE_STYLE('',(#5106));
#3212=EDGE_LOOP('',(#5107,#5108,#5109,#5110));
#3213=AXIS2_PLACEMENT_3D('',#5111,#5112,#5113);
#3214=DRAUGHTING_PRE_DEFINED_CURVE_FONT('continuous');
#3215=COLOUR_RGB('',0.274509996175766,0.274509996175766,0.274509996175766);
#3216=CARTESIAN_POINT('',(-1.37434782608695,0.80000000000002,1.07344122599235));
#3217=VECTOR('',#5114,0.205391947784197);
#3218=DRAUGHTING_PRE_DEFINED_CURVE_FONT('continuous');
#3219=COLOUR_RGB('',0.274509996175766,0.274509996175766,0.274509996175766);
#3220=CARTESIAN_POINT('',(-1.37538723503416,-0.799991521175069,0.867984815564038));
#3221=CARTESIAN_POINT('',(-1.39495840323806,-0.7996950776849,0.865758322856057));
#3222=CARTESIAN_POINT('',(-1.43361432729295,-0.783161005648289,0.86424642695581));
#3223=CARTESIAN_POINT('',(-1.44985344051707,-0.744040764668869,0.866488599499767));
#3224=CARTESIAN_POINT('',(-1.44999734593122,-0.724269027297383,0.868020439276954));
#3225=DRAUGHTING_PRE_DEFINED_CURVE_FONT('continuous');
#3226=COLOUR_RGB('',1.0,1.0,1.0);
#3227=CARTESIAN_POINT('',(-0.799999999999975,0.832871743597929,0.871476984521888));
#3228=CARTESIAN_POINT('',(-0.799999999999975,0.832871743597929,0.871476984521888));
#3229=VECTOR('',#5115,0.299999999999999);
#3230=DRAUGHTING_PRE_DEFINED_CURVE_FONT('continuous');
#3231=COLOUR_RGB('',1.0,1.0,1.0);
#3232=CARTESIAN_POINT('',(0.800000000000025,1.4,0.200623752160001));
#3233=VECTOR('',#5116,0.200881458857729);
#3234=DRAUGHTING_PRE_DEFINED_CURVE_FONT('continuous');
#3235=COLOUR_RGB('',0.274509996175766,0.274509996175766,0.274509996175766);
#3236=CARTESIAN_POINT('',(-1.37538771827879,-0.799992801781566,0.867994253344263));
#3237=VECTOR('',#5117,0.711245965003235);
#3238=DRAUGHTING_PRE_DEFINED_CURVE_FONT('continuous');
#3239=COLOUR_RGB('',1.0,1.0,1.0);
#3240=CARTESIAN_POINT('',(0.800000000000025,0.832871743597929,0.87147924959916));
#3241=CARTESIAN_POINT('',(1.10000000000003,0.832871743597929,0.87147924959916));
#3242=VECTOR('',#5118,0.299999999999999);
#3243=SURFACE_SIDE_STYLE('',(#5119));
#3244=EDGE_LOOP('',(#5120,#5121,#5122));
#3245=CARTESIAN_POINT('',(1.3111450567348,0.708259119310312,0.166831888593497));
#3246=CARTESIAN_POINT('',(1.3110008977042,0.70534813296042,0.142863944322113));
#3247=CARTESIAN_POINT('',(1.3108373611824,0.68637692498584,0.0979525762727338));
#3248=CARTESIAN_POINT('',(1.311000031648,0.65029430596253,0.0804733303958682));
#3249=CARTESIAN_POINT('',(1.31114386144927,0.632276667979214,0.0807235825107705));
#3250=CARTESIAN_POINT('',(1.32549737496864,0.708373451748691,0.166648231094268));
#3251=CARTESIAN_POINT('',(1.32827345660412,0.705485728461404,0.142642916981545));
#3252=CARTESIAN_POINT('',(1.33142269832495,0.686540910593141,0.0976891599241131));
#3253=CARTESIAN_POINT('',(1.32829013382057,0.650432040872515,0.0802520790496557));
#3254=CARTESIAN_POINT('',(1.32552039269125,0.632391193302137,0.0805396151730028));
#3255=CARTESIAN_POINT('',(1.35424810178056,0.70128436702218,0.178035756702223));
#3256=CARTESIAN_POINT('',(1.36287404969692,0.696954240012165,0.156347445803485));
#3257=CARTESIAN_POINT('',(1.37265947166752,0.676373132255557,0.114022131451969));
#3258=CARTESIAN_POINT('',(1.36292587114804,0.64189188652875,0.0939705267262947));
#3259=CARTESIAN_POINT('',(1.3543196232748,0.625290148969523,0.0919463520500915));
#3260=CARTESIAN_POINT('',(1.36784308327858,0.683417903807464,0.206735485260976));
#3261=CARTESIAN_POINT('',(1.37923517785604,0.67545251473134,0.190886660018443));
#3262=CARTESIAN_POINT('',(1.39215857024983,0.650747507716824,0.155185762658849));
#3263=CARTESIAN_POINT('',(1.37930361827491,0.620368324633195,0.128544823094282));
#3264=CARTESIAN_POINT('',(1.36793754011902,0.607393544225716,0.120694498344271));
#3265=CARTESIAN_POINT('',(1.36901127070417,0.674156889484228,0.221611882119368));
#3266=CARTESIAN_POINT('',(1.38064105506065,0.664307178517591,0.208789933037616));
#3267=CARTESIAN_POINT('',(1.39383408538841,0.637464560247867,0.176522776442871));
#3268=CARTESIAN_POINT('',(1.38071092263814,0.609211666147765,0.146466280256847));
#3269=CARTESIAN_POINT('',(1.36910769832983,0.59811690615431,0.135595992354841));
#3270=SURFACE_SIDE_STYLE('',(#5123));
#3271=EDGE_LOOP('',(#5124,#5125,#5126,#5127));
#3272=AXIS2_PLACEMENT_3D('',#5128,#5129,#5130);
#3273=DRAUGHTING_PRE_DEFINED_CURVE_FONT('continuous');
#3274=COLOUR_RGB('',0.274509996175766,0.274509996175766,0.274509996175766);
#3275=CARTESIAN_POINT('',(1.34900924091793,-0.68680899856963,1.44999313026338));
#3276=VECTOR('',#5131,1.37361799713904);
#3277=SURFACE_SIDE_STYLE('',(#5132));
#3278=EDGE_LOOP('',(#5133,#5134,#5135,#5136,#5137,#5138,#5139,#5140,#5141,#5142,#5143,#5144));
#3279=AXIS2_PLACEMENT_3D('',#5145,#5146,#5147);
#3280=DRAUGHTING_PRE_DEFINED_CURVE_FONT('continuous');
#3281=COLOUR_RGB('',1.0,1.0,1.0);
#3282=CARTESIAN_POINT('',(-1.09999999999997,1.18400730165826,0.221293337799846));
#3283=CARTESIAN_POINT('',(-1.09999999999997,1.09301565486538,0.348023018301175));
#3284=AXIS2_PLACEMENT_3D('',#5148,#5149,#5150);
#3285=DRAUGHTING_PRE_DEFINED_CURVE_FONT('continuous');
#3286=COLOUR_RGB('',1.0,1.0,1.0);
#3287=CARTESIAN_POINT('',(0.150000000000025,-1.4,0.200628282353178));
#3288=VECTOR('',#5151,0.200881458857729);
#3289=DRAUGHTING_PRE_DEFINED_CURVE_FONT('continuous');
#3290=COLOUR_RGB('',1.0,1.0,1.0);
#3291=CARTESIAN_POINT('',(-1.09999999999998,-0.930696677614679,0.744427503906978));
#3292=VECTOR('',#5152,0.299999999999999);
#3293=DRAUGHTING_PRE_DEFINED_CURVE_FONT('continuous');
#3294=COLOUR_RGB('',1.0,1.0,1.0);
#3295=AXIS2_PLACEMENT_3D('',#5153,#5154,#5155);
#3296=DRAUGHTING_PRE_DEFINED_CURVE_FONT('continuous');
#3297=COLOUR_RGB('',1.0,1.0,1.0);
#3298=CARTESIAN_POINT('',(1.10000000000003,0.930696677614714,0.7444229737138));
#3299=CARTESIAN_POINT('',(1.10000000000003,0.930696677614714,0.7444229737138));
#3300=VECTOR('',#5156,0.299999999999999);
#3301=DRAUGHTING_PRE_DEFINED_CURVE_FONT('continuous');
#3302=COLOUR_RGB('',0.274509996175766,0.274509996175766,0.274509996175766);
#3303=CARTESIAN_POINT('',(1.44999862182192,-0.724269415634263,0.868034041413337));
#3304=VECTOR('',#5157,0.705901943688187);
#3305=DRAUGHTING_PRE_DEFINED_CURVE_FONT('continuous');
#3306=COLOUR_RGB('',1.0,1.0,1.0);
#3307=CARTESIAN_POINT('',(-0.149999999999975,-0.832871743597886,1.07259346110131));
#3308=VECTOR('',#5158,0.299999999999999);
#3309=SURFACE_SIDE_STYLE('',(#5159));
#3310=EDGE_LOOP('',(#5160,#5161,#5162,#5163));
#3311=CARTESIAN_POINT('',(1.37354196547124,-0.799995677250663,1.07889022646996));
#3312=CARTESIAN_POINT('',(1.39371236309272,-0.800211061260191,1.07889022646996));
#3313=CARTESIAN_POINT('',(1.43406113857257,-0.78348583747519,1.07889022646996));
#3314=CARTESIAN_POINT('',(1.45035661473924,-0.742722217983828,1.07889022646996));
#3315=CARTESIAN_POINT('',(1.44998724624488,-0.722410562471429,1.07889022646996));
#3316=CARTESIAN_POINT('',(1.37354196547124,-0.799995677250663,1.00679302670668));
#3317=CARTESIAN_POINT('',(1.39371236309272,-0.800211061260191,1.00679302670668));
#3318=CARTESIAN_POINT('',(1.43406113857257,-0.78348583747519,1.00679302670668));
#3319=CARTESIAN_POINT('',(1.45035661473924,-0.742722217983828,1.00679302670668));
#3320=CARTESIAN_POINT('',(1.44998724624488,-0.722410562471429,1.00679302670668));
#3321=CARTESIAN_POINT('',(1.37354196547124,-0.799995677250663,0.934695826943462));
#3322=CARTESIAN_POINT('',(1.39371236309272,-0.800211061260191,0.934695826943462));
#3323=CARTESIAN_POINT('',(1.43406113857257,-0.78348583747519,0.934695826943462));
#3324=CARTESIAN_POINT('',(1.45035661473924,-0.742722217983828,0.934695826943462));
#3325=CARTESIAN_POINT('',(1.44998724624488,-0.722410562471429,0.934695826943462));
#3326=CARTESIAN_POINT('',(1.37354196547124,-0.799995677250663,0.862598627180179));
#3327=CARTESIAN_POINT('',(1.39371236309272,-0.800211061260191,0.862598627180179));
#3328=CARTESIAN_POINT('',(1.43406113857257,-0.78348583747519,0.862598627180179));
#3329=CARTESIAN_POINT('',(1.45035661473924,-0.742722217983828,0.862598627180179));
#3330=CARTESIAN_POINT('',(1.44998724624488,-0.722410562471429,0.862598627180179));
#3331=SURFACE_SIDE_STYLE('',(#5164));
#3332=EDGE_LOOP('',(#5165,#5166,#5167,#5168));
#3333=CARTESIAN_POINT('',(-1.38694747238137,0.63277823490894,0.170962663355073));
#3334=CARTESIAN_POINT('',(-1.38661003245046,0.652259023811246,0.1663889382904));
#3335=CARTESIAN_POINT('',(-1.3699591290845,0.691134021378243,0.159924901783818));
#3336=CARTESIAN_POINT('',(-1.33105547902623,0.707772661374512,0.162454767358804));
#3337=CARTESIAN_POINT('',(-1.31156033197186,0.708109852780996,0.165624020919813));
#3338=CARTESIAN_POINT('',(-1.40817072959671,0.663473141982186,0.4056017080139));
#3339=CARTESIAN_POINT('',(-1.4078332896658,0.682953924727055,0.401027975855624));
#3340=CARTESIAN_POINT('',(-1.39118239270946,0.721828931527835,0.394563949986457));
#3341=CARTESIAN_POINT('',(-1.352278723442,0.738467568447758,0.397093812017463));
#3342=CARTESIAN_POINT('',(-1.33278358919458,0.738804759854242,0.400263065578469));
#3343=CARTESIAN_POINT('',(-1.4293939868322,0.694168049052683,0.640240752674038));
#3344=CARTESIAN_POINT('',(-1.42905652128845,0.713648844112426,0.635667029382613));
#3345=CARTESIAN_POINT('',(-1.41240566273902,0.752523829366923,0.629202990218995));
#3346=CARTESIAN_POINT('',(-1.37350198066265,0.769162481675691,0.631732856678245));
#3347=CARTESIAN_POINT('',(-1.35400684641526,0.76949966692474,0.634902110238949));
#3348=CARTESIAN_POINT('',(-1.45061724404752,0.724862956125929,0.874879797332864));
#3349=CARTESIAN_POINT('',(-1.45027980411769,0.744343745028236,0.870306072268037));
#3350=CARTESIAN_POINT('',(-1.43362890075009,0.783218742595233,0.863842035761532));
#3351=CARTESIAN_POINT('',(-1.39472525069237,0.799857382591502,0.8663719013369));
#3352=CARTESIAN_POINT('',(-1.37523010363802,0.800194573997985,0.869541154897604));
#3353=DRAUGHTING_PRE_DEFINED_CURVE_FONT('continuous');
#3354=COLOUR_RGB('',1.0,1.0,1.0);
#3355=CARTESIAN_POINT('',(0.800000000000025,-0.799999999999976,1.07258553327291));
#3356=CARTESIAN_POINT('',(0.800000000000025,-0.832871743597886,1.07258553327291));
#3357=CARTESIAN_POINT('',(0.800000000000025,-0.799999999999976,1.07258553327291));
#3358=VECTOR('',#5169,0.0328717435979098);
#3359=SURFACE_SIDE_STYLE('',(#5170));
#3360=EDGE_LOOP('',(#5171,#5172,#5173,#5174));
#3361=AXIS2_PLACEMENT_3D('',#5175,#5176,#5177);
#3362=SURFACE_SIDE_STYLE('',(#5178));
#3363=EDGE_LOOP('',(#5179,#5180,#5181,#5182,#5183,#5184,#5185,#5186,#5187,#5188,#5189,#5190));
#3364=AXIS2_PLACEMENT_3D('',#5191,#5192,#5193);
#3365=DRAUGHTING_PRE_DEFINED_CURVE_FONT('continuous');
#3366=COLOUR_RGB('',1.0,1.0,1.0);
#3367=CARTESIAN_POINT('',(-1.09999999999998,-0.832871743597886,0.871483779792338));
#3368=VECTOR('',#5194,0.299999999999999);
#3369=SURFACE_SIDE_STYLE('',(#5195));
#3370=EDGE_LOOP('',(#5196,#5197,#5198));
#3371=CARTESIAN_POINT('',(1.34829953727018,0.686014414481047,1.44998302612133));
#3372=CARTESIAN_POINT('',(1.34815570746842,0.70403205246437,1.45023327823595));
#3373=CARTESIAN_POINT('',(1.34799303700407,0.740114671487697,1.4327540323595));
#3374=CARTESIAN_POINT('',(1.3481565735241,0.759085879462264,1.38784266430995));
#3375=CARTESIAN_POINT('',(1.34830073255569,0.761996865812158,1.36387472003855));
#3376=CARTESIAN_POINT('',(1.36267606851111,0.686128939803716,1.45016699345911));
#3377=CARTESIAN_POINT('',(1.3654458146388,0.704169787374102,1.45045452888997));
#3378=CARTESIAN_POINT('',(1.36857837039719,0.740278656794447,1.43301744940078));
#3379=CARTESIAN_POINT('',(1.36542913492296,0.759223475564606,1.38806369095862));
#3380=CARTESIAN_POINT('',(1.36265305078899,0.762111198251045,1.3640583775381));
#3381=CARTESIAN_POINT('',(1.39147529909652,0.679027895471361,1.43876025658202));
#3382=CARTESIAN_POINT('',(1.40008154384595,0.695629633630842,1.43673608225164));
#3383=CARTESIAN_POINT('',(1.40981515029872,0.730110878758475,1.41668447700671));
#3384=CARTESIAN_POINT('',(1.40002972302242,0.750691985912679,1.37435916282846));
#3385=CARTESIAN_POINT('',(1.39140377760203,0.755022113523904,1.35267085192972));
#3386=CARTESIAN_POINT('',(1.40509321593943,0.661131290727799,1.41001211028782));
#3387=CARTESIAN_POINT('',(1.41645929534456,0.674106069933825,1.40216178553753));
#3388=CARTESIAN_POINT('',(1.42931424419592,0.70448525451807,1.37552084562785));
#3389=CARTESIAN_POINT('',(1.41639085617584,0.729190261833543,1.33981994930584));
#3390=CARTESIAN_POINT('',(1.40499875909896,0.73715565030906,1.3239711233711));
#3391=CARTESIAN_POINT('',(1.40626337415074,0.651854652656135,1.39511061627725));
#3392=CARTESIAN_POINT('',(1.41786659845861,0.662949412649832,1.38424032837496));
#3393=CARTESIAN_POINT('',(1.43098976120962,0.691202306749699,1.35418383218933));
#3394=CARTESIAN_POINT('',(1.41779673088156,0.718044925019193,1.32191667559445));
#3395=CARTESIAN_POINT('',(1.40616694652507,0.727894635986074,1.30909472651269));
#3396=DRAUGHTING_PRE_DEFINED_CURVE_FONT('continuous');
#3397=COLOUR_RGB('',1.0,1.0,1.0);
#3398=CARTESIAN_POINT('',(0.800000000000025,-1.38975006916424,5.66291734505064E-007));
#3399=CARTESIAN_POINT('',(0.800000000000025,-1.38975006916424,5.66291734505064E-007));
#3400=VECTOR('',#5199,0.216979656071906);
#3401=DRAUGHTING_PRE_DEFINED_CURVE_FONT('continuous');
#3402=COLOUR_RGB('',1.0,1.0,1.0);
#3403=CARTESIAN_POINT('',(1.10000000000003,-0.946278253840154,0.337496618262225));
#3404=VECTOR('',#5200,0.40722116732293);
#3405=DRAUGHTING_PRE_DEFINED_CURVE_FONT('continuous');
#3406=COLOUR_RGB('',0.274509996175766,0.274509996175766,0.274509996175766);
#3407=AXIS2_PLACEMENT_3D('',#5201,#5202,#5203);
#3408=DRAUGHTING_PRE_DEFINED_CURVE_FONT('continuous');
#3409=COLOUR_RGB('',1.0,1.0,1.0);
#3410=CARTESIAN_POINT('',(-0.799999999999975,1.4,0.200621487082729));
#3411=CARTESIAN_POINT('',(-1.09999999999997,1.4,0.200621487082729));
#3412=CARTESIAN_POINT('',(-0.799999999999975,1.4,0.200621487082729));
#3413=VECTOR('',#5204,0.299999999999999);
#3414=SURFACE_SIDE_STYLE('',(#5205));
#3415=EDGE_LOOP('',(#5206,#5207,#5208,#5209,#5210,#5211,#5212,#5213,#5214,#5215,#5216,#5217));
#3416=AXIS2_PLACEMENT_3D('',#5218,#5219,#5220);
#3417=DRAUGHTING_PRE_DEFINED_CURVE_FONT('continuous');
#3418=COLOUR_RGB('',0.274509996175766,0.274509996175766,0.274509996175766);
#3419=AXIS2_PLACEMENT_3D('',#5221,#5222,#5223);
#3420=DRAUGHTING_PRE_DEFINED_CURVE_FONT('continuous');
#3421=COLOUR_RGB('',0.274509996175766,0.274509996175766,0.274509996175766);
#3422=CARTESIAN_POINT('',(-1.44999931091094,-0.724039469721883,1.07344884438976));
#3423=CARTESIAN_POINT('',(-1.44999999999998,-0.723809523809503,1.07344122599235));
#3424=VECTOR('',#5224,0.205391947784197);
#3425=DRAUGHTING_PRE_DEFINED_CURVE_FONT('continuous');
#3426=COLOUR_RGB('',0.274509996175766,0.274509996175766,0.274509996175766);
#3427=CARTESIAN_POINT('',(-1.34900924091791,0.68680899856967,1.44999313026338));
#3428=VECTOR('',#5225,1.37361799713904);
#3429=DRAUGHTING_PRE_DEFINED_CURVE_FONT('continuous');
#3430=COLOUR_RGB('',1.0,1.0,1.0);
#3431=CARTESIAN_POINT('',(-1.09999999999997,1.07743407863989,0.754945976117626));
#3432=VECTOR('',#5226,0.407221167322928);
#3433=SURFACE_SIDE_STYLE('',(#5227));
#3434=EDGE_LOOP('',(#5228,#5229,#5230,#5231));
#3435=AXIS2_PLACEMENT_3D('',#5232,#5233,#5234);
#3436=DRAUGHTING_PRE_DEFINED_CURVE_FONT('continuous');
#3437=COLOUR_RGB('',1.0,1.0,1.0);
#3438=CARTESIAN_POINT('',(-0.799999999999975,1.18400730165826,0.221293337799846));
#3439=VECTOR('',#5235,0.216979656071891);
#3440=DRAUGHTING_PRE_DEFINED_CURVE_FONT('continuous');
#3441=COLOUR_RGB('',0.274509996175766,0.274509996175766,0.274509996175766);
#3442=CARTESIAN_POINT('',(-1.4499986218219,-0.724269415634263,1.07345646278717));
#3443=VECTOR('',#5236,0.289955194087891);
#3444=DRAUGHTING_PRE_DEFINED_CURVE_FONT('continuous');
#3445=COLOUR_RGB('',1.0,1.0,1.0);
#3446=CARTESIAN_POINT('',(-0.799999999999975,0.800000000000022,0.871476984521888));
#3447=VECTOR('',#5237,0.201109681308969);
#3448=SURFACE_SIDE_STYLE('',(#5238));
#3449=EDGE_LOOP('',(#5239,#5240,#5241,#5242));
#3450=AXIS2_PLACEMENT_3D('',#5243,#5244,#5245);
#3451=SURFACE_SIDE_STYLE('',(#5246));
#3452=EDGE_LOOP('',(#5247,#5248,#5249,#5250));
#3453=AXIS2_PLACEMENT_3D('',#5251,#5252,#5253);
#3454=DRAUGHTING_PRE_DEFINED_CURVE_FONT('continuous');
#3455=COLOUR_RGB('',1.0,1.0,1.0);
#3456=CARTESIAN_POINT('',(-0.799999999999975,-0.832871743597886,0.871483779792338));
#3457=VECTOR('',#5254,0.0328717435979098);
#3458=SURFACE_SIDE_STYLE('',(#5255));
#3459=EDGE_LOOP('',(#5256,#5257,#5258,#5259));
#3460=CARTESIAN_POINT('',(1.10000000000003,-0.832871743597886,1.07258553327291));
#3461=CARTESIAN_POINT('',(1.10000000000003,-0.894848741422445,1.07258129199123));
#3462=CARTESIAN_POINT('',(1.10000000000003,-1.01837869875361,1.00495384403375));
#3463=CARTESIAN_POINT('',(1.10000000000003,-1.07418735859063,0.839654001532935));
#3464=CARTESIAN_POINT('',(1.10000000000003,-1.07743407863988,0.754944843559654));
#3465=CARTESIAN_POINT('',(1.00000000000006,-0.832871743597886,1.07258553327291));
#3466=CARTESIAN_POINT('',(1.00000000000006,-0.894848741422445,1.07258129199123));
#3467=CARTESIAN_POINT('',(1.00000000000006,-1.01837869875361,1.00495384403375));
#3468=CARTESIAN_POINT('',(1.00000000000006,-1.07418735859063,0.839654001532935));
#3469=CARTESIAN_POINT('',(1.00000000000006,-1.07743407863988,0.754944843559654));
#3470=CARTESIAN_POINT('',(0.899999999999993,-0.832871743597886,1.07258553327291));
#3471=CARTESIAN_POINT('',(0.899999999999993,-0.894848741422445,1.07258129199123));
#3472=CARTESIAN_POINT('',(0.899999999999993,-1.01837869875361,1.00495384403375));
#3473=CARTESIAN_POINT('',(0.899999999999993,-1.07418735859063,0.839654001532935));
#3474=CARTESIAN_POINT('',(0.899999999999993,-1.07743407863988,0.754944843559654));
#3475=CARTESIAN_POINT('',(0.800000000000025,-0.832871743597886,1.07258553327291));
#3476=CARTESIAN_POINT('',(0.800000000000025,-0.894848741422445,1.07258129199123));
#3477=CARTESIAN_POINT('',(0.800000000000025,-1.01837869875361,1.00495384403375));
#3478=CARTESIAN_POINT('',(0.800000000000025,-1.07418735859063,0.839654001532935));
#3479=CARTESIAN_POINT('',(0.800000000000025,-1.07743407863988,0.754944843559654));
#3480=DRAUGHTING_PRE_DEFINED_CURVE_FONT('continuous');
#3481=COLOUR_RGB('',1.0,1.0,1.0);
#3482=CARTESIAN_POINT('',(-1.09999999999998,-0.799999999999976,0.871483779792338));
#3483=VECTOR('',#5260,0.201109681308969);
#3484=SURFACE_SIDE_STYLE('',(#5261));
#3485=EDGE_LOOP('',(#5262,#5263,#5264,#5265));
#3486=AXIS2_PLACEMENT_3D('',#5266,#5267,#5268);
#3487=DRAUGHTING_PRE_DEFINED_CURVE_FONT('continuous');
#3488=COLOUR_RGB('',1.0,1.0,1.0);
#3489=CARTESIAN_POINT('',(0.150000000000025,-0.946278253840154,0.337504546090625));
#3490=VECTOR('',#5269,0.40722116732293);
#3491=DRAUGHTING_PRE_DEFINED_CURVE_FONT('continuous');
#3492=COLOUR_RGB('',1.0,1.0,1.0);
#3493=CARTESIAN_POINT('',(0.800000000000025,-0.799999999999976,0.871475851963936));
#3494=CARTESIAN_POINT('',(1.10000000000003,-0.799999999999976,0.871475851963936));
#3495=CARTESIAN_POINT('',(0.800000000000025,-0.799999999999976,0.871475851963936));
#3496=VECTOR('',#5270,0.299999999999999);
#3497=SURFACE_SIDE_STYLE('',(#5271));
#3498=EDGE_LOOP('',(#5272,#5273,#5274,#5275));
#3499=AXIS2_PLACEMENT_3D('',#5276,#5277,#5278);
#3500=DRAUGHTING_PRE_DEFINED_CURVE_FONT('continuous');
#3501=COLOUR_RGB('',1.0,1.0,1.0);
#3502=CARTESIAN_POINT('',(-0.799999999999975,1.18400730165826,0.221293337799846));
#3503=VECTOR('',#5279,0.299999999999999);
#3504=DRAUGHTING_PRE_DEFINED_CURVE_FONT('continuous');
#3505=COLOUR_RGB('',1.0,1.0,1.0);
#3506=CARTESIAN_POINT('',(1.10000000000003,0.946278253840188,0.337500015897447));
#3507=AXIS2_PLACEMENT_3D('',#5280,#5281,#5282);
#3508=DRAUGHTING_PRE_DEFINED_CURVE_FONT('continuous');
#3509=COLOUR_RGB('',1.0,1.0,1.0);
#3510=CARTESIAN_POINT('',(-1.09999999999997,1.18400730165826,0.221293337799846));
#3511=VECTOR('',#5283,0.216979656071891);
#3512=DRAUGHTING_PRE_DEFINED_CURVE_FONT('continuous');
#3513=COLOUR_RGB('',1.0,1.0,1.0);
#3514=CARTESIAN_POINT('',(0.150000000000025,-1.18400730165824,0.221300133070294));
#3515=VECTOR('',#5284,0.216979656071906);
#3516=DRAUGHTING_PRE_DEFINED_CURVE_FONT('continuous');
#3517=COLOUR_RGB('',1.0,1.0,1.0);
#3518=CARTESIAN_POINT('',(-0.799999999999975,-0.946278253840154,0.337504546090625));
#3519=VECTOR('',#5285,0.40722116732293);
#3520=DRAUGHTING_PRE_DEFINED_CURVE_FONT('continuous');
#3521=COLOUR_RGB('',1.0,1.0,1.0);
#3522=CARTESIAN_POINT('',(0.800000000000025,-1.4,0.200620354524777));
#3523=VECTOR('',#5286,0.200881458857729);
#3524=DRAUGHTING_PRE_DEFINED_CURVE_FONT('continuous');
#3525=COLOUR_RGB('',1.0,1.0,1.0);
#3526=CARTESIAN_POINT('',(0.800000000000025,-1.17375737082237,0.0206724170088509));
#3527=VECTOR('',#5287,0.299999999999999);
#3528=DRAUGHTING_PRE_DEFINED_CURVE_FONT('continuous');
#3529=COLOUR_RGB('',1.0,1.0,1.0);
#3530=CARTESIAN_POINT('',(-0.799999999999975,1.09301565486538,0.348023018301175));
#3531=VECTOR('',#5288,0.299999999999999);
#3532=DRAUGHTING_PRE_DEFINED_CURVE_FONT('continuous');
#3533=COLOUR_RGB('',1.0,1.0,1.0);
#3534=CARTESIAN_POINT('',(1.10000000000003,1.07743407863989,0.754948241194897));
#3535=VECTOR('',#5289,0.299999999999999);
#3536=DRAUGHTING_PRE_DEFINED_CURVE_FONT('continuous');
#3537=COLOUR_RGB('',0.274509996175766,0.274509996175766,0.274509996175766);
#3538=CARTESIAN_POINT('',(1.45,0.723809523809543,1.07344122599235));
#3539=VECTOR('',#5290,0.205391947784197);
#3540=DRAUGHTING_PRE_DEFINED_CURVE_FONT('continuous');
#3541=COLOUR_RGB('',1.0,1.0,1.0);
#3542=CARTESIAN_POINT('',(-0.799999999999975,0.832871743597929,0.871476984521888));
#3543=VECTOR('',#5291,0.0328717435979074);
#3544=DRAUGHTING_PRE_DEFINED_CURVE_FONT('continuous');
#3545=COLOUR_RGB('',1.0,1.0,1.0);
#3546=CARTESIAN_POINT('',(1.10000000000003,1.18400730165826,0.221295602877115));
#3547=VECTOR('',#5292,0.216979656071891);
#3548=SURFACE_SIDE_STYLE('',(#5293));
#3549=EDGE_LOOP('',(#5294,#5295,#5296,#5297));
#3550=AXIS2_PLACEMENT_3D('',#5298,#5299,#5300);
#3551=DRAUGHTING_PRE_DEFINED_CURVE_FONT('continuous');
#3552=COLOUR_RGB('',0.274509996175766,0.274509996175766,0.274509996175766);
#3553=CARTESIAN_POINT('',(1.31185356509699,0.63307125206783,0.0807134783687309));
#3554=VECTOR('',#5301,1.26614250413587);
#3555=SURFACE_SIDE_STYLE('',(#5302));
#3556=EDGE_LOOP('',(#5303,#5304,#5305,#5306));
#3557=CARTESIAN_POINT('',(1.10000000000003,1.09301565486537,0.348025283378446));
#3558=CARTESIAN_POINT('',(1.10000000000003,1.09425463309107,0.315699489761039));
#3559=CARTESIAN_POINT('',(1.10000000000003,1.11460799545908,0.252510701181759));
#3560=CARTESIAN_POINT('',(1.10000000000003,1.16041400450387,0.223555251285677));
#3561=CARTESIAN_POINT('',(1.10000000000003,1.18400730165826,0.221295602877106));
#3562=CARTESIAN_POINT('',(0.999999999999838,1.09301565486537,0.348025283378446));
#3563=CARTESIAN_POINT('',(0.999999999999838,1.09425463309107,0.315699489761039));
#3564=CARTESIAN_POINT('',(0.999999999999838,1.11460799545908,0.252510701181759));
#3565=CARTESIAN_POINT('',(0.999999999999838,1.16041400450387,0.223555251285677));
#3566=CARTESIAN_POINT('',(0.999999999999838,1.18400730165826,0.221295602877106));
#3567=CARTESIAN_POINT('',(0.900000000000212,1.09301565486537,0.348025283378446));
#3568=CARTESIAN_POINT('',(0.900000000000212,1.09425463309107,0.315699489761039));
#3569=CARTESIAN_POINT('',(0.900000000000212,1.11460799545908,0.252510701181759));
#3570=CARTESIAN_POINT('',(0.900000000000212,1.16041400450387,0.223555251285677));
#3571=CARTESIAN_POINT('',(0.900000000000212,1.18400730165826,0.221295602877106));
#3572=CARTESIAN_POINT('',(0.800000000000025,1.09301565486537,0.348025283378446));
#3573=CARTESIAN_POINT('',(0.800000000000025,1.09425463309107,0.315699489761039));
#3574=CARTESIAN_POINT('',(0.800000000000025,1.11460799545908,0.252510701181759));
#3575=CARTESIAN_POINT('',(0.800000000000025,1.16041400450387,0.223555251285677));
#3576=CARTESIAN_POINT('',(0.800000000000025,1.18400730165826,0.221295602877106));
#3577=SURFACE_SIDE_STYLE('',(#5307));
#3578=EDGE_LOOP('',(#5308,#5309,#5310));
#3579=CARTESIAN_POINT('',(-1.3481835651399,-0.762162350509036,1.36243729961654));
#3580=CARTESIAN_POINT('',(-1.36825056176513,-0.762094269750342,1.36506025234886));
#3581=CARTESIAN_POINT('',(-1.40839809627586,-0.745012660880982,1.3668788271888));
#3582=CARTESIAN_POINT('',(-1.42464888555489,-0.704511201917239,1.36081817627311));
#3583=CARTESIAN_POINT('',(-1.42430614196097,-0.684440687697806,1.35671163721718));
#3584=CARTESIAN_POINT('',(-1.34696915466997,-0.760265591545533,1.37946215278044));
#3585=CARTESIAN_POINT('',(-1.3667105175466,-0.759688911117023,1.38665017690691));
#3586=CARTESIAN_POINT('',(-1.4064826826299,-0.742021022214654,1.39373105759353));
#3587=CARTESIAN_POINT('',(-1.42312882329761,-0.702137051563627,1.3821279774763));
#3588=CARTESIAN_POINT('',(-1.42311870154323,-0.682586052620581,1.37335839649373));
#3589=CARTESIAN_POINT('',(-1.33788729371984,-0.749809384116084,1.41119588819665));
#3590=CARTESIAN_POINT('',(-1.35519343212287,-0.746428958527595,1.426893048826));
#3591=CARTESIAN_POINT('',(-1.39215843431247,-0.725529103513448,1.44378268423063));
#3592=CARTESIAN_POINT('',(-1.41176116854887,-0.68904914549399,1.4218487032086));
#3593=CARTESIAN_POINT('',(-1.41423853373371,-0.672362060298104,1.40438737802709));
#3594=CARTESIAN_POINT('',(-1.31998759552709,-0.731184107048422,1.42290033398589));
#3595=CARTESIAN_POINT('',(-1.33249407647183,-0.722809469081688,1.44173594500108));
#3596=CARTESIAN_POINT('',(-1.36392636675802,-0.696152624777452,1.46224337022865));
#3597=CARTESIAN_POINT('',(-1.38935633639349,-0.665736114631973,1.43649901458271));
#3598=CARTESIAN_POINT('',(-1.39673635829243,-0.654150419890972,1.41583188739495));
#3599=CARTESIAN_POINT('',(-1.31100802066221,-0.722093501459926,1.42228699284077));
#3600=CARTESIAN_POINT('',(-1.32110670573556,-0.711281293708892,1.44095814060976));
#3601=CARTESIAN_POINT('',(-1.34976344686665,-0.681814584048278,1.46127598609306));
#3602=CARTESIAN_POINT('',(-1.37811671241753,-0.654357514928092,1.4357313033435));
#3603=CARTESIAN_POINT('',(-1.38795620496328,-0.645261701647484,1.41523216754424));
#3604=DRAUGHTING_PRE_DEFINED_CURVE_FONT('continuous');
#3605=COLOUR_RGB('',0.274509996175766,0.274509996175766,0.274509996175766);
#3606=CARTESIAN_POINT('',(1.34900924091793,0.68680899856967,1.44999313026338));
#3607=VECTOR('',#5311,2.69801848183582);
#3608=DRAUGHTING_PRE_DEFINED_CURVE_FONT('continuous');
#3609=COLOUR_RGB('',1.0,1.0,1.0);
#3610=AXIS2_PLACEMENT_3D('',#5312,#5313,#5314);
#3611=SURFACE_SIDE_STYLE('',(#5315));
#3612=EDGE_LOOP('',(#5316,#5317,#5318,#5319));
#3613=AXIS2_PLACEMENT_3D('',#5320,#5321,#5322);
#3614=SURFACE_SIDE_STYLE('',(#5323));
#3615=EDGE_LOOP('',(#5324,#5325,#5326,#5327,#5328,#5329,#5330,#5331,#5332,#5333,#5334,#5335));
#3616=AXIS2_PLACEMENT_3D('',#5336,#5337,#5338);
#3617=DRAUGHTING_PRE_DEFINED_CURVE_FONT('continuous');
#3618=COLOUR_RGB('',1.0,1.0,1.0);
#3619=CARTESIAN_POINT('',(-0.799999999999975,-0.799999999999976,1.07259346110131));
#3620=CARTESIAN_POINT('',(-0.799999999999975,-0.832871743597886,1.07259346110131));
#3621=CARTESIAN_POINT('',(-0.799999999999975,-0.799999999999976,1.07259346110131));
#3622=VECTOR('',#5339,0.0328717435979098);
#3623=DRAUGHTING_PRE_DEFINED_CURVE_FONT('continuous');
#3624=COLOUR_RGB('',1.0,1.0,1.0);
#3625=CARTESIAN_POINT('',(-0.799999999999975,1.4,0.200621487082729));
#3626=VECTOR('',#5340,0.200881458857729);
#3627=DRAUGHTING_PRE_DEFINED_CURVE_FONT('continuous');
#3628=COLOUR_RGB('',1.0,1.0,1.0);
#3629=CARTESIAN_POINT('',(0.800000000000025,1.07743407863989,0.754948241194897));
#3630=VECTOR('',#5341,0.407221167322928);
#3631=DRAUGHTING_PRE_DEFINED_CURVE_FONT('continuous');
#3632=COLOUR_RGB('',1.0,1.0,1.0);
#3633=AXIS2_PLACEMENT_3D('',#5342,#5343,#5344);
#3634=DRAUGHTING_PRE_DEFINED_CURVE_FONT('continuous');
#3635=COLOUR_RGB('',1.0,1.0,1.0);
#3636=CARTESIAN_POINT('',(1.10000000000003,1.18400730165826,0.221295602877115));
#3637=VECTOR('',#5345,0.299999999999999);
#3638=DRAUGHTING_PRE_DEFINED_CURVE_FONT('continuous');
#3639=COLOUR_RGB('',0.274509996175766,0.274509996175766,0.274509996175766);
#3640=CARTESIAN_POINT('',(-1.37434782608695,0.80000000000002,1.07344122599235));
#3641=VECTOR('',#5346,2.7486956521739);
#3642=DRAUGHTING_PRE_DEFINED_CURVE_FONT('continuous');
#3643=COLOUR_RGB('',1.0,1.0,1.0);
#3644=CARTESIAN_POINT('',(1.10000000000003,-0.799999999999976,1.07258553327291));
#3645=CARTESIAN_POINT('',(0.800000000000025,-0.799999999999976,1.07258553327291));
#3646=VECTOR('',#5347,0.299999999999999);
#3647=DRAUGHTING_PRE_DEFINED_CURVE_FONT('continuous');
#3648=COLOUR_RGB('',0.274509996175766,0.274509996175766,0.274509996175766);
#3649=CARTESIAN_POINT('',(-1.44999999999998,-0.723809523809503,1.07344122599235));
#3650=VECTOR('',#5348,1.44761904761904);
#3651=DRAUGHTING_PRE_DEFINED_CURVE_FONT('continuous');
#3652=COLOUR_RGB('',0.274509996175766,0.274509996175766,0.274509996175766);
#3653=CARTESIAN_POINT('',(1.37434782608697,0.80000000000002,0.868049278208154));
#3654=VECTOR('',#5349,2.7486956521739);
#3655=DRAUGHTING_PRE_DEFINED_CURVE_FONT('continuous');
#3656=COLOUR_RGB('',1.0,1.0,1.0);
#3657=AXIS2_PLACEMENT_3D('',#5350,#5351,#5352);
#3658=DRAUGHTING_PRE_DEFINED_CURVE_FONT('continuous');
#3659=COLOUR_RGB('',0.274509996175766,0.274509996175766,0.274509996175766);
#3660=CARTESIAN_POINT('',(1.37538723513852,0.799991521173498,1.07350568690251));
#3661=CARTESIAN_POINT('',(1.39495667427218,0.799695103844862,1.07573189102521));
#3662=CARTESIAN_POINT('',(1.43361365138405,0.783159885968978,1.0772440952317));
#3663=CARTESIAN_POINT('',(1.4498534013823,0.744046138184306,1.07500220031695));
#3664=CARTESIAN_POINT('',(1.44999734593059,0.724269027391538,1.07347006261402));
#3665=DRAUGHTING_PRE_DEFINED_CURVE_FONT('continuous');
#3666=COLOUR_RGB('',0.274509996175766,0.274509996175766,0.274509996175766);
#3667=CARTESIAN_POINT('',(1.37434782608697,-0.799999999999979,1.07344122599235));
#3668=VECTOR('',#5353,0.205391947784197);
#3669=DRAUGHTING_PRE_DEFINED_CURVE_FONT('continuous');
#3670=COLOUR_RGB('',1.0,1.0,1.0);
#3671=CARTESIAN_POINT('',(-0.149999999999975,-0.799999999999976,0.871483779792338));
#3672=VECTOR('',#5354,0.299999999999999);
#3673=SURFACE_SIDE_STYLE('',(#5355));
#3674=EDGE_LOOP('',(#5356,#5357,#5358,#5359));
#3675=AXIS2_PLACEMENT_3D('',#5360,#5361,#5362);
#3676=DRAUGHTING_PRE_DEFINED_CURVE_FONT('continuous');
#3677=COLOUR_RGB('',1.0,1.0,1.0);
#3678=CARTESIAN_POINT('',(0.800000000000025,-1.18400730165824,0.221292205241891));
#3679=CARTESIAN_POINT('',(0.800000000000025,-1.18400730165824,0.221292205241891));
#3680=VECTOR('',#5363,0.299999999999999);
#3681=SURFACE_SIDE_STYLE('',(#5364));
#3682=EDGE_LOOP('',(#5365,#5366,#5367,#5368));
#3683=AXIS2_PLACEMENT_3D('',#5369,#5370,#5371);
#3684=SURFACE_SIDE_STYLE('',(#5372));
#3685=EDGE_LOOP('',(#5373,#5374,#5375,#5376));
#3686=AXIS2_PLACEMENT_3D('',#5377,#5378,#5379);
#3687=DRAUGHTING_PRE_DEFINED_CURVE_FONT('continuous');
#3688=COLOUR_RGB('',1.0,1.0,1.0);
#3689=CARTESIAN_POINT('',(1.10000000000003,-0.799999999999976,0.871475851963936));
#3690=VECTOR('',#5380,0.201109681308969);
#3691=DRAUGHTING_PRE_DEFINED_CURVE_FONT('continuous');
#3692=COLOUR_RGB('',1.0,1.0,1.0);
#3693=AXIS2_PLACEMENT_3D('',#5381,#5382,#5383);
#3694=DRAUGHTING_PRE_DEFINED_CURVE_FONT('continuous');
#3695=COLOUR_RGB('',0.274509996175766,0.274509996175766,0.274509996175766);
#3696=CARTESIAN_POINT('',(1.37538771827883,0.799992801781606,0.867994253344263));
#3697=VECTOR('',#5384,0.711245965003235);
#3698=SURFACE_SIDE_STYLE('',(#5385));
#3699=EDGE_LOOP('',(#5386,#5387,#5388,#5389));
#3700=CARTESIAN_POINT('',(1.3115603319719,0.708109852780982,0.165624020919802));
#3701=CARTESIAN_POINT('',(1.33105547902684,0.707772661374761,0.162454767359098));
#3702=CARTESIAN_POINT('',(1.36995912908375,0.691134021378103,0.159924901783658));
#3703=CARTESIAN_POINT('',(1.38661003245162,0.652259023811219,0.1663889382904));
#3704=CARTESIAN_POINT('',(1.38694747238145,0.632778234908907,0.170962663355076));
#3705=CARTESIAN_POINT('',(1.33278358919712,0.738804759850671,0.400263065579666));
#3706=CARTESIAN_POINT('',(1.352278749059,0.738467568444449,0.397093804925358));
#3707=CARTESIAN_POINT('',(1.39118238632004,0.721828919220533,0.394563949988783));
#3708=CARTESIAN_POINT('',(1.4078332768674,0.682953949354404,0.40102798294787));
#3709=CARTESIAN_POINT('',(1.40817072960419,0.663473141979782,0.405601708012546));
#3710=CARTESIAN_POINT('',(1.35400684641281,0.769499666928299,0.634902110237766));
#3711=CARTESIAN_POINT('',(1.37350198066076,0.769162469364641,0.631732855790324));
#3712=CARTESIAN_POINT('',(1.41240565632051,0.752523835516394,0.629202991103233));
#3713=CARTESIAN_POINT('',(1.42905653408804,0.713648844115051,0.63566702849734));
#3714=CARTESIAN_POINT('',(1.42939398682482,0.69416804905504,0.640240752675429));
#3715=CARTESIAN_POINT('',(1.37523010363802,0.800194573997988,0.869541154897628));
#3716=CARTESIAN_POINT('',(1.39472525069293,0.799857382591767,0.866371901336884));
#3717=CARTESIAN_POINT('',(1.43362890074984,0.783218742594979,0.863842035761559));
#3718=CARTESIAN_POINT('',(1.45027980411774,0.74434374502849,0.87030607226811));
#3719=CARTESIAN_POINT('',(1.45061724404756,0.724862956125914,0.8748797973329));
#3720=DRAUGHTING_PRE_DEFINED_CURVE_FONT('continuous');
#3721=COLOUR_RGB('',1.0,1.0,1.0);
#3722=CARTESIAN_POINT('',(-1.09999999999997,0.800000000000022,0.871476984521888));
#3723=VECTOR('',#5390,0.201109681308969);
#3724=DRAUGHTING_PRE_DEFINED_CURVE_FONT('continuous');
#3725=COLOUR_RGB('',1.0,1.0,1.0);
#3726=CARTESIAN_POINT('',(-1.09999999999997,1.17375737082239,0.0206735495668047));
#3727=CARTESIAN_POINT('',(-0.799999999999975,1.17375737082239,0.0206735495668047));
#3728=VECTOR('',#5391,0.299999999999999);
#3729=DRAUGHTING_PRE_DEFINED_CURVE_FONT('continuous');
#3730=COLOUR_RGB('',1.0,1.0,1.0);
#3731=AXIS2_PLACEMENT_3D('',#5392,#5393,#5394);
#3732=SURFACE_SIDE_STYLE('',(#5395));
#3733=SURFACE_SIDE_STYLE('',(#5396));
#3734=EDGE_LOOP('',(#5397,#5398,#5399,#5400));
#3735=CARTESIAN_POINT('',(0.800000000000025,-0.930696677614689,0.744419576078577));
#3736=CARTESIAN_POINT('',(0.800000000000025,-0.929397989594961,0.77830323926806));
#3737=CARTESIAN_POINT('',(0.800000000000025,-0.907074525660158,0.844423176268204));
#3738=CARTESIAN_POINT('',(0.800000000000025,-0.857662542727825,0.871474155451208));
#3739=CARTESIAN_POINT('',(0.800000000000025,-0.832871743597886,0.871475851963936));
#3740=CARTESIAN_POINT('',(0.900000000000212,-0.930696677614689,0.744419576078577));
#3741=CARTESIAN_POINT('',(0.900000000000212,-0.929397989594961,0.77830323926806));
#3742=CARTESIAN_POINT('',(0.900000000000212,-0.907074525660158,0.844423176268204));
#3743=CARTESIAN_POINT('',(0.900000000000212,-0.857662542727825,0.871474155451208));
#3744=CARTESIAN_POINT('',(0.900000000000212,-0.832871743597886,0.871475851963936));
#3745=CARTESIAN_POINT('',(0.999999999999838,-0.930696677614689,0.744419576078577));
#3746=CARTESIAN_POINT('',(0.999999999999838,-0.929397989594961,0.77830323926806));
#3747=CARTESIAN_POINT('',(0.999999999999838,-0.907074525660158,0.844423176268204));
#3748=CARTESIAN_POINT('',(0.999999999999838,-0.857662542727825,0.871474155451208));
#3749=CARTESIAN_POINT('',(0.999999999999838,-0.832871743597886,0.871475851963936));
#3750=CARTESIAN_POINT('',(1.10000000000003,-0.930696677614689,0.744419576078577));
#3751=CARTESIAN_POINT('',(1.10000000000003,-0.929397989594961,0.77830323926806));
#3752=CARTESIAN_POINT('',(1.10000000000003,-0.907074525660158,0.844423176268204));
#3753=CARTESIAN_POINT('',(1.10000000000003,-0.857662542727825,0.871474155451208));
#3754=CARTESIAN_POINT('',(1.10000000000003,-0.832871743597886,0.871475851963936));
#3755=SURFACE_SIDE_STYLE('',(#5401));
#3756=EDGE_LOOP('',(#5402,#5403,#5404,#5405));
#3757=AXIS2_PLACEMENT_3D('',#5406,#5407,#5408);
#3758=DRAUGHTING_PRE_DEFINED_CURVE_FONT('continuous');
#3759=COLOUR_RGB('',0.274509996175766,0.274509996175766,0.274509996175766);
#3760=CARTESIAN_POINT('',(1.37538723503417,0.799991521175079,0.867984815563799));
#3761=CARTESIAN_POINT('',(1.39495840323745,0.799695077684551,0.865758322854707));
#3762=CARTESIAN_POINT('',(1.43361432729298,0.783161005648474,0.86424642695341));
#3763=CARTESIAN_POINT('',(1.44985344051762,0.744040764669126,0.866488599506176));
#3764=CARTESIAN_POINT('',(1.44999734593128,0.724269027297504,0.86802043927726));
#3765=DRAUGHTING_PRE_DEFINED_CURVE_FONT('continuous');
#3766=COLOUR_RGB('',0.274509996175766,0.274509996175766,0.274509996175766);
#3767=CARTESIAN_POINT('',(-1.37538771827879,0.799992801781606,0.867994253344263));
#3768=VECTOR('',#5409,0.711245965003235);
#3769=SURFACE_SIDE_STYLE('',(#5410));
#3770=EDGE_LOOP('',(#5411,#5412,#5413,#5414,#5415,#5416,#5417,#5418,#5419,#5420,#5421,#5422));
#3771=AXIS2_PLACEMENT_3D('',#5423,#5424,#5425);
#3772=DRAUGHTING_PRE_DEFINED_CURVE_FONT('continuous');
#3773=COLOUR_RGB('',1.0,1.0,1.0);
#3774=AXIS2_PLACEMENT_3D('',#5426,#5427,#5428);
#3775=DRAUGHTING_PRE_DEFINED_CURVE_FONT('continuous');
#3776=COLOUR_RGB('',1.0,1.0,1.0);
#3777=CARTESIAN_POINT('',(0.150000000000025,-1.17375737082237,0.0206803448372539));
#3778=AXIS2_PLACEMENT_3D('',#5429,#5430,#5431);
#3779=DRAUGHTING_PRE_DEFINED_CURVE_FONT('continuous');
#3780=COLOUR_RGB('',1.0,1.0,1.0);
#3781=CARTESIAN_POINT('',(-0.149999999999975,-1.17375737082237,0.0206803448372539));
#3782=CARTESIAN_POINT('',(-0.149999999999975,-1.17375737082237,0.0206803448372539));
#3783=VECTOR('',#5432,0.299999999999999);
#3784=DRAUGHTING_PRE_DEFINED_CURVE_FONT('continuous');
#3785=COLOUR_RGB('',1.0,1.0,1.0);
#3786=AXIS2_PLACEMENT_3D('',#5433,#5434,#5435);
#3787=DRAUGHTING_PRE_DEFINED_CURVE_FONT('continuous');
#3788=COLOUR_RGB('',0.274509996175766,0.274509996175766,0.274509996175766);
#3789=CARTESIAN_POINT('',(-1.31185356509695,0.63307125206783,0.0807134783687309));
#3790=AXIS2_PLACEMENT_3D('',#5436,#5437,#5438);
#3791=DRAUGHTING_PRE_DEFINED_CURVE_FONT('continuous');
#3792=COLOUR_RGB('',1.0,1.0,1.0);
#3793=CARTESIAN_POINT('',(1.10000000000003,-0.832871743597886,0.871475851963936));
#3794=VECTOR('',#5439,0.0328717435979098);
#3795=DRAUGHTING_PRE_DEFINED_CURVE_FONT('continuous');
#3796=COLOUR_RGB('',1.0,1.0,1.0);
#3797=CARTESIAN_POINT('',(-1.09999999999997,1.38975006916424,1.6988496881476E-006));
#3798=CARTESIAN_POINT('',(-0.799999999999975,1.38975006916424,1.6988496881476E-006));
#3799=VECTOR('',#5440,0.299999999999999);
#3800=DRAUGHTING_PRE_DEFINED_CURVE_FONT('continuous');
#3801=COLOUR_RGB('',1.0,1.0,1.0);
#3802=AXIS2_PLACEMENT_3D('',#5441,#5442,#5443);
#3803=SURFACE_SIDE_STYLE('',(#5444));
#3804=EDGE_LOOP('',(#5445,#5446,#5447,#5448));
#3805=AXIS2_PLACEMENT_3D('',#5449,#5450,#5451);
#3806=SURFACE_SIDE_STYLE('',(#5452));
#3807=EDGE_LOOP('',(#5453,#5454,#5455,#5456));
#3808=AXIS2_PLACEMENT_3D('',#5457,#5458,#5459);
#3809=SURFACE_SIDE_STYLE('',(#5460));
#3810=EDGE_LOOP('',(#5461,#5462,#5463,#5464));
#3811=AXIS2_PLACEMENT_3D('',#5465,#5466,#5467);
#3812=DRAUGHTING_PRE_DEFINED_CURVE_FONT('continuous');
#3813=COLOUR_RGB('',0.274509996175766,0.274509996175766,0.274509996175766);
#3814=CARTESIAN_POINT('',(1.42409751499851,-0.68680899856963,1.35981264727985));
#3815=VECTOR('',#5468,1.37361799713904);
#3816=DRAUGHTING_PRE_DEFINED_CURVE_FONT('continuous');
#3817=COLOUR_RGB('',1.0,1.0,1.0);
#3818=AXIS2_PLACEMENT_3D('',#5469,#5470,#5471);
#3819=DRAUGHTING_PRE_DEFINED_CURVE_FONT('continuous');
#3820=COLOUR_RGB('',1.0,1.0,1.0);
#3821=CARTESIAN_POINT('',(-0.149999999999975,-1.38975006916424,8.49412013748108E-006));
#3822=VECTOR('',#5472,0.216979656071906);
#3823=DRAUGHTING_PRE_DEFINED_CURVE_FONT('continuous');
#3824=COLOUR_RGB('',1.0,1.0,1.0);
#3825=CARTESIAN_POINT('',(0.800000000000025,1.18400730165826,0.221295602877115));
#3826=VECTOR('',#5473,0.216979656071891);
#3827=SURFACE_SIDE_STYLE('',(#5474));
#3828=EDGE_LOOP('',(#5475,#5476,#5477,#5478));
#3829=CARTESIAN_POINT('',(-1.42409751499859,0.68680899856967,1.35981264727987));
#3830=CARTESIAN_POINT('',(-1.42187063451827,0.68680899856967,1.38442231048583));
#3831=CARTESIAN_POINT('',(-1.40370321336389,0.68680899856967,1.43121668653071));
#3832=CARTESIAN_POINT('',(-1.36727449092908,0.68680899856967,1.4499918905318));
#3833=CARTESIAN_POINT('',(-1.34900924091791,0.68680899856967,1.44999313026338));
#3834=CARTESIAN_POINT('',(-1.42409751499859,0.228936332862721,1.35981264727987));
#3835=CARTESIAN_POINT('',(-1.42187063451827,0.228936332862721,1.38442231048583));
#3836=CARTESIAN_POINT('',(-1.40370321336389,0.228936332862721,1.43121668653071));
#3837=CARTESIAN_POINT('',(-1.36727449092908,0.228936332862721,1.4499918905318));
#3838=CARTESIAN_POINT('',(-1.34900924091791,0.228936332862721,1.44999313026338));
#3839=CARTESIAN_POINT('',(-1.42409751499859,-0.22893633286268,1.35981264727987));
#3840=CARTESIAN_POINT('',(-1.42187063451827,-0.22893633286268,1.38442231048583));
#3841=CARTESIAN_POINT('',(-1.40370321336389,-0.22893633286268,1.43121668653071));
#3842=CARTESIAN_POINT('',(-1.36727449092908,-0.22893633286268,1.4499918905318));
#3843=CARTESIAN_POINT('',(-1.34900924091791,-0.22893633286268,1.44999313026338));
#3844=CARTESIAN_POINT('',(-1.42409751499859,-0.68680899856963,1.35981264727987));
#3845=CARTESIAN_POINT('',(-1.42187063451827,-0.68680899856963,1.38442231048583));
#3846=CARTESIAN_POINT('',(-1.40370321336389,-0.68680899856963,1.43121668653071));
#3847=CARTESIAN_POINT('',(-1.36727449092908,-0.68680899856963,1.4499918905318));
#3848=CARTESIAN_POINT('',(-1.34900924091791,-0.68680899856963,1.44999313026338));
#3849=SURFACE_SIDE_STYLE('',(#5479));
#3850=EDGE_LOOP('',(#5480,#5481,#5482,#5483,#5484,#5485,#5486,#5487,#5488,#5489,#5490,#5491));
#3851=AXIS2_PLACEMENT_3D('',#5492,#5493,#5494);
#3852=DRAUGHTING_PRE_DEFINED_CURVE_FONT('continuous');
#3853=COLOUR_RGB('',1.0,1.0,1.0);
#3854=CARTESIAN_POINT('',(-0.799999999999975,0.800000000000022,1.07258666583086));
#3855=VECTOR('',#5495,0.0328717435979074);
#3856=DRAUGHTING_PRE_DEFINED_CURVE_FONT('continuous');
#3857=COLOUR_RGB('',1.0,1.0,1.0);
#3858=CARTESIAN_POINT('',(-0.799999999999975,0.930696677614714,0.744420708636529));
#3859=VECTOR('',#5496,0.299999999999999);
#3860=DRAUGHTING_PRE_DEFINED_CURVE_FONT('continuous');
#3861=COLOUR_RGB('',1.0,1.0,1.0);
#3862=AXIS2_PLACEMENT_3D('',#5497,#5498,#5499);
#3863=DRAUGHTING_PRE_DEFINED_CURVE_FONT('continuous');
#3864=COLOUR_RGB('',0.274509996175766,0.274509996175766,0.274509996175766);
#3865=CARTESIAN_POINT('',(-1.31185356509695,0.63307125206783,0.0807134783687309));
#3866=VECTOR('',#5500,2.62370713019295);
#3867=SURFACE_SIDE_STYLE('',(#5501));
#3868=EDGE_LOOP('',(#5502,#5503,#5504,#5505));
#3869=CARTESIAN_POINT('',(-1.31185356509695,0.708104223725908,0.165576483540782));
#3870=CARTESIAN_POINT('',(-1.31185356509695,0.705024511378191,0.142041323747322));
#3871=CARTESIAN_POINT('',(-1.31185356509695,0.686178046115513,0.0981015457411875));
#3872=CARTESIAN_POINT('',(-1.31185356509695,0.650801580947572,0.0807146732907464));
#3873=CARTESIAN_POINT('',(-1.31185356509695,0.63307125206783,0.0807134783687309));
#3874=CARTESIAN_POINT('',(-0.437284521674894,0.708104223725908,0.165576483540782));
#3875=CARTESIAN_POINT('',(-0.437284521674894,0.705024511378191,0.142041323747322));
#3876=CARTESIAN_POINT('',(-0.437284521674894,0.686178046115513,0.0981015457411875));
#3877=CARTESIAN_POINT('',(-0.437284521674894,0.650801580947572,0.0807146732907464));
#3878=CARTESIAN_POINT('',(-0.437284521674894,0.63307125206783,0.0807134783687309));
#3879=CARTESIAN_POINT('',(0.437284521674917,0.708104223725908,0.165576483540782));
#3880=CARTESIAN_POINT('',(0.437284521674917,0.705024511378191,0.142041323747322));
#3881=CARTESIAN_POINT('',(0.437284521674917,0.686178046115513,0.0981015457411875));
#3882=CARTESIAN_POINT('',(0.437284521674917,0.650801580947572,0.0807146732907464));
#3883=CARTESIAN_POINT('',(0.437284521674917,0.63307125206783,0.0807134783687309));
#3884=CARTESIAN_POINT('',(1.31185356509699,0.708104223725908,0.165576483540782));
#3885=CARTESIAN_POINT('',(1.31185356509699,0.705024511378191,0.142041323747322));
#3886=CARTESIAN_POINT('',(1.31185356509699,0.686178046115513,0.0981015457411875));
#3887=CARTESIAN_POINT('',(1.31185356509699,0.650801580947572,0.0807146732907464));
#3888=CARTESIAN_POINT('',(1.31185356509699,0.63307125206783,0.0807134783687309));
#3889=DRAUGHTING_PRE_DEFINED_CURVE_FONT('continuous');
#3890=COLOUR_RGB('',0.274509996175766,0.274509996175766,0.274509996175766);
#3891=CARTESIAN_POINT('',(-1.37434782608695,-0.799999999999979,1.07344122599235));
#3892=VECTOR('',#5506,2.7486956521739);
#3893=DRAUGHTING_PRE_DEFINED_CURVE_FONT('continuous');
#3894=COLOUR_RGB('',1.0,1.0,1.0);
#3895=CARTESIAN_POINT('',(0.800000000000025,-0.799999999999976,0.871475851963936));
#3896=VECTOR('',#5507,0.201109681308969);
#3897=SURFACE_SIDE_STYLE('',(#5508));
#3898=EDGE_LOOP('',(#5509,#5510,#5511,#5512));
#3899=AXIS2_PLACEMENT_3D('',#5513,#5514,#5515);
#3900=DRAUGHTING_PRE_DEFINED_CURVE_FONT('continuous');
#3901=COLOUR_RGB('',1.0,1.0,1.0);
#3902=CARTESIAN_POINT('',(1.10000000000003,1.4,0.200623752160001));
#3903=VECTOR('',#5516,0.200881458857729);
#3904=DRAUGHTING_PRE_DEFINED_CURVE_FONT('continuous');
#3905=COLOUR_RGB('',0.274509996175766,0.274509996175766,0.274509996175766);
#3906=AXIS2_PLACEMENT_3D('',#5517,#5518,#5519);
#3907=DRAUGHTING_PRE_DEFINED_CURVE_FONT('continuous');
#3908=COLOUR_RGB('',0.274509996175766,0.274509996175766,0.274509996175766);
#3909=CARTESIAN_POINT('',(-1.4499986218219,0.724269415634305,1.07345646278717));
#3910=VECTOR('',#5520,0.289955194087891);
#3911=DRAUGHTING_PRE_DEFINED_CURVE_FONT('continuous');
#3912=COLOUR_RGB('',1.0,1.0,1.0);
#3913=AXIS2_PLACEMENT_3D('',#5521,#5522,#5523);
#3914=SURFACE_SIDE_STYLE('',(#5524));
#3915=EDGE_LOOP('',(#5525,#5526,#5527,#5528));
#3916=CARTESIAN_POINT('',(-1.31156033197186,-0.70810985278094,0.165624020919802));
#3917=CARTESIAN_POINT('',(-1.3310554790268,-0.70777266137472,0.162454767359098));
#3918=CARTESIAN_POINT('',(-1.36995912908371,-0.691134021378062,0.159924901783658));
#3919=CARTESIAN_POINT('',(-1.3866100324516,-0.652259023811177,0.1663889382904));
#3920=CARTESIAN_POINT('',(-1.38694747238144,-0.632778234908865,0.170962663355076));
#3921=CARTESIAN_POINT('',(-1.33278358919707,-0.73880475985063,0.400263065579666));
#3922=CARTESIAN_POINT('',(-1.35227874905896,-0.738467568444408,0.397093804925358));
#3923=CARTESIAN_POINT('',(-1.39118238632002,-0.721828919220492,0.394563949988783));
#3924=CARTESIAN_POINT('',(-1.40783327686736,-0.682953949354363,0.40102798294787));
#3925=CARTESIAN_POINT('',(-1.40817072960417,-0.663473141979742,0.405601708012546));
#3926=CARTESIAN_POINT('',(-1.35400684641277,-0.769499666928258,0.634902110237767));
#3927=CARTESIAN_POINT('',(-1.37350198066074,-0.7691624693646,0.631732855790324));
#3928=CARTESIAN_POINT('',(-1.41240565632049,-0.752523835516353,0.629202991103234));
#3929=CARTESIAN_POINT('',(-1.429056534088,-0.71364884411501,0.63566702849734));
#3930=CARTESIAN_POINT('',(-1.4293939868248,-0.694168049054998,0.640240752675429));
#3931=CARTESIAN_POINT('',(-1.37523010363798,-0.800194573997947,0.869541154897628));
#3932=CARTESIAN_POINT('',(-1.39472525069291,-0.799857382591726,0.866371901336884));
#3933=CARTESIAN_POINT('',(-1.43362890074982,-0.783218742594938,0.863842035761559));
#3934=CARTESIAN_POINT('',(-1.45027980411769,-0.744343745028449,0.87030607226811));
#3935=CARTESIAN_POINT('',(-1.45061724404752,-0.724862956125874,0.8748797973329));
#3936=SURFACE_SIDE_STYLE('',(#5529));
#3937=EDGE_LOOP('',(#5530,#5531,#5532,#5533));
#3938=AXIS2_PLACEMENT_3D('',#5534,#5535,#5536);
#3939=DRAUGHTING_PRE_DEFINED_CURVE_FONT('continuous');
#3940=COLOUR_RGB('',1.0,1.0,1.0);
#3941=CARTESIAN_POINT('',(-0.149999999999975,-1.09301565486536,0.348029813571624));
#3942=VECTOR('',#5537,0.40722116732293);
#3943=DRAUGHTING_PRE_DEFINED_CURVE_FONT('continuous');
#3944=COLOUR_RGB('',1.0,1.0,1.0);
#3945=CARTESIAN_POINT('',(1.10000000000003,0.800000000000022,1.07258893090813));
#3946=VECTOR('',#5538,0.0328717435979074);
#3947=DRAUGHTING_PRE_DEFINED_CURVE_FONT('continuous');
#3948=COLOUR_RGB('',1.0,1.0,1.0);
#3949=CARTESIAN_POINT('',(-1.09999999999998,-1.09301565486536,0.348029813571624));
#3950=VECTOR('',#5539,0.40722116732293);
#3951=DRAUGHTING_PRE_DEFINED_CURVE_FONT('continuous');
#3952=COLOUR_RGB('',1.0,1.0,1.0);
#3953=CARTESIAN_POINT('',(-0.799999999999975,-0.799999999999976,0.871483779792338));
#3954=VECTOR('',#5540,0.201109681308969);
#3955=SURFACE_SIDE_STYLE('',(#5541));
#3956=EDGE_LOOP('',(#5542,#5543,#5544,#5545));
#3957=AXIS2_PLACEMENT_3D('',#5546,#5547,#5548);
#3958=DRAUGHTING_PRE_DEFINED_CURVE_FONT('continuous');
#3959=COLOUR_RGB('',0.274509996175766,0.274509996175766,0.274509996175766);
#3960=AXIS2_PLACEMENT_3D('',#5549,#5550,#5551);
#3961=SURFACE_SIDE_STYLE('',(#5552));
#3962=EDGE_LOOP('',(#5553,#5554,#5555));
#3963=CARTESIAN_POINT('',(1.31114386144923,-0.632276667979165,0.0807235825107705));
#3964=CARTESIAN_POINT('',(1.31100003164794,-0.650294305962493,0.0804733303958682));
#3965=CARTESIAN_POINT('',(1.3108373611821,-0.686376924985835,0.0979525762728872));
#3966=CARTESIAN_POINT('',(1.31100089770463,-0.705348132960387,0.142863944321903));
#3967=CARTESIAN_POINT('',(1.31114505673474,-0.708259119310281,0.16683188859358));
#3968=CARTESIAN_POINT('',(1.32552039269015,-0.632391193301835,0.0805396151727104));
#3969=CARTESIAN_POINT('',(1.32829013756863,-0.650432041473074,0.080252079741565));
#3970=CARTESIAN_POINT('',(1.3314226970752,-0.686540909992286,0.0976891588850866));
#3971=CARTESIAN_POINT('',(1.32827345535543,-0.705485729062473,0.142642918365445));
#3972=CARTESIAN_POINT('',(1.32549737496912,-0.708373451748914,0.166648231094058));
#3973=CARTESIAN_POINT('',(1.35431962327507,-0.625290148969485,0.0919463520500734));
#3974=CARTESIAN_POINT('',(1.36292586989834,-0.641891886828909,0.0939705267266929));
#3975=CARTESIAN_POINT('',(1.37265947166642,-0.676373132406402,0.114022131971472));
#3976=CARTESIAN_POINT('',(1.36287405094881,-0.696954239410807,0.15634744476525));
#3977=CARTESIAN_POINT('',(1.35424810178027,-0.701284367022035,0.178035756702577));
#3978=CARTESIAN_POINT('',(1.36793754011956,-0.607393544225914,0.120694498344578));
#3979=CARTESIAN_POINT('',(1.37930361702625,-0.620368323432184,0.12854482240267));
#3980=CARTESIAN_POINT('',(1.39215857149882,-0.650747508016458,0.155185762658914));
#3981=CARTESIAN_POINT('',(1.37923517660679,-0.675452515331927,0.190886660710124));
#3982=CARTESIAN_POINT('',(1.36784308327853,-0.683417903807446,0.206735485260746));
#3983=CARTESIAN_POINT('',(1.36910769832982,-0.598116906154245,0.135595992354867));
#3984=CARTESIAN_POINT('',(1.38071092263866,-0.609211666148185,0.146466280257156));
#3985=CARTESIAN_POINT('',(1.39383408538795,-0.637464560247702,0.17652277644295));
#3986=CARTESIAN_POINT('',(1.38064105506111,-0.664307178517318,0.208789933037408));
#3987=CARTESIAN_POINT('',(1.36901127070413,-0.674156889484201,0.221611882119446));
#3988=DRAUGHTING_PRE_DEFINED_CURVE_FONT('continuous');
#3989=COLOUR_RGB('',0.274509996175766,0.274509996175766,0.274509996175766);
#3990=CARTESIAN_POINT('',(-1.37538723513848,-0.799991521173489,1.07350568690259));
#3991=CARTESIAN_POINT('',(-1.39495667426963,-0.799695103845124,1.0757318910469));
#3992=CARTESIAN_POINT('',(-1.43361365138565,-0.783159885968479,1.07724409522297));
#3993=CARTESIAN_POINT('',(-1.4498534013817,-0.744046138184697,1.07500220031246));
#3994=CARTESIAN_POINT('',(-1.44999734593053,-0.724269027391309,1.07347006261455));
#3995=DRAUGHTING_PRE_DEFINED_CURVE_FONT('continuous');
#3996=COLOUR_RGB('',1.0,1.0,1.0);
#3997=AXIS2_PLACEMENT_3D('',#5556,#5557,#5558);
#3998=SURFACE_SIDE_STYLE('',(#5559));
#3999=EDGE_LOOP('',(#5560,#5561,#5562,#5563));
#4000=CARTESIAN_POINT('',(1.42410316323259,0.686515110899341,1.35974374088903));
#4001=CARTESIAN_POINT('',(1.42376594437553,0.705996189099981,1.36431757155864));
#4002=CARTESIAN_POINT('',(1.40711497767408,0.744871940521639,1.3707817766762));
#4003=CARTESIAN_POINT('',(1.36821057320638,0.761510643805536,1.3682518004));
#4004=CARTESIAN_POINT('',(1.34871513664011,0.761847614301679,1.36508244608054));
#4005=CARTESIAN_POINT('',(1.43294123002453,0.69929748619724,1.2620322762007));
#4006=CARTESIAN_POINT('',(1.43260400583416,0.718778566962077,1.26660610391625));
#4007=CARTESIAN_POINT('',(1.41595304979523,0.75765431453892,1.27307031346389));
#4008=CARTESIAN_POINT('',(1.37704863466497,0.774293019104422,1.27054033571138));
#4009=CARTESIAN_POINT('',(1.35755320343205,0.774629989600566,1.26737098139192));
#4010=CARTESIAN_POINT('',(1.44177929681561,0.712079861496956,1.16432081151161));
#4011=CARTESIAN_POINT('',(1.44144208862411,0.731560942261793,1.16889464218122));
#4012=CARTESIAN_POINT('',(1.42479110859511,0.770436691117642,1.17535884803852));
#4013=CARTESIAN_POINT('',(1.38588670145609,0.787075391838228,1.17282886954538));
#4014=CARTESIAN_POINT('',(1.36639127022315,0.787412364898306,1.1696595167034));
#4015=CARTESIAN_POINT('',(1.45061736360755,0.724862236794855,1.06660934682328));
#4016=CARTESIAN_POINT('',(1.4502801447494,0.744343314995494,1.07118317749289));
#4017=CARTESIAN_POINT('',(1.4336291780496,0.783219066417022,1.07764738261068));
#4018=CARTESIAN_POINT('',(1.39472477358133,0.799857769701312,1.07511740633379));
#4019=CARTESIAN_POINT('',(1.37522933701509,0.800194740197193,1.07194805201479));
#4020=DRAUGHTING_PRE_DEFINED_CURVE_FONT('continuous');
#4021=COLOUR_RGB('',1.0,1.0,1.0);
#4022=CARTESIAN_POINT('',(-0.149999999999975,-1.4,0.200628282353178));
#4023=VECTOR('',#5564,0.200881458857729);
#4024=SURFACE_SIDE_STYLE('',(#5565));
#4025=EDGE_LOOP('',(#5566,#5567,#5568,#5569));
#4026=CARTESIAN_POINT('',(0.150000000000025,-1.17375737082237,0.0206803448372456));
#4027=CARTESIAN_POINT('',(0.150000000000025,-1.11477412793662,0.026329465859725));
#4028=CARTESIAN_POINT('',(0.150000000000025,-1.00025910532426,0.0987180905983996));
#4029=CARTESIAN_POINT('',(0.150000000000025,-0.949375699404497,0.256690062047076));
#4030=CARTESIAN_POINT('',(0.150000000000025,-0.946278253840154,0.337504546090625));
#4031=CARTESIAN_POINT('',(0.0500000000000553,-1.17375737082237,0.0206803448372456));
#4032=CARTESIAN_POINT('',(0.0500000000000553,-1.11477412793662,0.026329465859725));
#4033=CARTESIAN_POINT('',(0.0500000000000553,-1.00025910532426,0.0987180905983996));
#4034=CARTESIAN_POINT('',(0.0500000000000553,-0.949375699404497,0.256690062047076));
#4035=CARTESIAN_POINT('',(0.0500000000000553,-0.946278253840154,0.337504546090625));
#4036=CARTESIAN_POINT('',(-0.0500000000000083,-1.17375737082237,0.0206803448372456));
#4037=CARTESIAN_POINT('',(-0.0500000000000083,-1.11477412793662,0.026329465859725));
#4038=CARTESIAN_POINT('',(-0.0500000000000083,-1.00025910532426,0.0987180905983996));
#4039=CARTESIAN_POINT('',(-0.0500000000000083,-0.949375699404497,0.256690062047076));
#4040=CARTESIAN_POINT('',(-0.0500000000000083,-0.946278253840154,0.337504546090625));
#4041=CARTESIAN_POINT('',(-0.149999999999975,-1.17375737082237,0.0206803448372456));
#4042=CARTESIAN_POINT('',(-0.149999999999975,-1.11477412793662,0.026329465859725));
#4043=CARTESIAN_POINT('',(-0.149999999999975,-1.00025910532426,0.0987180905983996));
#4044=CARTESIAN_POINT('',(-0.149999999999975,-0.949375699404497,0.256690062047076));
#4045=CARTESIAN_POINT('',(-0.149999999999975,-0.946278253840154,0.337504546090625));
#4046=SURFACE_SIDE_STYLE('',(#5570));
#4047=EDGE_LOOP('',(#5571,#5572,#5573,#5574));
#4048=CARTESIAN_POINT('',(1.31185356509699,-0.708104223725868,0.165576483540782));
#4049=CARTESIAN_POINT('',(1.31185356509699,-0.705024511378151,0.142041323747322));
#4050=CARTESIAN_POINT('',(1.31185356509699,-0.686178046115471,0.0981015457411875));
#4051=CARTESIAN_POINT('',(1.31185356509699,-0.650801580947532,0.0807146732907464));
#4052=CARTESIAN_POINT('',(1.31185356509699,-0.633071252067788,0.0807134783687309));
#4053=CARTESIAN_POINT('',(0.437284521711527,-0.708104223725868,0.165576483540782));
#4054=CARTESIAN_POINT('',(0.437284521711527,-0.705024511378151,0.142041323747322));
#4055=CARTESIAN_POINT('',(0.437284521711527,-0.686178046115471,0.0981015457411875));
#4056=CARTESIAN_POINT('',(0.437284521711527,-0.650801580947532,0.0807146732907464));
#4057=CARTESIAN_POINT('',(0.437284521711527,-0.633071252067788,0.0807134783687309));
#4058=CARTESIAN_POINT('',(-0.437284521711504,-0.708104223725868,0.165576483540782));
#4059=CARTESIAN_POINT('',(-0.437284521711504,-0.705024511378151,0.142041323747322));
#4060=CARTESIAN_POINT('',(-0.437284521711504,-0.686178046115471,0.0981015457411875));
#4061=CARTESIAN_POINT('',(-0.437284521711504,-0.650801580947532,0.0807146732907464));
#4062=CARTESIAN_POINT('',(-0.437284521711504,-0.633071252067788,0.0807134783687309));
#4063=CARTESIAN_POINT('',(-1.31185356509695,-0.708104223725868,0.165576483540782));
#4064=CARTESIAN_POINT('',(-1.31185356509695,-0.705024511378151,0.142041323747322));
#4065=CARTESIAN_POINT('',(-1.31185356509695,-0.686178046115471,0.0981015457411875));
#4066=CARTESIAN_POINT('',(-1.31185356509695,-0.650801580947532,0.0807146732907464));
#4067=CARTESIAN_POINT('',(-1.31185356509695,-0.633071252067788,0.0807134783687309));
#4068=DRAUGHTING_PRE_DEFINED_CURVE_FONT('continuous');
#4069=COLOUR_RGB('',1.0,1.0,1.0);
#4070=CARTESIAN_POINT('',(-0.799999999999975,1.09301565486538,0.348023018301175));
#4071=VECTOR('',#5575,0.407221167322928);
#4072=DRAUGHTING_PRE_DEFINED_CURVE_FONT('continuous');
#4073=COLOUR_RGB('',1.0,1.0,1.0);
#4074=CARTESIAN_POINT('',(-1.09999999999997,1.4,0.200621487082729));
#4075=VECTOR('',#5576,0.200881458857729);
#4076=SURFACE_SIDE_STYLE('',(#5577));
#4077=EDGE_LOOP('',(#5578,#5579,#5580,#5581));
#4078=AXIS2_PLACEMENT_3D('',#5582,#5583,#5584);
#4079=SURFACE_SIDE_STYLE('',(#5585));
#4080=EDGE_LOOP('',(#5586,#5587,#5588,#5589));
#4081=AXIS2_PLACEMENT_3D('',#5590,#5591,#5592);
#4082=SURFACE_SIDE_STYLE('',(#5593));
#4083=EDGE_LOOP('',(#5594,#5595,#5596,#5597));
#4084=AXIS2_PLACEMENT_3D('',#5598,#5599,#5600);
#4085=SURFACE_SIDE_STYLE('',(#5601));
#4086=EDGE_LOOP('',(#5602,#5603,#5604));
#4087=CARTESIAN_POINT('',(-1.38717396592527,0.631352160400931,0.174085762090745));
#4088=CARTESIAN_POINT('',(-1.38546082383047,0.630950800679672,0.148731767198251));
#4089=CARTESIAN_POINT('',(-1.36748488147334,0.630482915966685,0.0999848883010314));
#4090=CARTESIAN_POINT('',(-1.32996768846482,0.630924219240761,0.0805420133546875));
#4091=CARTESIAN_POINT('',(-1.31121236121151,0.631315774480742,0.0807444308992346));
#4092=CARTESIAN_POINT('',(-1.38745655379655,0.645227082442329,0.173652174250734));
#4093=CARTESIAN_POINT('',(-1.38580938526723,0.648065128779589,0.148196948344392));
#4094=CARTESIAN_POINT('',(-1.36791035892436,0.651373577424186,0.0993320606713245));
#4095=CARTESIAN_POINT('',(-1.33032062223958,0.648253086420793,0.0800004903598188));
#4096=CARTESIAN_POINT('',(-1.31150093027649,0.645484370103672,0.0803016658336615));
#4097=CARTESIAN_POINT('',(-1.38083194582091,0.673225272813757,0.183816621335392));
#4098=CARTESIAN_POINT('',(-1.37763812161642,0.68260011084323,0.160734509744814));
#4099=CARTESIAN_POINT('',(-1.35793607123951,0.693528820190915,0.114636075418395));
#4100=CARTESIAN_POINT('',(-1.32204691976009,0.683220992689478,0.0926952191011848));
#4101=CARTESIAN_POINT('',(-1.30473610728945,0.674075164080189,0.0906812513932673));
#4102=CARTESIAN_POINT('',(-1.36343674332691,0.686872984551054,0.210506897339319));
#4103=CARTESIAN_POINT('',(-1.35618162418964,0.699434181206353,0.193656216299386));
#4104=CARTESIAN_POINT('',(-1.33174512849923,0.714077383751876,0.15482206870466));
#4105=CARTESIAN_POINT('',(-1.30032145553332,0.700266090462813,0.126029623973254));
#4106=CARTESIAN_POINT('',(-1.28697272172398,0.6880117403148,0.117936447972239));
#4107=CARTESIAN_POINT('',(-1.35434947820258,0.688263741955912,0.224449914925058));
#4108=CARTESIAN_POINT('',(-1.34497273823658,0.701149641397646,0.210854538102039));
#4109=CARTESIAN_POINT('',(-1.31806296395428,0.716171366408683,0.175815257028521));
#4110=CARTESIAN_POINT('',(-1.28897205452413,0.702003054775655,0.143443539518416));
#4111=CARTESIAN_POINT('',(-1.27769311752343,0.689431934188387,0.132174580434471));
#4112=DRAUGHTING_PRE_DEFINED_CURVE_FONT('continuous');
#4113=COLOUR_RGB('',0.274509996175766,0.274509996175766,0.274509996175766);
#4114=AXIS2_PLACEMENT_3D('',#5605,#5606,#5607);
#4115=DRAUGHTING_PRE_DEFINED_CURVE_FONT('continuous');
#4116=COLOUR_RGB('',0.274509996175766,0.274509996175766,0.274509996175766);
#4117=CARTESIAN_POINT('',(-1.31185356509695,-0.633071252067788,0.0807134783687309));
#4118=VECTOR('',#5608,1.26614250413587);
#4119=DRAUGHTING_PRE_DEFINED_CURVE_FONT('continuous');
#4120=COLOUR_RGB('',1.0,1.0,1.0);
#4121=CARTESIAN_POINT('',(1.10000000000003,0.800000000000022,1.07258893090813));
#4122=VECTOR('',#5609,0.299999999999999);
#4123=SURFACE_SIDE_STYLE('',(#5610));
#4124=EDGE_LOOP('',(#5611,#5612,#5613,#5614));
#4125=AXIS2_PLACEMENT_3D('',#5615,#5616,#5617);
#4126=DRAUGHTING_PRE_DEFINED_CURVE_FONT('continuous');
#4127=COLOUR_RGB('',0.274509996175766,0.274509996175766,0.274509996175766);
#4128=CARTESIAN_POINT('',(-1.42409751499849,0.68680899856967,1.35981264727985));
#4129=VECTOR('',#5618,1.37361799713904);
#4130=SURFACE_SIDE_STYLE('',(#5619));
#4131=EDGE_LOOP('',(#5620,#5621,#5622,#5623));
#4132=CARTESIAN_POINT('',(-1.34900924091791,-0.761841970227702,1.36513012509138));
#4133=CARTESIAN_POINT('',(-1.34900924091791,-0.758762257880224,1.38866528488455));
#4134=CARTESIAN_POINT('',(-1.34900924091791,-0.739915792617175,1.43260506289105));
#4135=CARTESIAN_POINT('',(-1.34900924091791,-0.704539327449367,1.44999193534136));
#4136=CARTESIAN_POINT('',(-1.34900924091791,-0.68680899856963,1.44999313026338));
#4137=CARTESIAN_POINT('',(-0.449669746972952,-0.761841970227702,1.36513012509138));
#4138=CARTESIAN_POINT('',(-0.449669746972952,-0.758762257880224,1.38866528488455));
#4139=CARTESIAN_POINT('',(-0.449669746972952,-0.739915792617175,1.43260506289105));
#4140=CARTESIAN_POINT('',(-0.449669746972952,-0.704539327449367,1.44999193534136));
#4141=CARTESIAN_POINT('',(-0.449669746972952,-0.68680899856963,1.44999313026338));
#4142=CARTESIAN_POINT('',(0.449669746972976,-0.761841970227702,1.36513012509138));
#4143=CARTESIAN_POINT('',(0.449669746972976,-0.758762257880224,1.38866528488455));
#4144=CARTESIAN_POINT('',(0.449669746972976,-0.739915792617175,1.43260506289105));
#4145=CARTESIAN_POINT('',(0.449669746972976,-0.704539327449367,1.44999193534136));
#4146=CARTESIAN_POINT('',(0.449669746972976,-0.68680899856963,1.44999313026338));
#4147=CARTESIAN_POINT('',(1.34900924091793,-0.761841970227702,1.36513012509138));
#4148=CARTESIAN_POINT('',(1.34900924091793,-0.758762257880224,1.38866528488455));
#4149=CARTESIAN_POINT('',(1.34900924091793,-0.739915792617175,1.43260506289105));
#4150=CARTESIAN_POINT('',(1.34900924091793,-0.704539327449367,1.44999193534136));
#4151=CARTESIAN_POINT('',(1.34900924091793,-0.68680899856963,1.44999313026338));
#4152=SURFACE_SIDE_STYLE('',(#5624));
#4153=EDGE_LOOP('',(#5625,#5626,#5627,#5628));
#4154=CARTESIAN_POINT('',(-1.37354196547051,0.799995677250697,1.07889187702128));
#4155=CARTESIAN_POINT('',(-1.3937123630911,0.800211061259957,1.07889187702128));
#4156=CARTESIAN_POINT('',(-1.43406113857305,0.783485837475874,1.07889187702128));
#4157=CARTESIAN_POINT('',(-1.45035661473976,0.742722217982859,1.07889187702128));
#4158=CARTESIAN_POINT('',(-1.44998724624484,0.722410562470768,1.07889187702128));
#4159=CARTESIAN_POINT('',(-1.37354196547051,0.799995677250697,1.00679467725804));
#4160=CARTESIAN_POINT('',(-1.3937123630911,0.800211061259957,1.00679467725804));
#4161=CARTESIAN_POINT('',(-1.43406113857305,0.783485837475874,1.00679467725804));
#4162=CARTESIAN_POINT('',(-1.45035661473976,0.742722217982859,1.00679467725804));
#4163=CARTESIAN_POINT('',(-1.44998724624484,0.722410562470768,1.00679467725804));
#4164=CARTESIAN_POINT('',(-1.37354196547051,0.799995677250697,0.934697477495317));
#4165=CARTESIAN_POINT('',(-1.3937123630911,0.800211061259957,0.934697477495317));
#4166=CARTESIAN_POINT('',(-1.43406113857305,0.783485837475874,0.934697477495317));
#4167=CARTESIAN_POINT('',(-1.45035661473976,0.742722217982859,0.934697477495317));
#4168=CARTESIAN_POINT('',(-1.44998724624484,0.722410562470768,0.934697477495317));
#4169=CARTESIAN_POINT('',(-1.37354196547051,0.799995677250697,0.862600277732075));
#4170=CARTESIAN_POINT('',(-1.3937123630911,0.800211061259957,0.862600277732075));
#4171=CARTESIAN_POINT('',(-1.43406113857305,0.783485837475874,0.862600277732075));
#4172=CARTESIAN_POINT('',(-1.45035661473976,0.742722217982859,0.862600277732075));
#4173=CARTESIAN_POINT('',(-1.44998724624484,0.722410562470768,0.862600277732075));
#4174=DRAUGHTING_PRE_DEFINED_CURVE_FONT('continuous');
#4175=COLOUR_RGB('',1.0,1.0,1.0);
#4176=CARTESIAN_POINT('',(-0.149999999999975,-1.07743407863986,0.754952771388075));
#4177=VECTOR('',#5629,0.299999999999999);
#4178=DRAUGHTING_PRE_DEFINED_CURVE_FONT('continuous');
#4179=COLOUR_RGB('',0.274509996175766,0.274509996175766,0.274509996175766);
#4180=AXIS2_PLACEMENT_3D('',#5630,#5631,#5632);
#4181=DRAUGHTING_PRE_DEFINED_CURVE_FONT('continuous');
#4182=COLOUR_RGB('',0.274509996175766,0.274509996175766,0.274509996175766);
#4183=CARTESIAN_POINT('',(-1.34900924091791,-0.761841970227533,1.36513012509138));
#4184=VECTOR('',#5633,2.69801848183582);
#4185=DRAUGHTING_PRE_DEFINED_CURVE_FONT('continuous');
#4186=COLOUR_RGB('',1.0,1.0,1.0);
#4187=CARTESIAN_POINT('',(1.10000000000003,1.17375737082239,0.0206758146440756));
#4188=VECTOR('',#5634,0.299999999999999);
#4189=SURFACE_SIDE_STYLE('',(#5635));
#4190=EDGE_LOOP('',(#5636,#5637,#5638));
#4191=CARTESIAN_POINT('',(-1.42430614196097,0.684440687697848,1.3567116372172));
#4192=CARTESIAN_POINT('',(-1.42464888555601,0.704511201917282,1.36081817627342));
#4193=CARTESIAN_POINT('',(-1.40839809627501,0.745012660881025,1.36687882718881));
#4194=CARTESIAN_POINT('',(-1.36825056176567,0.762094269750381,1.36506025234856));
#4195=CARTESIAN_POINT('',(-1.3481835651399,0.762162350509077,1.36243729961655));
#4196=CARTESIAN_POINT('',(-1.42311870154323,0.682586052620622,1.37335839649401));
#4197=CARTESIAN_POINT('',(-1.42312882195461,0.702137052209908,1.3821279767324));
#4198=CARTESIAN_POINT('',(-1.40648268397394,0.742021022214455,1.3937310575934));
#4199=CARTESIAN_POINT('',(-1.36671051620354,0.75968891047131,1.3866501776511));
#4200=CARTESIAN_POINT('',(-1.34696915467045,0.760265591546058,1.37946215278044));
#4201=CARTESIAN_POINT('',(-1.41423853373394,0.672362060298144,1.40438737802682));
#4202=CARTESIAN_POINT('',(-1.41176116989154,0.689049145170913,1.4218487035812));
#4203=CARTESIAN_POINT('',(-1.39215843397728,0.725529103352118,1.44378268404379));
#4204=CARTESIAN_POINT('',(-1.35519343144856,0.746428959173496,1.426893048826));
#4205=CARTESIAN_POINT('',(-1.33788729371984,0.749809384115882,1.41119588819665));
#4206=CARTESIAN_POINT('',(-1.39673635829194,0.654150419891014,1.41583188739524));
#4207=CARTESIAN_POINT('',(-1.38935633504887,0.665736114632014,1.43649901458267));
#4208=CARTESIAN_POINT('',(-1.36392636608774,0.696152625100479,1.46224337060188));
#4209=CARTESIAN_POINT('',(-1.332494079159,0.722809468435765,1.44173594425691));
#4210=CARTESIAN_POINT('',(-1.31998759552656,0.731184107048465,1.42290033398589));
#4211=CARTESIAN_POINT('',(-1.38795620496328,0.645261701647526,1.41523216754424));
#4212=CARTESIAN_POINT('',(-1.37811671241753,0.654357514928133,1.43573130334319));
#4213=CARTESIAN_POINT('',(-1.34976344686694,0.681814584048189,1.46127598609306));
#4214=CARTESIAN_POINT('',(-1.32110670573499,0.711281293709206,1.44095814061007));
#4215=CARTESIAN_POINT('',(-1.31100802066221,0.72209350145997,1.42228699284077));
#4216=SURFACE_SIDE_STYLE('',(#5639));
#4217=EDGE_LOOP('',(#5640,#5641,#5642));
#4218=CARTESIAN_POINT('',(-1.31114505673478,-0.708259119310271,0.166831888593497));
#4219=CARTESIAN_POINT('',(-1.31100089770416,-0.705348132960378,0.142863944322113));
#4220=CARTESIAN_POINT('',(-1.31083736118238,-0.686376924985798,0.0979525762727338));
#4221=CARTESIAN_POINT('',(-1.31100003164796,-0.650294305962489,0.0804733303958682));
#4222=CARTESIAN_POINT('',(-1.31114386144925,-0.632276667979172,0.0807235825107705));
#4223=CARTESIAN_POINT('',(-1.3254973749686,-0.708373451748651,0.166648231094268));
#4224=CARTESIAN_POINT('',(-1.32827345660411,-0.705485728461362,0.142642916981545));
#4225=CARTESIAN_POINT('',(-1.33142269832491,-0.6865409105931,0.0976891599241131));
#4226=CARTESIAN_POINT('',(-1.32829013382055,-0.650432040872475,0.0802520790496557));
#4227=CARTESIAN_POINT('',(-1.32552039269123,-0.632391193302096,0.0805396151730028));
#4228=CARTESIAN_POINT('',(-1.35424810178055,-0.701284367022139,0.178035756702223));
#4229=CARTESIAN_POINT('',(-1.36287404969688,-0.696954240012125,0.156347445803485));
#4230=CARTESIAN_POINT('',(-1.37265947166748,-0.676373132255517,0.114022131451969));
#4231=CARTESIAN_POINT('',(-1.36292587114802,-0.64189188652871,0.0939705267262947));
#4232=CARTESIAN_POINT('',(-1.35431962327477,-0.625290148969482,0.0919463520500915));
#4233=CARTESIAN_POINT('',(-1.36784308327856,-0.683417903807424,0.206735485260976));
#4234=CARTESIAN_POINT('',(-1.379235177856,-0.675452514731299,0.190886660018443));
#4235=CARTESIAN_POINT('',(-1.39215857024981,-0.650747507716782,0.155185762658849));
#4236=CARTESIAN_POINT('',(-1.37930361827491,-0.620368324633155,0.128544823094282));
#4237=CARTESIAN_POINT('',(-1.36793754011902,-0.607393544225676,0.120694498344271));
#4238=CARTESIAN_POINT('',(-1.36901127070413,-0.674156889484186,0.221611882119368));
#4239=CARTESIAN_POINT('',(-1.3806410550606,-0.664307178517549,0.208789933037616));
#4240=CARTESIAN_POINT('',(-1.39383408538841,-0.637464560247826,0.176522776442871));
#4241=CARTESIAN_POINT('',(-1.38071092263814,-0.609211666147723,0.146466280256847));
#4242=CARTESIAN_POINT('',(-1.3691076983298,-0.598116906154268,0.135595992354841));
#4243=SURFACE_SIDE_STYLE('',(#5643));
#4244=EDGE_LOOP('',(#5644,#5645,#5646,#5647));
#4245=CARTESIAN_POINT('',(-1.09999999999998,-0.930696677614689,0.744427503906978));
#4246=CARTESIAN_POINT('',(-1.09999999999998,-0.929397989594961,0.778311167096463));
#4247=CARTESIAN_POINT('',(-1.09999999999998,-0.907074525660158,0.844431104096607));
#4248=CARTESIAN_POINT('',(-1.09999999999998,-0.857662542727825,0.871482083279611));
#4249=CARTESIAN_POINT('',(-1.09999999999998,-0.832871743597886,0.871483779792338));
#4250=CARTESIAN_POINT('',(-0.999999999999788,-0.930696677614689,0.744427503906978));
#4251=CARTESIAN_POINT('',(-0.999999999999788,-0.929397989594961,0.778311167096463));
#4252=CARTESIAN_POINT('',(-0.999999999999788,-0.907074525660158,0.844431104096607));
#4253=CARTESIAN_POINT('',(-0.999999999999788,-0.857662542727825,0.871482083279611));
#4254=CARTESIAN_POINT('',(-0.999999999999788,-0.832871743597886,0.871483779792338));
#4255=CARTESIAN_POINT('',(-0.900000000000162,-0.930696677614689,0.744427503906978));
#4256=CARTESIAN_POINT('',(-0.900000000000162,-0.929397989594961,0.778311167096463));
#4257=CARTESIAN_POINT('',(-0.900000000000162,-0.907074525660158,0.844431104096607));
#4258=CARTESIAN_POINT('',(-0.900000000000162,-0.857662542727825,0.871482083279611));
#4259=CARTESIAN_POINT('',(-0.900000000000162,-0.832871743597886,0.871483779792338));
#4260=CARTESIAN_POINT('',(-0.799999999999975,-0.930696677614689,0.744427503906978));
#4261=CARTESIAN_POINT('',(-0.799999999999975,-0.929397989594961,0.778311167096463));
#4262=CARTESIAN_POINT('',(-0.799999999999975,-0.907074525660158,0.844431104096607));
#4263=CARTESIAN_POINT('',(-0.799999999999975,-0.857662542727825,0.871482083279611));
#4264=CARTESIAN_POINT('',(-0.799999999999975,-0.832871743597886,0.871483779792338));
#4265=SURFACE_SIDE_STYLE('',(#5648));
#4266=EDGE_LOOP('',(#5649,#5650,#5651,#5652));
#4267=CARTESIAN_POINT('',(1.348716007793,-0.761847599282588,1.36508258771216));
#4268=CARTESIAN_POINT('',(1.36821115484735,-0.761510407876103,1.36825184127285));
#4269=CARTESIAN_POINT('',(1.4071148049056,-0.744871767879701,1.37078170684815));
#4270=CARTESIAN_POINT('',(1.42376570827159,-0.705996770313107,1.36431767034186));
#4271=CARTESIAN_POINT('',(1.4241031482025,-0.68651598141054,1.35974394527688));
#4272=CARTESIAN_POINT('',(1.35755403973957,-0.774629924187592,1.26737150824238));
#4273=CARTESIAN_POINT('',(1.37704918679395,-0.774292735345258,1.27054076475708));
#4274=CARTESIAN_POINT('',(1.41595283685115,-0.757654091502878,1.27307062737808));
#4275=CARTESIAN_POINT('',(1.43260374022024,-0.718779095217618,1.26660658791866));
#4276=CARTESIAN_POINT('',(1.43294118015114,-0.699298306315051,1.26203286580768));
#4277=CARTESIAN_POINT('',(1.36639207169146,-0.787412249092939,1.1696604287727));
#4278=CARTESIAN_POINT('',(1.38588722407905,-0.787075060250604,1.1728296823334));
#4279=CARTESIAN_POINT('',(1.42479086880456,-0.770436417689674,1.17535954790904));
#4280=CARTESIAN_POINT('',(1.44144176683587,-0.731561417560065,1.16889551140168));
#4281=CARTESIAN_POINT('',(1.4417792120989,-0.712080631221385,1.16432178633686));
#4282=CARTESIAN_POINT('',(1.37523010363802,-0.800194573997943,1.07194934930292));
#4283=CARTESIAN_POINT('',(1.39472525069241,-0.799857382591458,1.07511860286363));
#4284=CARTESIAN_POINT('',(1.43362890075011,-0.783218742594924,1.07764846843898));
#4285=CARTESIAN_POINT('',(1.45027980411774,-0.744343745028726,1.07118443193248));
#4286=CARTESIAN_POINT('',(1.45061724404756,-0.724862956125896,1.06661070686765));
#4287=DRAUGHTING_PRE_DEFINED_CURVE_FONT('continuous');
#4288=COLOUR_RGB('',1.0,1.0,1.0);
#4289=CARTESIAN_POINT('',(0.800000000000025,-0.832871743597886,0.871475851963936));
#4290=VECTOR('',#5653,0.0328717435979098);
#4291=DRAUGHTING_PRE_DEFINED_CURVE_FONT('continuous');
#4292=COLOUR_RGB('',1.0,1.0,1.0);
#4293=CARTESIAN_POINT('',(-0.149999999999975,-0.799999999999976,1.07259346110131));
#4294=CARTESIAN_POINT('',(-0.149999999999975,-0.799999999999976,0.871483779792338));
#4295=VECTOR('',#5654,0.201109681308969);
#4296=SURFACE_SIDE_STYLE('',(#5655));
#4297=EDGE_LOOP('',(#5656,#5657,#5658,#5659));
#4298=CARTESIAN_POINT('',(1.38694748741152,-0.632777364397686,0.170962867742935));
#4299=CARTESIAN_POINT('',(1.3866102685539,-0.65225844259858,0.166389037073325));
#4300=CARTESIAN_POINT('',(1.36995930185356,-0.691134194019822,0.159924831955622));
#4301=CARTESIAN_POINT('',(1.33105489738476,-0.707772897303857,0.162454808232274));
#4302=CARTESIAN_POINT('',(1.31155946081906,-0.7081098678,0.16562416255143));
#4303=CARTESIAN_POINT('',(1.40817077947014,-0.663472321861946,0.405602297620241));
#4304=CARTESIAN_POINT('',(1.40783358622689,-0.682953400062841,0.401028459856913));
#4305=CARTESIAN_POINT('',(1.39118258110749,-0.721829151488232,0.394564265377652));
#4306=CARTESIAN_POINT('',(1.35227818944832,-0.738467854769303,0.397094238109752));
#4307=CARTESIAN_POINT('',(1.33278275288264,-0.738804825265446,0.400263592428907));
#4308=CARTESIAN_POINT('',(1.42939407154893,-0.694167279330573,0.640241727499882));
#4309=CARTESIAN_POINT('',(1.42905682707805,-0.713648357531467,0.635667895943561));
#4310=CARTESIAN_POINT('',(1.4124058987951,-0.752524105869788,0.629203692158024));
#4311=CARTESIAN_POINT('',(1.37350148151723,-0.769162818393096,0.631733667989128));
#4312=CARTESIAN_POINT('',(1.35400604495156,-0.769499782731701,0.634903022308209));
#4313=CARTESIAN_POINT('',(1.45061736360755,-0.724862236794833,0.874881157377191));
#4314=CARTESIAN_POINT('',(1.45028014475106,-0.744343314995727,0.870307326707582));
#4315=CARTESIAN_POINT('',(1.43362917804904,-0.783219066416969,0.86384312158984));
#4316=CARTESIAN_POINT('',(1.39472477358079,-0.799857769701004,0.866373097866606));
#4317=CARTESIAN_POINT('',(1.37522933701511,-0.800194740197147,0.869542452185686));
#4318=DRAUGHTING_PRE_DEFINED_CURVE_FONT('continuous');
#4319=COLOUR_RGB('',1.0,1.0,1.0);
#4320=AXIS2_PLACEMENT_3D('',#5660,#5661,#5662);
#4321=SURFACE_SIDE_STYLE('',(#5663));
#4322=EDGE_LOOP('',(#5664,#5665,#5666,#5667));
#4323=CARTESIAN_POINT('',(1.44998724624486,0.722410562470858,1.07889187702116));
#4324=CARTESIAN_POINT('',(1.4503566147398,0.742722217982649,1.07889187702116));
#4325=CARTESIAN_POINT('',(1.43406113857307,0.783485837475978,1.07889187702116));
#4326=CARTESIAN_POINT('',(1.39371236309121,0.800211061259957,1.07889187702116));
#4327=CARTESIAN_POINT('',(1.37354196547062,0.799995677250699,1.07889187702116));
#4328=CARTESIAN_POINT('',(1.44998724624486,0.722410562470858,1.00679467725789));
#4329=CARTESIAN_POINT('',(1.4503566147398,0.742722217982649,1.00679467725789));
#4330=CARTESIAN_POINT('',(1.43406113857307,0.783485837475978,1.00679467725789));
#4331=CARTESIAN_POINT('',(1.39371236309121,0.800211061259957,1.00679467725789));
#4332=CARTESIAN_POINT('',(1.37354196547062,0.799995677250699,1.00679467725789));
#4333=CARTESIAN_POINT('',(1.44998724624486,0.722410562470858,0.934697477494529));
#4334=CARTESIAN_POINT('',(1.4503566147398,0.742722217982649,0.934697477494529));
#4335=CARTESIAN_POINT('',(1.43406113857307,0.783485837475978,0.934697477494529));
#4336=CARTESIAN_POINT('',(1.39371236309121,0.800211061259957,0.934697477494529));
#4337=CARTESIAN_POINT('',(1.37354196547062,0.799995677250699,0.934697477494529));
#4338=CARTESIAN_POINT('',(1.44998724624486,0.722410562470858,0.86260027773126));
#4339=CARTESIAN_POINT('',(1.4503566147398,0.742722217982649,0.86260027773126));
#4340=CARTESIAN_POINT('',(1.43406113857307,0.783485837475978,0.86260027773126));
#4341=CARTESIAN_POINT('',(1.39371236309121,0.800211061259957,0.86260027773126));
#4342=CARTESIAN_POINT('',(1.37354196547062,0.799995677250699,0.86260027773126));
#4343=SURFACE_SIDE_STYLE('',(#5668));
#4344=EDGE_LOOP('',(#5669,#5670,#5671,#5672));
#4345=CARTESIAN_POINT('',(0.150000000000025,-0.832871743597886,1.07259346110131));
#4346=CARTESIAN_POINT('',(0.150000000000025,-0.894848741422445,1.07258921981963));
#4347=CARTESIAN_POINT('',(0.150000000000025,-1.01837869875361,1.00496177186215));
#4348=CARTESIAN_POINT('',(0.150000000000025,-1.07418735859063,0.839661929361338));
#4349=CARTESIAN_POINT('',(0.150000000000025,-1.07743407863988,0.754952771388054));
#4350=CARTESIAN_POINT('',(0.0500000000000553,-0.832871743597886,1.07259346110131));
#4351=CARTESIAN_POINT('',(0.0500000000000553,-0.894848741422445,1.07258921981963));
#4352=CARTESIAN_POINT('',(0.0500000000000553,-1.01837869875361,1.00496177186215));
#4353=CARTESIAN_POINT('',(0.0500000000000553,-1.07418735859063,0.839661929361338));
#4354=CARTESIAN_POINT('',(0.0500000000000553,-1.07743407863988,0.754952771388054));
#4355=CARTESIAN_POINT('',(-0.0500000000000083,-0.832871743597886,1.07259346110131));
#4356=CARTESIAN_POINT('',(-0.0500000000000083,-0.894848741422445,1.07258921981963));
#4357=CARTESIAN_POINT('',(-0.0500000000000083,-1.01837869875361,1.00496177186215));
#4358=CARTESIAN_POINT('',(-0.0500000000000083,-1.07418735859063,0.839661929361338));
#4359=CARTESIAN_POINT('',(-0.0500000000000083,-1.07743407863988,0.754952771388054));
#4360=CARTESIAN_POINT('',(-0.149999999999975,-0.832871743597886,1.07259346110131));
#4361=CARTESIAN_POINT('',(-0.149999999999975,-0.894848741422445,1.07258921981963));
#4362=CARTESIAN_POINT('',(-0.149999999999975,-1.01837869875361,1.00496177186215));
#4363=CARTESIAN_POINT('',(-0.149999999999975,-1.07418735859063,0.839661929361338));
#4364=CARTESIAN_POINT('',(-0.149999999999975,-1.07743407863988,0.754952771388054));
#4365=DRAUGHTING_PRE_DEFINED_CURVE_FONT('continuous');
#4366=COLOUR_RGB('',1.0,1.0,1.0);
#4367=CARTESIAN_POINT('',(-1.09999999999998,-0.799999999999976,1.07259346110131));
#4368=VECTOR('',#5673,0.299999999999999);
#4369=DRAUGHTING_PRE_DEFINED_CURVE_FONT('continuous');
#4370=COLOUR_RGB('',0.274509996175766,0.274509996175766,0.274509996175766);
#4371=CARTESIAN_POINT('',(1.44999734593124,-0.724269027298875,1.07347006492607));
#4372=CARTESIAN_POINT('',(1.4498534405172,-0.744040764663219,1.0750019048307));
#4373=CARTESIAN_POINT('',(1.43361432731726,-0.783161005653083,1.07724407688745));
#4374=CARTESIAN_POINT('',(1.39495840318438,-0.799695077686011,1.07573218192839));
#4375=CARTESIAN_POINT('',(1.37538723503363,-0.799991521175084,1.07350568864515));
#4376=DRAUGHTING_PRE_DEFINED_CURVE_FONT('continuous');
#4377=COLOUR_RGB('',1.0,1.0,1.0);
#4378=CARTESIAN_POINT('',(0.800000000000025,-1.09301565486536,0.348021885743221));
#4379=VECTOR('',#5674,0.40722116732293);
#4380=SURFACE_SIDE_STYLE('',(#5675));
#4381=EDGE_LOOP('',(#5676,#5677,#5678,#5679));
#4382=CARTESIAN_POINT('',(-0.799999999999975,1.09301565486537,0.348023018301173));
#4383=CARTESIAN_POINT('',(-0.799999999999975,1.09425463309107,0.315697224683766));
#4384=CARTESIAN_POINT('',(-0.799999999999975,1.11460799545908,0.252508436104488));
#4385=CARTESIAN_POINT('',(-0.799999999999975,1.16041400450387,0.223552986208408));
#4386=CARTESIAN_POINT('',(-0.799999999999975,1.18400730165826,0.221293337799834));
#4387=CARTESIAN_POINT('',(-0.900000000000162,1.09301565486537,0.348023018301173));
#4388=CARTESIAN_POINT('',(-0.900000000000162,1.09425463309107,0.315697224683766));
#4389=CARTESIAN_POINT('',(-0.900000000000162,1.11460799545908,0.252508436104488));
#4390=CARTESIAN_POINT('',(-0.900000000000162,1.16041400450387,0.223552986208408));
#4391=CARTESIAN_POINT('',(-0.900000000000162,1.18400730165826,0.221293337799834));
#4392=CARTESIAN_POINT('',(-0.999999999999788,1.09301565486537,0.348023018301173));
#4393=CARTESIAN_POINT('',(-0.999999999999788,1.09425463309107,0.315697224683766));
#4394=CARTESIAN_POINT('',(-0.999999999999788,1.11460799545908,0.252508436104488));
#4395=CARTESIAN_POINT('',(-0.999999999999788,1.16041400450387,0.223552986208408));
#4396=CARTESIAN_POINT('',(-0.999999999999788,1.18400730165826,0.221293337799834));
#4397=CARTESIAN_POINT('',(-1.09999999999997,1.09301565486537,0.348023018301173));
#4398=CARTESIAN_POINT('',(-1.09999999999997,1.09425463309107,0.315697224683766));
#4399=CARTESIAN_POINT('',(-1.09999999999997,1.11460799545908,0.252508436104488));
#4400=CARTESIAN_POINT('',(-1.09999999999997,1.16041400450387,0.223552986208408));
#4401=CARTESIAN_POINT('',(-1.09999999999997,1.18400730165826,0.221293337799834));
#4402=DRAUGHTING_PRE_DEFINED_CURVE_FONT('continuous');
#4403=COLOUR_RGB('',1.0,1.0,1.0);
#4404=CARTESIAN_POINT('',(-0.149999999999975,-0.799999999999976,1.07259346110131));
#4405=VECTOR('',#5680,0.299999999999999);
#4406=DRAUGHTING_PRE_DEFINED_CURVE_FONT('continuous');
#4407=COLOUR_RGB('',1.0,1.0,1.0);
#4408=CARTESIAN_POINT('',(-1.09999999999998,-0.832871743597886,1.07259346110131));
#4409=VECTOR('',#5681,0.299999999999999);
#4410=DRAUGHTING_PRE_DEFINED_CURVE_FONT('continuous');
#4411=COLOUR_RGB('',1.0,1.0,1.0);
#4412=CARTESIAN_POINT('',(1.10000000000003,-0.799999999999976,1.07258553327291));
#4413=VECTOR('',#5682,0.0328717435979098);
#4414=SURFACE_SIDE_STYLE('',(#5683));
#4415=EDGE_LOOP('',(#5684,#5685));
#4416=EDGE_LOOP('',(#5686,#5687,#5688,#5689));
#4417=AXIS2_PLACEMENT_3D('',#5690,#5691,#5692);
#4418=DRAUGHTING_PRE_DEFINED_CURVE_FONT('continuous');
#4419=COLOUR_RGB('',1.0,1.0,1.0);
#4420=CARTESIAN_POINT('',(-0.149999999999975,-1.18400730165824,0.221300133070294));
#4421=VECTOR('',#5693,0.299999999999999);
#4422=SURFACE_SIDE_STYLE('',(#5694));
#4423=EDGE_LOOP('',(#5695,#5696,#5697,#5698));
#4424=CARTESIAN_POINT('',(-0.799999999999975,-1.17375737082237,0.0206803448372456));
#4425=CARTESIAN_POINT('',(-0.799999999999975,-1.11477412793662,0.026329465859725));
#4426=CARTESIAN_POINT('',(-0.799999999999975,-1.00025910532426,0.0987180905983997));
#4427=CARTESIAN_POINT('',(-0.799999999999975,-0.949375699404497,0.256690062047076));
#4428=CARTESIAN_POINT('',(-0.799999999999975,-0.946278253840154,0.337504546090625));
#4429=CARTESIAN_POINT('',(-0.899999999999943,-1.17375737082237,0.0206803448372456));
#4430=CARTESIAN_POINT('',(-0.899999999999943,-1.11477412793662,0.026329465859725));
#4431=CARTESIAN_POINT('',(-0.899999999999943,-1.00025910532426,0.0987180905983997));
#4432=CARTESIAN_POINT('',(-0.899999999999943,-0.949375699404497,0.256690062047076));
#4433=CARTESIAN_POINT('',(-0.899999999999943,-0.946278253840154,0.337504546090625));
#4434=CARTESIAN_POINT('',(-1.0,-1.17375737082237,0.0206803448372456));
#4435=CARTESIAN_POINT('',(-1.0,-1.11477412793662,0.026329465859725));
#4436=CARTESIAN_POINT('',(-1.0,-1.00025910532426,0.0987180905983997));
#4437=CARTESIAN_POINT('',(-1.0,-0.949375699404497,0.256690062047076));
#4438=CARTESIAN_POINT('',(-1.0,-0.946278253840154,0.337504546090625));
#4439=CARTESIAN_POINT('',(-1.09999999999998,-1.17375737082237,0.0206803448372456));
#4440=CARTESIAN_POINT('',(-1.09999999999998,-1.11477412793662,0.026329465859725));
#4441=CARTESIAN_POINT('',(-1.09999999999998,-1.00025910532426,0.0987180905983997));
#4442=CARTESIAN_POINT('',(-1.09999999999998,-0.949375699404497,0.256690062047076));
#4443=CARTESIAN_POINT('',(-1.09999999999998,-0.946278253840154,0.337504546090625));
#4444=DRAUGHTING_PRE_DEFINED_CURVE_FONT('continuous');
#4445=COLOUR_RGB('',1.0,1.0,1.0);
#4446=CARTESIAN_POINT('',(-1.09999999999998,-1.18400730165824,0.221300133070293));
#4447=VECTOR('',#5699,0.299999999999999);
#4448=DRAUGHTING_PRE_DEFINED_CURVE_FONT('continuous');
#4449=COLOUR_RGB('',0.274509996175766,0.274509996175766,0.274509996175766);
#4450=CARTESIAN_POINT('',(1.37538771827883,0.799992801781606,1.07349625085625));
#4451=VECTOR('',#5700,0.295299215402837);
#4452=DRAUGHTING_PRE_DEFINED_CURVE_FONT('continuous');
#4453=COLOUR_RGB('',1.0,1.0,1.0);
#4454=CARTESIAN_POINT('',(0.800000000000025,-1.38975006916424,5.66291734505064E-007));
#4455=VECTOR('',#5701,0.299999999999999);
#4456=DRAUGHTING_PRE_DEFINED_CURVE_FONT('continuous');
#4457=COLOUR_RGB('',1.0,1.0,1.0);
#4458=CARTESIAN_POINT('',(-0.799999999999975,0.946278253840188,0.337497750820179));
#4459=VECTOR('',#5702,0.299999999999999);
#4460=DRAUGHTING_PRE_DEFINED_CURVE_FONT('continuous');
#4461=COLOUR_RGB('',1.0,1.0,1.0);
#4462=CARTESIAN_POINT('',(1.10000000000003,0.946278253840188,0.337500015897447));
#4463=VECTOR('',#5703,0.299999999999999);
#4464=DRAUGHTING_PRE_DEFINED_CURVE_FONT('continuous');
#4465=COLOUR_RGB('',1.0,1.0,1.0);
#4466=CARTESIAN_POINT('',(0.800000000000025,-1.18400730165824,0.221292205241891));
#4467=VECTOR('',#5704,0.216979656071906);
#4468=DRAUGHTING_PRE_DEFINED_CURVE_FONT('continuous');
#4469=COLOUR_RGB('',1.0,1.0,1.0);
#4470=AXIS2_PLACEMENT_3D('',#5705,#5706,#5707);
#4471=SURFACE_SIDE_STYLE('',(#5708));
#4472=EDGE_LOOP('',(#5709,#5710,#5711,#5712));
#4473=CARTESIAN_POINT('',(1.10000000000003,-1.17375737082237,0.0206724170088428));
#4474=CARTESIAN_POINT('',(1.10000000000003,-1.11477412793662,0.026321538031322));
#4475=CARTESIAN_POINT('',(1.10000000000003,-1.00025910532426,0.0987101627699968));
#4476=CARTESIAN_POINT('',(1.10000000000003,-0.949375699404497,0.256682134218673));
#4477=CARTESIAN_POINT('',(1.10000000000003,-0.946278253840154,0.337496618262225));
#4478=CARTESIAN_POINT('',(1.00000000000006,-1.17375737082237,0.0206724170088428));
#4479=CARTESIAN_POINT('',(1.00000000000006,-1.11477412793662,0.026321538031322));
#4480=CARTESIAN_POINT('',(1.00000000000006,-1.00025910532426,0.0987101627699968));
#4481=CARTESIAN_POINT('',(1.00000000000006,-0.949375699404497,0.256682134218673));
#4482=CARTESIAN_POINT('',(1.00000000000006,-0.946278253840154,0.337496618262225));
#4483=CARTESIAN_POINT('',(0.899999999999993,-1.17375737082237,0.0206724170088428));
#4484=CARTESIAN_POINT('',(0.899999999999993,-1.11477412793662,0.026321538031322));
#4485=CARTESIAN_POINT('',(0.899999999999993,-1.00025910532426,0.0987101627699968));
#4486=CARTESIAN_POINT('',(0.899999999999993,-0.949375699404497,0.256682134218673));
#4487=CARTESIAN_POINT('',(0.899999999999993,-0.946278253840154,0.337496618262225));
#4488=CARTESIAN_POINT('',(0.800000000000025,-1.17375737082237,0.0206724170088428));
#4489=CARTESIAN_POINT('',(0.800000000000025,-1.11477412793662,0.026321538031322));
#4490=CARTESIAN_POINT('',(0.800000000000025,-1.00025910532426,0.0987101627699968));
#4491=CARTESIAN_POINT('',(0.800000000000025,-0.949375699404497,0.256682134218673));
#4492=CARTESIAN_POINT('',(0.800000000000025,-0.946278253840154,0.337496618262225));
#4493=DRAUGHTING_PRE_DEFINED_CURVE_FONT('continuous');
#4494=COLOUR_RGB('',1.0,1.0,1.0);
#4495=CARTESIAN_POINT('',(0.150000000000025,-1.38975006916424,8.49412013748108E-006));
#4496=VECTOR('',#5713,0.216979656071906);
#4497=DRAUGHTING_PRE_DEFINED_CURVE_FONT('continuous');
#4498=COLOUR_RGB('',0.274509996175766,0.274509996175766,0.274509996175766);
#4499=CARTESIAN_POINT('',(1.31185356509699,-0.708104223725947,0.165576483540764));
#4500=VECTOR('',#5714,2.62370713019295);
#4501=SURFACE_SIDE_STYLE('',(#5715));
#4502=EDGE_LOOP('',(#5716,#5717,#5718,#5719,#5720,#5721,#5722,#5723,#5724,#5725,#5726,#5727));
#4503=AXIS2_PLACEMENT_3D('',#5728,#5729,#5730);
#4504=DRAUGHTING_PRE_DEFINED_CURVE_FONT('continuous');
#4505=COLOUR_RGB('',1.0,1.0,1.0);
#4506=AXIS2_PLACEMENT_3D('',#5731,#5732,#5733);
#4507=SURFACE_SIDE_STYLE('',(#5734));
#4508=EDGE_LOOP('',(#5735,#5736,#5737,#5738));
#4509=CARTESIAN_POINT('',(-0.149999999999975,-1.09301565486535,0.348029813571624));
#4510=CARTESIAN_POINT('',(-0.149999999999975,-1.09425463309105,0.315704019954217));
#4511=CARTESIAN_POINT('',(-0.149999999999975,-1.11460799545906,0.252515231374937));
#4512=CARTESIAN_POINT('',(-0.149999999999975,-1.16041400450385,0.223559781478856));
#4513=CARTESIAN_POINT('',(-0.149999999999975,-1.18400730165824,0.221300133070283));
#4514=CARTESIAN_POINT('',(-0.0499999999997897,-1.09301565486535,0.348029813571624));
#4515=CARTESIAN_POINT('',(-0.0499999999997897,-1.09425463309105,0.315704019954217));
#4516=CARTESIAN_POINT('',(-0.0499999999997897,-1.11460799545906,0.252515231374937));
#4517=CARTESIAN_POINT('',(-0.0499999999997897,-1.16041400450385,0.223559781478856));
#4518=CARTESIAN_POINT('',(-0.0499999999997897,-1.18400730165824,0.221300133070283));
#4519=CARTESIAN_POINT('',(0.0499999999998367,-1.09301565486535,0.348029813571624));
#4520=CARTESIAN_POINT('',(0.0499999999998367,-1.09425463309105,0.315704019954217));
#4521=CARTESIAN_POINT('',(0.0499999999998367,-1.11460799545906,0.252515231374937));
#4522=CARTESIAN_POINT('',(0.0499999999998367,-1.16041400450385,0.223559781478856));
#4523=CARTESIAN_POINT('',(0.0499999999998367,-1.18400730165824,0.221300133070283));
#4524=CARTESIAN_POINT('',(0.150000000000025,-1.09301565486535,0.348029813571624));
#4525=CARTESIAN_POINT('',(0.150000000000025,-1.09425463309105,0.315704019954217));
#4526=CARTESIAN_POINT('',(0.150000000000025,-1.11460799545906,0.252515231374937));
#4527=CARTESIAN_POINT('',(0.150000000000025,-1.16041400450385,0.223559781478856));
#4528=CARTESIAN_POINT('',(0.150000000000025,-1.18400730165824,0.221300133070283));
#4529=DRAUGHTING_PRE_DEFINED_CURVE_FONT('continuous');
#4530=COLOUR_RGB('',1.0,1.0,1.0);
#4531=CARTESIAN_POINT('',(-0.149999999999975,-0.799999999999976,1.07259346110131));
#4532=VECTOR('',#5739,0.0328717435979098);
#4533=DRAUGHTING_PRE_DEFINED_CURVE_FONT('continuous');
#4534=COLOUR_RGB('',1.0,1.0,1.0);
#4535=AXIS2_PLACEMENT_3D('',#5740,#5741,#5742);
#4536=SURFACE_SIDE_STYLE('',(#5743));
#4537=EDGE_LOOP('',(#5744,#5745,#5746,#5747));
#4538=CARTESIAN_POINT('',(1.34900924091793,0.761841970227743,1.36513012509138));
#4539=CARTESIAN_POINT('',(1.34900924091793,0.758762257880264,1.38866528488455));
#4540=CARTESIAN_POINT('',(1.34900924091793,0.739915792617216,1.43260506289105));
#4541=CARTESIAN_POINT('',(1.34900924091793,0.704539327449408,1.44999193534136));
#4542=CARTESIAN_POINT('',(1.34900924091793,0.68680899856967,1.44999313026338));
#4543=CARTESIAN_POINT('',(0.449669746960427,0.761841970227743,1.36513012509138));
#4544=CARTESIAN_POINT('',(0.449669746960427,0.758762257880264,1.38866528488455));
#4545=CARTESIAN_POINT('',(0.449669746960427,0.739915792617216,1.43260506289105));
#4546=CARTESIAN_POINT('',(0.449669746960427,0.704539327449408,1.44999193534136));
#4547=CARTESIAN_POINT('',(0.449669746960427,0.68680899856967,1.44999313026338));
#4548=CARTESIAN_POINT('',(-0.449669746960403,0.761841970227743,1.36513012509138));
#4549=CARTESIAN_POINT('',(-0.449669746960403,0.758762257880264,1.38866528488455));
#4550=CARTESIAN_POINT('',(-0.449669746960403,0.739915792617216,1.43260506289105));
#4551=CARTESIAN_POINT('',(-0.449669746960403,0.704539327449408,1.44999193534136));
#4552=CARTESIAN_POINT('',(-0.449669746960403,0.68680899856967,1.44999313026338));
#4553=CARTESIAN_POINT('',(-1.34900924091791,0.761841970227743,1.36513012509138));
#4554=CARTESIAN_POINT('',(-1.34900924091791,0.758762257880264,1.38866528488455));
#4555=CARTESIAN_POINT('',(-1.34900924091791,0.739915792617216,1.43260506289105));
#4556=CARTESIAN_POINT('',(-1.34900924091791,0.704539327449408,1.44999193534136));
#4557=CARTESIAN_POINT('',(-1.34900924091791,0.68680899856967,1.44999313026338));
#4558=SURFACE_SIDE_STYLE('',(#5748));
#4559=EDGE_LOOP('',(#5749,#5750,#5751,#5752));
#4560=AXIS2_PLACEMENT_3D('',#5753,#5754,#5755);
#4561=SURFACE_SIDE_STYLE('',(#5756));
#4562=EDGE_LOOP('',(#5757,#5758,#5759,#5760));
#4563=AXIS2_PLACEMENT_3D('',#5761,#5762,#5763);
#4564=DRAUGHTING_PRE_DEFINED_CURVE_FONT('continuous');
#4565=COLOUR_RGB('',1.0,1.0,1.0);
#4566=CARTESIAN_POINT('',(0.150000000000025,-0.799999999999976,1.07259346110131));
#4567=VECTOR('',#5764,0.0328717435979098);
#4568=DRAUGHTING_PRE_DEFINED_CURVE_FONT('continuous');
#4569=COLOUR_RGB('',1.0,1.0,1.0);
#4570=CARTESIAN_POINT('',(0.800000000000025,-0.930696677614679,0.744419576078575));
#4571=VECTOR('',#5765,0.299999999999999);
#4572=DRAUGHTING_PRE_DEFINED_CURVE_FONT('continuous');
#4573=COLOUR_RGB('',1.0,1.0,1.0);
#4574=CARTESIAN_POINT('',(1.10000000000003,0.930696677614714,0.7444229737138));
#4575=VECTOR('',#5766,0.407221167322928);
#4576=DRAUGHTING_PRE_DEFINED_CURVE_FONT('continuous');
#4577=COLOUR_RGB('',0.274509996175766,0.274509996175766,0.274509996175766);
#4578=AXIS2_PLACEMENT_3D('',#5767,#5768,#5769);
#4579=SURFACE_SIDE_STYLE('',(#5770));
#4580=EDGE_LOOP('',(#5771,#5772,#5773,#5774));
#4581=AXIS2_PLACEMENT_3D('',#5775,#5776,#5777);
#4582=DRAUGHTING_PRE_DEFINED_CURVE_FONT('continuous');
#4583=COLOUR_RGB('',0.274509996175766,0.274509996175766,0.274509996175766);
#4584=AXIS2_PLACEMENT_3D('',#5778,#5779,#5780);
#4585=DRAUGHTING_PRE_DEFINED_CURVE_FONT('continuous');
#4586=COLOUR_RGB('',1.0,1.0,1.0);
#4587=CARTESIAN_POINT('',(1.10000000000003,0.800000000000022,0.87147924959916));
#4588=VECTOR('',#5781,0.299999999999999);
#4589=DRAUGHTING_PRE_DEFINED_CURVE_FONT('continuous');
#4590=COLOUR_RGB('',1.0,1.0,1.0);
#4591=CARTESIAN_POINT('',(-1.09999999999997,1.38975006916424,1.6988496881476E-006));
#4592=VECTOR('',#5782,0.216979656071891);
#4593=DRAUGHTING_PRE_DEFINED_CURVE_FONT('continuous');
#4594=COLOUR_RGB('',1.0,1.0,1.0);
#4595=CARTESIAN_POINT('',(0.800000000000025,-0.832871743597886,1.07258553327291));
#4596=VECTOR('',#5783,0.299999999999999);
#4597=SURFACE_SIDE_STYLE('',(#5784));
#4598=EDGE_LOOP('',(#5785,#5786,#5787,#5788));
#4599=AXIS2_PLACEMENT_3D('',#5789,#5790,#5791);
#4600=SURFACE_SIDE_STYLE('',(#5792));
#4601=EDGE_LOOP('',(#5793,#5794,#5795,#5796));
#4602=AXIS2_PLACEMENT_3D('',#5797,#5798,#5799);
#4603=DRAUGHTING_PRE_DEFINED_CURVE_FONT('continuous');
#4604=COLOUR_RGB('',1.0,1.0,1.0);
#4605=CARTESIAN_POINT('',(0.800000000000025,0.832871743597929,0.87147924959916));
#4606=VECTOR('',#5800,0.0328717435979074);
#4608=DIRECTION('',(1.0,-1.1756609271815E-016,0.0));
#4609=DIRECTION('',(-1.27567374911178E-016,-1.0,-6.65207918327208E-017));
#4610=CARTESIAN_POINT('',(-0.149999999999975,-0.832871743597939,0.737410658919786));
#4611=DIRECTION('',(-1.0,0.0,0.0));
#4612=DIRECTION('',(0.0,3.00638229258978E-013,1.0));
#4613=SURFACE_STYLE_FILL_AREA(#5801);
#4614=ORIENTED_EDGE('',*,*,#653,.T.);
#4615=ORIENTED_EDGE('',*,*,#713,.F.);
#4616=ORIENTED_EDGE('',*,*,#947,.F.);
#4617=ORIENTED_EDGE('',*,*,#825,.T.);
#4618=DIRECTION('',(6.50909634562017E-018,0.0510247729888018,-0.998697387871542));
#4619=DIRECTION('',(0.0893279629105363,0.129193812797559,-0.987587704346851));
#4620=CARTESIAN_POINT('',(-1.09999999999998,-1.19084058888223,0.355046658559096));
#4621=DIRECTION('',(-1.0,0.0,0.0));
#4622=DIRECTION('',(0.0,-4.05199640223796E-013,1.0));
#4623=CARTESIAN_POINT('',(-1.34900924091793,0.686808998569669,1.34729715637131));
#4624=DIRECTION('',(0.0,-1.0,-0.0));
#4625=DIRECTION('',(-4.2143714384268E-013,0.0,-1.0));
#4626=SURFACE_STYLE_FILL_AREA(#5802);
#4627=ORIENTED_EDGE('',*,*,#787,.T.);
#4628=ORIENTED_EDGE('',*,*,#1017,.F.);
#4629=ORIENTED_EDGE('',*,*,#963,.F.);
#4630=ORIENTED_EDGE('',*,*,#863,.F.);
#4631=CARTESIAN_POINT('',(-1.44999999999998,0.80000000000002,1.07344122599235));
#4632=DIRECTION('',(-0.995934269108054,6.35462835636628E-018,0.0900829152292836));
#4633=DIRECTION('',(6.38057003707423E-018,1.0,0.0));
#4634=DIRECTION('',(-1.26987119558923E-016,-0.995451381259051,-0.0952709165981259));
#4635=DIRECTION('',(0.0,-0.0382631785275588,0.99926769645024));
#4636=DIRECTION('',(0.0,-0.995451381259051,0.0952709165981329));
#4637=DIRECTION('',(1.0,-1.1756609271815E-016,0.0));
#4638=CARTESIAN_POINT('',(1.10000000000003,1.19084058888217,0.355042128365798));
#4639=DIRECTION('',(-1.0,0.0,0.0));
#4640=DIRECTION('',(0.0,1.07547498451843E-014,1.0));
#4641=DIRECTION('',(1.27567374911178E-016,1.0,6.65207918327208E-017));
#4642=CARTESIAN_POINT('',(1.34900924091797,0.686808998569705,1.34729715637129));
#4643=DIRECTION('',(0.16006911480704,0.228246053558958,-0.960354943507686));
#4644=DIRECTION('',(-0.418133447322532,-0.865624387874572,-0.275424834295943));
#4645=DIRECTION('',(1.26987119558923E-016,0.995451381259051,0.0952709165981259));
#4646=DIRECTION('',(-0.0893279629105363,-0.129193812797559,-0.987587704346851));
#4647=CARTESIAN_POINT('',(-0.149999999999975,-1.19084058888217,0.355046658558982));
#4648=DIRECTION('',(1.0,0.0,0.0));
#4649=DIRECTION('',(0.0,7.74341988853592E-014,-1.0));
#4650=DIRECTION('',(1.0,0.0,0.0));
#4651=DIRECTION('',(0.0,-5.31513118428342E-017,-1.0));
#4652=SURFACE_STYLE_FILL_AREA(#5803);
#4653=ORIENTED_EDGE('',*,*,#743,.F.);
#4654=ORIENTED_EDGE('',*,*,#681,.T.);
#4655=ORIENTED_EDGE('',*,*,#401,.T.);
#4656=ORIENTED_EDGE('',*,*,#629,.T.);
#4657=ORIENTED_EDGE('',*,*,#479,.F.);
#4658=ORIENTED_EDGE('',*,*,#767,.T.);
#4659=ORIENTED_EDGE('',*,*,#483,.F.);
#4660=ORIENTED_EDGE('',*,*,#919,.T.);
#4661=ORIENTED_EDGE('',*,*,#883,.T.);
#4662=ORIENTED_EDGE('',*,*,#1063,.T.);
#4663=ORIENTED_EDGE('',*,*,#541,.F.);
#4664=ORIENTED_EDGE('',*,*,#579,.T.);
#4665=CARTESIAN_POINT('',(1.10000000000003,-0.948933742633525,0.268146808037029));
#4666=DIRECTION('',(1.0,-1.27567374911178E-016,0.0));
#4667=DIRECTION('',(0.0,0.0,1.0));
#4668=DIRECTION('',(0.0,5.63643238956465E-017,1.0));
#4669=CARTESIAN_POINT('',(0.800000000000025,-1.19084058888203,0.355038730730377));
#4670=DIRECTION('',(-1.0,0.0,0.0));
#4671=DIRECTION('',(0.0,6.86474750710752E-013,1.0));
#4672=SURFACE_STYLE_FILL_AREA(#5804);
#4673=ORIENTED_EDGE('',*,*,#607,.T.);
#4674=ORIENTED_EDGE('',*,*,#1011,.T.);
#4675=ORIENTED_EDGE('',*,*,#949,.T.);
#4676=ORIENTED_EDGE('',*,*,#835,.T.);
#4677=CARTESIAN_POINT('',(1.19904086659517E-014,2.04281036531029E-014,0.0807134783687309));
#4678=DIRECTION('',(-0.0,-7.05419927873358E-017,-1.0));
#4679=DIRECTION('',(0.0,-1.0,7.05419927873358E-017));
#4680=DIRECTION('',(0.0,1.0,-7.05419927873358E-017));
#4681=DIRECTION('',(1.26987119558923E-016,0.995451381259051,0.0952709165981259));
#4682=DIRECTION('',(-1.0,0.0,0.0));
#4683=SURFACE_STYLE_FILL_AREA(#5805);
#4684=ORIENTED_EDGE('',*,*,#921,.T.);
#4685=ORIENTED_EDGE('',*,*,#999,.F.);
#4686=ORIENTED_EDGE('',*,*,#771,.F.);
#4687=ORIENTED_EDGE('',*,*,#851,.T.);
#4688=CARTESIAN_POINT('',(-0.799999999999975,1.4,0.200621487082729));
#4689=DIRECTION('',(0.0,0.998697387871542,-0.0510247729887979));
#4690=DIRECTION('',(-1.0,0.0,0.0));
#4691=DIRECTION('',(1.0,-1.1756609271815E-016,0.0));
#4692=CARTESIAN_POINT('',(0.800000000000025,1.19084058888217,0.355042128365798));
#4693=DIRECTION('',(-1.0,0.0,0.0));
#4694=DIRECTION('',(0.0,1.07547498451843E-014,1.0));
#4695=CARTESIAN_POINT('',(1.34900924091794,0.686808998569669,1.34729715637132));
#4696=DIRECTION('',(-0.0,-1.0,0.0));
#4697=DIRECTION('',(-4.33346465294204E-013,0.0,1.0));
#4698=CARTESIAN_POINT('',(-1.34900924091791,0.686808998569646,1.34729715637123));
#4699=DIRECTION('',(1.0,0.0,0.0));
#4700=DIRECTION('',(0.0,-4.77568689624037E-013,-1.0));
#4701=SURFACE_STYLE_FILL_AREA(#5806);
#4702=ORIENTED_EDGE('',*,*,#1075,.T.);
#4703=ORIENTED_EDGE('',*,*,#401,.F.);
#4704=ORIENTED_EDGE('',*,*,#581,.F.);
#4705=ORIENTED_EDGE('',*,*,#819,.T.);
#4706=CARTESIAN_POINT('',(0.800000000000025,-1.4,0.200620354524777));
#4707=DIRECTION('',(-1.17412949699881E-016,-0.998697387871542,-0.0510247729888018));
#4708=DIRECTION('',(0.0,0.0510247729888018,-0.998697387871542));
#4709=DIRECTION('',(-7.19024883801151E-033,-5.63643238956507E-017,1.0));
#4710=SURFACE_STYLE_FILL_AREA(#5807);
#4711=ORIENTED_EDGE('',*,*,#5808,.F.);
#4712=ORIENTED_EDGE('',*,*,#5809,.F.);
#4713=CARTESIAN_POINT('',(-0.989999999999998,-0.460607599967977,1.45079644514682));
#4714=DIRECTION('',(0.0,0.0,1.0));
#4715=DIRECTION('',(1.0,0.0,0.0));
#4716=SURFACE_STYLE_FILL_AREA(#5810);
#4717=ORIENTED_EDGE('',*,*,#725,.T.);
#4718=ORIENTED_EDGE('',*,*,#1089,.F.);
#4719=ORIENTED_EDGE('',*,*,#605,.F.);
#4720=ORIENTED_EDGE('',*,*,#477,.T.);
#4721=CARTESIAN_POINT('',(1.45,-0.799999999999979,0.868049278208154));
#4722=DIRECTION('',(0.0,-0.991551663565088,-0.129712368266509));
#4723=DIRECTION('',(0.0,0.129712368266509,-0.991551663565088));
#4724=SURFACE_STYLE_FILL_AREA(#5811);
#4725=ORIENTED_EDGE('',*,*,#1045,.T.);
#4726=ORIENTED_EDGE('',*,*,#893,.F.);
#4727=ORIENTED_EDGE('',*,*,#923,.F.);
#4728=ORIENTED_EDGE('',*,*,#1077,.T.);
#4729=DIRECTION('',(0.0,-0.995451381259051,0.0952709165981329));
#4730=DIRECTION('',(0.0,-0.0382631785275588,0.99926769645024));
#4731=SURFACE_STYLE_FILL_AREA(#5812);
#4732=ORIENTED_EDGE('',*,*,#661,.F.);
#4733=ORIENTED_EDGE('',*,*,#571,.F.);
#4734=ORIENTED_EDGE('',*,*,#741,.T.);
#4735=ORIENTED_EDGE('',*,*,#817,.F.);
#4736=CARTESIAN_POINT('',(-1.09999999999998,-0.957617750019628,0.0413662569518317));
#4737=DIRECTION('',(1.17479998651121E-016,0.99926769645024,-0.0382631785275618));
#4738=DIRECTION('',(-1.0,-2.46338506118704E-032,-3.07031467776515E-015));
#4739=DIRECTION('',(1.0,-1.1756609271815E-016,0.0));
#4740=DIRECTION('',(-1.0,0.0,0.0));
#4741=CARTESIAN_POINT('',(1.10000000000003,-1.19084058888215,0.355038730730568));
#4742=DIRECTION('',(-1.0,0.0,0.0));
#4743=DIRECTION('',(0.0,1.14582751288091E-014,1.0));
#4744=CARTESIAN_POINT('',(-0.799999999999975,-1.19084058888214,0.355046658558973));
#4745=DIRECTION('',(-1.0,0.0,0.0));
#4746=DIRECTION('',(0.0,1.60561817091571E-014,1.0));
#4747=CARTESIAN_POINT('',(1.10000000000003,-0.832871743597911,0.737402731091324));
#4748=DIRECTION('',(1.0,0.0,0.0));
#4749=DIRECTION('',(0.0,-3.15585725121971E-013,-1.0));
#4750=DIRECTION('',(1.0,-1.1756609271815E-016,0.0));
#4751=DIRECTION('',(0.0,1.0,-6.65207918327258E-017));
#4752=SURFACE_STYLE_FILL_AREA(#5813);
#4753=ORIENTED_EDGE('',*,*,#581,.T.);
#4754=ORIENTED_EDGE('',*,*,#681,.F.);
#4755=ORIENTED_EDGE('',*,*,#877,.F.);
#4756=ORIENTED_EDGE('',*,*,#1081,.T.);
#4757=CARTESIAN_POINT('',(0.800000000000025,-1.09755145333714,0.229566570087717));
#4758=DIRECTION('',(-1.12006294141184E-017,-0.095270916598126,0.995451381259051));
#4759=DIRECTION('',(-1.0,1.17566092718149E-016,-1.53373569867875E-033));
#4760=CARTESIAN_POINT('',(-1.34900924091791,-0.686808998569615,1.34729715637127));
#4761=DIRECTION('',(1.0,0.0,0.0));
#4762=DIRECTION('',(0.0,2.33417613406561E-013,-1.0));
#4763=DIRECTION('',(0.0,-5.31513118428342E-017,-1.0));
#4764=DIRECTION('',(1.0,-1.1756609271815E-016,0.0));
#4765=DIRECTION('',(1.27567374911178E-016,1.0,6.65207918327208E-017));
#4766=SURFACE_STYLE_FILL_AREA(#5814);
#4767=ORIENTED_EDGE('',*,*,#887,.T.);
#4768=ORIENTED_EDGE('',*,*,#431,.F.);
#4769=ORIENTED_EDGE('',*,*,#905,.F.);
#4770=ORIENTED_EDGE('',*,*,#865,.F.);
#4771=CARTESIAN_POINT('',(-1.44999999999998,0.80000000000002,0.868049278208154));
#4772=DIRECTION('',(0.0,0.991551663565088,-0.129712368266509));
#4773=DIRECTION('',(-1.0,0.0,0.0));
#4774=SURFACE_STYLE_FILL_AREA(#5815);
#4775=ORIENTED_EDGE('',*,*,#585,.T.);
#4776=ORIENTED_EDGE('',*,*,#477,.F.);
#4777=ORIENTED_EDGE('',*,*,#871,.F.);
#4778=ORIENTED_EDGE('',*,*,#953,.F.);
#4779=ORIENTED_EDGE('',*,*,#461,.F.);
#4780=ORIENTED_EDGE('',*,*,#873,.F.);
#4781=ORIENTED_EDGE('',*,*,#1041,.T.);
#4782=ORIENTED_EDGE('',*,*,#1059,.T.);
#4783=ORIENTED_EDGE('',*,*,#977,.F.);
#4784=ORIENTED_EDGE('',*,*,#609,.F.);
#4785=ORIENTED_EDGE('',*,*,#799,.T.);
#4786=ORIENTED_EDGE('',*,*,#1051,.T.);
#4787=ORIENTED_EDGE('',*,*,#883,.F.);
#4788=ORIENTED_EDGE('',*,*,#805,.F.);
#4789=ORIENTED_EDGE('',*,*,#955,.T.);
#4790=ORIENTED_EDGE('',*,*,#861,.T.);
#4791=CARTESIAN_POINT('',(-1.44999999999998,-0.799999999999979,1.07344122599235));
#4792=DIRECTION('',(0.0,-1.0,5.31513118428342E-017));
#4793=DIRECTION('',(-1.0,0.0,0.0));
#4794=SURFACE_STYLE_FILL_AREA(#5816);
#4795=ORIENTED_EDGE('',*,*,#493,.T.);
#4796=ORIENTED_EDGE('',*,*,#555,.T.);
#4797=ORIENTED_EDGE('',*,*,#827,.F.);
#4798=ORIENTED_EDGE('',*,*,#443,.F.);
#4799=CARTESIAN_POINT('',(1.45,-0.799999999999979,1.07344122599235));
#4800=DIRECTION('',(1.0,0.0,0.0));
#4801=DIRECTION('',(0.0,1.0,0.0));
#4802=SURFACE_STYLE_FILL_AREA(#5817);
#4803=ORIENTED_EDGE('',*,*,#645,.T.);
#4804=ORIENTED_EDGE('',*,*,#557,.T.);
#4805=ORIENTED_EDGE('',*,*,#917,.T.);
#4806=ORIENTED_EDGE('',*,*,#1011,.F.);
#4807=DIRECTION('',(0.0,-5.31513118428342E-017,-1.0));
#4808=DIRECTION('',(1.0,-1.1756609271815E-016,0.0));
#4809=CARTESIAN_POINT('',(-1.09999999999998,-0.832871743597936,0.737410658919781));
#4810=DIRECTION('',(-1.0,0.0,0.0));
#4811=DIRECTION('',(0.0,2.81840066090861E-013,1.0));
#4812=DIRECTION('',(0.0,-0.0382631785275588,0.99926769645024));
#4813=SURFACE_STYLE_FILL_AREA(#5818);
#4814=ORIENTED_EDGE('',*,*,#537,.T.);
#4815=ORIENTED_EDGE('',*,*,#567,.F.);
#4816=ORIENTED_EDGE('',*,*,#507,.F.);
#4817=ORIENTED_EDGE('',*,*,#963,.T.);
#4818=SURFACE_STYLE_FILL_AREA(#5819);
#4819=ORIENTED_EDGE('',*,*,#665,.T.);
#4820=ORIENTED_EDGE('',*,*,#663,.T.);
#4821=ORIENTED_EDGE('',*,*,#1025,.T.);
#4822=ORIENTED_EDGE('',*,*,#835,.F.);
#4823=SURFACE_STYLE_FILL_AREA(#5820);
#4824=ORIENTED_EDGE('',*,*,#525,.T.);
#4825=ORIENTED_EDGE('',*,*,#691,.F.);
#4826=ORIENTED_EDGE('',*,*,#721,.F.);
#4827=ORIENTED_EDGE('',*,*,#829,.T.);
#4828=CARTESIAN_POINT('',(-0.799999999999975,0.925831537888378,0.871476984521888));
#4829=DIRECTION('',(-0.0,-6.65207918327258E-017,-1.0));
#4830=DIRECTION('',(0.0,-1.0,6.65207918327258E-017));
#4831=DIRECTION('',(-1.0,0.0,0.0));
#4832=DIRECTION('',(-1.0,0.0,0.0));
#4833=SURFACE_STYLE_FILL_AREA(#5821);
#4834=ORIENTED_EDGE('',*,*,#873,.T.);
#4835=ORIENTED_EDGE('',*,*,#421,.F.);
#4836=ORIENTED_EDGE('',*,*,#511,.F.);
#4837=ORIENTED_EDGE('',*,*,#547,.T.);
#4838=CARTESIAN_POINT('',(-0.149999999999975,-0.925831537888342,0.871483779792338));
#4839=DIRECTION('',(7.82058958029046E-033,6.6520791832721E-017,-1.0));
#4840=DIRECTION('',(-1.0,-9.10307455477176E-065,-7.82058958029046E-033));
#4841=DIRECTION('',(-1.0,0.0,0.0));
#4842=SURFACE_STYLE_FILL_AREA(#5822);
#4843=ORIENTED_EDGE('',*,*,#699,.F.);
#4844=ORIENTED_EDGE('',*,*,#611,.F.);
#4845=ORIENTED_EDGE('',*,*,#687,.T.);
#4846=ORIENTED_EDGE('',*,*,#803,.F.);
#4847=CARTESIAN_POINT('',(-0.149999999999975,-0.957617750019628,0.0413662569518315));
#4848=DIRECTION('',(1.17479998651121E-016,0.99926769645024,-0.0382631785275618));
#4849=DIRECTION('',(-1.0,-2.46338506118704E-032,-3.07031467776515E-015));
#4850=DIRECTION('',(1.0,-1.1756609271815E-016,0.0));
#4851=SURFACE_STYLE_FILL_AREA(#5823);
#4852=ORIENTED_EDGE('',*,*,#393,.T.);
#4853=ORIENTED_EDGE('',*,*,#739,.F.);
#4854=ORIENTED_EDGE('',*,*,#417,.F.);
#4855=ORIENTED_EDGE('',*,*,#991,.T.);
#4856=CARTESIAN_POINT('',(-0.149999999999975,-1.4,0.200628282353178));
#4857=DIRECTION('',(-1.17412949699881E-016,-0.998697387871542,-0.0510247729888018));
#4858=DIRECTION('',(0.0,0.0510247729888018,-0.998697387871542));
#4859=CARTESIAN_POINT('',(-1.34900924091797,0.686808998569749,1.3472971563713));
#4860=DIRECTION('',(-0.160069114806966,0.228246053559023,-0.960354943507684));
#4861=DIRECTION('',(-0.418133447319143,0.865624387876253,0.275424834295804));
#4862=DIRECTION('',(6.50909634562017E-018,0.0510247729888018,-0.998697387871542));
#4863=CARTESIAN_POINT('',(1.10000000000003,-0.832871743597926,0.737402731091358));
#4864=DIRECTION('',(-1.0,0.0,0.0));
#4865=DIRECTION('',(0.0,2.1909126790999E-013,1.0));
#4866=SURFACE_STYLE_FILL_AREA(#5824);
#4867=ORIENTED_EDGE('',*,*,#855,.T.);
#4868=ORIENTED_EDGE('',*,*,#945,.F.);
#4869=ORIENTED_EDGE('',*,*,#987,.F.);
#4870=ORIENTED_EDGE('',*,*,#721,.T.);
#4871=SURFACE_STYLE_FILL_AREA(#5825);
#4872=ORIENTED_EDGE('',*,*,#639,.T.);
#4873=ORIENTED_EDGE('',*,*,#523,.F.);
#4874=ORIENTED_EDGE('',*,*,#965,.F.);
#4875=ORIENTED_EDGE('',*,*,#695,.T.);
#4876=DIRECTION('',(1.27567374911178E-016,1.0,6.65207918327208E-017));
#4877=CARTESIAN_POINT('',(1.31185356509699,-0.633071252067864,0.183409452260712));
#4878=DIRECTION('',(-1.0,0.0,0.0));
#4879=DIRECTION('',(0.0,-1.38353819184123E-012,1.0));
#4880=DIRECTION('',(0.0,0.0382631785275588,-0.99926769645024));
#4881=DIRECTION('',(0.0,-0.995451381259051,0.0952709165981329));
#4882=DIRECTION('',(0.0,1.0,-7.05419927873358E-017));
#4883=DIRECTION('',(0.0,1.0,-7.05419927873358E-017));
#4884=CARTESIAN_POINT('',(-1.31185356509695,-0.633071252067822,0.183409452260777));
#4885=DIRECTION('',(1.0,0.0,0.0));
#4886=DIRECTION('',(0.0,6.2550710052304E-013,-1.0));
#4887=CARTESIAN_POINT('',(-1.3118535650971,0.63307125206795,0.183409452260777));
#4888=DIRECTION('',(-0.160069114807046,0.228246053558964,0.960354943507684));
#4889=DIRECTION('',(-0.41813344730722,0.865624387882201,-0.275424834295212));
#4890=SURFACE_STYLE_FILL_AREA(#5826);
#4891=ORIENTED_EDGE('',*,*,#1117,.T.);
#4892=ORIENTED_EDGE('',*,*,#931,.T.);
#4893=ORIENTED_EDGE('',*,*,#455,.T.);
#4894=ORIENTED_EDGE('',*,*,#733,.F.);
#4895=DIRECTION('',(-4.88113324051877E-018,-0.0382631785275618,-0.99926769645024));
#4896=DIRECTION('',(0.0893279629105363,-0.129193812797559,0.987587704346851));
#4897=DIRECTION('',(1.0,-1.1756609271815E-016,0.0));
#4898=DIRECTION('',(-4.88113324051877E-018,-0.0382631785275618,-0.99926769645024));
#4899=SURFACE_STYLE_FILL_AREA(#5827);
#4900=ORIENTED_EDGE('',*,*,#655,.T.);
#4901=ORIENTED_EDGE('',*,*,#445,.F.);
#4902=ORIENTED_EDGE('',*,*,#679,.F.);
#4903=ORIENTED_EDGE('',*,*,#425,.T.);
#4904=CARTESIAN_POINT('',(-1.09999999999998,-1.38975006916424,8.49412013737005E-006));
#4905=DIRECTION('',(1.12006294141184E-017,0.0952709165981258,-0.995451381259051));
#4906=DIRECTION('',(-1.0,-1.4678808888444E-034,-1.12518096061625E-017));
#4907=DIRECTION('',(0.0,1.0,-7.05419927873358E-017));
#4908=DIRECTION('',(1.0,-1.1756609271815E-016,0.0));
#4909=DIRECTION('',(-4.88113324051877E-018,-0.0382631785275618,-0.99926769645024));
#4910=DIRECTION('',(1.0,-1.1756609271815E-016,0.0));
#4911=CARTESIAN_POINT('',(-0.799999999999975,1.19084058888213,0.355039863288481));
#4912=DIRECTION('',(-1.0,0.0,0.0));
#4913=DIRECTION('',(0.0,-4.51925909283825E-013,1.0));
#4914=DIRECTION('',(0.0,-5.31513118428342E-017,-1.0));
#4915=SURFACE_STYLE_FILL_AREA(#5828);
#4916=ORIENTED_EDGE('',*,*,#1083,.T.);
#4917=ORIENTED_EDGE('',*,*,#451,.F.);
#4918=ORIENTED_EDGE('',*,*,#615,.F.);
#4919=ORIENTED_EDGE('',*,*,#1071,.T.);
#4920=SURFACE_STYLE_FILL_AREA(#5829);
#4921=ORIENTED_EDGE('',*,*,#743,.T.);
#4922=ORIENTED_EDGE('',*,*,#475,.F.);
#4923=ORIENTED_EDGE('',*,*,#1093,.F.);
#4924=ORIENTED_EDGE('',*,*,#877,.T.);
#4925=CARTESIAN_POINT('',(-1.3490092409182,-0.686808998569897,1.3472971563714));
#4926=DIRECTION('',(-0.160069114807078,-0.228246053558989,-0.960354943507673));
#4927=DIRECTION('',(-0.418133447286064,-0.865624387892733,0.275424834294229));
#4928=DIRECTION('',(0.0893279629105363,0.129193812797559,0.987587704346851));
#4929=DIRECTION('',(0.0893279629105363,-0.129193812797559,-0.987587704346851));
#4930=SURFACE_STYLE_FILL_AREA(#5830);
#4931=ORIENTED_EDGE('',*,*,#613,.T.);
#4932=ORIENTED_EDGE('',*,*,#687,.F.);
#4933=ORIENTED_EDGE('',*,*,#909,.F.);
#4934=ORIENTED_EDGE('',*,*,#511,.T.);
#4935=SURFACE_STYLE_FILL_AREA(#5831);
#4936=ORIENTED_EDGE('',*,*,#867,.T.);
#4937=ORIENTED_EDGE('',*,*,#1061,.F.);
#4938=ORIENTED_EDGE('',*,*,#513,.F.);
#4939=ORIENTED_EDGE('',*,*,#577,.T.);
#4940=DIRECTION('',(-0.0893279629105363,0.129193812797559,0.987587704346851));
#4941=DIRECTION('',(-0.0893279629105362,0.129193812797559,-0.987587704346851));
#4942=DIRECTION('',(-1.0,0.0,0.0));
#4943=DIRECTION('',(1.0,-1.1756609271815E-016,0.0));
#4944=DIRECTION('',(-4.88113324051877E-018,-0.0382631785275618,-0.99926769645024));
#4945=CARTESIAN_POINT('',(0.150000000000025,-0.832871743597886,0.737410658919692));
#4946=DIRECTION('',(1.0,0.0,0.0));
#4947=DIRECTION('',(0.0,4.02154847573252E-015,-1.0));
#4948=CARTESIAN_POINT('',(-1.09999999999998,-1.19084058888217,0.355046658558992));
#4949=DIRECTION('',(1.0,0.0,0.0));
#4950=DIRECTION('',(0.0,1.61321247677831E-013,-1.0));
#4951=SURFACE_STYLE_FILL_AREA(#5832);
#4952=ORIENTED_EDGE('',*,*,#895,.T.);
#4953=ORIENTED_EDGE('',*,*,#745,.F.);
#4954=ORIENTED_EDGE('',*,*,#885,.F.);
#4955=ORIENTED_EDGE('',*,*,#727,.T.);
#4956=SURFACE_STYLE_FILL_AREA(#5833);
#4957=ORIENTED_EDGE('',*,*,#593,.T.);
#4958=ORIENTED_EDGE('',*,*,#787,.F.);
#4959=ORIENTED_EDGE('',*,*,#985,.F.);
#4960=ORIENTED_EDGE('',*,*,#595,.T.);
#4961=SURFACE_STYLE_FILL_AREA(#5834);
#4962=ORIENTED_EDGE('',*,*,#1119,.T.);
#4963=ORIENTED_EDGE('',*,*,#1129,.F.);
#4964=ORIENTED_EDGE('',*,*,#727,.F.);
#4965=ORIENTED_EDGE('',*,*,#641,.T.);
#4966=CARTESIAN_POINT('',(1.10000000000003,0.925831537888378,0.87147924959916));
#4967=DIRECTION('',(-0.0,-6.65207918327258E-017,-1.0));
#4968=DIRECTION('',(0.0,-1.0,6.65207918327258E-017));
#4969=SURFACE_STYLE_FILL_AREA(#5835);
#4970=ORIENTED_EDGE('',*,*,#985,.T.);
#4971=ORIENTED_EDGE('',*,*,#777,.T.);
#4972=ORIENTED_EDGE('',*,*,#719,.F.);
#4973=ORIENTED_EDGE('',*,*,#585,.F.);
#4974=SURFACE_STYLE_FILL_AREA(#5836);
#4975=ORIENTED_EDGE('',*,*,#651,.T.);
#4976=ORIENTED_EDGE('',*,*,#1029,.F.);
#4977=ORIENTED_EDGE('',*,*,#811,.F.);
#4978=ORIENTED_EDGE('',*,*,#1079,.T.);
#4979=DIRECTION('',(1.26987119558923E-016,0.995451381259051,0.0952709165981259));
#4980=DIRECTION('',(-4.88113324051877E-018,-0.0382631785275618,-0.99926769645024));
#4981=SURFACE_STYLE_FILL_AREA(#5837);
#4982=ORIENTED_EDGE('',*,*,#1061,.T.);
#4983=ORIENTED_EDGE('',*,*,#849,.F.);
#4984=ORIENTED_EDGE('',*,*,#1051,.F.);
#4985=ORIENTED_EDGE('',*,*,#395,.T.);
#4986=CARTESIAN_POINT('',(-1.09999999999998,-0.799999999999976,1.07259346110131));
#4987=DIRECTION('',(-2.61978581242193E-163,-6.65207918327208E-017,1.0));
#4988=DIRECTION('',(1.0,-3.93829619318105E-147,3.08469742733169E-179));
#4989=DIRECTION('',(1.0,0.0,0.0));
#4990=DIRECTION('',(0.0,5.63643238956465E-017,1.0));
#4991=CARTESIAN_POINT('',(-1.09999999999997,0.832871743597986,0.737403863649335));
#4992=DIRECTION('',(1.0,0.0,0.0));
#4993=DIRECTION('',(0.0,3.13346846611962E-013,-1.0));
#4994=DIRECTION('',(0.0,-1.0,6.65207918327258E-017));
#4995=CARTESIAN_POINT('',(1.34900924091793,-0.68680899856969,1.3472971563714));
#4996=DIRECTION('',(-1.0,0.0,0.0));
#4997=DIRECTION('',(0.0,1.16438744925074E-012,1.0));
#4998=CARTESIAN_POINT('',(-1.31185356509686,-0.633071252067788,0.183409452260971));
#4999=DIRECTION('',(0.0,1.0,0.0));
#5000=DIRECTION('',(-1.61370803796595E-012,0.0,-1.0));
#5001=DIRECTION('',(-1.26987119558923E-016,-0.995451381259051,-0.0952709165981259));
#5002=CARTESIAN_POINT('',(1.31185356509699,0.633071252067858,0.183409452260776));
#5003=DIRECTION('',(-1.0,0.0,0.0));
#5004=DIRECTION('',(0.0,5.5490255929272E-013,1.0));
#5005=CARTESIAN_POINT('',(0.800000000000025,1.19084058888221,0.355042128365869));
#5006=DIRECTION('',(1.0,0.0,0.0));
#5007=DIRECTION('',(0.0,-2.42740274384732E-013,-1.0));
#5008=CARTESIAN_POINT('',(0.800000000000025,0.832871743598021,0.737406128726668));
#5009=DIRECTION('',(1.0,0.0,0.0));
#5010=DIRECTION('',(0.0,5.13375188492308E-013,-1.0));
#5011=DIRECTION('',(1.0,-1.1756609271815E-016,0.0));
#5012=CARTESIAN_POINT('',(1.31185356509692,0.633071252067744,0.183409452260859));
#5013=DIRECTION('',(0.160069114806936,0.228246053558981,0.960354943507699));
#5014=DIRECTION('',(-0.418133447337003,-0.865624387867368,0.275424834296614));
#5015=DIRECTION('',(-0.0893279629105363,-0.129193812797559,0.987587704346851));
#5016=DIRECTION('',(1.0,-1.1756609271815E-016,0.0));
#5017=DIRECTION('',(0.0,-1.0,7.05419927873358E-017));
#5018=CARTESIAN_POINT('',(1.3118535650969,0.63307125206783,0.183409452260937));
#5019=DIRECTION('',(0.0,-1.0,0.0));
#5020=DIRECTION('',(-1.40099887224763E-012,0.0,1.0));
#5021=CARTESIAN_POINT('',(0.150000000000025,-1.19084058888217,0.355046658558982));
#5022=DIRECTION('',(1.0,0.0,0.0));
#5023=DIRECTION('',(0.0,7.74341988853592E-014,-1.0));
#5024=DIRECTION('',(-0.0893279629105363,0.129193812797559,0.987587704346851));
#5025=DIRECTION('',(-4.88113324051877E-018,-0.0382631785275618,-0.99926769645024));
#5026=DIRECTION('',(-1.0,0.0,0.0));
#5027=SURFACE_STYLE_FILL_AREA(#5838);
#5028=ORIENTED_EDGE('',*,*,#643,.F.);
#5029=ORIENTED_EDGE('',*,*,#769,.F.);
#5030=ORIENTED_EDGE('',*,*,#1117,.F.);
#5031=DIRECTION('',(-1.26987119558923E-016,-0.995451381259051,-0.0952709165981259));
#5032=DIRECTION('',(1.0,-1.1756609271815E-016,0.0));
#5033=DIRECTION('',(-1.26987119558923E-016,-0.995451381259051,-0.0952709165981259));
#5034=SURFACE_STYLE_FILL_AREA(#5839);
#5035=ORIENTED_EDGE('',*,*,#667,.F.);
#5036=ORIENTED_EDGE('',*,*,#815,.T.);
#5037=ORIENTED_EDGE('',*,*,#739,.T.);
#5038=ORIENTED_EDGE('',*,*,#1087,.T.);
#5039=ORIENTED_EDGE('',*,*,#911,.F.);
#5040=ORIENTED_EDGE('',*,*,#803,.T.);
#5041=ORIENTED_EDGE('',*,*,#613,.F.);
#5042=ORIENTED_EDGE('',*,*,#421,.T.);
#5043=ORIENTED_EDGE('',*,*,#461,.T.);
#5044=ORIENTED_EDGE('',*,*,#1107,.T.);
#5045=ORIENTED_EDGE('',*,*,#701,.F.);
#5046=ORIENTED_EDGE('',*,*,#631,.T.);
#5047=CARTESIAN_POINT('',(0.150000000000025,-0.948933742633525,0.268154735865432));
#5048=DIRECTION('',(1.0,-1.27567374911178E-016,0.0));
#5049=DIRECTION('',(0.0,0.0,1.0));
#5050=DIRECTION('',(1.0,-1.1756609271815E-016,0.0));
#5051=DIRECTION('',(1.0,-1.1756609271815E-016,0.0));
#5052=DIRECTION('',(6.50909634562017E-018,0.0510247729888018,-0.998697387871542));
#5053=DIRECTION('',(0.0,-1.0,6.65207918327258E-017));
#5054=DIRECTION('',(0.0,1.0,-6.65207918327258E-017));
#5055=DIRECTION('',(-1.0,0.0,0.0));
#5056=DIRECTION('',(-1.0,0.0,0.0));
#5057=DIRECTION('',(1.0,-1.1756609271815E-016,0.0));
#5058=CARTESIAN_POINT('',(0.150000000000025,-0.832871743597972,0.73741065891983));
#5059=DIRECTION('',(-1.0,0.0,0.0));
#5060=DIRECTION('',(0.0,4.63335007664639E-013,1.0));
#5061=CARTESIAN_POINT('',(-0.799999999999975,-0.832871743597857,0.73741065891966));
#5062=DIRECTION('',(1.0,0.0,0.0));
#5063=DIRECTION('',(0.0,3.25745426534384E-013,-1.0));
#5064=SURFACE_STYLE_FILL_AREA(#5840);
#5065=ORIENTED_EDGE('',*,*,#433,.T.);
#5066=ORIENTED_EDGE('',*,*,#865,.T.);
#5067=ORIENTED_EDGE('',*,*,#717,.F.);
#5068=ORIENTED_EDGE('',*,*,#859,.T.);
#5069=ORIENTED_EDGE('',*,*,#891,.F.);
#5070=ORIENTED_EDGE('',*,*,#525,.F.);
#5071=ORIENTED_EDGE('',*,*,#789,.T.);
#5072=ORIENTED_EDGE('',*,*,#447,.T.);
#5073=ORIENTED_EDGE('',*,*,#437,.F.);
#5074=ORIENTED_EDGE('',*,*,#1119,.F.);
#5075=ORIENTED_EDGE('',*,*,#637,.T.);
#5076=ORIENTED_EDGE('',*,*,#1013,.T.);
#5077=CARTESIAN_POINT('',(1.45,0.80000000000002,1.07344122599235));
#5078=DIRECTION('',(0.0,1.0,-5.31513118428342E-017));
#5079=DIRECTION('',(1.0,0.0,0.0));
#5080=DIRECTION('',(-1.0,0.0,0.0));
#5081=SURFACE_STYLE_FILL_AREA(#5841);
#5082=ORIENTED_EDGE('',*,*,#439,.T.);
#5083=ORIENTED_EDGE('',*,*,#765,.F.);
#5084=ORIENTED_EDGE('',*,*,#819,.F.);
#5085=ORIENTED_EDGE('',*,*,#1081,.F.);
#5086=ORIENTED_EDGE('',*,*,#1093,.T.);
#5087=ORIENTED_EDGE('',*,*,#1055,.T.);
#5088=ORIENTED_EDGE('',*,*,#843,.T.);
#5089=ORIENTED_EDGE('',*,*,#755,.F.);
#5090=ORIENTED_EDGE('',*,*,#955,.F.);
#5091=ORIENTED_EDGE('',*,*,#1039,.F.);
#5092=ORIENTED_EDGE('',*,*,#915,.T.);
#5093=ORIENTED_EDGE('',*,*,#671,.T.);
#5094=CARTESIAN_POINT('',(0.800000000000025,-0.948933742633525,0.268146808037029));
#5095=DIRECTION('',(1.0,-1.27567374911178E-016,0.0));
#5096=DIRECTION('',(0.0,0.0,1.0));
#5097=SURFACE_STYLE_FILL_AREA(#5842);
#5098=ORIENTED_EDGE('',*,*,#1123,.T.);
#5099=ORIENTED_EDGE('',*,*,#1063,.F.);
#5100=ORIENTED_EDGE('',*,*,#861,.F.);
#5101=ORIENTED_EDGE('',*,*,#755,.T.);
#5102=CARTESIAN_POINT('',(0.800000000000025,-0.799999999999976,1.07258553327291));
#5103=DIRECTION('',(-2.61978581242193E-163,-6.65207918327208E-017,1.0));
#5104=DIRECTION('',(1.0,-3.93829619318105E-147,3.08469742733169E-179));
#5105=DIRECTION('',(-1.0,0.0,0.0));
#5106=SURFACE_STYLE_FILL_AREA(#5843);
#5107=ORIENTED_EDGE('',*,*,#475,.T.);
#5108=ORIENTED_EDGE('',*,*,#579,.F.);
#5109=ORIENTED_EDGE('',*,*,#533,.F.);
#5110=ORIENTED_EDGE('',*,*,#1055,.F.);
#5111=CARTESIAN_POINT('',(0.800000000000025,-1.09567114365871,0.278672075518049));
#5112=DIRECTION('',(-1.17479998651122E-016,-0.99926769645024,0.0382631785275618));
#5113=DIRECTION('',(-1.0,1.17566092718151E-016,0.0));
#5114=DIRECTION('',(0.0,-5.31513118428342E-017,-1.0));
#5115=DIRECTION('',(-1.0,0.0,0.0));
#5116=DIRECTION('',(0.0,-0.0510247729887979,-0.998697387871542));
#5117=DIRECTION('',(0.0893279629105362,0.129193812797559,-0.987587704346851));
#5118=DIRECTION('',(-1.0,0.0,0.0));
#5119=SURFACE_STYLE_FILL_AREA(#5844);
#5120=ORIENTED_EDGE('',*,*,#649,.F.);
#5121=ORIENTED_EDGE('',*,*,#657,.F.);
#5122=ORIENTED_EDGE('',*,*,#665,.F.);
#5123=SURFACE_STYLE_FILL_AREA(#5845);
#5124=ORIENTED_EDGE('',*,*,#417,.T.);
#5125=ORIENTED_EDGE('',*,*,#815,.F.);
#5126=ORIENTED_EDGE('',*,*,#1067,.F.);
#5127=ORIENTED_EDGE('',*,*,#677,.T.);
#5128=CARTESIAN_POINT('',(-0.149999999999975,-1.09755145333714,0.22957449791612));
#5129=DIRECTION('',(-1.12006294141184E-017,-0.095270916598126,0.995451381259051));
#5130=DIRECTION('',(-1.0,1.17566092718149E-016,-1.53373569867875E-033));
#5131=DIRECTION('',(0.0,1.0,-7.05419927873358E-017));
#5132=SURFACE_STYLE_FILL_AREA(#5846);
#5133=ORIENTED_EDGE('',*,*,#811,.T.);
#5134=ORIENTED_EDGE('',*,*,#469,.F.);
#5135=ORIENTED_EDGE('',*,*,#959,.F.);
#5136=ORIENTED_EDGE('',*,*,#831,.F.);
#5137=ORIENTED_EDGE('',*,*,#419,.T.);
#5138=ORIENTED_EDGE('',*,*,#471,.T.);
#5139=ORIENTED_EDGE('',*,*,#947,.T.);
#5140=ORIENTED_EDGE('',*,*,#973,.F.);
#5141=ORIENTED_EDGE('',*,*,#637,.F.);
#5142=ORIENTED_EDGE('',*,*,#641,.F.);
#5143=ORIENTED_EDGE('',*,*,#885,.T.);
#5144=ORIENTED_EDGE('',*,*,#1111,.T.);
#5145=CARTESIAN_POINT('',(1.10000000000003,0.948933742633559,0.268150205672254));
#5146=DIRECTION('',(-1.0,0.0,0.0));
#5147=DIRECTION('',(0.0,0.0,1.0));
#5148=CARTESIAN_POINT('',(-1.09999999999997,1.19084058888213,0.355039863288481));
#5149=DIRECTION('',(-1.0,0.0,0.0));
#5150=DIRECTION('',(0.0,-4.51925909283825E-013,1.0));
#5151=DIRECTION('',(6.50909634562017E-018,0.0510247729888018,-0.998697387871542));
#5152=DIRECTION('',(1.0,-1.1756609271815E-016,0.0));
#5153=CARTESIAN_POINT('',(1.10000000000003,-1.19084058888218,0.355038730730595));
#5154=DIRECTION('',(1.0,0.0,0.0));
#5155=DIRECTION('',(0.0,2.0490628652415E-013,-1.0));
#5156=DIRECTION('',(-1.0,0.0,0.0));
#5157=DIRECTION('',(-0.0893279629105363,0.129193812797559,-0.987587704346851));
#5158=DIRECTION('',(1.0,-1.1756609271815E-016,0.0));
#5159=SURFACE_STYLE_FILL_AREA(#5847);
#5160=ORIENTED_EDGE('',*,*,#1053,.T.);
#5161=ORIENTED_EDGE('',*,*,#871,.T.);
#5162=ORIENTED_EDGE('',*,*,#627,.T.);
#5163=ORIENTED_EDGE('',*,*,#493,.F.);
#5164=SURFACE_STYLE_FILL_AREA(#5848);
#5165=ORIENTED_EDGE('',*,*,#561,.T.);
#5166=ORIENTED_EDGE('',*,*,#597,.F.);
#5167=ORIENTED_EDGE('',*,*,#587,.T.);
#5168=ORIENTED_EDGE('',*,*,#905,.T.);
#5169=DIRECTION('',(-1.27567374911178E-016,-1.0,-6.65207918327208E-017));
#5170=SURFACE_STYLE_FILL_AREA(#5849);
#5171=ORIENTED_EDGE('',*,*,#1079,.F.);
#5172=ORIENTED_EDGE('',*,*,#1111,.F.);
#5173=ORIENTED_EDGE('',*,*,#745,.T.);
#5174=ORIENTED_EDGE('',*,*,#515,.F.);
#5175=CARTESIAN_POINT('',(1.10000000000003,0.957617750019662,0.0413617267586535));
#5176=DIRECTION('',(0.0,-0.99926769645024,-0.0382631785275589));
#5177=DIRECTION('',(0.0,0.0382631785275589,-0.99926769645024));
#5178=SURFACE_STYLE_FILL_AREA(#5850);
#5179=ORIENTED_EDGE('',*,*,#923,.T.);
#5180=ORIENTED_EDGE('',*,*,#415,.F.);
#5181=ORIENTED_EDGE('',*,*,#851,.F.);
#5182=ORIENTED_EDGE('',*,*,#785,.F.);
#5183=ORIENTED_EDGE('',*,*,#583,.T.);
#5184=ORIENTED_EDGE('',*,*,#997,.T.);
#5185=ORIENTED_EDGE('',*,*,#965,.T.);
#5186=ORIENTED_EDGE('',*,*,#943,.F.);
#5187=ORIENTED_EDGE('',*,*,#789,.F.);
#5188=ORIENTED_EDGE('',*,*,#829,.F.);
#5189=ORIENTED_EDGE('',*,*,#987,.T.);
#5190=ORIENTED_EDGE('',*,*,#551,.T.);
#5191=CARTESIAN_POINT('',(-0.799999999999975,0.948933742633559,0.268147940594981));
#5192=DIRECTION('',(-1.0,0.0,0.0));
#5193=DIRECTION('',(0.0,0.0,1.0));
#5194=DIRECTION('',(1.0,-1.1756609271815E-016,0.0));
#5195=SURFACE_STYLE_FILL_AREA(#5851);
#5196=ORIENTED_EDGE('',*,*,#1113,.F.);
#5197=ORIENTED_EDGE('',*,*,#455,.F.);
#5198=ORIENTED_EDGE('',*,*,#423,.F.);
#5199=DIRECTION('',(1.26987119558923E-016,0.995451381259051,0.0952709165981259));
#5200=DIRECTION('',(4.88113324051877E-018,0.0382631785275618,0.99926769645024));
#5201=CARTESIAN_POINT('',(1.34900924091791,-0.686808998569595,1.34729715637127));
#5202=DIRECTION('',(0.160069114806969,-0.228246053559013,-0.960354943507685));
#5203=DIRECTION('',(-0.418133447328417,0.865624387871634,-0.275424834296244));
#5204=DIRECTION('',(-1.0,0.0,0.0));
#5205=SURFACE_STYLE_FILL_AREA(#5852);
#5206=ORIENTED_EDGE('',*,*,#1083,.F.);
#5207=ORIENTED_EDGE('',*,*,#647,.T.);
#5208=ORIENTED_EDGE('',*,*,#689,.T.);
#5209=ORIENTED_EDGE('',*,*,#445,.T.);
#5210=ORIENTED_EDGE('',*,*,#481,.F.);
#5211=ORIENTED_EDGE('',*,*,#817,.T.);
#5212=ORIENTED_EDGE('',*,*,#703,.F.);
#5213=ORIENTED_EDGE('',*,*,#795,.T.);
#5214=ORIENTED_EDGE('',*,*,#977,.T.);
#5215=ORIENTED_EDGE('',*,*,#849,.T.);
#5216=ORIENTED_EDGE('',*,*,#867,.F.);
#5217=ORIENTED_EDGE('',*,*,#565,.T.);
#5218=CARTESIAN_POINT('',(-0.799999999999975,-0.948933742633525,0.268154735865432));
#5219=DIRECTION('',(1.0,-1.27567374911178E-016,0.0));
#5220=DIRECTION('',(0.0,0.0,1.0));
#5221=CARTESIAN_POINT('',(1.31185356509673,-0.633071252067557,0.183409452260929));
#5222=DIRECTION('',(0.160069114807051,-0.22824605355897,0.960354943507682));
#5223=DIRECTION('',(-0.418133447366679,0.865624387852565,0.275424834298087));
#5224=DIRECTION('',(0.0,-5.31513118428342E-017,-1.0));
#5225=DIRECTION('',(0.0,-1.0,7.05419927873358E-017));
#5226=DIRECTION('',(0.0,0.0382631785275588,-0.99926769645024));
#5227=SURFACE_STYLE_FILL_AREA(#5853);
#5228=ORIENTED_EDGE('',*,*,#673,.T.);
#5229=ORIENTED_EDGE('',*,*,#853,.F.);
#5230=ORIENTED_EDGE('',*,*,#825,.F.);
#5231=ORIENTED_EDGE('',*,*,#471,.F.);
#5232=CARTESIAN_POINT('',(1.10000000000003,1.09567114365873,0.278675473153274));
#5233=DIRECTION('',(-0.0,0.99926769645024,0.0382631785275588));
#5234=DIRECTION('',(1.0,0.0,0.0));
#5235=DIRECTION('',(0.0,0.995451381259051,-0.0952709165981329));
#5236=DIRECTION('',(0.0893279629105363,0.129193812797559,0.987587704346851));
#5237=DIRECTION('',(0.0,5.63643238956465E-017,1.0));
#5238=SURFACE_STYLE_FILL_AREA(#5854);
#5239=ORIENTED_EDGE('',*,*,#529,.T.);
#5240=ORIENTED_EDGE('',*,*,#723,.F.);
#5241=ORIENTED_EDGE('',*,*,#707,.F.);
#5242=ORIENTED_EDGE('',*,*,#959,.T.);
#5243=CARTESIAN_POINT('',(1.10000000000003,1.4,0.200623752160001));
#5244=DIRECTION('',(0.0,0.998697387871542,-0.0510247729887979));
#5245=DIRECTION('',(-1.0,0.0,0.0));
#5246=SURFACE_STYLE_FILL_AREA(#5855);
#5247=ORIENTED_EDGE('',*,*,#1029,.T.);
#5248=ORIENTED_EDGE('',*,*,#553,.F.);
#5249=ORIENTED_EDGE('',*,*,#529,.F.);
#5250=ORIENTED_EDGE('',*,*,#469,.T.);
#5251=CARTESIAN_POINT('',(1.10000000000003,1.38975006916424,3.96392695911629E-006));
#5252=DIRECTION('',(-0.0,-0.0952709165981329,-0.995451381259051));
#5253=DIRECTION('',(0.0,-0.995451381259051,0.0952709165981329));
#5254=DIRECTION('',(1.27567374911178E-016,1.0,6.65207918327208E-017));
#5255=SURFACE_STYLE_FILL_AREA(#5856);
#5256=ORIENTED_EDGE('',*,*,#541,.T.);
#5257=ORIENTED_EDGE('',*,*,#1123,.F.);
#5258=ORIENTED_EDGE('',*,*,#843,.F.);
#5259=ORIENTED_EDGE('',*,*,#533,.T.);
#5260=DIRECTION('',(-7.19024883801151E-033,-5.63643238956507E-017,1.0));
#5261=SURFACE_STYLE_FILL_AREA(#5857);
#5262=ORIENTED_EDGE('',*,*,#569,.T.);
#5263=ORIENTED_EDGE('',*,*,#631,.F.);
#5264=ORIENTED_EDGE('',*,*,#1023,.F.);
#5265=ORIENTED_EDGE('',*,*,#971,.F.);
#5266=CARTESIAN_POINT('',(-0.149999999999975,-1.09567114365871,0.278680003346452));
#5267=DIRECTION('',(-1.17479998651122E-016,-0.99926769645024,0.0382631785275618));
#5268=DIRECTION('',(-1.0,1.17566092718151E-016,0.0));
#5269=DIRECTION('',(4.88113324051877E-018,0.0382631785275618,0.99926769645024));
#5270=DIRECTION('',(1.0,-1.1756609271815E-016,0.0));
#5271=SURFACE_STYLE_FILL_AREA(#5858);
#5272=ORIENTED_EDGE('',*,*,#913,.T.);
#5273=ORIENTED_EDGE('',*,*,#1087,.F.);
#5274=ORIENTED_EDGE('',*,*,#393,.F.);
#5275=ORIENTED_EDGE('',*,*,#935,.T.);
#5276=CARTESIAN_POINT('',(-0.149999999999975,-1.38975006916424,8.49412013748108E-006));
#5277=DIRECTION('',(1.12006294141184E-017,0.0952709165981258,-0.995451381259051));
#5278=DIRECTION('',(-1.0,-1.4678808888444E-034,-1.12518096061625E-017));
#5279=DIRECTION('',(-1.0,0.0,0.0));
#5280=CARTESIAN_POINT('',(1.10000000000003,1.19084058888221,0.355042128365869));
#5281=DIRECTION('',(1.0,0.0,0.0));
#5282=DIRECTION('',(0.0,-2.42740274384732E-013,-1.0));
#5283=DIRECTION('',(0.0,0.995451381259051,-0.0952709165981329));
#5284=DIRECTION('',(-1.26987119558923E-016,-0.995451381259051,-0.0952709165981259));
#5285=DIRECTION('',(4.88113324051877E-018,0.0382631785275618,0.99926769645024));
#5286=DIRECTION('',(6.50909634562017E-018,0.0510247729888018,-0.998697387871542));
#5287=DIRECTION('',(1.0,-1.1756609271815E-016,0.0));
#5288=DIRECTION('',(-1.0,0.0,0.0));
#5289=DIRECTION('',(-1.0,0.0,0.0));
#5290=DIRECTION('',(0.0,-5.31513118428342E-017,-1.0));
#5291=DIRECTION('',(0.0,-1.0,6.65207918327258E-017));
#5292=DIRECTION('',(0.0,0.995451381259051,-0.0952709165981329));
#5293=SURFACE_STYLE_FILL_AREA(#5859);
#5294=ORIENTED_EDGE('',*,*,#609,.T.);
#5295=ORIENTED_EDGE('',*,*,#795,.F.);
#5296=ORIENTED_EDGE('',*,*,#761,.F.);
#5297=ORIENTED_EDGE('',*,*,#497,.T.);
#5298=CARTESIAN_POINT('',(-1.09999999999998,-0.925831537888342,0.871483779792338));
#5299=DIRECTION('',(7.82058958029046E-033,6.6520791832721E-017,-1.0));
#5300=DIRECTION('',(-1.0,-9.10307455477176E-065,-7.82058958029046E-033));
#5301=DIRECTION('',(0.0,-1.0,7.05419927873358E-017));
#5302=SURFACE_STYLE_FILL_AREA(#5860);
#5303=ORIENTED_EDGE('',*,*,#453,.T.);
#5304=ORIENTED_EDGE('',*,*,#673,.F.);
#5305=ORIENTED_EDGE('',*,*,#419,.F.);
#5306=ORIENTED_EDGE('',*,*,#857,.T.);
#5307=SURFACE_STYLE_FILL_AREA(#5861);
#5308=ORIENTED_EDGE('',*,*,#593,.F.);
#5309=ORIENTED_EDGE('',*,*,#491,.F.);
#5310=ORIENTED_EDGE('',*,*,#961,.F.);
#5311=DIRECTION('',(-1.0,0.0,0.0));
#5312=CARTESIAN_POINT('',(0.800000000000025,-0.832871743597946,0.737402731091394));
#5313=DIRECTION('',(-1.0,0.0,0.0));
#5314=DIRECTION('',(0.0,3.37043122718347E-013,1.0));
#5315=SURFACE_STYLE_FILL_AREA(#5862);
#5316=ORIENTED_EDGE('',*,*,#451,.T.);
#5317=ORIENTED_EDGE('',*,*,#565,.F.);
#5318=ORIENTED_EDGE('',*,*,#577,.F.);
#5319=ORIENTED_EDGE('',*,*,#975,.F.);
#5320=CARTESIAN_POINT('',(-1.09999999999998,-1.09567114365871,0.278680003346452));
#5321=DIRECTION('',(-1.17479998651122E-016,-0.99926769645024,0.0382631785275618));
#5322=DIRECTION('',(-1.0,1.17566092718151E-016,0.0));
#5323=SURFACE_STYLE_FILL_AREA(#5863);
#5324=ORIENTED_EDGE('',*,*,#453,.F.);
#5325=ORIENTED_EDGE('',*,*,#937,.T.);
#5326=ORIENTED_EDGE('',*,*,#723,.T.);
#5327=ORIENTED_EDGE('',*,*,#553,.T.);
#5328=ORIENTED_EDGE('',*,*,#651,.F.);
#5329=ORIENTED_EDGE('',*,*,#515,.T.);
#5330=ORIENTED_EDGE('',*,*,#895,.F.);
#5331=ORIENTED_EDGE('',*,*,#1129,.T.);
#5332=ORIENTED_EDGE('',*,*,#437,.T.);
#5333=ORIENTED_EDGE('',*,*,#693,.T.);
#5334=ORIENTED_EDGE('',*,*,#653,.F.);
#5335=ORIENTED_EDGE('',*,*,#853,.T.);
#5336=CARTESIAN_POINT('',(0.800000000000025,0.948933742633559,0.268150205672254));
#5337=DIRECTION('',(-1.0,0.0,0.0));
#5338=DIRECTION('',(0.0,0.0,1.0));
#5339=DIRECTION('',(-1.27567374911178E-016,-1.0,-6.65207918327208E-017));
#5340=DIRECTION('',(0.0,-0.0510247729887979,-0.998697387871542));
#5341=DIRECTION('',(0.0,0.0382631785275588,-0.99926769645024));
#5342=CARTESIAN_POINT('',(-1.09999999999997,0.832871743597938,0.737403863649253));
#5343=DIRECTION('',(-1.0,-0.0,0.0));
#5344=DIRECTION('',(0.0,-9.77871260940973E-014,1.0));
#5345=DIRECTION('',(-1.0,0.0,0.0));
#5346=DIRECTION('',(1.0,0.0,0.0));
#5347=DIRECTION('',(1.0,-1.1756609271815E-016,0.0));
#5348=DIRECTION('',(0.0,1.0,-7.05419927873358E-017));
#5349=DIRECTION('',(-1.0,0.0,0.0));
#5350=CARTESIAN_POINT('',(-0.799999999999975,-0.832871743597919,0.737410658919745));
#5351=DIRECTION('',(-1.0,0.0,0.0));
#5352=DIRECTION('',(0.0,1.76199684343301E-013,1.0));
#5353=DIRECTION('',(0.0,-5.31513118428342E-017,-1.0));
#5354=DIRECTION('',(1.0,-1.1756609271815E-016,0.0));
#5355=SURFACE_STYLE_FILL_AREA(#5864);
#5356=ORIENTED_EDGE('',*,*,#1077,.F.);
#5357=ORIENTED_EDGE('',*,*,#551,.F.);
#5358=ORIENTED_EDGE('',*,*,#945,.T.);
#5359=ORIENTED_EDGE('',*,*,#413,.F.);
#5360=CARTESIAN_POINT('',(-0.799999999999975,0.957617750019662,0.0413594616813824));
#5361=DIRECTION('',(0.0,-0.99926769645024,-0.0382631785275589));
#5362=DIRECTION('',(0.0,0.0382631785275589,-0.99926769645024));
#5363=DIRECTION('',(1.0,-1.1756609271815E-016,0.0));
#5364=SURFACE_STYLE_FILL_AREA(#5865);
#5365=ORIENTED_EDGE('',*,*,#771,.T.);
#5366=ORIENTED_EDGE('',*,*,#813,.F.);
#5367=ORIENTED_EDGE('',*,*,#809,.F.);
#5368=ORIENTED_EDGE('',*,*,#785,.T.);
#5369=CARTESIAN_POINT('',(-0.799999999999975,1.09755145333717,0.229567702645671));
#5370=DIRECTION('',(-0.0,0.0952709165981331,0.995451381259051));
#5371=DIRECTION('',(1.0,0.0,0.0));
#5372=SURFACE_STYLE_FILL_AREA(#5866);
#5373=ORIENTED_EDGE('',*,*,#679,.T.);
#5374=ORIENTED_EDGE('',*,*,#689,.F.);
#5375=ORIENTED_EDGE('',*,*,#685,.F.);
#5376=ORIENTED_EDGE('',*,*,#539,.T.);
#5377=CARTESIAN_POINT('',(-1.09999999999998,-1.4,0.200628282353178));
#5378=DIRECTION('',(-1.17412949699881E-016,-0.998697387871542,-0.0510247729888018));
#5379=DIRECTION('',(0.0,0.0510247729888018,-0.998697387871542));
#5380=DIRECTION('',(-7.19024883801151E-033,-5.63643238956507E-017,1.0));
#5381=CARTESIAN_POINT('',(1.10000000000003,0.83287174359789,0.737406128726469));
#5382=DIRECTION('',(-1.0,0.0,0.0));
#5383=DIRECTION('',(0.0,4.50836750174215E-013,1.0));
#5384=DIRECTION('',(-0.0893279629105362,-0.129193812797559,-0.987587704346851));
#5385=SURFACE_STYLE_FILL_AREA(#5867);
#5386=ORIENTED_EDGE('',*,*,#657,.T.);
#5387=ORIENTED_EDGE('',*,*,#887,.F.);
#5388=ORIENTED_EDGE('',*,*,#903,.T.);
#5389=ORIENTED_EDGE('',*,*,#427,.T.);
#5390=DIRECTION('',(0.0,5.63643238956465E-017,1.0));
#5391=DIRECTION('',(-1.0,0.0,0.0));
#5392=CARTESIAN_POINT('',(0.800000000000025,0.83287174359789,0.737406128726469));
#5393=DIRECTION('',(-1.0,0.0,0.0));
#5394=DIRECTION('',(0.0,4.50836750174215E-013,1.0));
#5395=SURFACE_STYLE_FILL_AREA(#5868);
#5396=SURFACE_STYLE_FILL_AREA(#5869);
#5397=ORIENTED_EDGE('',*,*,#483,.T.);
#5398=ORIENTED_EDGE('',*,*,#1109,.F.);
#5399=ORIENTED_EDGE('',*,*,#915,.F.);
#5400=ORIENTED_EDGE('',*,*,#485,.T.);
#5401=SURFACE_STYLE_FILL_AREA(#5870);
#5402=ORIENTED_EDGE('',*,*,#597,.T.);
#5403=ORIENTED_EDGE('',*,*,#557,.F.);
#5404=ORIENTED_EDGE('',*,*,#403,.F.);
#5405=ORIENTED_EDGE('',*,*,#575,.T.);
#5406=CARTESIAN_POINT('',(-1.44999999999998,-0.799999999999979,0.868049278208154));
#5407=DIRECTION('',(-0.995934269108054,-6.35462835636627E-018,-0.0900829152292836));
#5408=DIRECTION('',(-0.0900829152292836,7.60892679748038E-035,0.995934269108054));
#5409=DIRECTION('',(0.0893279629105362,-0.129193812797559,-0.987587704346851));
#5410=SURFACE_STYLE_FILL_AREA(#5871);
#5411=ORIENTED_EDGE('',*,*,#933,.T.);
#5412=ORIENTED_EDGE('',*,*,#935,.F.);
#5413=ORIENTED_EDGE('',*,*,#991,.F.);
#5414=ORIENTED_EDGE('',*,*,#677,.F.);
#5415=ORIENTED_EDGE('',*,*,#429,.T.);
#5416=ORIENTED_EDGE('',*,*,#971,.T.);
#5417=ORIENTED_EDGE('',*,*,#397,.T.);
#5418=ORIENTED_EDGE('',*,*,#1097,.F.);
#5419=ORIENTED_EDGE('',*,*,#1041,.F.);
#5420=ORIENTED_EDGE('',*,*,#547,.F.);
#5421=ORIENTED_EDGE('',*,*,#909,.T.);
#5422=ORIENTED_EDGE('',*,*,#611,.T.);
#5423=CARTESIAN_POINT('',(-0.149999999999975,-0.948933742633525,0.268154735865432));
#5424=DIRECTION('',(1.0,-1.27567374911178E-016,0.0));
#5425=DIRECTION('',(0.0,0.0,1.0));
#5426=CARTESIAN_POINT('',(-0.149999999999975,-0.832871743597886,0.737410658919692));
#5427=DIRECTION('',(1.0,0.0,0.0));
#5428=DIRECTION('',(0.0,4.02154847573252E-015,-1.0));
#5429=CARTESIAN_POINT('',(0.150000000000025,-1.19084058888212,0.355046658558928));
#5430=DIRECTION('',(-1.0,0.0,0.0));
#5431=DIRECTION('',(0.0,1.79318356633643E-013,1.0));
#5432=DIRECTION('',(1.0,-1.1756609271815E-016,0.0));
#5433=CARTESIAN_POINT('',(0.800000000000025,-0.832871743597911,0.737402731091324));
#5434=DIRECTION('',(1.0,0.0,0.0));
#5435=DIRECTION('',(0.0,-3.15585725121971E-013,-1.0));
#5436=CARTESIAN_POINT('',(-1.31185356509691,0.63307125206783,0.183409452260932));
#5437=DIRECTION('',(0.0,-1.0,-0.0));
#5438=DIRECTION('',(-1.16045356437803E-012,0.0,-1.0));
#5439=DIRECTION('',(1.27567374911178E-016,1.0,6.65207918327208E-017));
#5440=DIRECTION('',(-1.0,0.0,0.0));
#5441=CARTESIAN_POINT('',(-0.799999999999975,1.19084058888215,0.355039863288494));
#5442=DIRECTION('',(1.0,0.0,0.0));
#5443=DIRECTION('',(0.0,1.02905528226858E-013,-1.0));
#5444=SURFACE_STYLE_FILL_AREA(#5872);
#5445=ORIENTED_EDGE('',*,*,#567,.T.);
#5446=ORIENTED_EDGE('',*,*,#697,.F.);
#5447=ORIENTED_EDGE('',*,*,#1073,.F.);
#5448=ORIENTED_EDGE('',*,*,#859,.F.);
#5449=CARTESIAN_POINT('',(1.45,0.80000000000002,1.07344122599235));
#5450=DIRECTION('',(-0.0,0.991551663565088,0.129712368266509));
#5451=DIRECTION('',(1.0,0.0,0.0));
#5452=SURFACE_STYLE_FILL_AREA(#5873);
#5453=ORIENTED_EDGE('',*,*,#823,.T.);
#5454=ORIENTED_EDGE('',*,*,#781,.F.);
#5455=ORIENTED_EDGE('',*,*,#695,.F.);
#5456=ORIENTED_EDGE('',*,*,#997,.F.);
#5457=CARTESIAN_POINT('',(-0.799999999999975,1.09567114365873,0.278673208076003));
#5458=DIRECTION('',(-0.0,0.99926769645024,0.0382631785275588));
#5459=DIRECTION('',(1.0,0.0,0.0));
#5460=SURFACE_STYLE_FILL_AREA(#5874);
#5461=ORIENTED_EDGE('',*,*,#713,.T.);
#5462=ORIENTED_EDGE('',*,*,#693,.F.);
#5463=ORIENTED_EDGE('',*,*,#1013,.F.);
#5464=ORIENTED_EDGE('',*,*,#973,.T.);
#5465=CARTESIAN_POINT('',(1.10000000000003,0.800000000000022,1.07258893090813));
#5466=DIRECTION('',(-0.0,6.65207918327258E-017,1.0));
#5467=DIRECTION('',(1.0,0.0,0.0));
#5468=DIRECTION('',(0.0,1.0,-7.05419927873358E-017));
#5469=CARTESIAN_POINT('',(-0.149999999999975,-1.19084058888206,0.355046658558841));
#5470=DIRECTION('',(-1.0,0.0,0.0));
#5471=DIRECTION('',(0.0,4.70154193501863E-013,1.0));
#5472=DIRECTION('',(1.26987119558923E-016,0.995451381259051,0.0952709165981259));
#5473=DIRECTION('',(0.0,0.995451381259051,-0.0952709165981329));
#5474=SURFACE_STYLE_FILL_AREA(#5875);
#5475=ORIENTED_EDGE('',*,*,#407,.T.);
#5476=ORIENTED_EDGE('',*,*,#1017,.T.);
#5477=ORIENTED_EDGE('',*,*,#961,.T.);
#5478=ORIENTED_EDGE('',*,*,#779,.F.);
#5479=SURFACE_STYLE_FILL_AREA(#5876);
#5480=ORIENTED_EDGE('',*,*,#405,.T.);
#5481=ORIENTED_EDGE('',*,*,#425,.F.);
#5482=ORIENTED_EDGE('',*,*,#539,.F.);
#5483=ORIENTED_EDGE('',*,*,#411,.F.);
#5484=ORIENTED_EDGE('',*,*,#615,.T.);
#5485=ORIENTED_EDGE('',*,*,#975,.T.);
#5486=ORIENTED_EDGE('',*,*,#513,.T.);
#5487=ORIENTED_EDGE('',*,*,#395,.F.);
#5488=ORIENTED_EDGE('',*,*,#799,.F.);
#5489=ORIENTED_EDGE('',*,*,#497,.F.);
#5490=ORIENTED_EDGE('',*,*,#1099,.T.);
#5491=ORIENTED_EDGE('',*,*,#571,.T.);
#5492=CARTESIAN_POINT('',(-1.09999999999998,-0.948933742633525,0.268154735865432));
#5493=DIRECTION('',(1.0,-1.27567374911178E-016,0.0));
#5494=DIRECTION('',(0.0,0.0,1.0));
#5495=DIRECTION('',(0.0,1.0,-6.65207918327258E-017));
#5496=DIRECTION('',(-1.0,0.0,0.0));
#5497=CARTESIAN_POINT('',(1.10000000000003,0.832871743598021,0.737406128726668));
#5498=DIRECTION('',(1.0,0.0,0.0));
#5499=DIRECTION('',(0.0,5.13375188492308E-013,-1.0));
#5500=DIRECTION('',(1.0,0.0,0.0));
#5501=SURFACE_STYLE_FILL_AREA(#5877);
#5502=ORIENTED_EDGE('',*,*,#1009,.T.);
#5503=ORIENTED_EDGE('',*,*,#431,.T.);
#5504=ORIENTED_EDGE('',*,*,#649,.T.);
#5505=ORIENTED_EDGE('',*,*,#949,.F.);
#5506=DIRECTION('',(1.0,0.0,0.0));
#5507=DIRECTION('',(-7.19024883801151E-033,-5.63643238956507E-017,1.0));
#5508=SURFACE_STYLE_FILL_AREA(#5878);
#5509=ORIENTED_EDGE('',*,*,#805,.T.);
#5510=ORIENTED_EDGE('',*,*,#919,.F.);
#5511=ORIENTED_EDGE('',*,*,#485,.F.);
#5512=ORIENTED_EDGE('',*,*,#1039,.T.);
#5513=CARTESIAN_POINT('',(0.800000000000025,-0.925831537888342,0.871475851963936));
#5514=DIRECTION('',(7.82058958029046E-033,6.6520791832721E-017,-1.0));
#5515=DIRECTION('',(-1.0,-9.10307455477176E-065,-7.82058958029046E-033));
#5516=DIRECTION('',(0.0,-0.0510247729887979,-0.998697387871542));
#5517=CARTESIAN_POINT('',(-1.34900924091784,-0.686808998569629,1.34729715637121));
#5518=DIRECTION('',(0.0,1.0,0.0));
#5519=DIRECTION('',(-7.87083978942647E-013,0.0,1.0));
#5520=DIRECTION('',(0.0893279629105363,-0.129193812797559,0.987587704346851));
#5521=CARTESIAN_POINT('',(-0.799999999999975,0.832871743597986,0.737403863649335));
#5522=DIRECTION('',(1.0,0.0,0.0));
#5523=DIRECTION('',(0.0,3.13346846611962E-013,-1.0));
#5524=SURFACE_STYLE_FILL_AREA(#5879);
#5525=ORIENTED_EDGE('',*,*,#981,.T.);
#5526=ORIENTED_EDGE('',*,*,#725,.F.);
#5527=ORIENTED_EDGE('',*,*,#719,.T.);
#5528=ORIENTED_EDGE('',*,*,#403,.T.);
#5529=SURFACE_STYLE_FILL_AREA(#5880);
#5530=ORIENTED_EDGE('',*,*,#523,.T.);
#5531=ORIENTED_EDGE('',*,*,#487,.F.);
#5532=ORIENTED_EDGE('',*,*,#447,.F.);
#5533=ORIENTED_EDGE('',*,*,#943,.T.);
#5534=CARTESIAN_POINT('',(-0.799999999999975,0.800000000000022,1.07258666583086));
#5535=DIRECTION('',(-0.0,6.65207918327258E-017,1.0));
#5536=DIRECTION('',(1.0,0.0,0.0));
#5537=DIRECTION('',(4.88113324051877E-018,0.0382631785275618,0.99926769645024));
#5538=DIRECTION('',(0.0,1.0,-6.65207918327258E-017));
#5539=DIRECTION('',(4.88113324051877E-018,0.0382631785275618,0.99926769645024));
#5540=DIRECTION('',(-7.19024883801151E-033,-5.63643238956507E-017,1.0));
#5541=SURFACE_STYLE_FILL_AREA(#5881);
#5542=ORIENTED_EDGE('',*,*,#669,.T.);
#5543=ORIENTED_EDGE('',*,*,#1027,.F.);
#5544=ORIENTED_EDGE('',*,*,#595,.F.);
#5545=ORIENTED_EDGE('',*,*,#953,.T.);
#5546=CARTESIAN_POINT('',(-1.44999999999998,-0.799999999999979,1.07344122599235));
#5547=DIRECTION('',(0.0,-0.991551663565088,0.129712368266509));
#5548=DIRECTION('',(-1.0,0.0,0.0));
#5549=CARTESIAN_POINT('',(-1.31185356509683,-0.633071252067647,0.183409452260882));
#5550=DIRECTION('',(-0.160069114806933,-0.228246053558982,0.960354943507699));
#5551=DIRECTION('',(-0.418133447344133,-0.865624387863815,-0.275424834296957));
#5552=SURFACE_STYLE_FILL_AREA(#5882);
#5553=ORIENTED_EDGE('',*,*,#549,.F.);
#5554=ORIENTED_EDGE('',*,*,#1025,.F.);
#5555=ORIENTED_EDGE('',*,*,#775,.F.);
#5556=CARTESIAN_POINT('',(-0.799999999999975,0.832871743597938,0.737403863649253));
#5557=DIRECTION('',(-1.0,-0.0,0.0));
#5558=DIRECTION('',(0.0,-9.77871260940973E-014,1.0));
#5559=SURFACE_STYLE_FILL_AREA(#5883);
#5560=ORIENTED_EDGE('',*,*,#423,.T.);
#5561=ORIENTED_EDGE('',*,*,#659,.F.);
#5562=ORIENTED_EDGE('',*,*,#869,.F.);
#5563=ORIENTED_EDGE('',*,*,#1073,.T.);
#5564=DIRECTION('',(6.50909634562017E-018,0.0510247729888018,-0.998697387871542));
#5565=SURFACE_STYLE_FILL_AREA(#5884);
#5566=ORIENTED_EDGE('',*,*,#911,.T.);
#5567=ORIENTED_EDGE('',*,*,#913,.F.);
#5568=ORIENTED_EDGE('',*,*,#933,.F.);
#5569=ORIENTED_EDGE('',*,*,#699,.T.);
#5570=SURFACE_STYLE_FILL_AREA(#5885);
#5571=ORIENTED_EDGE('',*,*,#549,.T.);
#5572=ORIENTED_EDGE('',*,*,#1089,.T.);
#5573=ORIENTED_EDGE('',*,*,#559,.T.);
#5574=ORIENTED_EDGE('',*,*,#607,.F.);
#5575=DIRECTION('',(0.0,-0.0382631785275588,0.99926769645024));
#5576=DIRECTION('',(0.0,-0.0510247729887979,-0.998697387871542));
#5577=SURFACE_STYLE_FILL_AREA(#5886);
#5578=ORIENTED_EDGE('',*,*,#659,.T.);
#5579=ORIENTED_EDGE('',*,*,#931,.F.);
#5580=ORIENTED_EDGE('',*,*,#603,.F.);
#5581=ORIENTED_EDGE('',*,*,#443,.T.);
#5582=CARTESIAN_POINT('',(1.45,-0.799999999999979,1.07344122599235));
#5583=DIRECTION('',(0.995934269108054,6.35462835636627E-018,0.0900829152292836));
#5584=DIRECTION('',(-7.67239852606647E-034,-1.0,7.05419927873354E-017));
#5585=SURFACE_STYLE_FILL_AREA(#5887);
#5586=ORIENTED_EDGE('',*,*,#893,.T.);
#5587=ORIENTED_EDGE('',*,*,#1121,.F.);
#5588=ORIENTED_EDGE('',*,*,#921,.F.);
#5589=ORIENTED_EDGE('',*,*,#415,.T.);
#5590=CARTESIAN_POINT('',(-0.799999999999975,1.38975006916424,1.6988496881476E-006));
#5591=DIRECTION('',(-0.0,-0.0952709165981329,-0.995451381259051));
#5592=DIRECTION('',(0.0,-0.995451381259051,0.0952709165981329));
#5593=SURFACE_STYLE_FILL_AREA(#5888);
#5594=ORIENTED_EDGE('',*,*,#685,.T.);
#5595=ORIENTED_EDGE('',*,*,#647,.F.);
#5596=ORIENTED_EDGE('',*,*,#1071,.F.);
#5597=ORIENTED_EDGE('',*,*,#411,.T.);
#5598=CARTESIAN_POINT('',(-1.09999999999998,-1.09755145333714,0.22957449791612));
#5599=DIRECTION('',(-1.12006294141184E-017,-0.095270916598126,0.995451381259051));
#5600=DIRECTION('',(-1.0,1.17566092718149E-016,-1.53373569867875E-033));
#5601=SURFACE_STYLE_FILL_AREA(#5889);
#5602=ORIENTED_EDGE('',*,*,#917,.F.);
#5603=ORIENTED_EDGE('',*,*,#561,.F.);
#5604=ORIENTED_EDGE('',*,*,#1009,.F.);
#5605=CARTESIAN_POINT('',(-1.31185356509695,0.633071252067832,0.183409452260823));
#5606=DIRECTION('',(1.0,0.0,0.0));
#5607=DIRECTION('',(0.0,-8.02516352575967E-014,-1.0));
#5608=DIRECTION('',(0.0,1.0,-7.05419927873358E-017));
#5609=DIRECTION('',(-1.0,0.0,0.0));
#5610=SURFACE_STYLE_FILL_AREA(#5890);
#5611=ORIENTED_EDGE('',*,*,#747,.T.);
#5612=ORIENTED_EDGE('',*,*,#663,.F.);
#5613=ORIENTED_EDGE('',*,*,#427,.F.);
#5614=ORIENTED_EDGE('',*,*,#555,.F.);
#5615=CARTESIAN_POINT('',(1.45,0.80000000000002,0.868049278208154));
#5616=DIRECTION('',(0.995934269108054,-6.35462835636627E-018,-0.0900829152292836));
#5617=DIRECTION('',(7.67239852606647E-034,-1.0,7.05419927873354E-017));
#5618=DIRECTION('',(0.0,-1.0,7.05419927873358E-017));
#5619=SURFACE_STYLE_FILL_AREA(#5891);
#5620=ORIENTED_EDGE('',*,*,#491,.T.);
#5621=ORIENTED_EDGE('',*,*,#1027,.T.);
#5622=ORIENTED_EDGE('',*,*,#643,.T.);
#5623=ORIENTED_EDGE('',*,*,#635,.F.);
#5624=SURFACE_STYLE_FILL_AREA(#5892);
#5625=ORIENTED_EDGE('',*,*,#507,.T.);
#5626=ORIENTED_EDGE('',*,*,#717,.T.);
#5627=ORIENTED_EDGE('',*,*,#587,.F.);
#5628=ORIENTED_EDGE('',*,*,#509,.F.);
#5629=DIRECTION('',(1.0,-1.1756609271815E-016,0.0));
#5630=CARTESIAN_POINT('',(1.31185356509695,-0.633071252067788,0.183409452260919));
#5631=DIRECTION('',(0.0,1.0,0.0));
#5632=DIRECTION('',(-9.62872071265804E-013,0.0,1.0));
#5633=DIRECTION('',(1.0,0.0,0.0));
#5634=DIRECTION('',(-1.0,0.0,0.0));
#5635=SURFACE_STYLE_FILL_AREA(#5893);
#5636=ORIENTED_EDGE('',*,*,#537,.F.);
#5637=ORIENTED_EDGE('',*,*,#407,.F.);
#5638=ORIENTED_EDGE('',*,*,#457,.F.);
#5639=SURFACE_STYLE_FILL_AREA(#5894);
#5640=ORIENTED_EDGE('',*,*,#559,.F.);
#5641=ORIENTED_EDGE('',*,*,#981,.F.);
#5642=ORIENTED_EDGE('',*,*,#645,.F.);
#5643=SURFACE_STYLE_FILL_AREA(#5895);
#5644=ORIENTED_EDGE('',*,*,#703,.T.);
#5645=ORIENTED_EDGE('',*,*,#741,.F.);
#5646=ORIENTED_EDGE('',*,*,#1099,.F.);
#5647=ORIENTED_EDGE('',*,*,#761,.T.);
#5648=SURFACE_STYLE_FILL_AREA(#5896);
#5649=ORIENTED_EDGE('',*,*,#769,.T.);
#5650=ORIENTED_EDGE('',*,*,#669,.F.);
#5651=ORIENTED_EDGE('',*,*,#1053,.F.);
#5652=ORIENTED_EDGE('',*,*,#603,.T.);
#5653=DIRECTION('',(1.27567374911178E-016,1.0,6.65207918327208E-017));
#5654=DIRECTION('',(-7.19024883801151E-033,-5.63643238956507E-017,1.0));
#5655=SURFACE_STYLE_FILL_AREA(#5897);
#5656=ORIENTED_EDGE('',*,*,#775,.T.);
#5657=ORIENTED_EDGE('',*,*,#747,.F.);
#5658=ORIENTED_EDGE('',*,*,#627,.F.);
#5659=ORIENTED_EDGE('',*,*,#605,.T.);
#5660=CARTESIAN_POINT('',(-1.09999999999997,1.19084058888215,0.355039863288494));
#5661=DIRECTION('',(1.0,0.0,0.0));
#5662=DIRECTION('',(0.0,1.02905528226858E-013,-1.0));
#5663=SURFACE_STYLE_FILL_AREA(#5898);
#5664=ORIENTED_EDGE('',*,*,#869,.T.);
#5665=ORIENTED_EDGE('',*,*,#827,.T.);
#5666=ORIENTED_EDGE('',*,*,#903,.F.);
#5667=ORIENTED_EDGE('',*,*,#433,.F.);
#5668=SURFACE_STYLE_FILL_AREA(#5899);
#5669=ORIENTED_EDGE('',*,*,#701,.T.);
#5670=ORIENTED_EDGE('',*,*,#749,.F.);
#5671=ORIENTED_EDGE('',*,*,#397,.F.);
#5672=ORIENTED_EDGE('',*,*,#1023,.T.);
#5673=DIRECTION('',(1.0,-1.1756609271815E-016,0.0));
#5674=DIRECTION('',(4.88113324051877E-018,0.0382631785275618,0.99926769645024));
#5675=SURFACE_STYLE_FILL_AREA(#5900);
#5676=ORIENTED_EDGE('',*,*,#737,.T.);
#5677=ORIENTED_EDGE('',*,*,#823,.F.);
#5678=ORIENTED_EDGE('',*,*,#583,.F.);
#5679=ORIENTED_EDGE('',*,*,#809,.T.);
#5680=DIRECTION('',(1.0,-1.1756609271815E-016,0.0));
#5681=DIRECTION('',(1.0,-1.1756609271815E-016,0.0));
#5682=DIRECTION('',(-1.27567374911178E-016,-1.0,-6.65207918327208E-017));
#5683=SURFACE_STYLE_FILL_AREA(#5901);
#5684=ORIENTED_EDGE('',*,*,#5809,.T.);
#5685=ORIENTED_EDGE('',*,*,#5808,.T.);
#5686=ORIENTED_EDGE('',*,*,#635,.T.);
#5687=ORIENTED_EDGE('',*,*,#733,.T.);
#5688=ORIENTED_EDGE('',*,*,#841,.T.);
#5689=ORIENTED_EDGE('',*,*,#779,.T.);
#5690=CARTESIAN_POINT('',(1.19904086659517E-014,2.04281036531029E-014,1.44999313026338));
#5691=DIRECTION('',(-0.0,7.05419927873356E-017,1.0));
#5692=DIRECTION('',(1.0,0.0,0.0));
#5693=DIRECTION('',(1.0,-1.1756609271815E-016,0.0));
#5694=SURFACE_STYLE_FILL_AREA(#5902);
#5695=ORIENTED_EDGE('',*,*,#481,.T.);
#5696=ORIENTED_EDGE('',*,*,#655,.F.);
#5697=ORIENTED_EDGE('',*,*,#405,.F.);
#5698=ORIENTED_EDGE('',*,*,#661,.T.);
#5699=DIRECTION('',(1.0,-1.1756609271815E-016,0.0));
#5700=DIRECTION('',(-0.0893279629105363,-0.129193812797559,0.987587704346851));
#5701=DIRECTION('',(1.0,-1.1756609271815E-016,0.0));
#5702=DIRECTION('',(-1.0,0.0,0.0));
#5703=DIRECTION('',(-1.0,0.0,0.0));
#5704=DIRECTION('',(-1.26987119558923E-016,-0.995451381259051,-0.0952709165981259));
#5705=CARTESIAN_POINT('',(-0.799999999999975,-1.19084058888217,0.355046658558992));
#5706=DIRECTION('',(1.0,0.0,0.0));
#5707=DIRECTION('',(0.0,1.61321247677831E-013,-1.0));
#5708=SURFACE_STYLE_FILL_AREA(#5903);
#5709=ORIENTED_EDGE('',*,*,#479,.T.);
#5710=ORIENTED_EDGE('',*,*,#821,.F.);
#5711=ORIENTED_EDGE('',*,*,#439,.F.);
#5712=ORIENTED_EDGE('',*,*,#495,.T.);
#5713=DIRECTION('',(1.26987119558923E-016,0.995451381259051,0.0952709165981259));
#5714=DIRECTION('',(-1.0,0.0,0.0));
#5715=SURFACE_STYLE_FILL_AREA(#5904);
#5716=ORIENTED_EDGE('',*,*,#737,.F.);
#5717=ORIENTED_EDGE('',*,*,#813,.T.);
#5718=ORIENTED_EDGE('',*,*,#999,.T.);
#5719=ORIENTED_EDGE('',*,*,#1121,.T.);
#5720=ORIENTED_EDGE('',*,*,#1045,.F.);
#5721=ORIENTED_EDGE('',*,*,#413,.T.);
#5722=ORIENTED_EDGE('',*,*,#855,.F.);
#5723=ORIENTED_EDGE('',*,*,#691,.T.);
#5724=ORIENTED_EDGE('',*,*,#891,.T.);
#5725=ORIENTED_EDGE('',*,*,#487,.T.);
#5726=ORIENTED_EDGE('',*,*,#639,.F.);
#5727=ORIENTED_EDGE('',*,*,#781,.T.);
#5728=CARTESIAN_POINT('',(-1.09999999999997,0.948933742633559,0.268147940594981));
#5729=DIRECTION('',(-1.0,0.0,0.0));
#5730=DIRECTION('',(0.0,0.0,1.0));
#5731=CARTESIAN_POINT('',(0.800000000000025,-1.19084058888218,0.355038730730595));
#5732=DIRECTION('',(1.0,0.0,0.0));
#5733=DIRECTION('',(0.0,2.0490628652415E-013,-1.0));
#5734=SURFACE_STYLE_FILL_AREA(#5905);
#5735=ORIENTED_EDGE('',*,*,#667,.T.);
#5736=ORIENTED_EDGE('',*,*,#569,.F.);
#5737=ORIENTED_EDGE('',*,*,#429,.F.);
#5738=ORIENTED_EDGE('',*,*,#1067,.T.);
#5739=DIRECTION('',(-1.27567374911178E-016,-1.0,-6.65207918327208E-017));
#5740=CARTESIAN_POINT('',(-1.09999999999998,-0.832871743597857,0.73741065891966));
#5741=DIRECTION('',(1.0,0.0,0.0));
#5742=DIRECTION('',(0.0,3.25745426534384E-013,-1.0));
#5743=SURFACE_STYLE_FILL_AREA(#5906);
#5744=ORIENTED_EDGE('',*,*,#1113,.T.);
#5745=ORIENTED_EDGE('',*,*,#697,.T.);
#5746=ORIENTED_EDGE('',*,*,#457,.T.);
#5747=ORIENTED_EDGE('',*,*,#841,.F.);
#5748=SURFACE_STYLE_FILL_AREA(#5907);
#5749=ORIENTED_EDGE('',*,*,#749,.T.);
#5750=ORIENTED_EDGE('',*,*,#1107,.F.);
#5751=ORIENTED_EDGE('',*,*,#1059,.F.);
#5752=ORIENTED_EDGE('',*,*,#1097,.T.);
#5753=CARTESIAN_POINT('',(-0.149999999999975,-0.799999999999976,1.07259346110131));
#5754=DIRECTION('',(-2.61978581242193E-163,-6.65207918327208E-017,1.0));
#5755=DIRECTION('',(1.0,-3.93829619318105E-147,3.08469742733169E-179));
#5756=SURFACE_STYLE_FILL_AREA(#5908);
#5757=ORIENTED_EDGE('',*,*,#821,.T.);
#5758=ORIENTED_EDGE('',*,*,#629,.F.);
#5759=ORIENTED_EDGE('',*,*,#1075,.F.);
#5760=ORIENTED_EDGE('',*,*,#765,.T.);
#5761=CARTESIAN_POINT('',(0.800000000000025,-1.38975006916424,5.66291734505064E-007));
#5762=DIRECTION('',(1.12006294141184E-017,0.0952709165981258,-0.995451381259051));
#5763=DIRECTION('',(-1.0,-1.4678808888444E-034,-1.12518096061625E-017));
#5764=DIRECTION('',(-1.27567374911178E-016,-1.0,-6.65207918327208E-017));
#5765=DIRECTION('',(1.0,-1.1756609271815E-016,0.0));
#5766=DIRECTION('',(0.0,0.0382631785275588,-0.99926769645024));
#5767=CARTESIAN_POINT('',(1.34900924091793,0.686808998569734,1.34729715637138));
#5768=DIRECTION('',(-1.0,-0.0,0.0));
#5769=DIRECTION('',(0.0,-1.11824921471903E-012,1.0));
#5770=SURFACE_STYLE_FILL_AREA(#5909);
#5771=ORIENTED_EDGE('',*,*,#495,.F.);
#5772=ORIENTED_EDGE('',*,*,#671,.F.);
#5773=ORIENTED_EDGE('',*,*,#1109,.T.);
#5774=ORIENTED_EDGE('',*,*,#767,.F.);
#5775=CARTESIAN_POINT('',(0.800000000000025,-0.957617750019628,0.0413583291234289));
#5776=DIRECTION('',(1.17479998651121E-016,0.99926769645024,-0.0382631785275618));
#5777=DIRECTION('',(-1.0,-2.46338506118704E-032,-3.07031467776515E-015));
#5778=CARTESIAN_POINT('',(1.34900924091781,-0.686808998569629,1.34729715637114));
#5779=DIRECTION('',(0.0,1.0,0.0));
#5780=DIRECTION('',(-1.78850113136005E-012,0.0,-1.0));
#5781=DIRECTION('',(-1.0,0.0,0.0));
#5782=DIRECTION('',(0.0,-0.995451381259051,0.0952709165981329));
#5783=DIRECTION('',(1.0,-1.1756609271815E-016,0.0));
#5784=SURFACE_STYLE_FILL_AREA(#5910);
#5785=ORIENTED_EDGE('',*,*,#509,.T.);
#5786=ORIENTED_EDGE('',*,*,#575,.F.);
#5787=ORIENTED_EDGE('',*,*,#777,.F.);
#5788=ORIENTED_EDGE('',*,*,#863,.T.);
#5789=CARTESIAN_POINT('',(-1.44999999999998,0.80000000000002,1.07344122599235));
#5790=DIRECTION('',(-1.0,0.0,0.0));
#5791=DIRECTION('',(0.0,0.0,1.0));
#5792=SURFACE_STYLE_FILL_AREA(#5911);
#5793=ORIENTED_EDGE('',*,*,#707,.T.);
#5794=ORIENTED_EDGE('',*,*,#937,.F.);
#5795=ORIENTED_EDGE('',*,*,#857,.F.);
#5796=ORIENTED_EDGE('',*,*,#831,.T.);
#5797=CARTESIAN_POINT('',(1.10000000000003,1.09755145333717,0.229569967722942));
#5798=DIRECTION('',(-0.0,0.0952709165981331,0.995451381259051));
#5799=DIRECTION('',(1.0,0.0,0.0));
#5800=DIRECTION('',(0.0,-1.0,6.65207918327258E-017));
#5801=FILL_AREA_STYLE('',(#5912));
#5802=FILL_AREA_STYLE('',(#5913));
#5803=FILL_AREA_STYLE('',(#5914));
#5804=FILL_AREA_STYLE('',(#5915));
#5805=FILL_AREA_STYLE('',(#5916));
#5806=FILL_AREA_STYLE('',(#5917));
#5807=FILL_AREA_STYLE('',(#5918));
#5808=EDGE_CURVE('',#5919,#5920,#5921,.T.);
#5809=EDGE_CURVE('',#5920,#5919,#5922,.T.);
#5810=FILL_AREA_STYLE('',(#5923));
#5811=FILL_AREA_STYLE('',(#5924));
#5812=FILL_AREA_STYLE('',(#5925));
#5813=FILL_AREA_STYLE('',(#5926));
#5814=FILL_AREA_STYLE('',(#5927));
#5815=FILL_AREA_STYLE('',(#5928));
#5816=FILL_AREA_STYLE('',(#5929));
#5817=FILL_AREA_STYLE('',(#5930));
#5818=FILL_AREA_STYLE('',(#5931));
#5819=FILL_AREA_STYLE('',(#5932));
#5820=FILL_AREA_STYLE('',(#5933));
#5821=FILL_AREA_STYLE('',(#5934));
#5822=FILL_AREA_STYLE('',(#5935));
#5823=FILL_AREA_STYLE('',(#5936));
#5824=FILL_AREA_STYLE('',(#5937));
#5825=FILL_AREA_STYLE('',(#5938));
#5826=FILL_AREA_STYLE('',(#5939));
#5827=FILL_AREA_STYLE('',(#5940));
#5828=FILL_AREA_STYLE('',(#5941));
#5829=FILL_AREA_STYLE('',(#5942));
#5830=FILL_AREA_STYLE('',(#5943));
#5831=FILL_AREA_STYLE('',(#5944));
#5832=FILL_AREA_STYLE('',(#5945));
#5833=FILL_AREA_STYLE('',(#5946));
#5834=FILL_AREA_STYLE('',(#5947));
#5835=FILL_AREA_STYLE('',(#5948));
#5836=FILL_AREA_STYLE('',(#5949));
#5837=FILL_AREA_STYLE('',(#5950));
#5838=FILL_AREA_STYLE('',(#5951));
#5839=FILL_AREA_STYLE('',(#5952));
#5840=FILL_AREA_STYLE('',(#5953));
#5841=FILL_AREA_STYLE('',(#5954));
#5842=FILL_AREA_STYLE('',(#5955));
#5843=FILL_AREA_STYLE('',(#5956));
#5844=FILL_AREA_STYLE('',(#5957));
#5845=FILL_AREA_STYLE('',(#5958));
#5846=FILL_AREA_STYLE('',(#5959));
#5847=FILL_AREA_STYLE('',(#5960));
#5848=FILL_AREA_STYLE('',(#5961));
#5849=FILL_AREA_STYLE('',(#5962));
#5850=FILL_AREA_STYLE('',(#5963));
#5851=FILL_AREA_STYLE('',(#5964));
#5852=FILL_AREA_STYLE('',(#5965));
#5853=FILL_AREA_STYLE('',(#5966));
#5854=FILL_AREA_STYLE('',(#5967));
#5855=FILL_AREA_STYLE('',(#5968));
#5856=FILL_AREA_STYLE('',(#5969));
#5857=FILL_AREA_STYLE('',(#5970));
#5858=FILL_AREA_STYLE('',(#5971));
#5859=FILL_AREA_STYLE('',(#5972));
#5860=FILL_AREA_STYLE('',(#5973));
#5861=FILL_AREA_STYLE('',(#5974));
#5862=FILL_AREA_STYLE('',(#5975));
#5863=FILL_AREA_STYLE('',(#5976));
#5864=FILL_AREA_STYLE('',(#5977));
#5865=FILL_AREA_STYLE('',(#5978));
#5866=FILL_AREA_STYLE('',(#5979));
#5867=FILL_AREA_STYLE('',(#5980));
#5868=FILL_AREA_STYLE('',(#5981));
#5869=FILL_AREA_STYLE('',(#5982));
#5870=FILL_AREA_STYLE('',(#5983));
#5871=FILL_AREA_STYLE('',(#5984));
#5872=FILL_AREA_STYLE('',(#5985));
#5873=FILL_AREA_STYLE('',(#5986));
#5874=FILL_AREA_STYLE('',(#5987));
#5875=FILL_AREA_STYLE('',(#5988));
#5876=FILL_AREA_STYLE('',(#5989));
#5877=FILL_AREA_STYLE('',(#5990));
#5878=FILL_AREA_STYLE('',(#5991));
#5879=FILL_AREA_STYLE('',(#5992));
#5880=FILL_AREA_STYLE('',(#5993));
#5881=FILL_AREA_STYLE('',(#5994));
#5882=FILL_AREA_STYLE('',(#5995));
#5883=FILL_AREA_STYLE('',(#5996));
#5884=FILL_AREA_STYLE('',(#5997));
#5885=FILL_AREA_STYLE('',(#5998));
#5886=FILL_AREA_STYLE('',(#5999));
#5887=FILL_AREA_STYLE('',(#6000));
#5888=FILL_AREA_STYLE('',(#6001));
#5889=FILL_AREA_STYLE('',(#6002));
#5890=FILL_AREA_STYLE('',(#6003));
#5891=FILL_AREA_STYLE('',(#6004));
#5892=FILL_AREA_STYLE('',(#6005));
#5893=FILL_AREA_STYLE('',(#6006));
#5894=FILL_AREA_STYLE('',(#6007));
#5895=FILL_AREA_STYLE('',(#6008));
#5896=FILL_AREA_STYLE('',(#6009));
#5897=FILL_AREA_STYLE('',(#6010));
#5898=FILL_AREA_STYLE('',(#6011));
#5899=FILL_AREA_STYLE('',(#6012));
#5900=FILL_AREA_STYLE('',(#6013));
#5901=FILL_AREA_STYLE('',(#6014));
#5902=FILL_AREA_STYLE('',(#6015));
#5903=FILL_AREA_STYLE('',(#6016));
#5904=FILL_AREA_STYLE('',(#6017));
#5905=FILL_AREA_STYLE('',(#6018));
#5906=FILL_AREA_STYLE('',(#6019));
#5907=FILL_AREA_STYLE('',(#6020));
#5908=FILL_AREA_STYLE('',(#6021));
#5909=FILL_AREA_STYLE('',(#6022));
#5910=FILL_AREA_STYLE('',(#6023));
#5911=FILL_AREA_STYLE('',(#6024));
#5912=FILL_AREA_STYLE_COLOUR('',#6025);
#5913=FILL_AREA_STYLE_COLOUR('',#6026);
#5914=FILL_AREA_STYLE_COLOUR('',#6027);
#5915=FILL_AREA_STYLE_COLOUR('',#6028);
#5916=FILL_AREA_STYLE_COLOUR('',#6029);
#5917=FILL_AREA_STYLE_COLOUR('',#6030);
#5918=FILL_AREA_STYLE_COLOUR('',#6031);
#5919=VERTEX_POINT('',#6032);
#5920=VERTEX_POINT('',#6033);
#5921=CIRCLE('',#6034,0.149999999999998);
#5922=CIRCLE('',#6035,0.149999999999998);
#5923=FILL_AREA_STYLE_COLOUR('',#6036);
#5924=FILL_AREA_STYLE_COLOUR('',#6037);
#5925=FILL_AREA_STYLE_COLOUR('',#6038);
#5926=FILL_AREA_STYLE_COLOUR('',#6039);
#5927=FILL_AREA_STYLE_COLOUR('',#6040);
#5928=FILL_AREA_STYLE_COLOUR('',#6041);
#5929=FILL_AREA_STYLE_COLOUR('',#6042);
#5930=FILL_AREA_STYLE_COLOUR('',#6043);
#5931=FILL_AREA_STYLE_COLOUR('',#6044);
#5932=FILL_AREA_STYLE_COLOUR('',#6045);
#5933=FILL_AREA_STYLE_COLOUR('',#6046);
#5934=FILL_AREA_STYLE_COLOUR('',#6047);
#5935=FILL_AREA_STYLE_COLOUR('',#6048);
#5936=FILL_AREA_STYLE_COLOUR('',#6049);
#5937=FILL_AREA_STYLE_COLOUR('',#6050);
#5938=FILL_AREA_STYLE_COLOUR('',#6051);
#5939=FILL_AREA_STYLE_COLOUR('',#6052);
#5940=FILL_AREA_STYLE_COLOUR('',#6053);
#5941=FILL_AREA_STYLE_COLOUR('',#6054);
#5942=FILL_AREA_STYLE_COLOUR('',#6055);
#5943=FILL_AREA_STYLE_COLOUR('',#6056);
#5944=FILL_AREA_STYLE_COLOUR('',#6057);
#5945=FILL_AREA_STYLE_COLOUR('',#6058);
#5946=FILL_AREA_STYLE_COLOUR('',#6059);
#5947=FILL_AREA_STYLE_COLOUR('',#6060);
#5948=FILL_AREA_STYLE_COLOUR('',#6061);
#5949=FILL_AREA_STYLE_COLOUR('',#6062);
#5950=FILL_AREA_STYLE_COLOUR('',#6063);
#5951=FILL_AREA_STYLE_COLOUR('',#6064);
#5952=FILL_AREA_STYLE_COLOUR('',#6065);
#5953=FILL_AREA_STYLE_COLOUR('',#6066);
#5954=FILL_AREA_STYLE_COLOUR('',#6067);
#5955=FILL_AREA_STYLE_COLOUR('',#6068);
#5956=FILL_AREA_STYLE_COLOUR('',#6069);
#5957=FILL_AREA_STYLE_COLOUR('',#6070);
#5958=FILL_AREA_STYLE_COLOUR('',#6071);
#5959=FILL_AREA_STYLE_COLOUR('',#6072);
#5960=FILL_AREA_STYLE_COLOUR('',#6073);
#5961=FILL_AREA_STYLE_COLOUR('',#6074);
#5962=FILL_AREA_STYLE_COLOUR('',#6075);
#5963=FILL_AREA_STYLE_COLOUR('',#6076);
#5964=FILL_AREA_STYLE_COLOUR('',#6077);
#5965=FILL_AREA_STYLE_COLOUR('',#6078);
#5966=FILL_AREA_STYLE_COLOUR('',#6079);
#5967=FILL_AREA_STYLE_COLOUR('',#6080);
#5968=FILL_AREA_STYLE_COLOUR('',#6081);
#5969=FILL_AREA_STYLE_COLOUR('',#6082);
#5970=FILL_AREA_STYLE_COLOUR('',#6083);
#5971=FILL_AREA_STYLE_COLOUR('',#6084);
#5972=FILL_AREA_STYLE_COLOUR('',#6085);
#5973=FILL_AREA_STYLE_COLOUR('',#6086);
#5974=FILL_AREA_STYLE_COLOUR('',#6087);
#5975=FILL_AREA_STYLE_COLOUR('',#6088);
#5976=FILL_AREA_STYLE_COLOUR('',#6089);
#5977=FILL_AREA_STYLE_COLOUR('',#6090);
#5978=FILL_AREA_STYLE_COLOUR('',#6091);
#5979=FILL_AREA_STYLE_COLOUR('',#6092);
#5980=FILL_AREA_STYLE_COLOUR('',#6093);
#5981=FILL_AREA_STYLE_COLOUR('',#6094);
#5982=FILL_AREA_STYLE_COLOUR('',#6095);
#5983=FILL_AREA_STYLE_COLOUR('',#6096);
#5984=FILL_AREA_STYLE_COLOUR('',#6097);
#5985=FILL_AREA_STYLE_COLOUR('',#6098);
#5986=FILL_AREA_STYLE_COLOUR('',#6099);
#5987=FILL_AREA_STYLE_COLOUR('',#6100);
#5988=FILL_AREA_STYLE_COLOUR('',#6101);
#5989=FILL_AREA_STYLE_COLOUR('',#6102);
#5990=FILL_AREA_STYLE_COLOUR('',#6103);
#5991=FILL_AREA_STYLE_COLOUR('',#6104);
#5992=FILL_AREA_STYLE_COLOUR('',#6105);
#5993=FILL_AREA_STYLE_COLOUR('',#6106);
#5994=FILL_AREA_STYLE_COLOUR('',#6107);
#5995=FILL_AREA_STYLE_COLOUR('',#6108);
#5996=FILL_AREA_STYLE_COLOUR('',#6109);
#5997=FILL_AREA_STYLE_COLOUR('',#6110);
#5998=FILL_AREA_STYLE_COLOUR('',#6111);
#5999=FILL_AREA_STYLE_COLOUR('',#6112);
#6000=FILL_AREA_STYLE_COLOUR('',#6113);
#6001=FILL_AREA_STYLE_COLOUR('',#6114);
#6002=FILL_AREA_STYLE_COLOUR('',#6115);
#6003=FILL_AREA_STYLE_COLOUR('',#6116);
#6004=FILL_AREA_STYLE_COLOUR('',#6117);
#6005=FILL_AREA_STYLE_COLOUR('',#6118);
#6006=FILL_AREA_STYLE_COLOUR('',#6119);
#6007=FILL_AREA_STYLE_COLOUR('',#6120);
#6008=FILL_AREA_STYLE_COLOUR('',#6121);
#6009=FILL_AREA_STYLE_COLOUR('',#6122);
#6010=FILL_AREA_STYLE_COLOUR('',#6123);
#6011=FILL_AREA_STYLE_COLOUR('',#6124);
#6012=FILL_AREA_STYLE_COLOUR('',#6125);
#6013=FILL_AREA_STYLE_COLOUR('',#6126);
#6014=FILL_AREA_STYLE_COLOUR('',#6127);
#6015=FILL_AREA_STYLE_COLOUR('',#6128);
#6016=FILL_AREA_STYLE_COLOUR('',#6129);
#6017=FILL_AREA_STYLE_COLOUR('',#6130);
#6018=FILL_AREA_STYLE_COLOUR('',#6131);
#6019=FILL_AREA_STYLE_COLOUR('',#6132);
#6020=FILL_AREA_STYLE_COLOUR('',#6133);
#6021=FILL_AREA_STYLE_COLOUR('',#6134);
#6022=FILL_AREA_STYLE_COLOUR('',#6135);
#6023=FILL_AREA_STYLE_COLOUR('',#6136);
#6024=FILL_AREA_STYLE_COLOUR('',#6137);
#6025=COLOUR_RGB('',1.0,1.0,1.0);
#6026=COLOUR_RGB('',0.274509996175766,0.274509996175766,0.274509996175766);
#6027=COLOUR_RGB('',1.0,1.0,1.0);
#6028=COLOUR_RGB('',0.274509996175766,0.274509996175766,0.274509996175766);
#6029=COLOUR_RGB('',1.0,1.0,1.0);
#6030=COLOUR_RGB('',1.0,1.0,1.0);
#6031=COLOUR_RGB('',1.0,1.0,1.0);
#6032=CARTESIAN_POINT('',(-0.990000000000004,-0.460607599967982,1.45039458373124));
#6033=CARTESIAN_POINT('',(-1.29,-0.460607599967976,1.45039478770746));
#6034=AXIS2_PLACEMENT_3D('',#6138,#6139,#6140);
#6035=AXIS2_PLACEMENT_3D('',#6141,#6142,#6143);
#6036=COLOUR_RGB('',0.274509996175766,0.274509996175766,0.274509996175766);
#6037=COLOUR_RGB('',1.0,1.0,1.0);
#6038=COLOUR_RGB('',1.0,1.0,1.0);
#6039=COLOUR_RGB('',1.0,1.0,1.0);
#6040=COLOUR_RGB('',0.274509996175766,0.274509996175766,0.274509996175766);
#6041=COLOUR_RGB('',0.274509996175766,0.274509996175766,0.274509996175766);
#6042=COLOUR_RGB('',0.274509996175766,0.274509996175766,0.274509996175766);
#6043=COLOUR_RGB('',0.274509996175766,0.274509996175766,0.274509996175766);
#6044=COLOUR_RGB('',0.274509996175766,0.274509996175766,0.274509996175766);
#6045=COLOUR_RGB('',0.274509996175766,0.274509996175766,0.274509996175766);
#6046=COLOUR_RGB('',1.0,1.0,1.0);
#6047=COLOUR_RGB('',1.0,1.0,1.0);
#6048=COLOUR_RGB('',1.0,1.0,1.0);
#6049=COLOUR_RGB('',1.0,1.0,1.0);
#6050=COLOUR_RGB('',1.0,1.0,1.0);
#6051=COLOUR_RGB('',1.0,1.0,1.0);
#6052=COLOUR_RGB('',0.274509996175766,0.274509996175766,0.274509996175766);
#6053=COLOUR_RGB('',1.0,1.0,1.0);
#6054=COLOUR_RGB('',1.0,1.0,1.0);
#6055=COLOUR_RGB('',1.0,1.0,1.0);
#6056=COLOUR_RGB('',1.0,1.0,1.0);
#6057=COLOUR_RGB('',1.0,1.0,1.0);
#6058=COLOUR_RGB('',1.0,1.0,1.0);
#6059=COLOUR_RGB('',0.274509996175766,0.274509996175766,0.274509996175766);
#6060=COLOUR_RGB('',1.0,1.0,1.0);
#6061=COLOUR_RGB('',0.274509996175766,0.274509996175766,0.274509996175766);
#6062=COLOUR_RGB('',1.0,1.0,1.0);
#6063=COLOUR_RGB('',1.0,1.0,1.0);
#6064=COLOUR_RGB('',0.274509996175766,0.274509996175766,0.274509996175766);
#6065=COLOUR_RGB('',1.0,1.0,1.0);
#6066=COLOUR_RGB('',0.274509996175766,0.274509996175766,0.274509996175766);
#6067=COLOUR_RGB('',0.87058824300766,0.87058824300766,0.87058824300766);
#6068=COLOUR_RGB('',1.0,1.0,1.0);
#6069=COLOUR_RGB('',1.0,1.0,1.0);
#6070=COLOUR_RGB('',0.274509996175766,0.274509996175766,0.274509996175766);
#6071=COLOUR_RGB('',1.0,1.0,1.0);
#6072=COLOUR_RGB('',0.87058824300766,0.87058824300766,0.87058824300766);
#6073=COLOUR_RGB('',0.274509996175766,0.274509996175766,0.274509996175766);
#6074=COLOUR_RGB('',0.274509996175766,0.274509996175766,0.274509996175766);
#6075=COLOUR_RGB('',1.0,1.0,1.0);
#6076=COLOUR_RGB('',0.87058824300766,0.87058824300766,0.87058824300766);
#6077=COLOUR_RGB('',0.274509996175766,0.274509996175766,0.274509996175766);
#6078=COLOUR_RGB('',1.0,1.0,1.0);
#6079=COLOUR_RGB('',1.0,1.0,1.0);
#6080=COLOUR_RGB('',1.0,1.0,1.0);
#6081=COLOUR_RGB('',1.0,1.0,1.0);
#6082=COLOUR_RGB('',1.0,1.0,1.0);
#6083=COLOUR_RGB('',1.0,1.0,1.0);
#6084=COLOUR_RGB('',1.0,1.0,1.0);
#6085=COLOUR_RGB('',1.0,1.0,1.0);
#6086=COLOUR_RGB('',1.0,1.0,1.0);
#6087=COLOUR_RGB('',0.274509996175766,0.274509996175766,0.274509996175766);
#6088=COLOUR_RGB('',1.0,1.0,1.0);
#6089=COLOUR_RGB('',1.0,1.0,1.0);
#6090=COLOUR_RGB('',1.0,1.0,1.0);
#6091=COLOUR_RGB('',1.0,1.0,1.0);
#6092=COLOUR_RGB('',1.0,1.0,1.0);
#6093=COLOUR_RGB('',0.274509996175766,0.274509996175766,0.274509996175766);
#6094=COLOUR_RGB('',0.87058824300766,0.87058824300766,0.87058824300766);
#6095=COLOUR_RGB('',1.0,1.0,1.0);
#6096=COLOUR_RGB('',0.274509996175766,0.274509996175766,0.274509996175766);
#6097=COLOUR_RGB('',0.87058824300766,0.87058824300766,0.87058824300766);
#6098=COLOUR_RGB('',0.274509996175766,0.274509996175766,0.274509996175766);
#6099=COLOUR_RGB('',1.0,1.0,1.0);
#6100=COLOUR_RGB('',1.0,1.0,1.0);
#6101=COLOUR_RGB('',0.274509996175766,0.274509996175766,0.274509996175766);
#6102=COLOUR_RGB('',0.87058824300766,0.87058824300766,0.87058824300766);
#6103=COLOUR_RGB('',0.274509996175766,0.274509996175766,0.274509996175766);
#6104=COLOUR_RGB('',1.0,1.0,1.0);
#6105=COLOUR_RGB('',0.274509996175766,0.274509996175766,0.274509996175766);
#6106=COLOUR_RGB('',1.0,1.0,1.0);
#6107=COLOUR_RGB('',0.274509996175766,0.274509996175766,0.274509996175766);
#6108=COLOUR_RGB('',0.274509996175766,0.274509996175766,0.274509996175766);
#6109=COLOUR_RGB('',0.274509996175766,0.274509996175766,0.274509996175766);
#6110=COLOUR_RGB('',1.0,1.0,1.0);
#6111=COLOUR_RGB('',0.274509996175766,0.274509996175766,0.274509996175766);
#6112=COLOUR_RGB('',0.274509996175766,0.274509996175766,0.274509996175766);
#6113=COLOUR_RGB('',1.0,1.0,1.0);
#6114=COLOUR_RGB('',1.0,1.0,1.0);
#6115=COLOUR_RGB('',0.274509996175766,0.274509996175766,0.274509996175766);
#6116=COLOUR_RGB('',0.274509996175766,0.274509996175766,0.274509996175766);
#6117=COLOUR_RGB('',0.274509996175766,0.274509996175766,0.274509996175766);
#6118=COLOUR_RGB('',0.274509996175766,0.274509996175766,0.274509996175766);
#6119=COLOUR_RGB('',0.274509996175766,0.274509996175766,0.274509996175766);
#6120=COLOUR_RGB('',0.274509996175766,0.274509996175766,0.274509996175766);
#6121=COLOUR_RGB('',1.0,1.0,1.0);
#6122=COLOUR_RGB('',0.274509996175766,0.274509996175766,0.274509996175766);
#6123=COLOUR_RGB('',0.274509996175766,0.274509996175766,0.274509996175766);
#6124=COLOUR_RGB('',0.274509996175766,0.274509996175766,0.274509996175766);
#6125=COLOUR_RGB('',1.0,1.0,1.0);
#6126=COLOUR_RGB('',1.0,1.0,1.0);
#6127=COLOUR_RGB('',0.329411774873734,0.329411774873734,0.329411774873734);
#6128=COLOUR_RGB('',1.0,1.0,1.0);
#6129=COLOUR_RGB('',1.0,1.0,1.0);
#6130=COLOUR_RGB('',1.0,1.0,1.0);
#6131=COLOUR_RGB('',1.0,1.0,1.0);
#6132=COLOUR_RGB('',0.274509996175766,0.274509996175766,0.274509996175766);
#6133=COLOUR_RGB('',1.0,1.0,1.0);
#6134=COLOUR_RGB('',1.0,1.0,1.0);
#6135=COLOUR_RGB('',1.0,1.0,1.0);
#6136=COLOUR_RGB('',0.274509996175766,0.274509996175766,0.274509996175766);
#6137=COLOUR_RGB('',1.0,1.0,1.0);
#6138=CARTESIAN_POINT('',(-1.14,-0.46060759996798,1.44999313027141));
#6139=DIRECTION('',(-1.25090928332927E-030,-7.05419927873356E-017,-1.0));
#6140=DIRECTION('',(-1.0,1.77328316638348E-014,0.0));
#6141=CARTESIAN_POINT('',(-1.14,-0.460607599967975,1.45079569110074));
#6142=DIRECTION('',(-0.0,0.0,-1.0));
#6143=DIRECTION('',(-1.0,4.62592926927155E-015,0.0));
ENDSEC;
END-ISO-10303-21;
