ISO-10303-21;
HEADER;
FILE_DESCRIPTION(('STEP AP214'),'1');
FILE_NAME('D:/Daten/Step/CB/SMD_discrete/tmp0.STP','2012-09-19T09:45:19',(' '),(' '),'Spatial InterOp 3D',' ',' ');
FILE_SCHEMA(('automotive_design'));
ENDSEC;
DATA;
#1=MECHANICAL_DESIGN_GEOMETRIC_PRESENTATION_REPRESENTATION(' ',(#10,#11,#12,#13,#14,#15,#16,#17,#18,#19,#20,#21,#22,#23,#24,#25,#26,#27,#28,#29,#30,#31,#32,#33,#34,#35,#36,#37,#38,#39,#40,#41,#42,#43,#44,#45,#46,#47,#48,#49,#50,#51,#52,#53,#54,#55,#56,#57,#58,#59,#60,#61,#62,#63,#64,#65),#6);
#2=PRODUCT_DEFINITION_CONTEXT('',#66,'design');
#3=APPLICATION_PROTOCOL_DEFINITION('INTERNATIONAL STANDARD','automotive_design',1994,#66);
#4=PRODUCT_CATEGORY_RELATIONSHIP('NONE','NONE',#67,#68);
#5=SHAPE_DEFINITION_REPRESENTATION(#69,#70);
#6= (GEOMETRIC_REPRESENTATION_CONTEXT(3)GLOBAL_UNCERTAINTY_ASSIGNED_CONTEXT((#73))GLOBAL_UNIT_ASSIGNED_CONTEXT((#75,#76,#77))REPRESENTATION_CONTEXT('NONE','WORKSPACE'));
#10=STYLED_ITEM('',(#79),#80);
#11=STYLED_ITEM('',(#81),#82);
#12=STYLED_ITEM('',(#83),#84);
#13=STYLED_ITEM('',(#85),#86);
#14=STYLED_ITEM('',(#87),#88);
#15=STYLED_ITEM('',(#89),#90);
#16=STYLED_ITEM('',(#91),#92);
#17=STYLED_ITEM('',(#93),#94);
#18=STYLED_ITEM('',(#95),#96);
#19=STYLED_ITEM('',(#97),#98);
#20=STYLED_ITEM('',(#99),#100);
#21=STYLED_ITEM('',(#101),#102);
#22=STYLED_ITEM('',(#103),#104);
#23=STYLED_ITEM('',(#105),#106);
#24=STYLED_ITEM('',(#107),#108);
#25=STYLED_ITEM('',(#109),#110);
#26=STYLED_ITEM('',(#111),#112);
#27=STYLED_ITEM('',(#113),#114);
#28=STYLED_ITEM('',(#115),#116);
#29=STYLED_ITEM('',(#117),#118);
#30=STYLED_ITEM('',(#119),#120);
#31=STYLED_ITEM('',(#121),#122);
#32=STYLED_ITEM('',(#123),#124);
#33=STYLED_ITEM('',(#125),#126);
#34=STYLED_ITEM('',(#127),#128);
#35=STYLED_ITEM('',(#129),#130);
#36=STYLED_ITEM('',(#131),#132);
#37=STYLED_ITEM('',(#133),#134);
#38=STYLED_ITEM('',(#135),#136);
#39=STYLED_ITEM('',(#137),#138);
#40=STYLED_ITEM('',(#139),#140);
#41=STYLED_ITEM('',(#141),#142);
#42=STYLED_ITEM('',(#143),#144);
#43=STYLED_ITEM('',(#145),#146);
#44=STYLED_ITEM('',(#147),#148);
#45=STYLED_ITEM('',(#149),#150);
#46=STYLED_ITEM('',(#151),#152);
#47=STYLED_ITEM('',(#153),#154);
#48=STYLED_ITEM('',(#155),#156);
#49=STYLED_ITEM('',(#157),#158);
#50=STYLED_ITEM('',(#159),#160);
#51=STYLED_ITEM('',(#161),#162);
#52=STYLED_ITEM('',(#163),#164);
#53=STYLED_ITEM('',(#165),#166);
#54=STYLED_ITEM('',(#167),#168);
#55=STYLED_ITEM('',(#169),#170);
#56=STYLED_ITEM('',(#171),#172);
#57=STYLED_ITEM('',(#173),#174);
#58=STYLED_ITEM('',(#175),#176);
#59=STYLED_ITEM('',(#177),#178);
#60=STYLED_ITEM('',(#179),#180);
#61=STYLED_ITEM('',(#181),#182);
#62=STYLED_ITEM('',(#183),#184);
#63=STYLED_ITEM('',(#185),#186);
#64=STYLED_ITEM('',(#187),#188);
#65=STYLED_ITEM('',(#189),#190);
#66=APPLICATION_CONTEXT(' ');
#67=PRODUCT_CATEGORY('part','NONE');
#68=PRODUCT_RELATED_PRODUCT_CATEGORY('detail',' ',(#191));
#69=PRODUCT_DEFINITION_SHAPE('NONE','NONE',#192);
#70=ADVANCED_BREP_SHAPE_REPRESENTATION('1',(#132,#193),#6);
#73=UNCERTAINTY_MEASURE_WITH_UNIT(LENGTH_MEASURE(1.0E-006),#75,'','');
#75= (CONVERSION_BASED_UNIT('MILLIMETRE',#196)LENGTH_UNIT()NAMED_UNIT(#199));
#76= (NAMED_UNIT(#201)PLANE_ANGLE_UNIT()SI_UNIT($,.RADIAN.));
#77= (NAMED_UNIT(#201)SOLID_ANGLE_UNIT()SI_UNIT($,.STERADIAN.));
#79=PRESENTATION_STYLE_ASSIGNMENT((#207));
#80=ADVANCED_FACE('',(#208),#209,.F.);
#81=PRESENTATION_STYLE_ASSIGNMENT((#210));
#82=ADVANCED_FACE('',(#211),#212,.T.);
#83=PRESENTATION_STYLE_ASSIGNMENT((#213));
#84=ADVANCED_FACE('',(#214),#215,.T.);
#85=PRESENTATION_STYLE_ASSIGNMENT((#216));
#86=ADVANCED_FACE('',(#217),#218,.T.);
#87=PRESENTATION_STYLE_ASSIGNMENT((#219));
#88=ADVANCED_FACE('',(#220),#221,.T.);
#89=PRESENTATION_STYLE_ASSIGNMENT((#222));
#90=ADVANCED_FACE('',(#223),#224,.T.);
#91=PRESENTATION_STYLE_ASSIGNMENT((#225));
#92=ADVANCED_FACE('',(#226),#227,.T.);
#93=PRESENTATION_STYLE_ASSIGNMENT((#228));
#94=ADVANCED_FACE('',(#229),#230,.T.);
#95=PRESENTATION_STYLE_ASSIGNMENT((#231));
#96=ADVANCED_FACE('',(#232),#233,.T.);
#97=PRESENTATION_STYLE_ASSIGNMENT((#234));
#98=ADVANCED_FACE('',(#235),#236,.T.);
#99=PRESENTATION_STYLE_ASSIGNMENT((#237));
#100=ADVANCED_FACE('',(#238),#239,.T.);
#101=PRESENTATION_STYLE_ASSIGNMENT((#240));
#102=ADVANCED_FACE('',(#241),#242,.F.);
#103=PRESENTATION_STYLE_ASSIGNMENT((#243));
#104=ADVANCED_FACE('',(#244),#245,.T.);
#105=PRESENTATION_STYLE_ASSIGNMENT((#246));
#106=ADVANCED_FACE('',(#247),#248,.F.);
#107=PRESENTATION_STYLE_ASSIGNMENT((#249));
#108=ADVANCED_FACE('',(#250),#251,.F.);
#109=PRESENTATION_STYLE_ASSIGNMENT((#252));
#110=ADVANCED_FACE('',(#253),#254,.T.);
#111=PRESENTATION_STYLE_ASSIGNMENT((#255));
#112=ADVANCED_FACE('',(#256),#257,.T.);
#113=PRESENTATION_STYLE_ASSIGNMENT((#258));
#114=ADVANCED_FACE('',(#259,#260,#261),#262,.F.);
#115=PRESENTATION_STYLE_ASSIGNMENT((#263));
#116=ADVANCED_FACE('',(#264),#265,.T.);
#117=PRESENTATION_STYLE_ASSIGNMENT((#266));
#118=ADVANCED_FACE('',(#267,#268),#269,.T.);
#119=PRESENTATION_STYLE_ASSIGNMENT((#270));
#120=ADVANCED_FACE('',(#271),#272,.T.);
#121=PRESENTATION_STYLE_ASSIGNMENT((#273));
#122=ADVANCED_FACE('',(#274),#275,.T.);
#123=PRESENTATION_STYLE_ASSIGNMENT((#276));
#124=ADVANCED_FACE('',(#277),#278,.T.);
#125=PRESENTATION_STYLE_ASSIGNMENT((#279));
#126=ADVANCED_FACE('',(#280),#281,.T.);
#127=PRESENTATION_STYLE_ASSIGNMENT((#282));
#128=ADVANCED_FACE('',(#283),#284,.T.);
#129=PRESENTATION_STYLE_ASSIGNMENT((#285));
#130=ADVANCED_FACE('',(#286),#287,.T.);
#131=PRESENTATION_STYLE_ASSIGNMENT((#288));
#132=MANIFOLD_SOLID_BREP('1',#289);
#133=PRESENTATION_STYLE_ASSIGNMENT((#290));
#134=ADVANCED_FACE('',(#291,#292),#293,.F.);
#135=PRESENTATION_STYLE_ASSIGNMENT((#294));
#136=ADVANCED_FACE('',(#295),#296,.T.);
#137=PRESENTATION_STYLE_ASSIGNMENT((#297));
#138=ADVANCED_FACE('',(#298),#299,.T.);
#139=PRESENTATION_STYLE_ASSIGNMENT((#300));
#140=ADVANCED_FACE('',(#301),#302,.T.);
#141=PRESENTATION_STYLE_ASSIGNMENT((#303));
#142=ADVANCED_FACE('',(#304),#305,.T.);
#143=PRESENTATION_STYLE_ASSIGNMENT((#306));
#144=ADVANCED_FACE('',(#307),#308,.T.);
#145=PRESENTATION_STYLE_ASSIGNMENT((#309));
#146=ADVANCED_FACE('',(#310),#311,.T.);
#147=PRESENTATION_STYLE_ASSIGNMENT((#312));
#148=ADVANCED_FACE('',(#313),#314,.T.);
#149=PRESENTATION_STYLE_ASSIGNMENT((#315));
#150=ADVANCED_FACE('',(#316),#317,.T.);
#151=PRESENTATION_STYLE_ASSIGNMENT((#318));
#152=ADVANCED_FACE('',(#319),#320,.T.);
#153=PRESENTATION_STYLE_ASSIGNMENT((#321));
#154=ADVANCED_FACE('',(#322),#323,.T.);
#155=PRESENTATION_STYLE_ASSIGNMENT((#324));
#156=ADVANCED_FACE('',(#325),#326,.T.);
#157=PRESENTATION_STYLE_ASSIGNMENT((#327));
#158=ADVANCED_FACE('',(#328),#329,.T.);
#159=PRESENTATION_STYLE_ASSIGNMENT((#330));
#160=ADVANCED_FACE('',(#331),#332,.F.);
#161=PRESENTATION_STYLE_ASSIGNMENT((#333));
#162=ADVANCED_FACE('',(#334),#335,.F.);
#163=PRESENTATION_STYLE_ASSIGNMENT((#336));
#164=ADVANCED_FACE('',(#337),#338,.T.);
#165=PRESENTATION_STYLE_ASSIGNMENT((#339));
#166=ADVANCED_FACE('',(#340),#341,.T.);
#167=PRESENTATION_STYLE_ASSIGNMENT((#342));
#168=ADVANCED_FACE('',(#343),#344,.F.);
#169=PRESENTATION_STYLE_ASSIGNMENT((#345));
#170=ADVANCED_FACE('',(#346),#347,.T.);
#171=PRESENTATION_STYLE_ASSIGNMENT((#348));
#172=ADVANCED_FACE('',(#349),#350,.T.);
#173=PRESENTATION_STYLE_ASSIGNMENT((#351));
#174=ADVANCED_FACE('',(#352),#353,.T.);
#175=PRESENTATION_STYLE_ASSIGNMENT((#354));
#176=ADVANCED_FACE('',(#355),#356,.T.);
#177=PRESENTATION_STYLE_ASSIGNMENT((#357));
#178=ADVANCED_FACE('',(#358),#359,.T.);
#179=PRESENTATION_STYLE_ASSIGNMENT((#360));
#180=ADVANCED_FACE('',(#361),#362,.T.);
#181=PRESENTATION_STYLE_ASSIGNMENT((#363));
#182=ADVANCED_FACE('',(#364),#365,.T.);
#183=PRESENTATION_STYLE_ASSIGNMENT((#366));
#184=ADVANCED_FACE('',(#367),#368,.F.);
#185=PRESENTATION_STYLE_ASSIGNMENT((#369));
#186=ADVANCED_FACE('',(#370),#371,.T.);
#187=PRESENTATION_STYLE_ASSIGNMENT((#372));
#188=ADVANCED_FACE('',(#373),#374,.T.);
#189=PRESENTATION_STYLE_ASSIGNMENT((#375));
#190=ADVANCED_FACE('',(#376),#377,.T.);
#191=PRODUCT('1','1','PART-1-DESC',(#378));
#192=PRODUCT_DEFINITION('NONE','NONE',#379,#2);
#193=AXIS2_PLACEMENT_3D('',#380,#381,#382);
#196=LENGTH_MEASURE_WITH_UNIT(LENGTH_MEASURE(1.0),#383);
#199=DIMENSIONAL_EXPONENTS(1.0,0.0,0.0,0.0,0.0,0.0,0.0);
#201=DIMENSIONAL_EXPONENTS(0.0,0.0,0.0,0.0,0.0,0.0,0.0);
#207=SURFACE_STYLE_USAGE(.BOTH.,#384);
#208=FACE_OUTER_BOUND('',#385,.T.);
#209=B_SPLINE_SURFACE_WITH_KNOTS('',3,3,((#386,#387,#388,#389),(#390,#391,#392,#393),(#394,#395,#396,#397),(#398,#399,#400,#401)),.UNSPECIFIED.,.F.,.F.,.F.,(4,4),(4,4),(-3.97476309151478,3.97476309151478),(-0.527008083327639,0.685658598749887),.UNSPECIFIED.);
#210=SURFACE_STYLE_USAGE(.BOTH.,#402);
#211=FACE_OUTER_BOUND('',#403,.T.);
#212=PLANE('',#404);
#213=SURFACE_STYLE_USAGE(.BOTH.,#405);
#214=FACE_OUTER_BOUND('',#406,.T.);
#215=B_SPLINE_SURFACE_WITH_KNOTS('',3,3,((#407,#408,#409,#410,#411),(#412,#413,#414,#415,#416),(#417,#418,#419,#420,#421),(#422,#423,#424,#425,#426)),.UNSPECIFIED.,.F.,.F.,.F.,(4,4),(4,1,4),(-1.33427795741437,1.33427795741437),(-0.619644622768204,0.026603711126686,0.672852045021576),.UNSPECIFIED.);
#216=SURFACE_STYLE_USAGE(.BOTH.,#427);
#217=FACE_OUTER_BOUND('',#428,.T.);
#218=PLANE('',#429);
#219=SURFACE_STYLE_USAGE(.BOTH.,#430);
#220=FACE_OUTER_BOUND('',#431,.T.);
#221=PLANE('',#432);
#222=SURFACE_STYLE_USAGE(.BOTH.,#433);
#223=FACE_OUTER_BOUND('',#434,.T.);
#224=PLANE('',#435);
#225=SURFACE_STYLE_USAGE(.BOTH.,#436);
#226=FACE_OUTER_BOUND('',#437,.T.);
#227=PLANE('',#438);
#228=SURFACE_STYLE_USAGE(.BOTH.,#439);
#229=FACE_OUTER_BOUND('',#440,.T.);
#230=PLANE('',#441);
#231=SURFACE_STYLE_USAGE(.BOTH.,#442);
#232=FACE_OUTER_BOUND('',#443,.T.);
#233=PLANE('',#444);
#234=SURFACE_STYLE_USAGE(.BOTH.,#445);
#235=FACE_OUTER_BOUND('',#446,.T.);
#236=PLANE('',#447);
#237=SURFACE_STYLE_USAGE(.BOTH.,#448);
#238=FACE_OUTER_BOUND('',#449,.T.);
#239=PLANE('',#450);
#240=SURFACE_STYLE_USAGE(.BOTH.,#451);
#241=FACE_OUTER_BOUND('',#452,.T.);
#242=B_SPLINE_SURFACE_WITH_KNOTS('',3,3,((#453,#454,#455,#456),(#457,#458,#459,#460),(#461,#462,#463,#464),(#465,#466,#467,#468)),.UNSPECIFIED.,.F.,.F.,.F.,(4,4),(4,4),(-3.97476309151478,3.97476309151478),(-0.527008083327639,0.685658598749887),.UNSPECIFIED.);
#243=SURFACE_STYLE_USAGE(.BOTH.,#469);
#244=FACE_OUTER_BOUND('',#470,.T.);
#245=PLANE('',#471);
#246=SURFACE_STYLE_USAGE(.BOTH.,#472);
#247=FACE_OUTER_BOUND('',#473,.T.);
#248=B_SPLINE_SURFACE_WITH_KNOTS('',3,3,((#474,#475,#476,#477),(#478,#479,#480,#481),(#482,#483,#484,#485),(#486,#487,#488,#489)),.UNSPECIFIED.,.F.,.F.,.F.,(4,4),(4,4),(-3.97476309151477,3.97476309151477),(-0.725573591606022,0.566923076183786),.UNSPECIFIED.);
#249=SURFACE_STYLE_USAGE(.BOTH.,#490);
#250=FACE_OUTER_BOUND('',#491,.T.);
#251=B_SPLINE_SURFACE_WITH_KNOTS('',3,3,((#492,#493,#494,#495),(#496,#497,#498,#499),(#500,#501,#502,#503),(#504,#505,#506,#507)),.UNSPECIFIED.,.F.,.F.,.F.,(4,4),(4,4),(-3.97476309151477,3.97476309151477),(-0.725573591606022,0.566923076183786),.UNSPECIFIED.);
#252=SURFACE_STYLE_USAGE(.BOTH.,#508);
#253=FACE_OUTER_BOUND('',#509,.T.);
#254=PLANE('',#510);
#255=SURFACE_STYLE_USAGE(.BOTH.,#511);
#256=FACE_OUTER_BOUND('',#512,.T.);
#257=B_SPLINE_SURFACE_WITH_KNOTS('',3,3,((#513,#514,#515,#516,#517),(#518,#519,#520,#521,#522),(#523,#524,#525,#526,#527),(#528,#529,#530,#531,#532)),.UNSPECIFIED.,.F.,.F.,.F.,(4,4),(4,1,4),(-1.33427795741437,1.33427795741437),(-0.632937052165448,-0.0266037111266785,0.579729629912091),.UNSPECIFIED.);
#258=SURFACE_STYLE_USAGE(.BOTH.,#533);
#259=FACE_OUTER_BOUND('',#534,.T.);
#260=FACE_BOUND('',#535,.T.);
#261=FACE_BOUND('',#536,.T.);
#262=PLANE('',#537);
#263=SURFACE_STYLE_USAGE(.BOTH.,#538);
#264=FACE_OUTER_BOUND('',#539,.T.);
#265=PLANE('',#540);
#266=SURFACE_STYLE_USAGE(.BOTH.,#541);
#267=FACE_BOUND('',#542,.T.);
#268=FACE_OUTER_BOUND('',#543,.T.);
#269=PLANE('',#544);
#270=SURFACE_STYLE_USAGE(.BOTH.,#545);
#271=FACE_OUTER_BOUND('',#546,.T.);
#272=PLANE('',#547);
#273=SURFACE_STYLE_USAGE(.BOTH.,#548);
#274=FACE_OUTER_BOUND('',#549,.T.);
#275=PLANE('',#550);
#276=SURFACE_STYLE_USAGE(.BOTH.,#551);
#277=FACE_OUTER_BOUND('',#552,.T.);
#278=PLANE('',#553);
#279=SURFACE_STYLE_USAGE(.BOTH.,#554);
#280=FACE_OUTER_BOUND('',#555,.T.);
#281=CYLINDRICAL_SURFACE('',#556,0.15);
#282=SURFACE_STYLE_USAGE(.BOTH.,#557);
#283=FACE_OUTER_BOUND('',#558,.T.);
#284=B_SPLINE_SURFACE_WITH_KNOTS('',3,3,((#559,#560,#561,#562,#563),(#564,#565,#566,#567,#568),(#569,#570,#571,#572,#573),(#574,#575,#576,#577,#578)),.UNSPECIFIED.,.F.,.F.,.F.,(4,4),(4,1,4),(-1.33427795741437,1.33427795741437),(-0.619644622768204,0.026603711126686,0.672852045021576),.UNSPECIFIED.);
#285=SURFACE_STYLE_USAGE(.BOTH.,#579);
#286=FACE_OUTER_BOUND('',#580,.T.);
#287=PLANE('',#581);
#288=SURFACE_STYLE_USAGE(.BOTH.,#582);
#289=CLOSED_SHELL('',(#152,#126,#166,#124,#92,#116,#80,#112,#106,#170,#144,#146,#138,#182,#82,#136,#148,#90,#96,#120,#168,#178,#184,#84,#130,#150,#158,#172,#122,#154,#180,#88,#186,#174,#102,#140,#108,#128,#142,#100,#98,#94,#156,#164,#86,#114,#188,#176,#134,#110,#118,#190,#104,#162,#160));
#290=SURFACE_STYLE_USAGE(.BOTH.,#583);
#291=FACE_BOUND('',#584,.T.);
#292=FACE_OUTER_BOUND('',#585,.T.);
#293=PLANE('',#586);
#294=SURFACE_STYLE_USAGE(.BOTH.,#587);
#295=FACE_OUTER_BOUND('',#588,.T.);
#296=PLANE('',#589);
#297=SURFACE_STYLE_USAGE(.BOTH.,#590);
#298=FACE_OUTER_BOUND('',#591,.T.);
#299=PLANE('',#592);
#300=SURFACE_STYLE_USAGE(.BOTH.,#593);
#301=FACE_OUTER_BOUND('',#594,.T.);
#302=B_SPLINE_SURFACE_WITH_KNOTS('',3,3,((#595,#596,#597,#598,#599),(#600,#601,#602,#603,#604),(#605,#606,#607,#608,#609),(#610,#611,#612,#613,#614)),.UNSPECIFIED.,.F.,.F.,.F.,(4,4),(4,1,4),(-1.33427795741437,1.33427795741437),(-0.632937052165448,-0.0266037111266785,0.579729629912091),.UNSPECIFIED.);
#303=SURFACE_STYLE_USAGE(.BOTH.,#615);
#304=FACE_OUTER_BOUND('',#616,.T.);
#305=PLANE('',#617);
#306=SURFACE_STYLE_USAGE(.BOTH.,#618);
#307=FACE_OUTER_BOUND('',#619,.T.);
#308=PLANE('',#620);
#309=SURFACE_STYLE_USAGE(.BOTH.,#621);
#310=FACE_OUTER_BOUND('',#622,.T.);
#311=PLANE('',#623);
#312=SURFACE_STYLE_USAGE(.BOTH.,#624);
#313=FACE_OUTER_BOUND('',#625,.T.);
#314=PLANE('',#626);
#315=SURFACE_STYLE_USAGE(.BOTH.,#627);
#316=FACE_OUTER_BOUND('',#628,.T.);
#317=PLANE('',#629);
#318=SURFACE_STYLE_USAGE(.BOTH.,#630);
#319=FACE_OUTER_BOUND('',#631,.T.);
#320=CYLINDRICAL_SURFACE('',#632,0.15);
#321=SURFACE_STYLE_USAGE(.BOTH.,#633);
#322=FACE_OUTER_BOUND('',#634,.T.);
#323=PLANE('',#635);
#324=SURFACE_STYLE_USAGE(.BOTH.,#636);
#325=FACE_OUTER_BOUND('',#637,.T.);
#326=PLANE('',#638);
#327=SURFACE_STYLE_USAGE(.BOTH.,#639);
#328=FACE_OUTER_BOUND('',#640,.T.);
#329=PLANE('',#641);
#330=SURFACE_STYLE_USAGE(.BOTH.,#642);
#331=FACE_OUTER_BOUND('',#643,.T.);
#332=PLANE('',#644);
#333=SURFACE_STYLE_USAGE(.BOTH.,#645);
#334=FACE_OUTER_BOUND('',#646,.T.);
#335=PLANE('',#647);
#336=SURFACE_STYLE_USAGE(.BOTH.,#648);
#337=FACE_OUTER_BOUND('',#649,.T.);
#338=PLANE('',#650);
#339=SURFACE_STYLE_USAGE(.BOTH.,#651);
#340=FACE_OUTER_BOUND('',#652,.T.);
#341=PLANE('',#653);
#342=SURFACE_STYLE_USAGE(.BOTH.,#654);
#343=FACE_OUTER_BOUND('',#655,.T.);
#344=B_SPLINE_SURFACE_WITH_KNOTS('',3,3,((#656,#657,#658,#659),(#660,#661,#662,#663),(#664,#665,#666,#667),(#668,#669,#670,#671)),.UNSPECIFIED.,.F.,.F.,.F.,(4,4),(4,4),(-3.97476309151478,3.97476309151478),(-0.527008083327639,0.685658598749887),.UNSPECIFIED.);
#345=SURFACE_STYLE_USAGE(.BOTH.,#672);
#346=FACE_OUTER_BOUND('',#673,.T.);
#347=B_SPLINE_SURFACE_WITH_KNOTS('',3,3,((#674,#675,#676,#677,#678),(#679,#680,#681,#682,#683),(#684,#685,#686,#687,#688),(#689,#690,#691,#692,#693)),.UNSPECIFIED.,.F.,.F.,.F.,(4,4),(4,1,4),(-1.33427795741437,1.33427795741437),(-0.619644622768204,0.026603711126686,0.672852045021576),.UNSPECIFIED.);
#348=SURFACE_STYLE_USAGE(.BOTH.,#694);
#349=FACE_OUTER_BOUND('',#695,.T.);
#350=PLANE('',#696);
#351=SURFACE_STYLE_USAGE(.BOTH.,#697);
#352=FACE_OUTER_BOUND('',#698,.T.);
#353=PLANE('',#699);
#354=SURFACE_STYLE_USAGE(.BOTH.,#700);
#355=FACE_OUTER_BOUND('',#701,.T.);
#356=PLANE('',#702);
#357=SURFACE_STYLE_USAGE(.BOTH.,#703);
#358=FACE_OUTER_BOUND('',#704,.T.);
#359=B_SPLINE_SURFACE_WITH_KNOTS('',3,3,((#705,#706,#707,#708,#709),(#710,#711,#712,#713,#714),(#715,#716,#717,#718,#719),(#720,#721,#722,#723,#724)),.UNSPECIFIED.,.F.,.F.,.F.,(4,4),(4,1,4),(-1.33427795741437,1.33427795741437),(-0.632937052165448,-0.0266037111266785,0.579729629912091),.UNSPECIFIED.);
#360=SURFACE_STYLE_USAGE(.BOTH.,#725);
#361=FACE_OUTER_BOUND('',#726,.T.);
#362=PLANE('',#727);
#363=SURFACE_STYLE_USAGE(.BOTH.,#728);
#364=FACE_OUTER_BOUND('',#729,.T.);
#365=PLANE('',#730);
#366=SURFACE_STYLE_USAGE(.BOTH.,#731);
#367=FACE_OUTER_BOUND('',#732,.T.);
#368=B_SPLINE_SURFACE_WITH_KNOTS('',3,3,((#733,#734,#735,#736),(#737,#738,#739,#740),(#741,#742,#743,#744),(#745,#746,#747,#748)),.UNSPECIFIED.,.F.,.F.,.F.,(4,4),(4,4),(-3.97476309151477,3.97476309151477),(-0.725573591606022,0.566923076183786),.UNSPECIFIED.);
#369=SURFACE_STYLE_USAGE(.BOTH.,#749);
#370=FACE_OUTER_BOUND('',#750,.T.);
#371=PLANE('',#751);
#372=SURFACE_STYLE_USAGE(.BOTH.,#752);
#373=FACE_OUTER_BOUND('',#753,.T.);
#374=PLANE('',#754);
#375=SURFACE_STYLE_USAGE(.BOTH.,#755);
#376=FACE_OUTER_BOUND('',#756,.T.);
#377=PLANE('',#757);
#378=PRODUCT_CONTEXT('',#66,'mechanical');
#379=PRODUCT_DEFINITION_FORMATION_WITH_SPECIFIED_SOURCE(' ','NONE',#191,.NOT_KNOWN.);
#380=CARTESIAN_POINT('',(0.0,0.0,0.0));
#381=DIRECTION('',(0.0,0.0,1.0));
#382=DIRECTION('',(1.0,0.0,0.0));
#383= (NAMED_UNIT(#199)LENGTH_UNIT()SI_UNIT(.MILLI.,.METRE.));
#384=SURFACE_SIDE_STYLE('',(#759));
#385=EDGE_LOOP('',(#760,#761,#762,#763));
#386=CARTESIAN_POINT('',(-0.2,1.06913630213852,0.109627738668294));
#387=CARTESIAN_POINT('',(-0.200000000000224,1.04905431935673,0.112717110452502));
#388=CARTESIAN_POINT('',(-0.200000000000224,1.03180859630944,0.128589613346227));
#389=CARTESIAN_POINT('',(-0.2,1.02778613281657,0.147685330131606));
#390=CARTESIAN_POINT('',(-0.0666666666653488,1.06913630213852,0.109627738668294));
#391=CARTESIAN_POINT('',(-0.0666666607196347,1.04905431935673,0.112717111938987));
#392=CARTESIAN_POINT('',(-0.0666666607196347,1.03180859779593,0.128589613346227));
#393=CARTESIAN_POINT('',(-0.0666666666653488,1.02778613281657,0.147685330131606));
#394=CARTESIAN_POINT('',(0.0666666666653488,1.06913630213852,0.109627738668294));
#395=CARTESIAN_POINT('',(0.0666666607196347,1.04905431935673,0.112717111938987));
#396=CARTESIAN_POINT('',(0.0666666607196347,1.03180859779593,0.128589613346227));
#397=CARTESIAN_POINT('',(0.0666666666653488,1.02778613281657,0.147685330131606));
#398=CARTESIAN_POINT('',(0.2,1.06913630213852,0.109627738668294));
#399=CARTESIAN_POINT('',(0.200000000000224,1.04905431935673,0.112717110452502));
#400=CARTESIAN_POINT('',(0.200000000000224,1.03180859630944,0.128589613346227));
#401=CARTESIAN_POINT('',(0.2,1.02778613281657,0.147685330131606));
#402=SURFACE_SIDE_STYLE('',(#764));
#403=EDGE_LOOP('',(#765,#766,#767,#768));
#404=AXIS2_PLACEMENT_3D('',#769,#770,#771);
#405=SURFACE_SIDE_STYLE('',(#772));
#406=EDGE_LOOP('',(#773,#774,#775,#776));
#407=CARTESIAN_POINT('',(-1.15,-0.967559610065744,0.349576652661464));
#408=CARTESIAN_POINT('',(-1.15,-0.957863125106974,0.379075263453973));
#409=CARTESIAN_POINT('',(-1.15,-0.917892661786355,0.431760467927303));
#410=CARTESIAN_POINT('',(-1.15,-0.852870444482413,0.450811286086104));
#411=CARTESIAN_POINT('',(-1.15,-0.820592250973684,0.44999178384288));
#412=CARTESIAN_POINT('',(-1.01666666666653,-0.967559610065744,0.349576652661464));
#413=CARTESIAN_POINT('',(-1.01666666666653,-0.957863125106974,0.379075263453973));
#414=CARTESIAN_POINT('',(-1.01666666666604,-0.917892661786355,0.431760467927303));
#415=CARTESIAN_POINT('',(-1.01666666666653,-0.852870444482413,0.450811286086104));
#416=CARTESIAN_POINT('',(-1.01666666666653,-0.820592250973684,0.44999178384288));
#417=CARTESIAN_POINT('',(-0.883333333333466,-0.967559610065744,0.349576652661464));
#418=CARTESIAN_POINT('',(-0.883333333333466,-0.957863125106974,0.379075263453973));
#419=CARTESIAN_POINT('',(-0.88333333333396,-0.917892661786355,0.431760467927303));
#420=CARTESIAN_POINT('',(-0.883333333333466,-0.852870444482413,0.450811286086104));
#421=CARTESIAN_POINT('',(-0.883333333333466,-0.820592250973684,0.44999178384288));
#422=CARTESIAN_POINT('',(-0.75,-0.967559610065744,0.349576652661464));
#423=CARTESIAN_POINT('',(-0.75,-0.957863125106974,0.379075263453973));
#424=CARTESIAN_POINT('',(-0.75,-0.917892661786355,0.431760467927303));
#425=CARTESIAN_POINT('',(-0.75,-0.852870444482413,0.450811286086104));
#426=CARTESIAN_POINT('',(-0.75,-0.820592250973684,0.44999178384288));
#427=SURFACE_SIDE_STYLE('',(#777));
#428=EDGE_LOOP('',(#778,#779,#780,#781));
#429=AXIS2_PLACEMENT_3D('',#782,#783,#784);
#430=SURFACE_SIDE_STYLE('',(#785));
#431=EDGE_LOOP('',(#786,#787,#788,#789));
#432=AXIS2_PLACEMENT_3D('',#790,#791,#792);
#433=SURFACE_SIDE_STYLE('',(#793));
#434=EDGE_LOOP('',(#794,#795,#796,#797));
#435=AXIS2_PLACEMENT_3D('',#798,#799,#800);
#436=SURFACE_SIDE_STYLE('',(#801));
#437=EDGE_LOOP('',(#802,#803,#804,#805,#806,#807,#808,#809,#810,#811,#812,#813,#814));
#438=AXIS2_PLACEMENT_3D('',#815,#816,#817);
#439=SURFACE_SIDE_STYLE('',(#818));
#440=EDGE_LOOP('',(#819,#820,#821,#822,#823,#824,#825,#826,#827,#828,#829,#830,#831));
#441=AXIS2_PLACEMENT_3D('',#832,#833,#834);
#442=SURFACE_SIDE_STYLE('',(#835));
#443=EDGE_LOOP('',(#836,#837,#838,#839,#840,#841,#842,#843,#844,#845,#846,#847,#848));
#444=AXIS2_PLACEMENT_3D('',#849,#850,#851);
#445=SURFACE_SIDE_STYLE('',(#852));
#446=EDGE_LOOP('',(#853,#854,#855,#856));
#447=AXIS2_PLACEMENT_3D('',#857,#858,#859);
#448=SURFACE_SIDE_STYLE('',(#860));
#449=EDGE_LOOP('',(#861,#862,#863,#864));
#450=AXIS2_PLACEMENT_3D('',#865,#866,#867);
#451=SURFACE_SIDE_STYLE('',(#868));
#452=EDGE_LOOP('',(#869,#870,#871,#872));
#453=CARTESIAN_POINT('',(1.15,-1.06913836010437,0.109627738402402));
#454=CARTESIAN_POINT('',(1.15000000000045,-1.04905660581416,0.11271711018661));
#455=CARTESIAN_POINT('',(1.15000000000045,-1.03181107898764,0.128589613080279));
#456=CARTESIAN_POINT('',(1.15,-1.0277886612621,0.147685329865714));
#457=CARTESIAN_POINT('',(1.01666666666608,-1.06913836010437,0.109627738402402));
#458=CARTESIAN_POINT('',(1.01666665477466,-1.04905660581416,0.112717111673095));
#459=CARTESIAN_POINT('',(1.01666665477466,-1.03181107898764,0.128589614566764));
#460=CARTESIAN_POINT('',(1.01666666666608,-1.0277886612621,0.147685329865714));
#461=CARTESIAN_POINT('',(0.883333333333916,-1.06913836010437,0.109627738402402));
#462=CARTESIAN_POINT('',(0.883333345225344,-1.04905660581416,0.112717111673095));
#463=CARTESIAN_POINT('',(0.883333345225344,-1.03181107898764,0.128589614566764));
#464=CARTESIAN_POINT('',(0.883333333333916,-1.0277886612621,0.147685329865714));
#465=CARTESIAN_POINT('',(0.75,-1.06913836010437,0.109627738402402));
#466=CARTESIAN_POINT('',(0.749999999999551,-1.04905660581416,0.11271711018661));
#467=CARTESIAN_POINT('',(0.749999999999551,-1.03181107898764,0.128589613080279));
#468=CARTESIAN_POINT('',(0.75,-1.0277886612621,0.147685329865714));
#469=SURFACE_SIDE_STYLE('',(#873));
#470=EDGE_LOOP('',(#874,#875,#876,#877));
#471=AXIS2_PLACEMENT_3D('',#878,#879,#880);
#472=SURFACE_SIDE_STYLE('',(#881));
#473=EDGE_LOOP('',(#882,#883,#884,#885));
#474=CARTESIAN_POINT('',(0.2,0.873904203638073,0.3160045507467));
#475=CARTESIAN_POINT('',(0.2,0.869616930754186,0.336357327094796));
#476=CARTESIAN_POINT('',(0.2,0.850176734600074,0.352872193740155));
#477=CARTESIAN_POINT('',(0.2,0.828566773201973,0.354519677433256));
#478=CARTESIAN_POINT('',(0.0666666666653491,0.873904203638073,0.3160045507467));
#479=CARTESIAN_POINT('',(0.0666666571593086,0.869616930754186,0.336357327094796));
#480=CARTESIAN_POINT('',(0.0666666571593086,0.850176731431394,0.352872193740155));
#481=CARTESIAN_POINT('',(0.0666666666653491,0.828566773201973,0.354519677433256));
#482=CARTESIAN_POINT('',(-0.0666666666653491,0.873904203638073,0.3160045507467));
#483=CARTESIAN_POINT('',(-0.0666666571593086,0.869616930754186,0.336357327094796));
#484=CARTESIAN_POINT('',(-0.0666666571593086,0.850176731431394,0.352872193740155));
#485=CARTESIAN_POINT('',(-0.0666666666653491,0.828566773201973,0.354519677433256));
#486=CARTESIAN_POINT('',(-0.2,0.873904203638073,0.3160045507467));
#487=CARTESIAN_POINT('',(-0.2,0.869616930754186,0.336357327094796));
#488=CARTESIAN_POINT('',(-0.2,0.850176734600074,0.352872193740155));
#489=CARTESIAN_POINT('',(-0.2,0.828566773201973,0.354519677433256));
#490=SURFACE_SIDE_STYLE('',(#886));
#491=EDGE_LOOP('',(#887,#888,#889,#890));
#492=CARTESIAN_POINT('',(0.75,-0.873908482942712,0.316004550480808));
#493=CARTESIAN_POINT('',(0.75,-0.869621258839139,0.336357326828904));
#494=CARTESIAN_POINT('',(0.75,-0.850181283874351,0.352872193474263));
#495=CARTESIAN_POINT('',(0.75,-0.828571568353103,0.354519677167364));
#496=CARTESIAN_POINT('',(0.883333333333915,-0.873908482942712,0.316004550480808));
#497=CARTESIAN_POINT('',(0.883333346008636,-0.869621258839139,0.336357326828904));
#498=CARTESIAN_POINT('',(0.883333346008636,-0.850181283874351,0.352872193474263));
#499=CARTESIAN_POINT('',(0.883333333333915,-0.828571568353103,0.354519677167364));
#500=CARTESIAN_POINT('',(1.01666666666608,-0.873908482942712,0.316004550480808));
#501=CARTESIAN_POINT('',(1.01666665399136,-0.869621258839139,0.336357326828904));
#502=CARTESIAN_POINT('',(1.01666665399136,-0.850181283874351,0.352872193474263));
#503=CARTESIAN_POINT('',(1.01666666666608,-0.828571568353103,0.354519677167364));
#504=CARTESIAN_POINT('',(1.15,-0.873908482942712,0.316004550480808));
#505=CARTESIAN_POINT('',(1.15,-0.869621258839139,0.336357326828904));
#506=CARTESIAN_POINT('',(1.15,-0.850181283874351,0.352872193474263));
#507=CARTESIAN_POINT('',(1.15,-0.828571568353103,0.354519677167364));
#508=SURFACE_SIDE_STYLE('',(#891));
#509=EDGE_LOOP('',(#892,#893,#894,#895));
#510=AXIS2_PLACEMENT_3D('',#896,#897,#898);
#511=SURFACE_SIDE_STYLE('',(#899));
#512=EDGE_LOOP('',(#900,#901,#902,#903));
#513=CARTESIAN_POINT('',(-0.2,1.06913630213852,0.0138506085106164));
#514=CARTESIAN_POINT('',(-0.199999999999776,1.03888417208911,0.0153972288902528));
#515=CARTESIAN_POINT('',(-0.200000000000224,0.979464885939744,0.0365992906173194));
#516=CARTESIAN_POINT('',(-0.199999999999776,0.943228310026095,0.0864365710950327));
#517=CARTESIAN_POINT('',(-0.2,0.934130726388894,0.114113227950952));
#518=CARTESIAN_POINT('',(-0.0666666666665339,1.06913630213852,0.0138506085106164));
#519=CARTESIAN_POINT('',(-0.0666666686622863,1.03888417208911,0.0153972288902528));
#520=CARTESIAN_POINT('',(-0.0666666646707815,0.979464885939744,0.0365992906173194));
#521=CARTESIAN_POINT('',(-0.0666666686622863,0.943228310026095,0.0864365710950327));
#522=CARTESIAN_POINT('',(-0.0666666666665339,0.934130726388894,0.114113227950952));
#523=CARTESIAN_POINT('',(0.0666666666665339,1.06913630213852,0.0138506085106164));
#524=CARTESIAN_POINT('',(0.0666666686622863,1.03888417208911,0.0153972288902528));
#525=CARTESIAN_POINT('',(0.0666666646707815,0.979464885939744,0.0365992906173194));
#526=CARTESIAN_POINT('',(0.0666666686622863,0.943228310026095,0.0864365710950327));
#527=CARTESIAN_POINT('',(0.0666666666665339,0.934130726388894,0.114113227950952));
#528=CARTESIAN_POINT('',(0.2,1.06913630213852,0.0138506085106164));
#529=CARTESIAN_POINT('',(0.199999999999776,1.03888417208911,0.0153972288902528));
#530=CARTESIAN_POINT('',(0.200000000000224,0.979464885939744,0.0365992906173194));
#531=CARTESIAN_POINT('',(0.199999999999776,0.943228310026095,0.0864365710950327));
#532=CARTESIAN_POINT('',(0.2,0.934130726388894,0.114113227950952));
#533=SURFACE_SIDE_STYLE('',(#904));
#534=EDGE_LOOP('',(#905,#906,#907,#908));
#535=EDGE_LOOP('',(#909,#910,#911,#912));
#536=EDGE_LOOP('',(#913,#914,#915,#916));
#537=AXIS2_PLACEMENT_3D('',#917,#918,#919);
#538=SURFACE_SIDE_STYLE('',(#920));
#539=EDGE_LOOP('',(#921,#922,#923,#924));
#540=AXIS2_PLACEMENT_3D('',#925,#926,#927);
#541=SURFACE_SIDE_STYLE('',(#928));
#542=EDGE_LOOP('',(#929,#930));
#543=EDGE_LOOP('',(#931,#932,#933,#934));
#544=AXIS2_PLACEMENT_3D('',#935,#936,#937);
#545=SURFACE_SIDE_STYLE('',(#938));
#546=EDGE_LOOP('',(#939,#940,#941,#942));
#547=AXIS2_PLACEMENT_3D('',#943,#944,#945);
#548=SURFACE_SIDE_STYLE('',(#946));
#549=EDGE_LOOP('',(#947,#948,#949,#950));
#550=AXIS2_PLACEMENT_3D('',#951,#952,#953);
#551=SURFACE_SIDE_STYLE('',(#954));
#552=EDGE_LOOP('',(#955,#956,#957,#958));
#553=AXIS2_PLACEMENT_3D('',#959,#960,#961);
#554=SURFACE_SIDE_STYLE('',(#962));
#555=EDGE_LOOP('',(#963,#964,#965,#966));
#556=AXIS2_PLACEMENT_3D('',#967,#968,#969);
#557=SURFACE_SIDE_STYLE('',(#970));
#558=EDGE_LOOP('',(#971,#972,#973,#974));
#559=CARTESIAN_POINT('',(0.75,-0.967562823764934,0.349576652661464));
#560=CARTESIAN_POINT('',(0.75,-0.957866449132184,0.379075263454032));
#561=CARTESIAN_POINT('',(0.75,-0.917896440593058,0.431760467927303));
#562=CARTESIAN_POINT('',(0.75,-0.852874963107802,0.450811286086045));
#563=CARTESIAN_POINT('',(0.75,-0.820597136858437,0.44999178384288));
#564=CARTESIAN_POINT('',(0.883333333333219,-0.967562823764934,0.349576652661464));
#565=CARTESIAN_POINT('',(0.883333333333219,-0.957866449132184,0.379075263454032));
#566=CARTESIAN_POINT('',(0.883333333333713,-0.917896440593058,0.431760467661381));
#567=CARTESIAN_POINT('',(0.883333333333219,-0.852874963107802,0.450811286617888));
#568=CARTESIAN_POINT('',(0.883333333333219,-0.820597136858437,0.44999178384288));
#569=CARTESIAN_POINT('',(1.01666666666678,-0.967562823764934,0.349576652661464));
#570=CARTESIAN_POINT('',(1.01666666666678,-0.957866449132184,0.379075263454032));
#571=CARTESIAN_POINT('',(1.01666666666629,-0.917896440593058,0.431760467661381));
#572=CARTESIAN_POINT('',(1.01666666666678,-0.852874963107802,0.450811286617888));
#573=CARTESIAN_POINT('',(1.01666666666678,-0.820597136858437,0.44999178384288));
#574=CARTESIAN_POINT('',(1.15,-0.967562823764934,0.349576652661464));
#575=CARTESIAN_POINT('',(1.15,-0.957866449132184,0.379075263454032));
#576=CARTESIAN_POINT('',(1.15,-0.917896440593058,0.431760467927303));
#577=CARTESIAN_POINT('',(1.15,-0.852874963107802,0.450811286086045));
#578=CARTESIAN_POINT('',(1.15,-0.820597136858437,0.44999178384288));
#579=SURFACE_SIDE_STYLE('',(#975));
#580=EDGE_LOOP('',(#976,#977,#978,#979));
#581=AXIS2_PLACEMENT_3D('',#980,#981,#982);
#582=SURFACE_SIDE_STYLE('',(#983));
#583=SURFACE_SIDE_STYLE('',(#984));
#584=EDGE_LOOP('',(#985,#986,#987,#988));
#585=EDGE_LOOP('',(#989,#990,#991,#992));
#586=AXIS2_PLACEMENT_3D('',#993,#994,#995);
#587=SURFACE_SIDE_STYLE('',(#996));
#588=EDGE_LOOP('',(#997,#998,#999,#1000));
#589=AXIS2_PLACEMENT_3D('',#1001,#1002,#1003);
#590=SURFACE_SIDE_STYLE('',(#1004));
#591=EDGE_LOOP('',(#1005,#1006,#1007,#1008));
#592=AXIS2_PLACEMENT_3D('',#1009,#1010,#1011);
#593=SURFACE_SIDE_STYLE('',(#1012));
#594=EDGE_LOOP('',(#1013,#1014,#1015,#1016));
#595=CARTESIAN_POINT('',(1.15,-1.06913836010437,0.0138506082447245));
#596=CARTESIAN_POINT('',(1.14999999999989,-1.03888657426184,0.0153972286243047));
#597=CARTESIAN_POINT('',(1.15000000000011,-0.979467964181444,0.0365992903514414));
#598=CARTESIAN_POINT('',(1.14999999999989,-0.94323180056532,0.0864365708291687));
#599=CARTESIAN_POINT('',(1.15,-0.934134320439868,0.11411322768506));
#600=CARTESIAN_POINT('',(1.01666666666678,-1.06913836010437,0.0138506082447245));
#601=CARTESIAN_POINT('',(1.01666666766466,-1.03888657426184,0.0153972286243047));
#602=CARTESIAN_POINT('',(1.0166666656689,-0.979467964181444,0.0365992903514414));
#603=CARTESIAN_POINT('',(1.01666666766466,-0.94323180056532,0.0864365708291687));
#604=CARTESIAN_POINT('',(1.01666666666678,-0.934134320439868,0.11411322768506));
#605=CARTESIAN_POINT('',(0.883333333333219,-1.06913836010437,0.0138506082447245));
#606=CARTESIAN_POINT('',(0.883333332335343,-1.03888657426184,0.0153972286243047));
#607=CARTESIAN_POINT('',(0.883333334331095,-0.979467964181444,0.0365992903514414));
#608=CARTESIAN_POINT('',(0.883333332335343,-0.94323180056532,0.0864365708291687));
#609=CARTESIAN_POINT('',(0.883333333333219,-0.934134320439868,0.11411322768506));
#610=CARTESIAN_POINT('',(0.75,-1.06913836010437,0.0138506082447245));
#611=CARTESIAN_POINT('',(0.750000000000112,-1.03888657426184,0.0153972286243047));
#612=CARTESIAN_POINT('',(0.749999999999888,-0.979467964181444,0.0365992903514414));
#613=CARTESIAN_POINT('',(0.750000000000112,-0.94323180056532,0.0864365708291687));
#614=CARTESIAN_POINT('',(0.75,-0.934134320439868,0.11411322768506));
#615=SURFACE_SIDE_STYLE('',(#1017));
#616=EDGE_LOOP('',(#1018,#1019,#1020,#1021));
#617=AXIS2_PLACEMENT_3D('',#1022,#1023,#1024);
#618=SURFACE_SIDE_STYLE('',(#1025));
#619=EDGE_LOOP('',(#1026,#1027,#1028,#1029));
#620=AXIS2_PLACEMENT_3D('',#1030,#1031,#1032);
#621=SURFACE_SIDE_STYLE('',(#1033));
#622=EDGE_LOOP('',(#1034,#1035,#1036,#1037));
#623=AXIS2_PLACEMENT_3D('',#1038,#1039,#1040);
#624=SURFACE_SIDE_STYLE('',(#1041));
#625=EDGE_LOOP('',(#1042,#1043,#1044,#1045));
#626=AXIS2_PLACEMENT_3D('',#1046,#1047,#1048);
#627=SURFACE_SIDE_STYLE('',(#1049));
#628=EDGE_LOOP('',(#1050,#1051,#1052,#1053));
#629=AXIS2_PLACEMENT_3D('',#1054,#1055,#1056);
#630=SURFACE_SIDE_STYLE('',(#1057));
#631=EDGE_LOOP('',(#1058,#1059,#1060,#1061));
#632=AXIS2_PLACEMENT_3D('',#1062,#1063,#1064);
#633=SURFACE_SIDE_STYLE('',(#1065));
#634=EDGE_LOOP('',(#1066,#1067,#1068,#1069));
#635=AXIS2_PLACEMENT_3D('',#1070,#1071,#1072);
#636=SURFACE_SIDE_STYLE('',(#1073));
#637=EDGE_LOOP('',(#1074,#1075,#1076,#1077));
#638=AXIS2_PLACEMENT_3D('',#1078,#1079,#1080);
#639=SURFACE_SIDE_STYLE('',(#1081));
#640=EDGE_LOOP('',(#1082,#1083,#1084,#1085));
#641=AXIS2_PLACEMENT_3D('',#1086,#1087,#1088);
#642=SURFACE_SIDE_STYLE('',(#1089));
#643=EDGE_LOOP('',(#1090,#1091,#1092,#1093));
#644=AXIS2_PLACEMENT_3D('',#1094,#1095,#1096);
#645=SURFACE_SIDE_STYLE('',(#1097));
#646=EDGE_LOOP('',(#1098,#1099,#1100,#1101));
#647=AXIS2_PLACEMENT_3D('',#1102,#1103,#1104);
#648=SURFACE_SIDE_STYLE('',(#1105));
#649=EDGE_LOOP('',(#1106,#1107,#1108,#1109));
#650=AXIS2_PLACEMENT_3D('',#1110,#1111,#1112);
#651=SURFACE_SIDE_STYLE('',(#1113));
#652=EDGE_LOOP('',(#1114,#1115));
#653=AXIS2_PLACEMENT_3D('',#1116,#1117,#1118);
#654=SURFACE_SIDE_STYLE('',(#1119));
#655=EDGE_LOOP('',(#1120,#1121,#1122,#1123));
#656=CARTESIAN_POINT('',(-0.75,-1.06913630213852,0.109627738402402));
#657=CARTESIAN_POINT('',(-0.749999999999551,-1.04905431935668,0.11271711018661));
#658=CARTESIAN_POINT('',(-0.749999999999551,-1.0318085963095,0.128589613080335));
#659=CARTESIAN_POINT('',(-0.75,-1.02778613281657,0.147685329865714));
#660=CARTESIAN_POINT('',(-0.883333333333916,-1.06913630213852,0.109627738402402));
#661=CARTESIAN_POINT('',(-0.883333345225344,-1.04905431935668,0.112717111673095));
#662=CARTESIAN_POINT('',(-0.883333345225344,-1.03180859333653,0.128589613080335));
#663=CARTESIAN_POINT('',(-0.883333333333916,-1.02778613281657,0.147685329865714));
#664=CARTESIAN_POINT('',(-1.01666666666608,-1.06913630213852,0.109627738402402));
#665=CARTESIAN_POINT('',(-1.01666665477466,-1.04905431935668,0.112717111673095));
#666=CARTESIAN_POINT('',(-1.01666665477466,-1.03180859333653,0.128589613080335));
#667=CARTESIAN_POINT('',(-1.01666666666608,-1.02778613281657,0.147685329865714));
#668=CARTESIAN_POINT('',(-1.15,-1.06913630213852,0.109627738402402));
#669=CARTESIAN_POINT('',(-1.15000000000045,-1.04905431935668,0.11271711018661));
#670=CARTESIAN_POINT('',(-1.15000000000045,-1.0318085963095,0.128589613080335));
#671=CARTESIAN_POINT('',(-1.15,-1.02778613281657,0.147685329865714));
#672=SURFACE_SIDE_STYLE('',(#1124));
#673=EDGE_LOOP('',(#1125,#1126,#1127,#1128));
#674=CARTESIAN_POINT('',(0.2,0.967559610065744,0.349576652927356));
#675=CARTESIAN_POINT('',(0.2,0.957863125106974,0.379075263719865));
#676=CARTESIAN_POINT('',(0.2,0.917892661786355,0.431760468193195));
#677=CARTESIAN_POINT('',(0.2,0.852870444482414,0.450811286351996));
#678=CARTESIAN_POINT('',(0.2,0.820592250973684,0.449991784108772));
#679=CARTESIAN_POINT('',(0.0666666666665339,0.967559610065744,0.349576652927356));
#680=CARTESIAN_POINT('',(0.0666666666665339,0.957863125106974,0.379075263719865));
#681=CARTESIAN_POINT('',(0.066666666666534,0.917892661786355,0.431760468193195));
#682=CARTESIAN_POINT('',(0.0666666666665339,0.852870444482414,0.450811286351996));
#683=CARTESIAN_POINT('',(0.0666666666665339,0.820592250973684,0.449991784108772));
#684=CARTESIAN_POINT('',(-0.0666666666665339,0.967559610065744,0.349576652927356));
#685=CARTESIAN_POINT('',(-0.0666666666665339,0.957863125106974,0.379075263719865));
#686=CARTESIAN_POINT('',(-0.066666666666534,0.917892661786355,0.431760468193195));
#687=CARTESIAN_POINT('',(-0.0666666666665339,0.852870444482414,0.450811286351996));
#688=CARTESIAN_POINT('',(-0.0666666666665339,0.820592250973684,0.449991784108772));
#689=CARTESIAN_POINT('',(-0.2,0.967559610065744,0.349576652927356));
#690=CARTESIAN_POINT('',(-0.2,0.957863125106974,0.379075263719865));
#691=CARTESIAN_POINT('',(-0.2,0.917892661786355,0.431760468193195));
#692=CARTESIAN_POINT('',(-0.2,0.852870444482414,0.450811286351996));
#693=CARTESIAN_POINT('',(-0.2,0.820592250973684,0.449991784108772));
#694=SURFACE_SIDE_STYLE('',(#1129));
#695=EDGE_LOOP('',(#1130,#1131,#1132,#1133,#1134,#1135,#1136,#1137,#1138,#1139,#1140,#1141,#1142));
#696=AXIS2_PLACEMENT_3D('',#1143,#1144,#1145);
#697=SURFACE_SIDE_STYLE('',(#1146));
#698=EDGE_LOOP('',(#1147,#1148,#1149,#1150));
#699=AXIS2_PLACEMENT_3D('',#1151,#1152,#1153);
#700=SURFACE_SIDE_STYLE('',(#1154));
#701=EDGE_LOOP('',(#1155,#1156,#1157,#1158));
#702=AXIS2_PLACEMENT_3D('',#1159,#1160,#1161);
#703=SURFACE_SIDE_STYLE('',(#1162));
#704=EDGE_LOOP('',(#1163,#1164,#1165,#1166));
#705=CARTESIAN_POINT('',(-0.75,-1.06913630213852,0.0138506082447244));
#706=CARTESIAN_POINT('',(-0.750000000000112,-1.03888417208911,0.0153972286243608));
#707=CARTESIAN_POINT('',(-0.749999999999888,-0.979464885939744,0.0365992903514274));
#708=CARTESIAN_POINT('',(-0.750000000000112,-0.943228310026091,0.0864365708291407));
#709=CARTESIAN_POINT('',(-0.75,-0.934130726388894,0.11411322768506));
#710=CARTESIAN_POINT('',(-0.883333333333466,-1.06913630213852,0.0138506082447244));
#711=CARTESIAN_POINT('',(-0.88333333233559,-1.03888417208911,0.0153972286243608));
#712=CARTESIAN_POINT('',(-0.883333334331342,-0.979464885939744,0.0365992903514274));
#713=CARTESIAN_POINT('',(-0.88333333233559,-0.943228310026091,0.0864365708291407));
#714=CARTESIAN_POINT('',(-0.883333333333466,-0.934130726388894,0.11411322768506));
#715=CARTESIAN_POINT('',(-1.01666666666653,-1.06913630213852,0.0138506082447244));
#716=CARTESIAN_POINT('',(-1.01666666766441,-1.03888417208911,0.0153972286243608));
#717=CARTESIAN_POINT('',(-1.01666666566866,-0.979464885939744,0.0365992903514274));
#718=CARTESIAN_POINT('',(-1.01666666766441,-0.943228310026091,0.0864365708291407));
#719=CARTESIAN_POINT('',(-1.01666666666653,-0.934130726388894,0.11411322768506));
#720=CARTESIAN_POINT('',(-1.15,-1.06913630213852,0.0138506082447244));
#721=CARTESIAN_POINT('',(-1.14999999999989,-1.03888417208911,0.0153972286243608));
#722=CARTESIAN_POINT('',(-1.15000000000011,-0.979464885939744,0.0365992903514274));
#723=CARTESIAN_POINT('',(-1.14999999999989,-0.943228310026091,0.0864365708291407));
#724=CARTESIAN_POINT('',(-1.15,-0.934130726388894,0.11411322768506));
#725=SURFACE_SIDE_STYLE('',(#1167));
#726=EDGE_LOOP('',(#1168,#1169,#1170,#1171));
#727=AXIS2_PLACEMENT_3D('',#1172,#1173,#1174);
#728=SURFACE_SIDE_STYLE('',(#1175));
#729=EDGE_LOOP('',(#1176,#1177,#1178,#1179,#1180,#1181,#1182,#1183,#1184,#1185,#1186,#1187,#1188));
#730=AXIS2_PLACEMENT_3D('',#1189,#1190,#1191);
#731=SURFACE_SIDE_STYLE('',(#1192));
#732=EDGE_LOOP('',(#1193,#1194,#1195,#1196));
#733=CARTESIAN_POINT('',(-1.15,-0.873904203638073,0.316004550480808));
#734=CARTESIAN_POINT('',(-1.15,-0.869616930754186,0.336357326828904));
#735=CARTESIAN_POINT('',(-1.15,-0.850176734599954,0.352872193474263));
#736=CARTESIAN_POINT('',(-1.15,-0.828566773201973,0.354519677167364));
#737=CARTESIAN_POINT('',(-1.01666666666608,-0.873904203638073,0.316004550480808));
#738=CARTESIAN_POINT('',(-1.01666665399136,-0.869616930754186,0.336357326828904));
#739=CARTESIAN_POINT('',(-1.01666665399136,-0.850176737768635,0.352872193474263));
#740=CARTESIAN_POINT('',(-1.01666666666608,-0.828566773201973,0.354519677167364));
#741=CARTESIAN_POINT('',(-0.883333333333915,-0.873904203638073,0.316004550480808));
#742=CARTESIAN_POINT('',(-0.883333346008636,-0.869616930754186,0.336357326828904));
#743=CARTESIAN_POINT('',(-0.883333346008636,-0.850176737768635,0.352872193474263));
#744=CARTESIAN_POINT('',(-0.883333333333915,-0.828566773201973,0.354519677167364));
#745=CARTESIAN_POINT('',(-0.75,-0.873904203638073,0.316004550480808));
#746=CARTESIAN_POINT('',(-0.75,-0.869616930754186,0.336357326828904));
#747=CARTESIAN_POINT('',(-0.75,-0.850176734599954,0.352872193474263));
#748=CARTESIAN_POINT('',(-0.75,-0.828566773201973,0.354519677167364));
#749=SURFACE_SIDE_STYLE('',(#1197));
#750=EDGE_LOOP('',(#1198,#1199,#1200,#1201,#1202,#1203,#1204,#1205,#1206,#1207,#1208,#1209,#1210));
#751=AXIS2_PLACEMENT_3D('',#1211,#1212,#1213);
#752=SURFACE_SIDE_STYLE('',(#1214));
#753=EDGE_LOOP('',(#1215,#1216,#1217,#1218));
#754=AXIS2_PLACEMENT_3D('',#1219,#1220,#1221);
#755=SURFACE_SIDE_STYLE('',(#1222));
#756=EDGE_LOOP('',(#1223,#1224,#1225,#1226));
#757=AXIS2_PLACEMENT_3D('',#1227,#1228,#1229);
#759=SURFACE_STYLE_FILL_AREA(#1230);
#760=ORIENTED_EDGE('',*,*,#1231,.T.);
#761=ORIENTED_EDGE('',*,*,#1232,.T.);
#762=ORIENTED_EDGE('',*,*,#1233,.F.);
#763=ORIENTED_EDGE('',*,*,#1234,.F.);
#764=SURFACE_STYLE_FILL_AREA(#1235);
#765=ORIENTED_EDGE('',*,*,#1236,.T.);
#766=ORIENTED_EDGE('',*,*,#1237,.F.);
#767=ORIENTED_EDGE('',*,*,#1238,.T.);
#768=ORIENTED_EDGE('',*,*,#1239,.T.);
#769=CARTESIAN_POINT('',(0.2,1.25000965336326,-8.21589122815963E-006));
#770=DIRECTION('',(-9.41789241048402E-018,-0.0763977710318047,-0.99707741955245));
#771=DIRECTION('',(0.0,-0.99707741955245,0.0763977710318047));
#772=SURFACE_STYLE_FILL_AREA(#1240);
#773=ORIENTED_EDGE('',*,*,#1241,.F.);
#774=ORIENTED_EDGE('',*,*,#1242,.F.);
#775=ORIENTED_EDGE('',*,*,#1243,.T.);
#776=ORIENTED_EDGE('',*,*,#1244,.T.);
#777=SURFACE_STYLE_FILL_AREA(#1245);
#778=ORIENTED_EDGE('',*,*,#1246,.F.);
#779=ORIENTED_EDGE('',*,*,#1247,.F.);
#780=ORIENTED_EDGE('',*,*,#1248,.F.);
#781=ORIENTED_EDGE('',*,*,#1249,.F.);
#782=CARTESIAN_POINT('',(1.15,-1.25000965336326,0.0957689140005566));
#783=DIRECTION('',(0.0,-1.0,6.39292709183645E-017));
#784=DIRECTION('',(-1.0,0.0,0.0));
#785=SURFACE_STYLE_FILL_AREA(#1250);
#786=ORIENTED_EDGE('',*,*,#1251,.F.);
#787=ORIENTED_EDGE('',*,*,#1252,.F.);
#788=ORIENTED_EDGE('',*,*,#1253,.F.);
#789=ORIENTED_EDGE('',*,*,#1254,.F.);
#790=CARTESIAN_POINT('',(1.15,-0.699997191564643,0.45001911740776));
#791=DIRECTION('',(1.22460617083586E-016,0.999999850575235,-0.000546671297623948));
#792=DIRECTION('',(-1.0,0.0,-2.2401142627361E-013));
#793=SURFACE_STYLE_FILL_AREA(#1255);
#794=ORIENTED_EDGE('',*,*,#1256,.F.);
#795=ORIENTED_EDGE('',*,*,#1257,.F.);
#796=ORIENTED_EDGE('',*,*,#1258,.F.);
#797=ORIENTED_EDGE('',*,*,#1259,.F.);
#798=CARTESIAN_POINT('',(-0.75,-0.69999033164262,0.450019164596921));
#799=DIRECTION('',(1.22460617020349E-016,0.99999985005885,-0.000547615080839257));
#800=DIRECTION('',(-1.0,0.0,-2.23625355300058E-013));
#801=SURFACE_STYLE_FILL_AREA(#1260);
#802=ORIENTED_EDGE('',*,*,#1261,.F.);
#803=ORIENTED_EDGE('',*,*,#1262,.F.);
#804=ORIENTED_EDGE('',*,*,#1263,.F.);
#805=ORIENTED_EDGE('',*,*,#1264,.F.);
#806=ORIENTED_EDGE('',*,*,#1231,.F.);
#807=ORIENTED_EDGE('',*,*,#1265,.F.);
#808=ORIENTED_EDGE('',*,*,#1266,.T.);
#809=ORIENTED_EDGE('',*,*,#1237,.T.);
#810=ORIENTED_EDGE('',*,*,#1267,.T.);
#811=ORIENTED_EDGE('',*,*,#1268,.T.);
#812=ORIENTED_EDGE('',*,*,#1269,.T.);
#813=ORIENTED_EDGE('',*,*,#1270,.T.);
#814=ORIENTED_EDGE('',*,*,#1271,.T.);
#815=CARTESIAN_POINT('',(-0.2,0.64602239224912,-8.21589122815963E-006));
#816=DIRECTION('',(-1.0,1.21652203547811E-016,0.0));
#817=DIRECTION('',(0.0,0.0,1.0));
#818=SURFACE_STYLE_FILL_AREA(#1272);
#819=ORIENTED_EDGE('',*,*,#1273,.F.);
#820=ORIENTED_EDGE('',*,*,#1254,.T.);
#821=ORIENTED_EDGE('',*,*,#1274,.F.);
#822=ORIENTED_EDGE('',*,*,#1275,.F.);
#823=ORIENTED_EDGE('',*,*,#1276,.F.);
#824=ORIENTED_EDGE('',*,*,#1277,.F.);
#825=ORIENTED_EDGE('',*,*,#1278,.F.);
#826=ORIENTED_EDGE('',*,*,#1247,.T.);
#827=ORIENTED_EDGE('',*,*,#1279,.T.);
#828=ORIENTED_EDGE('',*,*,#1280,.T.);
#829=ORIENTED_EDGE('',*,*,#1281,.T.);
#830=ORIENTED_EDGE('',*,*,#1282,.T.);
#831=ORIENTED_EDGE('',*,*,#1283,.T.);
#832=CARTESIAN_POINT('',(0.75,-1.25000965336326,-8.21615712019025E-006));
#833=DIRECTION('',(-1.0,0.0,0.0));
#834=DIRECTION('',(0.0,0.0,1.0));
#835=SURFACE_STYLE_FILL_AREA(#1284);
#836=ORIENTED_EDGE('',*,*,#1285,.F.);
#837=ORIENTED_EDGE('',*,*,#1286,.F.);
#838=ORIENTED_EDGE('',*,*,#1243,.F.);
#839=ORIENTED_EDGE('',*,*,#1287,.F.);
#840=ORIENTED_EDGE('',*,*,#1288,.F.);
#841=ORIENTED_EDGE('',*,*,#1289,.F.);
#842=ORIENTED_EDGE('',*,*,#1290,.T.);
#843=ORIENTED_EDGE('',*,*,#1291,.T.);
#844=ORIENTED_EDGE('',*,*,#1292,.T.);
#845=ORIENTED_EDGE('',*,*,#1293,.T.);
#846=ORIENTED_EDGE('',*,*,#1294,.T.);
#847=ORIENTED_EDGE('',*,*,#1295,.T.);
#848=ORIENTED_EDGE('',*,*,#1257,.T.);
#849=CARTESIAN_POINT('',(-0.75,-1.25000965336326,-8.21615712016249E-006));
#850=DIRECTION('',(1.0,0.0,0.0));
#851=DIRECTION('',(0.0,1.0,0.0));
#852=SURFACE_STYLE_FILL_AREA(#1296);
#853=ORIENTED_EDGE('',*,*,#1297,.T.);
#854=ORIENTED_EDGE('',*,*,#1298,.F.);
#855=ORIENTED_EDGE('',*,*,#1299,.F.);
#856=ORIENTED_EDGE('',*,*,#1276,.T.);
#857=CARTESIAN_POINT('',(1.15,-0.93413432043987,0.11411322768506));
#858=DIRECTION('',(0.0,0.958271332688546,-0.285860198256628));
#859=DIRECTION('',(-1.0,0.0,0.0));
#860=SURFACE_STYLE_FILL_AREA(#1300);
#861=ORIENTED_EDGE('',*,*,#1301,.T.);
#862=ORIENTED_EDGE('',*,*,#1281,.F.);
#863=ORIENTED_EDGE('',*,*,#1302,.F.);
#864=ORIENTED_EDGE('',*,*,#1303,.T.);
#865=CARTESIAN_POINT('',(1.15,-0.967562823764944,0.349576652661466));
#866=DIRECTION('',(0.0,-0.958271332688546,0.285860198256628));
#867=DIRECTION('',(-1.0,0.0,0.0));
#868=SURFACE_STYLE_FILL_AREA(#1304);
#869=ORIENTED_EDGE('',*,*,#1305,.T.);
#870=ORIENTED_EDGE('',*,*,#1302,.T.);
#871=ORIENTED_EDGE('',*,*,#1280,.F.);
#872=ORIENTED_EDGE('',*,*,#1306,.F.);
#873=SURFACE_STYLE_FILL_AREA(#1307);
#874=ORIENTED_EDGE('',*,*,#1308,.F.);
#875=ORIENTED_EDGE('',*,*,#1309,.T.);
#876=ORIENTED_EDGE('',*,*,#1310,.F.);
#877=ORIENTED_EDGE('',*,*,#1311,.T.);
#878=CARTESIAN_POINT('',(-1.4,-0.7,1.2));
#879=DIRECTION('',(-0.688749461914692,0.0,0.724999433594415));
#880=DIRECTION('',(0.0,1.0,0.0));
#881=SURFACE_STYLE_FILL_AREA(#1312);
#882=ORIENTED_EDGE('',*,*,#1313,.T.);
#883=ORIENTED_EDGE('',*,*,#1314,.T.);
#884=ORIENTED_EDGE('',*,*,#1269,.F.);
#885=ORIENTED_EDGE('',*,*,#1315,.F.);
#886=SURFACE_STYLE_FILL_AREA(#1316);
#887=ORIENTED_EDGE('',*,*,#1275,.T.);
#888=ORIENTED_EDGE('',*,*,#1317,.T.);
#889=ORIENTED_EDGE('',*,*,#1318,.F.);
#890=ORIENTED_EDGE('',*,*,#1297,.F.);
#891=SURFACE_STYLE_FILL_AREA(#1319);
#892=ORIENTED_EDGE('',*,*,#1320,.F.);
#893=ORIENTED_EDGE('',*,*,#1321,.T.);
#894=ORIENTED_EDGE('',*,*,#1322,.T.);
#895=ORIENTED_EDGE('',*,*,#1323,.T.);
#896=CARTESIAN_POINT('',(1.4,0.7,1.2));
#897=DIRECTION('',(0.688749461914692,0.0,0.724999433594415));
#898=DIRECTION('',(0.0,-1.0,0.0));
#899=SURFACE_STYLE_FILL_AREA(#1324);
#900=ORIENTED_EDGE('',*,*,#1267,.F.);
#901=ORIENTED_EDGE('',*,*,#1236,.F.);
#902=ORIENTED_EDGE('',*,*,#1325,.T.);
#903=ORIENTED_EDGE('',*,*,#1326,.T.);
#904=SURFACE_STYLE_FILL_AREA(#1327);
#905=ORIENTED_EDGE('',*,*,#1328,.F.);
#906=ORIENTED_EDGE('',*,*,#1329,.T.);
#907=ORIENTED_EDGE('',*,*,#1330,.T.);
#908=ORIENTED_EDGE('',*,*,#1331,.F.);
#909=ORIENTED_EDGE('',*,*,#1332,.T.);
#910=ORIENTED_EDGE('',*,*,#1251,.T.);
#911=ORIENTED_EDGE('',*,*,#1273,.T.);
#912=ORIENTED_EDGE('',*,*,#1333,.T.);
#913=ORIENTED_EDGE('',*,*,#1285,.T.);
#914=ORIENTED_EDGE('',*,*,#1256,.T.);
#915=ORIENTED_EDGE('',*,*,#1334,.T.);
#916=ORIENTED_EDGE('',*,*,#1335,.T.);
#917=CARTESIAN_POINT('',(-1.5,-0.7,1.105));
#918=DIRECTION('',(-0.0,1.0,0.0));
#919=DIRECTION('',(1.0,0.0,0.0));
#920=SURFACE_STYLE_FILL_AREA(#1336);
#921=ORIENTED_EDGE('',*,*,#1337,.F.);
#922=ORIENTED_EDGE('',*,*,#1338,.F.);
#923=ORIENTED_EDGE('',*,*,#1339,.F.);
#924=ORIENTED_EDGE('',*,*,#1262,.T.);
#925=CARTESIAN_POINT('',(-0.2,0.64602239224912,0.449991784108771));
#926=DIRECTION('',(0.0,0.0,1.0));
#927=DIRECTION('',(1.0,-0.0,0.0));
#928=SURFACE_STYLE_FILL_AREA(#1340);
#929=ORIENTED_EDGE('',*,*,#1341,.T.);
#930=ORIENTED_EDGE('',*,*,#1342,.T.);
#931=ORIENTED_EDGE('',*,*,#1343,.F.);
#932=ORIENTED_EDGE('',*,*,#1311,.F.);
#933=ORIENTED_EDGE('',*,*,#1344,.F.);
#934=ORIENTED_EDGE('',*,*,#1321,.F.);
#935=CARTESIAN_POINT('',(-1.4,-0.6,1.2));
#936=DIRECTION('',(0.0,0.0,1.0));
#937=DIRECTION('',(1.0,-0.0,0.0));
#938=SURFACE_STYLE_FILL_AREA(#1345);
#939=ORIENTED_EDGE('',*,*,#1335,.F.);
#940=ORIENTED_EDGE('',*,*,#1346,.F.);
#941=ORIENTED_EDGE('',*,*,#1244,.F.);
#942=ORIENTED_EDGE('',*,*,#1286,.T.);
#943=CARTESIAN_POINT('',(-1.15,-0.820592250973684,0.449991783842879));
#944=DIRECTION('',(0.0,0.0,1.0));
#945=DIRECTION('',(1.0,0.0,0.0));
#946=SURFACE_STYLE_FILL_AREA(#1347);
#947=ORIENTED_EDGE('',*,*,#1348,.T.);
#948=ORIENTED_EDGE('',*,*,#1291,.F.);
#949=ORIENTED_EDGE('',*,*,#1349,.T.);
#950=ORIENTED_EDGE('',*,*,#1350,.T.);
#951=CARTESIAN_POINT('',(-0.75,-1.25000965336326,-8.21615712016249E-006));
#952=DIRECTION('',(0.0,0.0763977710318047,-0.99707741955245));
#953=DIRECTION('',(-1.0,0.0,0.0));
#954=SURFACE_STYLE_FILL_AREA(#1351);
#955=ORIENTED_EDGE('',*,*,#1352,.F.);
#956=ORIENTED_EDGE('',*,*,#1271,.F.);
#957=ORIENTED_EDGE('',*,*,#1353,.F.);
#958=ORIENTED_EDGE('',*,*,#1354,.F.);
#959=CARTESIAN_POINT('',(-0.200000000000001,0.69999033164262,0.450019164862809));
#960=DIRECTION('',(0.0,-0.99999985005885,-0.000547615080839035));
#961=DIRECTION('',(0.0,0.000547615080839035,-0.99999985005885));
#962=SURFACE_STYLE_FILL_AREA(#1355);
#963=ORIENTED_EDGE('',*,*,#1356,.T.);
#964=ORIENTED_EDGE('',*,*,#1341,.F.);
#965=ORIENTED_EDGE('',*,*,#1357,.T.);
#966=ORIENTED_EDGE('',*,*,#1358,.T.);
#967=CARTESIAN_POINT('',(-1.15,-0.35,1.2));
#968=DIRECTION('',(0.0,-0.0,-1.0));
#969=DIRECTION('',(1.0,0.0,0.0));
#970=SURFACE_STYLE_FILL_AREA(#1359);
#971=ORIENTED_EDGE('',*,*,#1282,.F.);
#972=ORIENTED_EDGE('',*,*,#1301,.F.);
#973=ORIENTED_EDGE('',*,*,#1360,.T.);
#974=ORIENTED_EDGE('',*,*,#1361,.T.);
#975=SURFACE_STYLE_FILL_AREA(#1362);
#976=ORIENTED_EDGE('',*,*,#1258,.T.);
#977=ORIENTED_EDGE('',*,*,#1295,.F.);
#978=ORIENTED_EDGE('',*,*,#1363,.F.);
#979=ORIENTED_EDGE('',*,*,#1364,.T.);
#980=CARTESIAN_POINT('',(-0.75,-0.653996914477408,0.354519677167364));
#981=DIRECTION('',(0.0,0.0,-1.0));
#982=DIRECTION('',(0.0,-1.0,0.0));
#983=SURFACE_STYLE_FILL_AREA(#1365);
#984=SURFACE_STYLE_FILL_AREA(#1366);
#985=ORIENTED_EDGE('',*,*,#1261,.T.);
#986=ORIENTED_EDGE('',*,*,#1352,.T.);
#987=ORIENTED_EDGE('',*,*,#1367,.T.);
#988=ORIENTED_EDGE('',*,*,#1337,.T.);
#989=ORIENTED_EDGE('',*,*,#1368,.F.);
#990=ORIENTED_EDGE('',*,*,#1369,.T.);
#991=ORIENTED_EDGE('',*,*,#1370,.T.);
#992=ORIENTED_EDGE('',*,*,#1371,.F.);
#993=CARTESIAN_POINT('',(-1.5,0.7,1.105));
#994=DIRECTION('',(0.0,-1.0,0.0));
#995=DIRECTION('',(0.0,0.0,-1.0));
#996=SURFACE_STYLE_FILL_AREA(#1372);
#997=ORIENTED_EDGE('',*,*,#1234,.T.);
#998=ORIENTED_EDGE('',*,*,#1373,.F.);
#999=ORIENTED_EDGE('',*,*,#1374,.T.);
#1000=ORIENTED_EDGE('',*,*,#1265,.T.);
#1001=CARTESIAN_POINT('',(-0.2,1.06913630213852,0.109627738668294));
#1002=DIRECTION('',(9.41789241048402E-018,0.0763977710318047,0.99707741955245));
#1003=DIRECTION('',(1.0,-1.23274439598026E-016,0.0));
#1004=SURFACE_STYLE_FILL_AREA(#1375);
#1005=ORIENTED_EDGE('',*,*,#1315,.T.);
#1006=ORIENTED_EDGE('',*,*,#1268,.F.);
#1007=ORIENTED_EDGE('',*,*,#1326,.F.);
#1008=ORIENTED_EDGE('',*,*,#1376,.T.);
#1009=CARTESIAN_POINT('',(-0.2,0.873904203638073,0.3160045507467));
#1010=DIRECTION('',(-1.18130251685402E-016,-0.95827044171202,-0.285863185004732));
#1011=DIRECTION('',(0.0,0.285863185004732,-0.95827044171202));
#1012=SURFACE_STYLE_FILL_AREA(#1377);
#1013=ORIENTED_EDGE('',*,*,#1378,.F.);
#1014=ORIENTED_EDGE('',*,*,#1379,.F.);
#1015=ORIENTED_EDGE('',*,*,#1277,.T.);
#1016=ORIENTED_EDGE('',*,*,#1299,.T.);
#1017=SURFACE_STYLE_FILL_AREA(#1380);
#1018=ORIENTED_EDGE('',*,*,#1253,.T.);
#1019=ORIENTED_EDGE('',*,*,#1381,.F.);
#1020=ORIENTED_EDGE('',*,*,#1317,.F.);
#1021=ORIENTED_EDGE('',*,*,#1274,.T.);
#1022=CARTESIAN_POINT('',(1.15,-0.654003695873637,0.354519677167364));
#1023=DIRECTION('',(0.0,0.0,-1.0));
#1024=DIRECTION('',(0.0,-1.0,0.0));
#1025=SURFACE_STYLE_FILL_AREA(#1382);
#1026=ORIENTED_EDGE('',*,*,#1353,.T.);
#1027=ORIENTED_EDGE('',*,*,#1270,.F.);
#1028=ORIENTED_EDGE('',*,*,#1314,.F.);
#1029=ORIENTED_EDGE('',*,*,#1383,.T.);
#1030=CARTESIAN_POINT('',(0.2,0.828566773201973,0.354519677433256));
#1031=DIRECTION('',(0.0,0.0,-1.0));
#1032=DIRECTION('',(0.0,-1.0,0.0));
#1033=SURFACE_STYLE_FILL_AREA(#1384);
#1034=ORIENTED_EDGE('',*,*,#1385,.T.);
#1035=ORIENTED_EDGE('',*,*,#1386,.F.);
#1036=ORIENTED_EDGE('',*,*,#1232,.F.);
#1037=ORIENTED_EDGE('',*,*,#1264,.T.);
#1038=CARTESIAN_POINT('',(-0.2,0.967559610065754,0.349576652927358));
#1039=DIRECTION('',(1.18130251685402E-016,0.95827044171202,0.285863185004732));
#1040=DIRECTION('',(1.0,0.0,-4.13240521627318E-016));
#1041=SURFACE_STYLE_FILL_AREA(#1387);
#1042=ORIENTED_EDGE('',*,*,#1374,.F.);
#1043=ORIENTED_EDGE('',*,*,#1388,.F.);
#1044=ORIENTED_EDGE('',*,*,#1238,.F.);
#1045=ORIENTED_EDGE('',*,*,#1266,.F.);
#1046=CARTESIAN_POINT('',(-0.2,1.25000965336326,0.0957689142664486));
#1047=DIRECTION('',(2.12731905902743E-162,1.0,6.39299983099472E-017));
#1048=DIRECTION('',(1.0,0.0,-3.32757565347288E-146));
#1049=SURFACE_STYLE_FILL_AREA(#1389);
#1050=ORIENTED_EDGE('',*,*,#1242,.T.);
#1051=ORIENTED_EDGE('',*,*,#1390,.F.);
#1052=ORIENTED_EDGE('',*,*,#1391,.F.);
#1053=ORIENTED_EDGE('',*,*,#1287,.T.);
#1054=CARTESIAN_POINT('',(-0.75,-0.967559610065754,0.349576652661466));
#1055=DIRECTION('',(0.0,-0.95827044171202,0.285863185004732));
#1056=DIRECTION('',(-1.0,0.0,0.0));
#1057=SURFACE_STYLE_FILL_AREA(#1392);
#1058=ORIENTED_EDGE('',*,*,#1356,.F.);
#1059=ORIENTED_EDGE('',*,*,#1393,.T.);
#1060=ORIENTED_EDGE('',*,*,#1357,.F.);
#1061=ORIENTED_EDGE('',*,*,#1342,.F.);
#1062=CARTESIAN_POINT('',(-1.15,-0.35,1.2));
#1063=DIRECTION('',(0.0,-0.0,-1.0));
#1064=DIRECTION('',(1.0,0.0,0.0));
#1065=SURFACE_STYLE_FILL_AREA(#1394);
#1066=ORIENTED_EDGE('',*,*,#1395,.T.);
#1067=ORIENTED_EDGE('',*,*,#1396,.F.);
#1068=ORIENTED_EDGE('',*,*,#1397,.T.);
#1069=ORIENTED_EDGE('',*,*,#1289,.T.);
#1070=CARTESIAN_POINT('',(-0.75,-1.06913630213852,0.109627738402402));
#1071=DIRECTION('',(0.0,-0.0763977710318047,0.99707741955245));
#1072=DIRECTION('',(-1.0,0.0,0.0));
#1073=SURFACE_STYLE_FILL_AREA(#1398);
#1074=ORIENTED_EDGE('',*,*,#1379,.T.);
#1075=ORIENTED_EDGE('',*,*,#1399,.F.);
#1076=ORIENTED_EDGE('',*,*,#1248,.T.);
#1077=ORIENTED_EDGE('',*,*,#1278,.T.);
#1078=CARTESIAN_POINT('',(1.15,-1.25000965336326,-8.21615712019025E-006));
#1079=DIRECTION('',(0.0,0.0763986352172076,-0.997077353336715));
#1080=DIRECTION('',(-1.0,0.0,0.0));
#1081=SURFACE_STYLE_FILL_AREA(#1400);
#1082=ORIENTED_EDGE('',*,*,#1401,.T.);
#1083=ORIENTED_EDGE('',*,*,#1293,.F.);
#1084=ORIENTED_EDGE('',*,*,#1402,.F.);
#1085=ORIENTED_EDGE('',*,*,#1403,.T.);
#1086=CARTESIAN_POINT('',(-0.75,-0.934130726388896,0.11411322768506));
#1087=DIRECTION('',(0.0,0.95827044171202,-0.285863185004732));
#1088=DIRECTION('',(-1.0,0.0,0.0));
#1089=SURFACE_STYLE_FILL_AREA(#1404);
#1090=ORIENTED_EDGE('',*,*,#1323,.F.);
#1091=ORIENTED_EDGE('',*,*,#1331,.T.);
#1092=ORIENTED_EDGE('',*,*,#1405,.T.);
#1093=ORIENTED_EDGE('',*,*,#1369,.F.);
#1094=CARTESIAN_POINT('',(1.5,-0.7,0.25));
#1095=DIRECTION('',(-1.0,0.0,0.0));
#1096=DIRECTION('',(0.0,0.0,1.0));
#1097=SURFACE_STYLE_FILL_AREA(#1406);
#1098=ORIENTED_EDGE('',*,*,#1309,.F.);
#1099=ORIENTED_EDGE('',*,*,#1371,.T.);
#1100=ORIENTED_EDGE('',*,*,#1407,.T.);
#1101=ORIENTED_EDGE('',*,*,#1329,.F.);
#1102=CARTESIAN_POINT('',(-1.5,-0.7,0.25));
#1103=DIRECTION('',(1.0,0.0,0.0));
#1104=DIRECTION('',(0.0,1.0,-0.0));
#1105=SURFACE_STYLE_FILL_AREA(#1408);
#1106=ORIENTED_EDGE('',*,*,#1306,.T.);
#1107=ORIENTED_EDGE('',*,*,#1279,.F.);
#1108=ORIENTED_EDGE('',*,*,#1246,.T.);
#1109=ORIENTED_EDGE('',*,*,#1409,.T.);
#1110=CARTESIAN_POINT('',(1.15,-1.06913836010437,0.109627738402402));
#1111=DIRECTION('',(0.0,-0.0763986352172076,0.997077353336715));
#1112=DIRECTION('',(-1.0,0.0,0.0));
#1113=SURFACE_STYLE_FILL_AREA(#1410);
#1114=ORIENTED_EDGE('',*,*,#1358,.F.);
#1115=ORIENTED_EDGE('',*,*,#1393,.F.);
#1116=CARTESIAN_POINT('',(-1.15,-0.35,1.21));
#1117=DIRECTION('',(0.0,0.0,1.0));
#1118=DIRECTION('',(1.0,-0.0,0.0));
#1119=SURFACE_STYLE_FILL_AREA(#1411);
#1120=ORIENTED_EDGE('',*,*,#1288,.T.);
#1121=ORIENTED_EDGE('',*,*,#1391,.T.);
#1122=ORIENTED_EDGE('',*,*,#1412,.F.);
#1123=ORIENTED_EDGE('',*,*,#1395,.F.);
#1124=SURFACE_STYLE_FILL_AREA(#1413);
#1125=ORIENTED_EDGE('',*,*,#1414,.F.);
#1126=ORIENTED_EDGE('',*,*,#1385,.F.);
#1127=ORIENTED_EDGE('',*,*,#1263,.T.);
#1128=ORIENTED_EDGE('',*,*,#1339,.T.);
#1129=SURFACE_STYLE_FILL_AREA(#1415);
#1130=ORIENTED_EDGE('',*,*,#1334,.F.);
#1131=ORIENTED_EDGE('',*,*,#1259,.T.);
#1132=ORIENTED_EDGE('',*,*,#1364,.F.);
#1133=ORIENTED_EDGE('',*,*,#1416,.F.);
#1134=ORIENTED_EDGE('',*,*,#1403,.F.);
#1135=ORIENTED_EDGE('',*,*,#1417,.F.);
#1136=ORIENTED_EDGE('',*,*,#1350,.F.);
#1137=ORIENTED_EDGE('',*,*,#1418,.T.);
#1138=ORIENTED_EDGE('',*,*,#1396,.T.);
#1139=ORIENTED_EDGE('',*,*,#1412,.T.);
#1140=ORIENTED_EDGE('',*,*,#1390,.T.);
#1141=ORIENTED_EDGE('',*,*,#1241,.T.);
#1142=ORIENTED_EDGE('',*,*,#1346,.T.);
#1143=CARTESIAN_POINT('',(-1.15,-1.25000965336326,-8.21615712016249E-006));
#1144=DIRECTION('',(-1.0,0.0,0.0));
#1145=DIRECTION('',(0.0,0.0,1.0));
#1146=SURFACE_STYLE_FILL_AREA(#1419);
#1147=ORIENTED_EDGE('',*,*,#1333,.F.);
#1148=ORIENTED_EDGE('',*,*,#1283,.F.);
#1149=ORIENTED_EDGE('',*,*,#1361,.F.);
#1150=ORIENTED_EDGE('',*,*,#1420,.T.);
#1151=CARTESIAN_POINT('',(0.75,-0.820597136858437,0.449991783842879));
#1152=DIRECTION('',(0.0,0.0,1.0));
#1153=DIRECTION('',(1.0,0.0,0.0));
#1154=SURFACE_STYLE_FILL_AREA(#1421);
#1155=ORIENTED_EDGE('',*,*,#1308,.T.);
#1156=ORIENTED_EDGE('',*,*,#1343,.T.);
#1157=ORIENTED_EDGE('',*,*,#1320,.T.);
#1158=ORIENTED_EDGE('',*,*,#1368,.T.);
#1159=CARTESIAN_POINT('',(-1.5,0.6,1.2));
#1160=DIRECTION('',(-0.0,0.688749461914693,0.724999433594414));
#1161=DIRECTION('',(1.0,0.0,0.0));
#1162=SURFACE_STYLE_FILL_AREA(#1422);
#1163=ORIENTED_EDGE('',*,*,#1292,.F.);
#1164=ORIENTED_EDGE('',*,*,#1348,.F.);
#1165=ORIENTED_EDGE('',*,*,#1417,.T.);
#1166=ORIENTED_EDGE('',*,*,#1402,.T.);
#1167=SURFACE_STYLE_FILL_AREA(#1423);
#1168=ORIENTED_EDGE('',*,*,#1397,.F.);
#1169=ORIENTED_EDGE('',*,*,#1418,.F.);
#1170=ORIENTED_EDGE('',*,*,#1349,.F.);
#1171=ORIENTED_EDGE('',*,*,#1290,.F.);
#1172=CARTESIAN_POINT('',(-0.75,-1.25000965336326,0.0957689140005566));
#1173=DIRECTION('',(0.0,-1.0,6.39299983099472E-017));
#1174=DIRECTION('',(-1.0,0.0,0.0));
#1175=SURFACE_STYLE_FILL_AREA(#1424);
#1176=ORIENTED_EDGE('',*,*,#1367,.F.);
#1177=ORIENTED_EDGE('',*,*,#1354,.T.);
#1178=ORIENTED_EDGE('',*,*,#1383,.F.);
#1179=ORIENTED_EDGE('',*,*,#1313,.F.);
#1180=ORIENTED_EDGE('',*,*,#1376,.F.);
#1181=ORIENTED_EDGE('',*,*,#1325,.F.);
#1182=ORIENTED_EDGE('',*,*,#1239,.F.);
#1183=ORIENTED_EDGE('',*,*,#1388,.T.);
#1184=ORIENTED_EDGE('',*,*,#1373,.T.);
#1185=ORIENTED_EDGE('',*,*,#1233,.T.);
#1186=ORIENTED_EDGE('',*,*,#1386,.T.);
#1187=ORIENTED_EDGE('',*,*,#1414,.T.);
#1188=ORIENTED_EDGE('',*,*,#1338,.T.);
#1189=CARTESIAN_POINT('',(0.2,1.25000965336326,-8.21589122815963E-006));
#1190=DIRECTION('',(1.0,-1.21652203547811E-016,0.0));
#1191=DIRECTION('',(0.0,0.0,1.0));
#1192=SURFACE_STYLE_FILL_AREA(#1425);
#1193=ORIENTED_EDGE('',*,*,#1416,.T.);
#1194=ORIENTED_EDGE('',*,*,#1363,.T.);
#1195=ORIENTED_EDGE('',*,*,#1294,.F.);
#1196=ORIENTED_EDGE('',*,*,#1401,.F.);
#1197=SURFACE_STYLE_FILL_AREA(#1426);
#1198=ORIENTED_EDGE('',*,*,#1332,.F.);
#1199=ORIENTED_EDGE('',*,*,#1420,.F.);
#1200=ORIENTED_EDGE('',*,*,#1360,.F.);
#1201=ORIENTED_EDGE('',*,*,#1303,.F.);
#1202=ORIENTED_EDGE('',*,*,#1305,.F.);
#1203=ORIENTED_EDGE('',*,*,#1409,.F.);
#1204=ORIENTED_EDGE('',*,*,#1249,.T.);
#1205=ORIENTED_EDGE('',*,*,#1399,.T.);
#1206=ORIENTED_EDGE('',*,*,#1378,.T.);
#1207=ORIENTED_EDGE('',*,*,#1298,.T.);
#1208=ORIENTED_EDGE('',*,*,#1318,.T.);
#1209=ORIENTED_EDGE('',*,*,#1381,.T.);
#1210=ORIENTED_EDGE('',*,*,#1252,.T.);
#1211=CARTESIAN_POINT('',(1.15,-1.25000965336326,-8.21615712019025E-006));
#1212=DIRECTION('',(1.0,0.0,0.0));
#1213=DIRECTION('',(0.0,1.0,0.0));
#1214=SURFACE_STYLE_FILL_AREA(#1427);
#1215=ORIENTED_EDGE('',*,*,#1330,.F.);
#1216=ORIENTED_EDGE('',*,*,#1407,.F.);
#1217=ORIENTED_EDGE('',*,*,#1370,.F.);
#1218=ORIENTED_EDGE('',*,*,#1405,.F.);
#1219=CARTESIAN_POINT('',(-1.5,-0.7,0.0500000000000002));
#1220=DIRECTION('',(0.0,-1.22460635382238E-016,-1.0));
#1221=DIRECTION('',(0.0,-1.0,1.22460635382238E-016));
#1222=SURFACE_STYLE_FILL_AREA(#1428);
#1223=ORIENTED_EDGE('',*,*,#1322,.F.);
#1224=ORIENTED_EDGE('',*,*,#1344,.T.);
#1225=ORIENTED_EDGE('',*,*,#1310,.T.);
#1226=ORIENTED_EDGE('',*,*,#1328,.T.);
#1227=CARTESIAN_POINT('',(1.5,-0.6,1.2));
#1228=DIRECTION('',(0.0,-0.688749461914693,0.724999433594414));
#1229=DIRECTION('',(-1.0,0.0,0.0));
#1230=FILL_AREA_STYLE('',(#1429));
#1231=EDGE_CURVE('',#1430,#1431,#1432,.T.);
#1232=EDGE_CURVE('',#1431,#1433,#1434,.T.);
#1233=EDGE_CURVE('',#1435,#1433,#1436,.T.);
#1234=EDGE_CURVE('',#1430,#1435,#1437,.T.);
#1235=FILL_AREA_STYLE('',(#1438));
#1236=EDGE_CURVE('',#1439,#1440,#1441,.T.);
#1237=EDGE_CURVE('',#1442,#1440,#1443,.T.);
#1238=EDGE_CURVE('',#1442,#1444,#1445,.T.);
#1239=EDGE_CURVE('',#1444,#1439,#1446,.T.);
#1240=FILL_AREA_STYLE('',(#1447));
#1241=EDGE_CURVE('',#1448,#1449,#1450,.T.);
#1242=EDGE_CURVE('',#1451,#1448,#1452,.T.);
#1243=EDGE_CURVE('',#1451,#1453,#1454,.T.);
#1244=EDGE_CURVE('',#1453,#1449,#1455,.T.);
#1245=FILL_AREA_STYLE('',(#1456));
#1246=EDGE_CURVE('',#1457,#1458,#1459,.T.);
#1247=EDGE_CURVE('',#1460,#1457,#1461,.T.);
#1248=EDGE_CURVE('',#1462,#1460,#1463,.T.);
#1249=EDGE_CURVE('',#1458,#1462,#1464,.T.);
#1250=FILL_AREA_STYLE('',(#1465));
#1251=EDGE_CURVE('',#1466,#1467,#1468,.T.);
#1252=EDGE_CURVE('',#1469,#1466,#1470,.T.);
#1253=EDGE_CURVE('',#1471,#1469,#1472,.T.);
#1254=EDGE_CURVE('',#1467,#1471,#1473,.T.);
#1255=FILL_AREA_STYLE('',(#1474));
#1256=EDGE_CURVE('',#1475,#1476,#1477,.T.);
#1257=EDGE_CURVE('',#1478,#1475,#1479,.T.);
#1258=EDGE_CURVE('',#1480,#1478,#1481,.T.);
#1259=EDGE_CURVE('',#1476,#1480,#1482,.T.);
#1260=FILL_AREA_STYLE('',(#1483));
#1261=EDGE_CURVE('',#1484,#1485,#1486,.T.);
#1262=EDGE_CURVE('',#1487,#1484,#1488,.T.);
#1263=EDGE_CURVE('',#1489,#1487,#1490,.T.);
#1264=EDGE_CURVE('',#1431,#1489,#1491,.T.);
#1265=EDGE_CURVE('',#1492,#1430,#1493,.T.);
#1266=EDGE_CURVE('',#1492,#1442,#1494,.T.);
#1267=EDGE_CURVE('',#1440,#1495,#1496,.T.);
#1268=EDGE_CURVE('',#1495,#1497,#1498,.T.);
#1269=EDGE_CURVE('',#1497,#1499,#1500,.T.);
#1270=EDGE_CURVE('',#1499,#1501,#1502,.T.);
#1271=EDGE_CURVE('',#1501,#1485,#1503,.T.);
#1272=FILL_AREA_STYLE('',(#1504));
#1273=EDGE_CURVE('',#1467,#1505,#1506,.T.);
#1274=EDGE_CURVE('',#1507,#1471,#1508,.T.);
#1275=EDGE_CURVE('',#1509,#1507,#1510,.T.);
#1276=EDGE_CURVE('',#1511,#1509,#1512,.T.);
#1277=EDGE_CURVE('',#1513,#1511,#1514,.T.);
#1278=EDGE_CURVE('',#1460,#1513,#1515,.T.);
#1279=EDGE_CURVE('',#1457,#1516,#1517,.T.);
#1280=EDGE_CURVE('',#1516,#1518,#1519,.T.);
#1281=EDGE_CURVE('',#1518,#1520,#1521,.T.);
#1282=EDGE_CURVE('',#1520,#1522,#1523,.T.);
#1283=EDGE_CURVE('',#1522,#1505,#1524,.T.);
#1284=FILL_AREA_STYLE('',(#1525));
#1285=EDGE_CURVE('',#1526,#1475,#1527,.T.);
#1286=EDGE_CURVE('',#1453,#1526,#1528,.T.);
#1287=EDGE_CURVE('',#1529,#1451,#1530,.T.);
#1288=EDGE_CURVE('',#1531,#1529,#1532,.T.);
#1289=EDGE_CURVE('',#1533,#1531,#1534,.T.);
#1290=EDGE_CURVE('',#1533,#1535,#1536,.T.);
#1291=EDGE_CURVE('',#1535,#1537,#1538,.T.);
#1292=EDGE_CURVE('',#1537,#1539,#1540,.T.);
#1293=EDGE_CURVE('',#1539,#1541,#1542,.T.);
#1294=EDGE_CURVE('',#1541,#1543,#1544,.T.);
#1295=EDGE_CURVE('',#1543,#1478,#1545,.T.);
#1296=FILL_AREA_STYLE('',(#1546));
#1297=EDGE_CURVE('',#1509,#1547,#1548,.T.);
#1298=EDGE_CURVE('',#1549,#1547,#1550,.T.);
#1299=EDGE_CURVE('',#1511,#1549,#1551,.T.);
#1300=FILL_AREA_STYLE('',(#1552));
#1301=EDGE_CURVE('',#1553,#1520,#1554,.T.);
#1302=EDGE_CURVE('',#1555,#1518,#1556,.T.);
#1303=EDGE_CURVE('',#1555,#1553,#1557,.T.);
#1304=FILL_AREA_STYLE('',(#1558));
#1305=EDGE_CURVE('',#1559,#1555,#1560,.T.);
#1306=EDGE_CURVE('',#1559,#1516,#1561,.T.);
#1307=FILL_AREA_STYLE('',(#1562));
#1308=EDGE_CURVE('',#1563,#1564,#1565,.T.);
#1309=EDGE_CURVE('',#1563,#1566,#1567,.T.);
#1310=EDGE_CURVE('',#1568,#1566,#1569,.T.);
#1311=EDGE_CURVE('',#1568,#1564,#1570,.T.);
#1312=FILL_AREA_STYLE('',(#1571));
#1313=EDGE_CURVE('',#1572,#1573,#1574,.T.);
#1314=EDGE_CURVE('',#1573,#1499,#1575,.T.);
#1315=EDGE_CURVE('',#1572,#1497,#1576,.T.);
#1316=FILL_AREA_STYLE('',(#1577));
#1317=EDGE_CURVE('',#1507,#1578,#1579,.T.);
#1318=EDGE_CURVE('',#1547,#1578,#1580,.T.);
#1319=FILL_AREA_STYLE('',(#1581));
#1320=EDGE_CURVE('',#1582,#1583,#1584,.T.);
#1321=EDGE_CURVE('',#1582,#1585,#1586,.T.);
#1322=EDGE_CURVE('',#1585,#1587,#1588,.T.);
#1323=EDGE_CURVE('',#1587,#1583,#1589,.T.);
#1324=FILL_AREA_STYLE('',(#1590));
#1325=EDGE_CURVE('',#1439,#1591,#1592,.T.);
#1326=EDGE_CURVE('',#1591,#1495,#1593,.T.);
#1327=FILL_AREA_STYLE('',(#1594));
#1328=EDGE_CURVE('',#1566,#1587,#1595,.T.);
#1329=EDGE_CURVE('',#1566,#1596,#1597,.T.);
#1330=EDGE_CURVE('',#1596,#1598,#1599,.T.);
#1331=EDGE_CURVE('',#1587,#1598,#1600,.T.);
#1332=EDGE_CURVE('',#1601,#1466,#1602,.T.);
#1333=EDGE_CURVE('',#1505,#1601,#1603,.T.);
#1334=EDGE_CURVE('',#1476,#1604,#1605,.T.);
#1335=EDGE_CURVE('',#1604,#1526,#1606,.T.);
#1336=FILL_AREA_STYLE('',(#1607));
#1337=EDGE_CURVE('',#1608,#1484,#1609,.T.);
#1338=EDGE_CURVE('',#1610,#1608,#1611,.T.);
#1339=EDGE_CURVE('',#1487,#1610,#1612,.T.);
#1340=FILL_AREA_STYLE('',(#1613));
#1341=EDGE_CURVE('',#1614,#1615,#1616,.T.);
#1342=EDGE_CURVE('',#1615,#1614,#1617,.T.);
#1343=EDGE_CURVE('',#1564,#1582,#1618,.T.);
#1344=EDGE_CURVE('',#1585,#1568,#1619,.T.);
#1345=FILL_AREA_STYLE('',(#1620));
#1346=EDGE_CURVE('',#1449,#1604,#1621,.T.);
#1347=FILL_AREA_STYLE('',(#1622));
#1348=EDGE_CURVE('',#1623,#1537,#1624,.T.);
#1349=EDGE_CURVE('',#1535,#1625,#1626,.T.);
#1350=EDGE_CURVE('',#1625,#1623,#1627,.T.);
#1351=FILL_AREA_STYLE('',(#1628));
#1352=EDGE_CURVE('',#1485,#1629,#1630,.T.);
#1353=EDGE_CURVE('',#1631,#1501,#1632,.T.);
#1354=EDGE_CURVE('',#1629,#1631,#1633,.T.);
#1355=FILL_AREA_STYLE('',(#1634));
#1356=EDGE_CURVE('',#1635,#1615,#1636,.T.);
#1357=EDGE_CURVE('',#1614,#1637,#1638,.T.);
#1358=EDGE_CURVE('',#1637,#1635,#1639,.T.);
#1359=FILL_AREA_STYLE('',(#1640));
#1360=EDGE_CURVE('',#1553,#1641,#1642,.T.);
#1361=EDGE_CURVE('',#1641,#1522,#1643,.T.);
#1362=FILL_AREA_STYLE('',(#1644));
#1363=EDGE_CURVE('',#1645,#1543,#1646,.T.);
#1364=EDGE_CURVE('',#1645,#1480,#1647,.T.);
#1365=FILL_AREA_STYLE('',(#1648));
#1366=FILL_AREA_STYLE('',(#1649));
#1367=EDGE_CURVE('',#1629,#1608,#1650,.T.);
#1368=EDGE_CURVE('',#1583,#1563,#1651,.T.);
#1369=EDGE_CURVE('',#1583,#1652,#1653,.T.);
#1370=EDGE_CURVE('',#1652,#1654,#1655,.T.);
#1371=EDGE_CURVE('',#1563,#1654,#1656,.T.);
#1372=FILL_AREA_STYLE('',(#1657));
#1373=EDGE_CURVE('',#1658,#1435,#1659,.T.);
#1374=EDGE_CURVE('',#1658,#1492,#1660,.T.);
#1375=FILL_AREA_STYLE('',(#1661));
#1376=EDGE_CURVE('',#1591,#1572,#1662,.T.);
#1377=FILL_AREA_STYLE('',(#1663));
#1378=EDGE_CURVE('',#1664,#1549,#1665,.T.);
#1379=EDGE_CURVE('',#1513,#1664,#1666,.T.);
#1380=FILL_AREA_STYLE('',(#1667));
#1381=EDGE_CURVE('',#1578,#1469,#1668,.T.);
#1382=FILL_AREA_STYLE('',(#1669));
#1383=EDGE_CURVE('',#1573,#1631,#1670,.T.);
#1384=FILL_AREA_STYLE('',(#1671));
#1385=EDGE_CURVE('',#1489,#1672,#1673,.T.);
#1386=EDGE_CURVE('',#1433,#1672,#1674,.T.);
#1387=FILL_AREA_STYLE('',(#1675));
#1388=EDGE_CURVE('',#1444,#1658,#1676,.T.);
#1389=FILL_AREA_STYLE('',(#1677));
#1390=EDGE_CURVE('',#1678,#1448,#1679,.T.);
#1391=EDGE_CURVE('',#1529,#1678,#1680,.T.);
#1392=FILL_AREA_STYLE('',(#1681));
#1393=EDGE_CURVE('',#1635,#1637,#1682,.T.);
#1394=FILL_AREA_STYLE('',(#1683));
#1395=EDGE_CURVE('',#1531,#1684,#1685,.T.);
#1396=EDGE_CURVE('',#1686,#1684,#1687,.T.);
#1397=EDGE_CURVE('',#1686,#1533,#1688,.T.);
#1398=FILL_AREA_STYLE('',(#1689));
#1399=EDGE_CURVE('',#1462,#1664,#1690,.T.);
#1400=FILL_AREA_STYLE('',(#1691));
#1401=EDGE_CURVE('',#1692,#1541,#1693,.T.);
#1402=EDGE_CURVE('',#1694,#1539,#1695,.T.);
#1403=EDGE_CURVE('',#1694,#1692,#1696,.T.);
#1404=FILL_AREA_STYLE('',(#1697));
#1405=EDGE_CURVE('',#1598,#1652,#1698,.T.);
#1406=FILL_AREA_STYLE('',(#1699));
#1407=EDGE_CURVE('',#1654,#1596,#1700,.T.);
#1408=FILL_AREA_STYLE('',(#1701));
#1409=EDGE_CURVE('',#1458,#1559,#1702,.T.);
#1410=FILL_AREA_STYLE('',(#1703));
#1411=FILL_AREA_STYLE('',(#1704));
#1412=EDGE_CURVE('',#1684,#1678,#1705,.T.);
#1413=FILL_AREA_STYLE('',(#1706));
#1414=EDGE_CURVE('',#1672,#1610,#1707,.T.);
#1415=FILL_AREA_STYLE('',(#1708));
#1416=EDGE_CURVE('',#1692,#1645,#1709,.T.);
#1417=EDGE_CURVE('',#1623,#1694,#1710,.T.);
#1418=EDGE_CURVE('',#1625,#1686,#1711,.T.);
#1419=FILL_AREA_STYLE('',(#1712));
#1420=EDGE_CURVE('',#1641,#1601,#1713,.T.);
#1421=FILL_AREA_STYLE('',(#1714));
#1422=FILL_AREA_STYLE('',(#1715));
#1423=FILL_AREA_STYLE('',(#1716));
#1424=FILL_AREA_STYLE('',(#1717));
#1425=FILL_AREA_STYLE('',(#1718));
#1426=FILL_AREA_STYLE('',(#1719));
#1427=FILL_AREA_STYLE('',(#1720));
#1428=FILL_AREA_STYLE('',(#1721));
#1429=FILL_AREA_STYLE_COLOUR('',#1722);
#1430=VERTEX_POINT('',#1723);
#1431=VERTEX_POINT('',#1724);
#1432=ELLIPSE('',#1725,0.050317464310497,0.0481926232847074);
#1433=VERTEX_POINT('',#1726);
#1434=LINE('',#1727,#1728);
#1435=VERTEX_POINT('',#1729);
#1436=ELLIPSE('',#1730,0.050317464310497,0.0481926232847074);
#1437=LINE('',#1731,#1732);
#1438=FILL_AREA_STYLE_COLOUR('',#1733);
#1439=VERTEX_POINT('',#1734);
#1440=VERTEX_POINT('',#1735);
#1441=LINE('',#1736,#1737);
#1442=VERTEX_POINT('',#1738);
#1443=LINE('',#1739,#1740);
#1444=VERTEX_POINT('',#1741);
#1445=LINE('',#1742,#1743);
#1446=LINE('',#1744,#1745);
#1447=FILL_AREA_STYLE_COLOUR('',#1746);
#1448=VERTEX_POINT('',#1747);
#1449=VERTEX_POINT('',#1748);
#1450=ELLIPSE('',#1749,0.149893805026609,0.14356398473862);
#1451=VERTEX_POINT('',#1750);
#1452=LINE('',#1751,#1752);
#1453=VERTEX_POINT('',#1753);
#1454=ELLIPSE('',#1754,0.149893805026609,0.14356398473862);
#1455=LINE('',#1755,#1756);
#1456=FILL_AREA_STYLE_COLOUR('',#1757);
#1457=VERTEX_POINT('',#1758);
#1458=VERTEX_POINT('',#1759);
#1459=LINE('',#1760,#1761);
#1460=VERTEX_POINT('',#1762);
#1461=LINE('',#1763,#1764);
#1462=VERTEX_POINT('',#1765);
#1463=LINE('',#1766,#1767);
#1464=LINE('',#1768,#1769);
#1465=FILL_AREA_STYLE_COLOUR('',#1770);
#1466=VERTEX_POINT('',#1771);
#1467=VERTEX_POINT('',#1772);
#1468=LINE('',#1773,#1774);
#1469=VERTEX_POINT('',#1775);
#1470=LINE('',#1776,#1777);
#1471=VERTEX_POINT('',#1778);
#1472=LINE('',#1779,#1780);
#1473=LINE('',#1781,#1782);
#1474=FILL_AREA_STYLE_COLOUR('',#1783);
#1475=VERTEX_POINT('',#1784);
#1476=VERTEX_POINT('',#1785);
#1477=LINE('',#1786,#1787);
#1478=VERTEX_POINT('',#1788);
#1479=LINE('',#1789,#1790);
#1480=VERTEX_POINT('',#1791);
#1481=LINE('',#1792,#1793);
#1482=LINE('',#1794,#1795);
#1483=FILL_AREA_STYLE_COLOUR('',#1796);
#1484=VERTEX_POINT('',#1797);
#1485=VERTEX_POINT('',#1798);
#1486=LINE('',#1799,#1800);
#1487=VERTEX_POINT('',#1801);
#1488=LINE('',#1802,#1803);
#1489=VERTEX_POINT('',#1804);
#1490=ELLIPSE('',#1805,0.149893805026604,0.143563984738615);
#1491=LINE('',#1806,#1807);
#1492=VERTEX_POINT('',#1808);
#1493=LINE('',#1809,#1810);
#1494=LINE('',#1811,#1812);
#1495=VERTEX_POINT('',#1813);
#1496=ELLIPSE('',#1814,0.149893805026652,0.143563984738673);
#1497=VERTEX_POINT('',#1815);
#1498=LINE('',#1816,#1817);
#1499=VERTEX_POINT('',#1818);
#1500=ELLIPSE('',#1819,0.0503174643105079,0.048192623284719);
#1501=VERTEX_POINT('',#1820);
#1502=LINE('',#1821,#1822);
#1503=LINE('',#1823,#1824);
#1504=FILL_AREA_STYLE_COLOUR('',#1825);
#1505=VERTEX_POINT('',#1826);
#1506=LINE('',#1827,#1828);
#1507=VERTEX_POINT('',#1829);
#1508=LINE('',#1830,#1831);
#1509=VERTEX_POINT('',#1832);
#1510=ELLIPSE('',#1833,0.0503168918014802,0.0481926232846985);
#1511=VERTEX_POINT('',#1834);
#1512=LINE('',#1835,#1836);
#1513=VERTEX_POINT('',#1837);
#1514=ELLIPSE('',#1838,0.149892099544169,0.143563984738671);
#1515=LINE('',#1839,#1840);
#1516=VERTEX_POINT('',#1841);
#1517=LINE('',#1842,#1843);
#1518=VERTEX_POINT('',#1844);
#1519=ELLIPSE('',#1845,0.0503168918014852,0.0481926232847057);
#1520=VERTEX_POINT('',#1846);
#1521=LINE('',#1847,#1848);
#1522=VERTEX_POINT('',#1849);
#1523=ELLIPSE('',#1850,0.149892099544146,0.143563984738644);
#1524=LINE('',#1851,#1852);
#1525=FILL_AREA_STYLE_COLOUR('',#1853);
#1526=VERTEX_POINT('',#1854);
#1527=LINE('',#1855,#1856);
#1528=LINE('',#1857,#1858);
#1529=VERTEX_POINT('',#1859);
#1530=LINE('',#1860,#1861);
#1531=VERTEX_POINT('',#1862);
#1532=ELLIPSE('',#1863,0.0503174643105034,0.0481926232847132);
#1533=VERTEX_POINT('',#1864);
#1534=LINE('',#1865,#1866);
#1535=VERTEX_POINT('',#1867);
#1536=LINE('',#1868,#1869);
#1537=VERTEX_POINT('',#1870);
#1538=LINE('',#1871,#1872);
#1539=VERTEX_POINT('',#1873);
#1540=ELLIPSE('',#1874,0.14989380502665,0.143563984738671);
#1541=VERTEX_POINT('',#1875);
#1542=LINE('',#1876,#1877);
#1543=VERTEX_POINT('',#1878);
#1544=ELLIPSE('',#1879,0.05031746431051,0.0481926232847213);
#1545=LINE('',#1880,#1881);
#1546=FILL_AREA_STYLE_COLOUR('',#1882);
#1547=VERTEX_POINT('',#1883);
#1548=LINE('',#1884,#1885);
#1549=VERTEX_POINT('',#1886);
#1550=LINE('',#1887,#1888);
#1551=LINE('',#1889,#1890);
#1552=FILL_AREA_STYLE_COLOUR('',#1891);
#1553=VERTEX_POINT('',#1892);
#1554=LINE('',#1893,#1894);
#1555=VERTEX_POINT('',#1895);
#1556=LINE('',#1896,#1897);
#1557=LINE('',#1898,#1899);
#1558=FILL_AREA_STYLE_COLOUR('',#1900);
#1559=VERTEX_POINT('',#1901);
#1560=ELLIPSE('',#1902,0.0503168918014852,0.0481926232847057);
#1561=LINE('',#1903,#1904);
#1562=FILL_AREA_STYLE_COLOUR('',#1905);
#1563=VERTEX_POINT('',#1906);
#1564=VERTEX_POINT('',#1907);
#1565=LINE('',#1908,#1909);
#1566=VERTEX_POINT('',#1910);
#1567=LINE('',#1911,#1912);
#1568=VERTEX_POINT('',#1913);
#1569=LINE('',#1914,#1915);
#1570=LINE('',#1916,#1917);
#1571=FILL_AREA_STYLE_COLOUR('',#1918);
#1572=VERTEX_POINT('',#1919);
#1573=VERTEX_POINT('',#1920);
#1574=ELLIPSE('',#1921,0.0503174643105079,0.048192623284719);
#1575=LINE('',#1922,#1923);
#1576=LINE('',#1924,#1925);
#1577=FILL_AREA_STYLE_COLOUR('',#1926);
#1578=VERTEX_POINT('',#1927);
#1579=LINE('',#1928,#1929);
#1580=ELLIPSE('',#1930,0.0503168918014802,0.0481926232846985);
#1581=FILL_AREA_STYLE_COLOUR('',#1931);
#1582=VERTEX_POINT('',#1932);
#1583=VERTEX_POINT('',#1933);
#1584=LINE('',#1934,#1935);
#1585=VERTEX_POINT('',#1936);
#1586=LINE('',#1937,#1938);
#1587=VERTEX_POINT('',#1939);
#1588=LINE('',#1940,#1941);
#1589=LINE('',#1942,#1943);
#1590=FILL_AREA_STYLE_COLOUR('',#1944);
#1591=VERTEX_POINT('',#1945);
#1592=ELLIPSE('',#1946,0.149893805026654,0.143563984738675);
#1593=LINE('',#1947,#1948);
#1594=FILL_AREA_STYLE_COLOUR('',#1949);
#1595=LINE('',#1950,#1951);
#1596=VERTEX_POINT('',#1952);
#1597=LINE('',#1953,#1954);
#1598=VERTEX_POINT('',#1955);
#1599=LINE('',#1956,#1957);
#1600=LINE('',#1958,#1959);
#1601=VERTEX_POINT('',#1960);
#1602=LINE('',#1961,#1962);
#1603=LINE('',#1963,#1964);
#1604=VERTEX_POINT('',#1965);
#1605=LINE('',#1966,#1967);
#1606=LINE('',#1968,#1969);
#1607=FILL_AREA_STYLE_COLOUR('',#1970);
#1608=VERTEX_POINT('',#1971);
#1609=LINE('',#1972,#1973);
#1610=VERTEX_POINT('',#1974);
#1611=LINE('',#1975,#1976);
#1612=LINE('',#1977,#1978);
#1613=FILL_AREA_STYLE_COLOUR('',#1979);
#1614=VERTEX_POINT('',#1980);
#1615=VERTEX_POINT('',#1981);
#1616=CIRCLE('',#1982,0.15);
#1617=CIRCLE('',#1983,0.15);
#1618=LINE('',#1984,#1985);
#1619=LINE('',#1986,#1987);
#1620=FILL_AREA_STYLE_COLOUR('',#1988);
#1621=LINE('',#1989,#1990);
#1622=FILL_AREA_STYLE_COLOUR('',#1991);
#1623=VERTEX_POINT('',#1992);
#1624=LINE('',#1993,#1994);
#1625=VERTEX_POINT('',#1995);
#1626=LINE('',#1996,#1997);
#1627=LINE('',#1998,#1999);
#1628=FILL_AREA_STYLE_COLOUR('',#2000);
#1629=VERTEX_POINT('',#2001);
#1630=LINE('',#2002,#2003);
#1631=VERTEX_POINT('',#2004);
#1632=LINE('',#2005,#2006);
#1633=LINE('',#2007,#2008);
#1634=FILL_AREA_STYLE_COLOUR('',#2009);
#1635=VERTEX_POINT('',#2010);
#1636=LINE('',#2011,#2012);
#1637=VERTEX_POINT('',#2013);
#1638=LINE('',#2014,#2015);
#1639=CIRCLE('',#2016,0.15);
#1640=FILL_AREA_STYLE_COLOUR('',#2017);
#1641=VERTEX_POINT('',#2018);
#1642=ELLIPSE('',#2019,0.149892099544146,0.143563984738644);
#1643=LINE('',#2020,#2021);
#1644=FILL_AREA_STYLE_COLOUR('',#2022);
#1645=VERTEX_POINT('',#2023);
#1646=LINE('',#2024,#2025);
#1647=LINE('',#2026,#2027);
#1648=FILL_AREA_STYLE_COLOUR('',#2028);
#1649=FILL_AREA_STYLE_COLOUR('',#2029);
#1650=LINE('',#2030,#2031);
#1651=LINE('',#2032,#2033);
#1652=VERTEX_POINT('',#2034);
#1653=LINE('',#2035,#2036);
#1654=VERTEX_POINT('',#2037);
#1655=LINE('',#2038,#2039);
#1656=LINE('',#2040,#2041);
#1657=FILL_AREA_STYLE_COLOUR('',#2042);
#1658=VERTEX_POINT('',#2043);
#1659=LINE('',#2044,#2045);
#1660=LINE('',#2046,#2047);
#1661=FILL_AREA_STYLE_COLOUR('',#2048);
#1662=LINE('',#2049,#2050);
#1663=FILL_AREA_STYLE_COLOUR('',#2051);
#1664=VERTEX_POINT('',#2052);
#1665=ELLIPSE('',#2053,0.149892099544169,0.143563984738671);
#1666=LINE('',#2054,#2055);
#1667=FILL_AREA_STYLE_COLOUR('',#2056);
#1668=LINE('',#2057,#2058);
#1669=FILL_AREA_STYLE_COLOUR('',#2059);
#1670=LINE('',#2060,#2061);
#1671=FILL_AREA_STYLE_COLOUR('',#2062);
#1672=VERTEX_POINT('',#2063);
#1673=LINE('',#2064,#2065);
#1674=LINE('',#2066,#2067);
#1675=FILL_AREA_STYLE_COLOUR('',#2068);
#1676=LINE('',#2069,#2070);
#1677=FILL_AREA_STYLE_COLOUR('',#2071);
#1678=VERTEX_POINT('',#2072);
#1679=LINE('',#2073,#2074);
#1680=LINE('',#2075,#2076);
#1681=FILL_AREA_STYLE_COLOUR('',#2077);
#1682=CIRCLE('',#2078,0.15);
#1683=FILL_AREA_STYLE_COLOUR('',#2079);
#1684=VERTEX_POINT('',#2080);
#1685=LINE('',#2081,#2082);
#1686=VERTEX_POINT('',#2083);
#1687=LINE('',#2084,#2085);
#1688=LINE('',#2086,#2087);
#1689=FILL_AREA_STYLE_COLOUR('',#2088);
#1690=LINE('',#2089,#2090);
#1691=FILL_AREA_STYLE_COLOUR('',#2091);
#1692=VERTEX_POINT('',#2092);
#1693=LINE('',#2093,#2094);
#1694=VERTEX_POINT('',#2095);
#1695=LINE('',#2096,#2097);
#1696=LINE('',#2098,#2099);
#1697=FILL_AREA_STYLE_COLOUR('',#2100);
#1698=LINE('',#2101,#2102);
#1699=FILL_AREA_STYLE_COLOUR('',#2103);
#1700=LINE('',#2104,#2105);
#1701=FILL_AREA_STYLE_COLOUR('',#2106);
#1702=LINE('',#2107,#2108);
#1703=FILL_AREA_STYLE_COLOUR('',#2109);
#1704=FILL_AREA_STYLE_COLOUR('',#2110);
#1705=ELLIPSE('',#2111,0.0503174643105034,0.0481926232847132);
#1706=FILL_AREA_STYLE_COLOUR('',#2112);
#1707=ELLIPSE('',#2113,0.149893805026604,0.143563984738615);
#1708=FILL_AREA_STYLE_COLOUR('',#2114);
#1709=ELLIPSE('',#2115,0.05031746431051,0.0481926232847213);
#1710=ELLIPSE('',#2116,0.14989380502665,0.143563984738671);
#1711=LINE('',#2117,#2118);
#1712=FILL_AREA_STYLE_COLOUR('',#2119);
#1713=LINE('',#2120,#2121);
#1714=FILL_AREA_STYLE_COLOUR('',#2122);
#1715=FILL_AREA_STYLE_COLOUR('',#2123);
#1716=FILL_AREA_STYLE_COLOUR('',#2124);
#1717=FILL_AREA_STYLE_COLOUR('',#2125);
#1718=FILL_AREA_STYLE_COLOUR('',#2126);
#1719=FILL_AREA_STYLE_COLOUR('',#2127);
#1720=FILL_AREA_STYLE_COLOUR('',#2128);
#1721=FILL_AREA_STYLE_COLOUR('',#2129);
#1722=COLOUR_RGB('',0.937254905700684,0.937254905700684,0.937254905700684);
#1723=CARTESIAN_POINT('',(-0.2,1.06913630213852,0.109627738668294));
#1724=CARTESIAN_POINT('',(-0.2,1.02778613281657,0.147685330131607));
#1725=AXIS2_PLACEMENT_3D('',#2130,#2131,#2132);
#1726=CARTESIAN_POINT('',(0.2,1.02778613281657,0.147685330131607));
#1727=CARTESIAN_POINT('',(0.2,1.02778613281657,0.147685330131607));
#1728=VECTOR('',#2133,1.0);
#1729=CARTESIAN_POINT('',(0.2,1.06913630213852,0.109627738668294));
#1730=AXIS2_PLACEMENT_3D('',#2134,#2135,#2136);
#1731=CARTESIAN_POINT('',(0.2,1.06913630213852,0.109627738668294));
#1732=VECTOR('',#2137,1.0);
#1733=COLOUR_RGB('',0.937254905700684,0.937254905700684,0.937254905700684);
#1734=CARTESIAN_POINT('',(0.2,1.06913630213852,0.0138506085106172));
#1735=CARTESIAN_POINT('',(-0.2,1.06913630213852,0.0138506085106172));
#1736=CARTESIAN_POINT('',(-0.2,1.06913630213852,0.0138506085106171));
#1737=VECTOR('',#2138,1.0);
#1738=CARTESIAN_POINT('',(-0.2,1.25000965336326,-8.21589122815963E-006));
#1739=CARTESIAN_POINT('',(-0.2,1.25000965336326,-8.21589122815963E-006));
#1740=VECTOR('',#2139,0.999737090609829);
#1741=CARTESIAN_POINT('',(0.2,1.25000965336326,-8.21589122815963E-006));
#1742=CARTESIAN_POINT('',(-0.2,1.25000965336326,-8.21589122815963E-006));
#1743=VECTOR('',#2140,1.0);
#1744=CARTESIAN_POINT('',(0.2,1.25000965336326,-8.21589122815963E-006));
#1745=VECTOR('',#2141,0.999737090609829);
#1746=COLOUR_RGB('',0.937254905700684,0.937254905700684,0.937254905700684);
#1747=CARTESIAN_POINT('',(-1.15,-0.967559610065744,0.349576652661463));
#1748=CARTESIAN_POINT('',(-1.15,-0.820592250973684,0.449991783842879));
#1749=AXIS2_PLACEMENT_3D('',#2142,#2143,#2144);
#1750=CARTESIAN_POINT('',(-0.75,-0.967559610065744,0.349576652661463));
#1751=CARTESIAN_POINT('',(-1.15,-0.967559610065744,0.349576652661463));
#1752=VECTOR('',#2145,1.0);
#1753=CARTESIAN_POINT('',(-0.75,-0.820592250973684,0.449991783842879));
#1754=AXIS2_PLACEMENT_3D('',#2146,#2147,#2148);
#1755=CARTESIAN_POINT('',(-1.15,-0.820592250973684,0.449991783842879));
#1756=VECTOR('',#2149,1.0);
#1757=COLOUR_RGB('',0.937254905700684,0.937254905700684,0.937254905700684);
#1758=CARTESIAN_POINT('',(0.75,-1.25000965336326,0.0957689140005566));
#1759=CARTESIAN_POINT('',(1.15,-1.25000965336326,0.0957689140005566));
#1760=CARTESIAN_POINT('',(0.75,-1.25000965336326,0.0957689140005566));
#1761=VECTOR('',#2150,1.0);
#1762=CARTESIAN_POINT('',(0.75,-1.25000965336326,-8.21615712019025E-006));
#1763=CARTESIAN_POINT('',(0.75,-1.25000965336326,-8.21615712019025E-006));
#1764=VECTOR('',#2151,0.957771301576767);
#1765=CARTESIAN_POINT('',(1.15,-1.25000965336326,-8.21615712019025E-006));
#1766=CARTESIAN_POINT('',(1.15,-1.25000965336326,-8.21615712019025E-006));
#1767=VECTOR('',#2152,1.0);
#1768=CARTESIAN_POINT('',(1.15,-1.25000965336326,0.0957689140005566));
#1769=VECTOR('',#2153,0.957771301576767);
#1770=COLOUR_RGB('',0.937254905700684,0.937254905700684,0.937254905700684);
#1771=CARTESIAN_POINT('',(1.15,-0.7,0.444881779944165));
#1772=CARTESIAN_POINT('',(0.75,-0.7,0.444881779944165));
#1773=CARTESIAN_POINT('',(-0.174999999999926,-0.7,0.444881779944347));
#1774=VECTOR('',#2154,1.0);
#1775=CARTESIAN_POINT('',(1.15,-0.700049398375363,0.354519677167363));
#1776=CARTESIAN_POINT('',(1.15,-0.700146378179063,0.17711912654215));
#1777=VECTOR('',#2155,1.0);
#1778=CARTESIAN_POINT('',(0.75,-0.700049398375363,0.354519677167364));
#1779=CARTESIAN_POINT('',(1.05,-0.700049398375363,0.354519677167364));
#1780=VECTOR('',#2156,1.0);
#1781=CARTESIAN_POINT('',(0.75,-0.700146378179063,0.17711912654215));
#1782=VECTOR('',#2157,1.0);
#1783=COLOUR_RGB('',0.937254905700684,0.937254905700684,0.937254905700684);
#1784=CARTESIAN_POINT('',(-0.75,-0.7,0.432363778051175));
#1785=CARTESIAN_POINT('',(-1.15,-0.7,0.432363778051175));
#1786=CARTESIAN_POINT('',(-1.12499999999992,-0.7,0.432363778051538));
#1787=VECTOR('',#2158,1.0);
#1788=CARTESIAN_POINT('',(-0.75,-0.70004262860999,0.354519677167363));
#1789=CARTESIAN_POINT('',(-0.75,-0.70013977597154,0.177118888944678));
#1790=VECTOR('',#2159,1.0);
#1791=CARTESIAN_POINT('',(-1.15,-0.70004262860999,0.354519677167364));
#1792=CARTESIAN_POINT('',(-0.85,-0.70004262860999,0.354519677167364));
#1793=VECTOR('',#2160,1.0);
#1794=CARTESIAN_POINT('',(-1.15,-0.70013977597154,0.177118888944678));
#1795=VECTOR('',#2161,1.0);
#1796=COLOUR_RGB('',0.937254905700684,0.937254905700684,0.937254905700684);
#1797=CARTESIAN_POINT('',(-0.2,0.7,0.449991784108771));
#1798=CARTESIAN_POINT('',(-0.2,0.7,0.432363778316212));
#1799=CARTESIAN_POINT('',(-0.2,0.7,0.552495892054386));
#1800=VECTOR('',#2162,1.0);
#1801=CARTESIAN_POINT('',(-0.2,0.820592250973684,0.449991784108771));
#1802=CARTESIAN_POINT('',(-0.2,0.820592250973684,0.449991784108771));
#1803=VECTOR('',#2163,1.0);
#1804=CARTESIAN_POINT('',(-0.2,0.967559610065744,0.349576652927355));
#1805=AXIS2_PLACEMENT_3D('',#2164,#2165,#2166);
#1806=CARTESIAN_POINT('',(-0.2,1.02778613281657,0.147685330131607));
#1807=VECTOR('',#2167,0.96102311283221);
#1808=CARTESIAN_POINT('',(-0.2,1.25000965336326,0.0957689142664486));
#1809=CARTESIAN_POINT('',(-0.2,1.25000965336326,0.0957689142664486));
#1810=VECTOR('',#2168,0.999737090609829);
#1811=CARTESIAN_POINT('',(-0.2,1.25000965336326,0.0957689142664486));
#1812=VECTOR('',#2169,0.957771301576767);
#1813=CARTESIAN_POINT('',(-0.2,0.934130726388896,0.114113227950952));
#1814=AXIS2_PLACEMENT_3D('',#2170,#2171,#2172);
#1815=CARTESIAN_POINT('',(-0.2,0.873904203638073,0.3160045507467));
#1816=CARTESIAN_POINT('',(-0.2,0.934130726388896,0.114113227950952));
#1817=VECTOR('',#2173,0.96102311283221);
#1818=CARTESIAN_POINT('',(-0.2,0.828566773201973,0.354519677433255));
#1819=AXIS2_PLACEMENT_3D('',#2174,#2175,#2176);
#1820=CARTESIAN_POINT('',(-0.2,0.70004262860999,0.354519677433255));
#1821=CARTESIAN_POINT('',(-0.2,0.828566773201973,0.354519677433255));
#1822=VECTOR('',#2177,1.0);
#1823=CARTESIAN_POINT('',(-0.2,0.700139685409002,0.177284265452183));
#1824=VECTOR('',#2178,1.0);
#1825=COLOUR_RGB('',0.937254905700684,0.937254905700684,0.937254905700684);
#1826=CARTESIAN_POINT('',(0.75,-0.7,0.449991783842879));
#1827=CARTESIAN_POINT('',(0.75,-0.7,0.55249589192144));
#1828=VECTOR('',#2179,1.0);
#1829=CARTESIAN_POINT('',(0.75,-0.828571568353103,0.354519677167363));
#1830=CARTESIAN_POINT('',(0.75,-0.828571568353103,0.354519677167363));
#1831=VECTOR('',#2180,0.999988622061596);
#1832=CARTESIAN_POINT('',(0.75,-0.873908482942712,0.316004550480808));
#1833=AXIS2_PLACEMENT_3D('',#2181,#2182,#2183);
#1834=CARTESIAN_POINT('',(0.75,-0.93413432043987,0.11411322768506));
#1835=CARTESIAN_POINT('',(0.75,-0.93413432043987,0.11411322768506));
#1836=VECTOR('',#2184,0.961022219297148);
#1837=CARTESIAN_POINT('',(0.75,-1.06913836010437,0.0138506082447252));
#1838=AXIS2_PLACEMENT_3D('',#2185,#2186,#2187);
#1839=CARTESIAN_POINT('',(0.75,-1.25000965336326,-8.21615712019025E-006));
#1840=VECTOR('',#2188,0.999725782054407);
#1841=CARTESIAN_POINT('',(0.75,-1.06913836010437,0.109627738402402));
#1842=CARTESIAN_POINT('',(0.75,-1.25000965336326,0.0957689140005566));
#1843=VECTOR('',#2189,0.999725782054407);
#1844=CARTESIAN_POINT('',(0.75,-1.0277886612621,0.147685329865715));
#1845=AXIS2_PLACEMENT_3D('',#2190,#2191,#2192);
#1846=CARTESIAN_POINT('',(0.75,-0.967562823764934,0.349576652661463));
#1847=CARTESIAN_POINT('',(0.75,-1.0277886612621,0.147685329865715));
#1848=VECTOR('',#2193,0.961022219297148);
#1849=CARTESIAN_POINT('',(0.75,-0.820597136858437,0.449991783842879));
#1850=AXIS2_PLACEMENT_3D('',#2194,#2195,#2196);
#1851=CARTESIAN_POINT('',(0.75,-0.820597136858437,0.449991783842879));
#1852=VECTOR('',#2197,0.999988622061596);
#1853=COLOUR_RGB('',0.937254905700684,0.937254905700684,0.937254905700684);
#1854=CARTESIAN_POINT('',(-0.75,-0.7,0.449991783842879));
#1855=CARTESIAN_POINT('',(-0.75,-0.7,0.55249589192144));
#1856=VECTOR('',#2198,1.0);
#1857=CARTESIAN_POINT('',(-0.75,-0.820592250973684,0.449991783842879));
#1858=VECTOR('',#2199,1.0);
#1859=CARTESIAN_POINT('',(-0.75,-1.02778613281657,0.147685329865715));
#1860=CARTESIAN_POINT('',(-0.75,-1.02778613281657,0.147685329865715));
#1861=VECTOR('',#2200,0.96102311283221);
#1862=CARTESIAN_POINT('',(-0.75,-1.06913630213852,0.109627738402402));
#1863=AXIS2_PLACEMENT_3D('',#2201,#2202,#2203);
#1864=CARTESIAN_POINT('',(-0.75,-1.25000965336326,0.0957689140005566));
#1865=CARTESIAN_POINT('',(-0.75,-1.25000965336326,0.0957689140005566));
#1866=VECTOR('',#2204,0.999737090609829);
#1867=CARTESIAN_POINT('',(-0.75,-1.25000965336326,-8.21615712016249E-006));
#1868=CARTESIAN_POINT('',(-0.75,-1.25000965336326,0.0957689140005566));
#1869=VECTOR('',#2205,0.957771301576767);
#1870=CARTESIAN_POINT('',(-0.75,-1.06913630213852,0.0138506082447252));
#1871=CARTESIAN_POINT('',(-0.75,-1.25000965336326,-8.21615712016249E-006));
#1872=VECTOR('',#2206,0.999737090609829);
#1873=CARTESIAN_POINT('',(-0.75,-0.934130726388896,0.11411322768506));
#1874=AXIS2_PLACEMENT_3D('',#2207,#2208,#2209);
#1875=CARTESIAN_POINT('',(-0.75,-0.873904203638073,0.316004550480808));
#1876=CARTESIAN_POINT('',(-0.75,-0.934130726388896,0.11411322768506));
#1877=VECTOR('',#2210,0.96102311283221);
#1878=CARTESIAN_POINT('',(-0.75,-0.828566773201973,0.354519677167363));
#1879=AXIS2_PLACEMENT_3D('',#2211,#2212,#2213);
#1880=CARTESIAN_POINT('',(-0.75,-0.828566773201973,0.354519677167363));
#1881=VECTOR('',#2214,1.0);
#1882=COLOUR_RGB('',0.937254905700684,0.937254905700684,0.937254905700684);
#1883=CARTESIAN_POINT('',(1.15,-0.873908482942712,0.316004550480808));
#1884=CARTESIAN_POINT('',(1.15,-0.873908482942712,0.316004550480808));
#1885=VECTOR('',#2215,1.0);
#1886=CARTESIAN_POINT('',(1.15,-0.93413432043987,0.11411322768506));
#1887=CARTESIAN_POINT('',(1.15,-0.93413432043987,0.11411322768506));
#1888=VECTOR('',#2216,0.961022219297148);
#1889=CARTESIAN_POINT('',(1.15,-0.93413432043987,0.11411322768506));
#1890=VECTOR('',#2217,1.0);
#1891=COLOUR_RGB('',0.937254905700684,0.937254905700684,0.937254905700684);
#1892=CARTESIAN_POINT('',(1.15,-0.967562823764934,0.349576652661463));
#1893=CARTESIAN_POINT('',(0.75,-0.967562823764934,0.349576652661463));
#1894=VECTOR('',#2218,1.0);
#1895=CARTESIAN_POINT('',(1.15,-1.0277886612621,0.147685329865715));
#1896=CARTESIAN_POINT('',(0.75,-1.0277886612621,0.147685329865715));
#1897=VECTOR('',#2219,1.0);
#1898=CARTESIAN_POINT('',(1.15,-1.0277886612621,0.147685329865715));
#1899=VECTOR('',#2220,0.961022219297148);
#1900=COLOUR_RGB('',0.937254905700684,0.937254905700684,0.937254905700684);
#1901=CARTESIAN_POINT('',(1.15,-1.06913836010437,0.109627738402402));
#1902=AXIS2_PLACEMENT_3D('',#2221,#2222,#2223);
#1903=CARTESIAN_POINT('',(0.75,-1.06913836010437,0.109627738402402));
#1904=VECTOR('',#2224,1.0);
#1905=COLOUR_RGB('',0.329411774873734,0.329411774873734,0.329411774873734);
#1906=CARTESIAN_POINT('',(-1.5,0.7,1.105));
#1907=CARTESIAN_POINT('',(-1.4,0.6,1.2));
#1908=CARTESIAN_POINT('',(-1.1,0.3,1.485));
#1909=VECTOR('',#2225,0.9836157786453);
#1910=CARTESIAN_POINT('',(-1.5,-0.7,1.105));
#1911=CARTESIAN_POINT('',(-1.5,0.0,1.105));
#1912=VECTOR('',#2226,1.0);
#1913=CARTESIAN_POINT('',(-1.4,-0.6,1.2));
#1914=CARTESIAN_POINT('',(-1.1,-0.3,1.485));
#1915=VECTOR('',#2227,0.9836157786453);
#1916=CARTESIAN_POINT('',(-1.4,0.0,1.2));
#1917=VECTOR('',#2228,1.0);
#1918=COLOUR_RGB('',0.937254905700684,0.937254905700684,0.937254905700684);
#1919=CARTESIAN_POINT('',(0.2,0.873904203638073,0.3160045507467));
#1920=CARTESIAN_POINT('',(0.2,0.828566773201973,0.354519677433255));
#1921=AXIS2_PLACEMENT_3D('',#2229,#2230,#2231);
#1922=CARTESIAN_POINT('',(-0.2,0.828566773201973,0.354519677433256));
#1923=VECTOR('',#2232,1.0);
#1924=CARTESIAN_POINT('',(-0.2,0.873904203638073,0.3160045507467));
#1925=VECTOR('',#2233,1.0);
#1926=COLOUR_RGB('',0.937254905700684,0.937254905700684,0.937254905700684);
#1927=CARTESIAN_POINT('',(1.15,-0.828571568353103,0.354519677167363));
#1928=CARTESIAN_POINT('',(1.15,-0.828571568353103,0.354519677167364));
#1929=VECTOR('',#2234,1.0);
#1930=AXIS2_PLACEMENT_3D('',#2235,#2236,#2237);
#1931=COLOUR_RGB('',0.329411774873734,0.329411774873734,0.329411774873734);
#1932=CARTESIAN_POINT('',(1.4,0.6,1.2));
#1933=CARTESIAN_POINT('',(1.5,0.7,1.105));
#1934=CARTESIAN_POINT('',(1.1,0.3,1.485));
#1935=VECTOR('',#2238,0.9836157786453);
#1936=CARTESIAN_POINT('',(1.4,-0.6,1.2));
#1937=CARTESIAN_POINT('',(1.4,0.0,1.2));
#1938=VECTOR('',#2239,1.0);
#1939=CARTESIAN_POINT('',(1.5,-0.7,1.105));
#1940=CARTESIAN_POINT('',(1.1,-0.3,1.485));
#1941=VECTOR('',#2240,0.9836157786453);
#1942=CARTESIAN_POINT('',(1.5,0.0,1.105));
#1943=VECTOR('',#2241,1.0);
#1944=COLOUR_RGB('',0.937254905700684,0.937254905700684,0.937254905700684);
#1945=CARTESIAN_POINT('',(0.2,0.934130726388896,0.114113227950952));
#1946=AXIS2_PLACEMENT_3D('',#2242,#2243,#2244);
#1947=CARTESIAN_POINT('',(-0.2,0.934130726388896,0.114113227950952));
#1948=VECTOR('',#2245,1.0);
#1949=COLOUR_RGB('',0.329411774873734,0.329411774873734,0.329411774873734);
#1950=CARTESIAN_POINT('',(0.0,-0.7,1.105));
#1951=VECTOR('',#2246,1.0);
#1952=CARTESIAN_POINT('',(-1.5,-0.7,0.0500000000000002));
#1953=CARTESIAN_POINT('',(-1.5,-0.7,0.25));
#1954=VECTOR('',#2247,1.0);
#1955=CARTESIAN_POINT('',(1.5,-0.7,0.0500000000000002));
#1956=CARTESIAN_POINT('',(1.5,-0.7,0.0500000000000002));
#1957=VECTOR('',#2248,1.0);
#1958=CARTESIAN_POINT('',(1.5,-0.7,0.725));
#1959=VECTOR('',#2249,0.95);
#1960=CARTESIAN_POINT('',(1.15,-0.7,0.449991783842879));
#1961=CARTESIAN_POINT('',(1.15,-0.7,0.55249589192144));
#1962=VECTOR('',#2250,1.0);
#1963=CARTESIAN_POINT('',(-0.375,-0.7,0.449991783842879));
#1964=VECTOR('',#2251,1.0);
#1965=CARTESIAN_POINT('',(-1.15,-0.7,0.449991783842879));
#1966=CARTESIAN_POINT('',(-1.15,-0.7,0.55249589192144));
#1967=VECTOR('',#2252,1.0);
#1968=CARTESIAN_POINT('',(-1.325,-0.7,0.449991783842879));
#1969=VECTOR('',#2253,1.0);
#1970=COLOUR_RGB('',0.937254905700684,0.937254905700684,0.937254905700684);
#1971=CARTESIAN_POINT('',(0.2,0.7,0.449991784108771));
#1972=CARTESIAN_POINT('',(-0.85,0.7,0.449991784108771));
#1973=VECTOR('',#2254,1.0);
#1974=CARTESIAN_POINT('',(0.2,0.820592250973684,0.449991784108771));
#1975=CARTESIAN_POINT('',(0.2,0.820592250973684,0.449991784108771));
#1976=VECTOR('',#2255,1.0);
#1977=CARTESIAN_POINT('',(0.2,0.820592250973684,0.449991784108771));
#1978=VECTOR('',#2256,1.0);
#1979=COLOUR_RGB('',0.329411774873734,0.329411774873734,0.329411774873734);
#1980=CARTESIAN_POINT('',(-1.3,-0.35,1.2));
#1981=CARTESIAN_POINT('',(-1.0,-0.35,1.2));
#1982=AXIS2_PLACEMENT_3D('',#2257,#2258,#2259);
#1983=AXIS2_PLACEMENT_3D('',#2260,#2261,#2262);
#1984=CARTESIAN_POINT('',(0.0,0.6,1.2));
#1985=VECTOR('',#2263,1.0);
#1986=CARTESIAN_POINT('',(0.0,-0.6,1.2));
#1987=VECTOR('',#2264,1.0);
#1988=COLOUR_RGB('',0.937254905700684,0.937254905700684,0.937254905700684);
#1989=CARTESIAN_POINT('',(-1.15,-0.820592250973684,0.449991783842879));
#1990=VECTOR('',#2265,1.0);
#1991=COLOUR_RGB('',0.937254905700684,0.937254905700684,0.937254905700684);
#1992=CARTESIAN_POINT('',(-1.15,-1.06913630213852,0.0138506082447252));
#1993=CARTESIAN_POINT('',(-0.75,-1.06913630213852,0.0138506082447251));
#1994=VECTOR('',#2266,1.0);
#1995=CARTESIAN_POINT('',(-1.15,-1.25000965336326,-8.21615712016249E-006));
#1996=CARTESIAN_POINT('',(-0.75,-1.25000965336326,-8.21615712016249E-006));
#1997=VECTOR('',#2267,1.0);
#1998=CARTESIAN_POINT('',(-1.15,-1.25000965336326,-8.21615712016249E-006));
#1999=VECTOR('',#2268,0.999737090609829);
#2000=COLOUR_RGB('',0.937254905700684,0.937254905700684,0.937254905700684);
#2001=CARTESIAN_POINT('',(0.2,0.7,0.432363778317171));
#2002=CARTESIAN_POINT('',(-0.850000000000001,0.7,0.432363778317338));
#2003=VECTOR('',#2269,1.0);
#2004=CARTESIAN_POINT('',(0.200000000000001,0.70004262860999,0.354519677433256));
#2005=CARTESIAN_POINT('',(0.1,0.70004262860999,0.354519677433256));
#2006=VECTOR('',#2270,1.0);
#2007=CARTESIAN_POINT('',(0.2,0.70013977597154,0.17711888921057));
#2008=VECTOR('',#2271,1.0);
#2009=COLOUR_RGB('',1.0,1.0,1.0);
#2010=CARTESIAN_POINT('',(-1.0,-0.35,1.21));
#2011=CARTESIAN_POINT('',(-1.0,-0.35,1.2));
#2012=VECTOR('',#2272,1.0);
#2013=CARTESIAN_POINT('',(-1.3,-0.35,1.21));
#2014=CARTESIAN_POINT('',(-1.3,-0.35,1.2));
#2015=VECTOR('',#2273,1.0);
#2016=AXIS2_PLACEMENT_3D('',#2274,#2275,#2276);
#2017=COLOUR_RGB('',0.937254905700684,0.937254905700684,0.937254905700684);
#2018=CARTESIAN_POINT('',(1.15,-0.820597136858437,0.449991783842879));
#2019=AXIS2_PLACEMENT_3D('',#2277,#2278,#2279);
#2020=CARTESIAN_POINT('',(0.75,-0.820597136858437,0.449991783842879));
#2021=VECTOR('',#2280,1.0);
#2022=COLOUR_RGB('',0.937254905700684,0.937254905700684,0.937254905700684);
#2023=CARTESIAN_POINT('',(-1.15,-0.828566773201973,0.354519677167363));
#2024=CARTESIAN_POINT('',(-0.75,-0.828566773201973,0.354519677167364));
#2025=VECTOR('',#2281,1.0);
#2026=CARTESIAN_POINT('',(-1.15,-0.828566773201973,0.354519677167363));
#2027=VECTOR('',#2282,1.0);
#2028=COLOUR_RGB('',0.329411774873734,0.329411774873734,0.329411774873734);
#2029=COLOUR_RGB('',0.329411774873734,0.329411774873734,0.329411774873734);
#2030=CARTESIAN_POINT('',(0.2,0.7,0.552495892054386));
#2031=VECTOR('',#2283,1.0);
#2032=CARTESIAN_POINT('',(0.0,0.7,1.105));
#2033=VECTOR('',#2284,1.0);
#2034=CARTESIAN_POINT('',(1.5,0.7,0.05));
#2035=CARTESIAN_POINT('',(1.5,0.7,0.725));
#2036=VECTOR('',#2285,0.95);
#2037=CARTESIAN_POINT('',(-1.5,0.7,0.05));
#2038=CARTESIAN_POINT('',(-1.5,0.7,0.05));
#2039=VECTOR('',#2286,1.0);
#2040=CARTESIAN_POINT('',(-1.5,0.7,0.725));
#2041=VECTOR('',#2287,0.95);
#2042=COLOUR_RGB('',0.937254905700684,0.937254905700684,0.937254905700684);
#2043=CARTESIAN_POINT('',(0.2,1.25000965336326,0.0957689142664486));
#2044=CARTESIAN_POINT('',(0.2,1.25000965336326,0.0957689142664486));
#2045=VECTOR('',#2288,0.999737090609829);
#2046=CARTESIAN_POINT('',(0.2,1.25000965336326,0.0957689142664486));
#2047=VECTOR('',#2289,1.0);
#2048=COLOUR_RGB('',0.937254905700684,0.937254905700684,0.937254905700684);
#2049=CARTESIAN_POINT('',(0.2,0.934130726388896,0.114113227950952));
#2050=VECTOR('',#2290,0.96102311283221);
#2051=COLOUR_RGB('',0.937254905700684,0.937254905700684,0.937254905700684);
#2052=CARTESIAN_POINT('',(1.15,-1.06913836010437,0.0138506082447252));
#2053=AXIS2_PLACEMENT_3D('',#2291,#2292,#2293);
#2054=CARTESIAN_POINT('',(1.15,-1.06913836010437,0.0138506082447252));
#2055=VECTOR('',#2294,1.0);
#2056=COLOUR_RGB('',0.937254905700684,0.937254905700684,0.937254905700684);
#2057=CARTESIAN_POINT('',(1.15,-0.828571568353103,0.354519677167363));
#2058=VECTOR('',#2295,0.999988622061596);
#2059=COLOUR_RGB('',0.937254905700684,0.937254905700684,0.937254905700684);
#2060=CARTESIAN_POINT('',(0.2,0.828566773201973,0.354519677433255));
#2061=VECTOR('',#2296,1.0);
#2062=COLOUR_RGB('',0.937254905700684,0.937254905700684,0.937254905700684);
#2063=CARTESIAN_POINT('',(0.2,0.967559610065744,0.349576652927355));
#2064=CARTESIAN_POINT('',(0.2,0.967559610065744,0.349576652927355));
#2065=VECTOR('',#2297,1.0);
#2066=CARTESIAN_POINT('',(0.2,1.02778613281657,0.147685330131607));
#2067=VECTOR('',#2298,0.96102311283221);
#2068=COLOUR_RGB('',0.937254905700684,0.937254905700684,0.937254905700684);
#2069=CARTESIAN_POINT('',(0.2,1.25000965336326,-8.21589122815963E-006));
#2070=VECTOR('',#2299,0.957771301576767);
#2071=COLOUR_RGB('',0.937254905700684,0.937254905700684,0.937254905700684);
#2072=CARTESIAN_POINT('',(-1.15,-1.02778613281657,0.147685329865715));
#2073=CARTESIAN_POINT('',(-1.15,-1.02778613281657,0.147685329865715));
#2074=VECTOR('',#2300,0.96102311283221);
#2075=CARTESIAN_POINT('',(-1.15,-1.02778613281657,0.147685329865715));
#2076=VECTOR('',#2301,1.0);
#2077=COLOUR_RGB('',1.0,1.0,1.0);
#2078=AXIS2_PLACEMENT_3D('',#2302,#2303,#2304);
#2079=COLOUR_RGB('',0.937254905700684,0.937254905700684,0.937254905700684);
#2080=CARTESIAN_POINT('',(-1.15,-1.06913630213852,0.109627738402402));
#2081=CARTESIAN_POINT('',(-1.15,-1.06913630213852,0.109627738402402));
#2082=VECTOR('',#2305,1.0);
#2083=CARTESIAN_POINT('',(-1.15,-1.25000965336326,0.0957689140005566));
#2084=CARTESIAN_POINT('',(-1.15,-1.25000965336326,0.0957689140005566));
#2085=VECTOR('',#2306,0.999737090609829);
#2086=CARTESIAN_POINT('',(-1.15,-1.25000965336326,0.0957689140005566));
#2087=VECTOR('',#2307,1.0);
#2088=COLOUR_RGB('',0.937254905700684,0.937254905700684,0.937254905700684);
#2089=CARTESIAN_POINT('',(1.15,-1.25000965336326,-8.21615712019025E-006));
#2090=VECTOR('',#2308,0.999725782054407);
#2091=COLOUR_RGB('',0.937254905700684,0.937254905700684,0.937254905700684);
#2092=CARTESIAN_POINT('',(-1.15,-0.873904203638073,0.316004550480808));
#2093=CARTESIAN_POINT('',(-0.75,-0.873904203638073,0.316004550480808));
#2094=VECTOR('',#2309,1.0);
#2095=CARTESIAN_POINT('',(-1.15,-0.934130726388896,0.11411322768506));
#2096=CARTESIAN_POINT('',(-0.75,-0.934130726388896,0.11411322768506));
#2097=VECTOR('',#2310,1.0);
#2098=CARTESIAN_POINT('',(-1.15,-0.934130726388896,0.11411322768506));
#2099=VECTOR('',#2311,0.96102311283221);
#2100=COLOUR_RGB('',0.329411774873734,0.329411774873734,0.329411774873734);
#2101=CARTESIAN_POINT('',(1.5,0.7,0.05));
#2102=VECTOR('',#2312,1.0);
#2103=COLOUR_RGB('',0.329411774873734,0.329411774873734,0.329411774873734);
#2104=CARTESIAN_POINT('',(-1.5,-0.7,0.0500000000000002));
#2105=VECTOR('',#2313,1.0);
#2106=COLOUR_RGB('',0.937254905700684,0.937254905700684,0.937254905700684);
#2107=CARTESIAN_POINT('',(1.15,-1.25000965336326,0.0957689140005566));
#2108=VECTOR('',#2314,0.999725782054407);
#2109=COLOUR_RGB('',1.0,1.0,1.0);
#2110=COLOUR_RGB('',0.937254905700684,0.937254905700684,0.937254905700684);
#2111=AXIS2_PLACEMENT_3D('',#2315,#2316,#2317);
#2112=COLOUR_RGB('',0.937254905700684,0.937254905700684,0.937254905700684);
#2113=AXIS2_PLACEMENT_3D('',#2318,#2319,#2320);
#2114=COLOUR_RGB('',0.937254905700684,0.937254905700684,0.937254905700684);
#2115=AXIS2_PLACEMENT_3D('',#2321,#2322,#2323);
#2116=AXIS2_PLACEMENT_3D('',#2324,#2325,#2326);
#2117=CARTESIAN_POINT('',(-1.15,-1.25000965336326,-8.21615712016249E-006));
#2118=VECTOR('',#2327,0.957771301576767);
#2119=COLOUR_RGB('',0.937254905700684,0.937254905700684,0.937254905700684);
#2120=CARTESIAN_POINT('',(1.15,-0.820597136858437,0.449991783842879));
#2121=VECTOR('',#2328,0.999988622061596);
#2122=COLOUR_RGB('',0.329411774873734,0.329411774873734,0.329411774873734);
#2123=COLOUR_RGB('',0.937254905700684,0.937254905700684,0.937254905700684);
#2124=COLOUR_RGB('',0.937254905700684,0.937254905700684,0.937254905700684);
#2125=COLOUR_RGB('',0.937254905700684,0.937254905700684,0.937254905700684);
#2126=COLOUR_RGB('',0.937254905700684,0.937254905700684,0.937254905700684);
#2127=COLOUR_RGB('',0.937254905700684,0.937254905700684,0.937254905700684);
#2128=COLOUR_RGB('',0.329411774873734,0.329411774873734,0.329411774873734);
#2129=COLOUR_RGB('',0.329411774873734,0.329411774873734,0.329411774873734);
#2130=CARTESIAN_POINT('',(-0.2,1.0771108243668,0.157211280264964));
#2131=DIRECTION('',(-1.0,0.0,0.0));
#2132=DIRECTION('',(0.0,-1.0,9.97658111188305E-013));
#2133=DIRECTION('',(1.0,-1.04083408558608E-016,0.0));
#2134=CARTESIAN_POINT('',(0.2,1.0771108243668,0.157211280264964));
#2135=DIRECTION('',(-1.0,0.0,0.0));
#2136=DIRECTION('',(0.0,-1.0,9.97658111188305E-013));
#2137=DIRECTION('',(1.0,-1.38777878078145E-016,0.0));
#2138=DIRECTION('',(-1.0,1.04083408558608E-016,0.0));
#2139=DIRECTION('',(-1.53004616355217E-016,-0.99707741955245,0.0763977710318047));
#2140=DIRECTION('',(1.0,-1.38777878078145E-016,0.0));
#2141=DIRECTION('',(-1.53004616355217E-016,-0.99707741955245,0.0763977710318047));
#2142=CARTESIAN_POINT('',(-1.15,-0.824579512087847,0.306478600347474));
#2143=DIRECTION('',(-1.0,0.0,0.0));
#2144=DIRECTION('',(0.0,1.0,1.30749937480278E-012));
#2145=DIRECTION('',(-1.0,0.0,0.0));
#2146=CARTESIAN_POINT('',(-0.75,-0.824579512087847,0.306478600347474));
#2147=DIRECTION('',(-1.0,0.0,0.0));
#2148=DIRECTION('',(0.0,1.0,1.30749937480278E-012));
#2149=DIRECTION('',(-1.0,0.0,0.0));
#2150=DIRECTION('',(1.0,0.0,0.0));
#2151=DIRECTION('',(0.0,0.0,1.0));
#2152=DIRECTION('',(-1.0,0.0,0.0));
#2153=DIRECTION('',(0.0,0.0,-1.0));
#2154=DIRECTION('',(-1.0,0.0,-2.2401142627361E-013));
#2155=DIRECTION('',(0.0,0.00054667129762398,0.999999850575235));
#2156=DIRECTION('',(1.0,-1.38777898815E-016,0.0));
#2157=DIRECTION('',(-0.0,-0.00054667129762398,-0.999999850575235));
#2158=DIRECTION('',(-1.0,0.0,-2.23625355300058E-013));
#2159=DIRECTION('',(0.0,0.000547615080839226,0.99999985005885));
#2160=DIRECTION('',(1.0,-2.08166848329993E-016,0.0));
#2161=DIRECTION('',(-0.0,-0.000547615080839226,-0.99999985005885));
#2162=DIRECTION('',(-0.0,-0.0,-1.0));
#2163=DIRECTION('',(-1.58994088775781E-016,-1.0,0.0));
#2164=CARTESIAN_POINT('',(-0.2,0.82457951208785,0.306478600613371));
#2165=DIRECTION('',(1.0,1.43069050126411E-016,6.02768172211973E-016));
#2166=DIRECTION('',(-1.43069050125471E-016,1.0,-1.5591482270761E-012));
#2167=DIRECTION('',(0.0,-0.285863185004731,0.958270441712021));
#2168=DIRECTION('',(-1.53004616355217E-016,-0.99707741955245,0.0763977710318047));
#2169=DIRECTION('',(0.0,0.0,-1.0));
#2170=CARTESIAN_POINT('',(-0.2,1.07711082436683,0.157211280264994));
#2171=DIRECTION('',(-1.0,-5.43333313110961E-016,-9.73464088360914E-016));
#2172=DIRECTION('',(-5.43333313112234E-016,1.0,1.30801987779894E-012));
#2173=DIRECTION('',(0.0,-0.285863185004731,0.958270441712021));
#2174=CARTESIAN_POINT('',(-0.2,0.824579512087825,0.306478600613331));
#2175=DIRECTION('',(1.0,0.0,0.0));
#2176=DIRECTION('',(0.0,-1.0,-8.59356130378318E-013));
#2177=DIRECTION('',(-1.58994088775781E-016,-1.0,0.0));
#2178=DIRECTION('',(-6.66185812800774E-020,-0.000547615080839003,0.99999985005885));
#2179=DIRECTION('',(0.0,0.0,1.0));
#2180=DIRECTION('',(0.0,1.0,0.0));
#2181=CARTESIAN_POINT('',(0.75,-0.824584352605783,0.306478600347459));
#2182=DIRECTION('',(-1.0,0.0,0.0));
#2183=DIRECTION('',(0.0,1.0,2.38871504687854E-012));
#2184=DIRECTION('',(0.0,0.285860198256626,0.958271332688546));
#2185=CARTESIAN_POINT('',(0.75,-1.07711279159906,0.1572112799991));
#2186=DIRECTION('',(1.0,0.0,0.0));
#2187=DIRECTION('',(0.0,1.0,-1.16603251089062E-012));
#2188=DIRECTION('',(0.0,0.997077353336715,0.0763986352172077));
#2189=DIRECTION('',(0.0,0.997077353336715,0.0763986352172077));
#2190=CARTESIAN_POINT('',(0.75,-1.07711279159903,0.157211279999071));
#2191=DIRECTION('',(1.0,0.0,0.0));
#2192=DIRECTION('',(0.0,-1.0,-1.32301048237676E-012));
#2193=DIRECTION('',(0.0,0.285860198256627,0.958271332688546));
#2194=CARTESIAN_POINT('',(0.75,-0.824584352605772,0.30647860034745));
#2195=DIRECTION('',(-1.0,0.0,0.0));
#2196=DIRECTION('',(0.0,1.0,1.90801968289402E-013));
#2197=DIRECTION('',(0.0,1.0,0.0));
#2198=DIRECTION('',(0.0,0.0,-1.0));
#2199=DIRECTION('',(0.0,1.0,0.0));
#2200=DIRECTION('',(0.0,0.285863185004731,0.958270441712021));
#2201=CARTESIAN_POINT('',(-0.75,-1.07711082436681,0.157211279999078));
#2202=DIRECTION('',(1.0,0.0,0.0));
#2203=DIRECTION('',(0.0,1.0,-5.20911159076703E-014));
#2204=DIRECTION('',(0.0,0.99707741955245,0.0763977710318047));
#2205=DIRECTION('',(0.0,0.0,-1.0));
#2206=DIRECTION('',(0.0,0.99707741955245,0.0763977710318047));
#2207=CARTESIAN_POINT('',(-0.75,-1.07711082436683,0.157211279999099));
#2208=DIRECTION('',(1.0,0.0,0.0));
#2209=DIRECTION('',(0.0,1.0,-1.17229229215284E-012));
#2210=DIRECTION('',(0.0,0.285863185004731,0.958270441712021));
#2211=CARTESIAN_POINT('',(-0.75,-0.824579512087822,0.306478600347437));
#2212=DIRECTION('',(-1.0,0.0,0.0));
#2213=DIRECTION('',(0.0,-1.0,1.25999524270833E-012));
#2214=DIRECTION('',(0.0,1.0,0.0));
#2215=DIRECTION('',(1.0,0.0,0.0));
#2216=DIRECTION('',(0.0,0.285860198256626,0.958271332688546));
#2217=DIRECTION('',(1.0,0.0,0.0));
#2218=DIRECTION('',(-1.0,0.0,0.0));
#2219=DIRECTION('',(-1.0,0.0,0.0));
#2220=DIRECTION('',(0.0,0.285860198256627,0.958271332688546));
#2221=CARTESIAN_POINT('',(1.15,-1.07711279159903,0.157211279999071));
#2222=DIRECTION('',(1.0,0.0,0.0));
#2223=DIRECTION('',(0.0,-1.0,-1.32301048237676E-012));
#2224=DIRECTION('',(-1.0,0.0,0.0));
#2225=DIRECTION('',(0.586967270883751,-0.586967270883749,0.557618907339561));
#2226=DIRECTION('',(0.0,-1.0,0.0));
#2227=DIRECTION('',(-0.586967270883751,-0.586967270883749,-0.557618907339561));
#2228=DIRECTION('',(0.0,1.0,0.0));
#2229=CARTESIAN_POINT('',(0.2,0.824579512087825,0.306478600613331));
#2230=DIRECTION('',(1.0,0.0,0.0));
#2231=DIRECTION('',(0.0,-1.0,-8.59356130378318E-013));
#2232=DIRECTION('',(-1.0,1.73472347597681E-016,0.0));
#2233=DIRECTION('',(-1.0,1.38777878078145E-016,0.0));
#2234=DIRECTION('',(1.0,0.0,0.0));
#2235=CARTESIAN_POINT('',(1.15,-0.824584352605783,0.306478600347459));
#2236=DIRECTION('',(-1.0,0.0,0.0));
#2237=DIRECTION('',(0.0,1.0,2.38871504687854E-012));
#2238=DIRECTION('',(0.586967270883751,0.586967270883749,-0.557618907339561));
#2239=DIRECTION('',(0.0,-1.0,0.0));
#2240=DIRECTION('',(0.586967270883751,-0.586967270883749,-0.557618907339561));
#2241=DIRECTION('',(0.0,1.0,0.0));
#2242=CARTESIAN_POINT('',(0.2,1.07711082436683,0.157211280264996));
#2243=DIRECTION('',(-1.0,-5.43333313110961E-016,-9.73464088360914E-016));
#2244=DIRECTION('',(-5.43333313112341E-016,1.0,1.41747760815872E-012));
#2245=DIRECTION('',(-1.0,1.21430643318376E-016,0.0));
#2246=DIRECTION('',(1.0,0.0,0.0));
#2247=DIRECTION('',(0.0,-1.22460635382238E-016,-1.0));
#2248=DIRECTION('',(1.0,0.0,0.0));
#2249=DIRECTION('',(0.0,0.0,-1.0));
#2250=DIRECTION('',(0.0,0.0,-1.0));
#2251=DIRECTION('',(1.0,0.0,-0.0));
#2252=DIRECTION('',(0.0,0.0,1.0));
#2253=DIRECTION('',(1.0,0.0,-0.0));
#2254=DIRECTION('',(-1.0,0.0,0.0));
#2255=DIRECTION('',(-1.58994088775781E-016,-1.0,0.0));
#2256=DIRECTION('',(1.0,-2.08166817117217E-016,0.0));
#2257=CARTESIAN_POINT('',(-1.15,-0.35,1.2));
#2258=DIRECTION('',(0.0,0.0,-1.0));
#2259=DIRECTION('',(1.0,0.0,0.0));
#2260=CARTESIAN_POINT('',(-1.15,-0.35,1.2));
#2261=DIRECTION('',(0.0,0.0,-1.0));
#2262=DIRECTION('',(1.0,0.0,0.0));
#2263=DIRECTION('',(1.0,0.0,0.0));
#2264=DIRECTION('',(-1.0,0.0,0.0));
#2265=DIRECTION('',(0.0,1.0,0.0));
#2266=DIRECTION('',(1.0,0.0,0.0));
#2267=DIRECTION('',(-1.0,0.0,0.0));
#2268=DIRECTION('',(0.0,0.99707741955245,0.0763977710318047));
#2269=DIRECTION('',(1.0,0.0,0.0));
#2270=DIRECTION('',(-1.0,-4.32650960164409E-016,-0.0));
#2271=DIRECTION('',(6.66185812800774E-020,0.000547615080839003,-0.99999985005885));
#2272=DIRECTION('',(0.0,-0.0,-1.0));
#2273=DIRECTION('',(0.0,0.0,1.0));
#2274=CARTESIAN_POINT('',(-1.15,-0.35,1.21));
#2275=DIRECTION('',(0.0,0.0,-1.0));
#2276=DIRECTION('',(1.0,0.0,0.0));
#2277=CARTESIAN_POINT('',(1.15,-0.824584352605772,0.30647860034745));
#2278=DIRECTION('',(-1.0,0.0,0.0));
#2279=DIRECTION('',(0.0,1.0,1.90801968289402E-013));
#2280=DIRECTION('',(-1.0,0.0,0.0));
#2281=DIRECTION('',(1.0,0.0,0.0));
#2282=DIRECTION('',(0.0,1.0,0.0));
#2283=DIRECTION('',(0.0,0.0,1.0));
#2284=DIRECTION('',(-1.0,0.0,0.0));
#2285=DIRECTION('',(0.0,0.0,-1.0));
#2286=DIRECTION('',(-1.0,0.0,0.0));
#2287=DIRECTION('',(0.0,0.0,-1.0));
#2288=DIRECTION('',(-1.53004616355217E-016,-0.99707741955245,0.0763977710318047));
#2289=DIRECTION('',(-1.0,1.38777878078145E-016,0.0));
#2290=DIRECTION('',(0.0,-0.285863185004731,0.958270441712021));
#2291=CARTESIAN_POINT('',(1.15,-1.07711279159906,0.1572112799991));
#2292=DIRECTION('',(1.0,0.0,0.0));
#2293=DIRECTION('',(0.0,1.0,-1.16603251089062E-012));
#2294=DIRECTION('',(1.0,0.0,0.0));
#2295=DIRECTION('',(0.0,1.0,0.0));
#2296=DIRECTION('',(-1.58994088775781E-016,-1.0,0.0));
#2297=DIRECTION('',(1.0,-1.21430643318376E-016,0.0));
#2298=DIRECTION('',(0.0,-0.285863185004731,0.958270441712021));
#2299=DIRECTION('',(0.0,0.0,1.0));
#2300=DIRECTION('',(0.0,0.285863185004731,0.958270441712021));
#2301=DIRECTION('',(-1.0,0.0,0.0));
#2302=CARTESIAN_POINT('',(-1.15,-0.35,1.21));
#2303=DIRECTION('',(0.0,0.0,-1.0));
#2304=DIRECTION('',(1.0,0.0,0.0));
#2305=DIRECTION('',(-1.0,0.0,0.0));
#2306=DIRECTION('',(0.0,0.99707741955245,0.0763977710318047));
#2307=DIRECTION('',(1.0,0.0,0.0));
#2308=DIRECTION('',(0.0,0.997077353336715,0.0763986352172077));
#2309=DIRECTION('',(1.0,0.0,0.0));
#2310=DIRECTION('',(1.0,0.0,0.0));
#2311=DIRECTION('',(0.0,0.285863185004731,0.958270441712021));
#2312=DIRECTION('',(0.0,1.0,-1.22460635382238E-016));
#2313=DIRECTION('',(0.0,-1.0,1.22460635382238E-016));
#2314=DIRECTION('',(0.0,0.997077353336715,0.0763986352172077));
#2315=CARTESIAN_POINT('',(-1.15,-1.07711082436681,0.157211279999078));
#2316=DIRECTION('',(1.0,0.0,0.0));
#2317=DIRECTION('',(0.0,1.0,-5.20911159076703E-014));
#2318=CARTESIAN_POINT('',(0.2,0.82457951208785,0.306478600613371));
#2319=DIRECTION('',(1.0,1.43069050126411E-016,6.02768172211973E-016));
#2320=DIRECTION('',(-1.43069050125471E-016,1.0,-1.5591482270761E-012));
#2321=CARTESIAN_POINT('',(-1.15,-0.824579512087822,0.306478600347437));
#2322=DIRECTION('',(-1.0,0.0,0.0));
#2323=DIRECTION('',(0.0,-1.0,1.25999524270833E-012));
#2324=CARTESIAN_POINT('',(-1.15,-1.07711082436683,0.157211279999099));
#2325=DIRECTION('',(1.0,0.0,0.0));
#2326=DIRECTION('',(0.0,1.0,-1.17229229215284E-012));
#2327=DIRECTION('',(0.0,0.0,1.0));
#2328=DIRECTION('',(0.0,1.0,0.0));
ENDSEC;
END-ISO-10303-21;
