ISO-10303-21;
HEADER;
FILE_DESCRIPTION(('STEP AP214'),'1');
FILE_NAME('D:/Daten/Step/CB/SMD_discrete/tmp0.STP','2012-01-04T11:17:59',(' '),(' '),'Spatial InterOp 3D',' ',' ');
FILE_SCHEMA(('automotive_design'));
ENDSEC;
DATA;
#1=MECHANICAL_DESIGN_GEOMETRIC_PRESENTATION_REPRESENTATION(' ',(#10,#11,#12,#13,#14,#15,#16,#17,#18,#19,#20,#21,#22,#23,#24,#25,#26,#27,#28,#29,#30,#31,#32,#33,#34,#35,#36,#37,#38,#39,#40,#41,#42,#43,#44,#45,#46,#47,#48,#49,#50,#51,#52,#53,#54,#55,#56,#57,#58,#59,#60,#61,#62,#63,#64,#65),#6);
#2=PRODUCT_DEFINITION_CONTEXT('',#66,'design');
#3=APPLICATION_PROTOCOL_DEFINITION('INTERNATIONAL STANDARD','automotive_design',1994,#66);
#4=PRODUCT_CATEGORY_RELATIONSHIP('NONE','NONE',#67,#68);
#5=SHAPE_DEFINITION_REPRESENTATION(#69,#70);
#6= (GEOMETRIC_REPRESENTATION_CONTEXT(3)GLOBAL_UNCERTAINTY_ASSIGNED_CONTEXT((#73))GLOBAL_UNIT_ASSIGNED_CONTEXT((#75,#76,#77))REPRESENTATION_CONTEXT('NONE','WORKSPACE'));
#10=STYLED_ITEM('',(#79),#80);
#11=STYLED_ITEM('',(#81),#82);
#12=STYLED_ITEM('',(#83),#84);
#13=STYLED_ITEM('',(#85),#86);
#14=STYLED_ITEM('',(#87),#88);
#15=STYLED_ITEM('',(#89),#90);
#16=STYLED_ITEM('',(#91),#92);
#17=STYLED_ITEM('',(#93),#94);
#18=STYLED_ITEM('',(#95),#96);
#19=STYLED_ITEM('',(#97),#98);
#20=STYLED_ITEM('',(#99),#100);
#21=STYLED_ITEM('',(#101),#102);
#22=STYLED_ITEM('',(#103),#104);
#23=STYLED_ITEM('',(#105),#106);
#24=STYLED_ITEM('',(#107),#108);
#25=STYLED_ITEM('',(#109),#110);
#26=STYLED_ITEM('',(#111),#112);
#27=STYLED_ITEM('',(#113),#114);
#28=STYLED_ITEM('',(#115),#116);
#29=STYLED_ITEM('',(#117),#118);
#30=STYLED_ITEM('',(#119),#120);
#31=STYLED_ITEM('',(#121),#122);
#32=STYLED_ITEM('',(#123),#124);
#33=STYLED_ITEM('',(#125),#126);
#34=STYLED_ITEM('',(#127),#128);
#35=STYLED_ITEM('',(#129),#130);
#36=STYLED_ITEM('',(#131),#132);
#37=STYLED_ITEM('',(#133),#134);
#38=STYLED_ITEM('',(#135),#136);
#39=STYLED_ITEM('',(#137),#138);
#40=STYLED_ITEM('',(#139),#140);
#41=STYLED_ITEM('',(#141),#142);
#42=STYLED_ITEM('',(#143),#144);
#43=STYLED_ITEM('',(#145),#146);
#44=STYLED_ITEM('',(#147),#148);
#45=STYLED_ITEM('',(#149),#150);
#46=STYLED_ITEM('',(#151),#152);
#47=STYLED_ITEM('',(#153),#154);
#48=STYLED_ITEM('',(#155),#156);
#49=STYLED_ITEM('',(#157),#158);
#50=STYLED_ITEM('',(#159),#160);
#51=STYLED_ITEM('',(#161),#162);
#52=STYLED_ITEM('',(#163),#164);
#53=STYLED_ITEM('',(#165),#166);
#54=STYLED_ITEM('',(#167),#168);
#55=STYLED_ITEM('',(#169),#170);
#56=STYLED_ITEM('',(#171),#172);
#57=STYLED_ITEM('',(#173),#174);
#58=STYLED_ITEM('',(#175),#176);
#59=STYLED_ITEM('',(#177),#178);
#60=STYLED_ITEM('',(#179),#180);
#61=STYLED_ITEM('',(#181),#182);
#62=STYLED_ITEM('',(#183),#184);
#63=STYLED_ITEM('',(#185),#186);
#64=STYLED_ITEM('',(#187),#188);
#65=STYLED_ITEM('',(#189),#190);
#66=APPLICATION_CONTEXT(' ');
#67=PRODUCT_CATEGORY('part','NONE');
#68=PRODUCT_RELATED_PRODUCT_CATEGORY('detail',' ',(#191));
#69=PRODUCT_DEFINITION_SHAPE('NONE','NONE',#192);
#70=ADVANCED_BREP_SHAPE_REPRESENTATION('1',(#114,#193),#6);
#73=UNCERTAINTY_MEASURE_WITH_UNIT(LENGTH_MEASURE(1.0E-006),#75,'','');
#75= (CONVERSION_BASED_UNIT('MILLIMETRE',#196)LENGTH_UNIT()NAMED_UNIT(#199));
#76= (NAMED_UNIT(#201)PLANE_ANGLE_UNIT()SI_UNIT($,.RADIAN.));
#77= (NAMED_UNIT(#201)SOLID_ANGLE_UNIT()SI_UNIT($,.STERADIAN.));
#79=PRESENTATION_STYLE_ASSIGNMENT((#207));
#80=ADVANCED_FACE('',(#208),#209,.F.);
#81=PRESENTATION_STYLE_ASSIGNMENT((#210));
#82=ADVANCED_FACE('',(#211),#212,.T.);
#83=PRESENTATION_STYLE_ASSIGNMENT((#213));
#84=ADVANCED_FACE('',(#214),#215,.T.);
#85=PRESENTATION_STYLE_ASSIGNMENT((#216));
#86=ADVANCED_FACE('',(#217),#218,.T.);
#87=PRESENTATION_STYLE_ASSIGNMENT((#219));
#88=ADVANCED_FACE('',(#220),#221,.T.);
#89=PRESENTATION_STYLE_ASSIGNMENT((#222));
#90=ADVANCED_FACE('',(#223),#224,.F.);
#91=PRESENTATION_STYLE_ASSIGNMENT((#225));
#92=ADVANCED_FACE('',(#226),#227,.F.);
#93=PRESENTATION_STYLE_ASSIGNMENT((#228));
#94=ADVANCED_FACE('',(#229),#230,.T.);
#95=PRESENTATION_STYLE_ASSIGNMENT((#231));
#96=ADVANCED_FACE('',(#232),#233,.F.);
#97=PRESENTATION_STYLE_ASSIGNMENT((#234));
#98=ADVANCED_FACE('',(#235),#236,.T.);
#99=PRESENTATION_STYLE_ASSIGNMENT((#237));
#100=ADVANCED_FACE('',(#238),#239,.T.);
#101=PRESENTATION_STYLE_ASSIGNMENT((#240));
#102=ADVANCED_FACE('',(#241),#242,.T.);
#103=PRESENTATION_STYLE_ASSIGNMENT((#243));
#104=ADVANCED_FACE('',(#244),#245,.T.);
#105=PRESENTATION_STYLE_ASSIGNMENT((#246));
#106=ADVANCED_FACE('',(#247),#248,.T.);
#107=PRESENTATION_STYLE_ASSIGNMENT((#249));
#108=ADVANCED_FACE('',(#250),#251,.T.);
#109=PRESENTATION_STYLE_ASSIGNMENT((#252));
#110=ADVANCED_FACE('',(#253),#254,.T.);
#111=PRESENTATION_STYLE_ASSIGNMENT((#255));
#112=ADVANCED_FACE('',(#256,#257),#258,.T.);
#113=PRESENTATION_STYLE_ASSIGNMENT((#259));
#114=MANIFOLD_SOLID_BREP('1',#260);
#115=PRESENTATION_STYLE_ASSIGNMENT((#261));
#116=ADVANCED_FACE('',(#262),#263,.T.);
#117=PRESENTATION_STYLE_ASSIGNMENT((#264));
#118=ADVANCED_FACE('',(#265),#266,.T.);
#119=PRESENTATION_STYLE_ASSIGNMENT((#267));
#120=ADVANCED_FACE('',(#268),#269,.T.);
#121=PRESENTATION_STYLE_ASSIGNMENT((#270));
#122=ADVANCED_FACE('',(#271),#272,.T.);
#123=PRESENTATION_STYLE_ASSIGNMENT((#273));
#124=ADVANCED_FACE('',(#274),#275,.T.);
#125=PRESENTATION_STYLE_ASSIGNMENT((#276));
#126=ADVANCED_FACE('',(#277),#278,.T.);
#127=PRESENTATION_STYLE_ASSIGNMENT((#279));
#128=ADVANCED_FACE('',(#280),#281,.T.);
#129=PRESENTATION_STYLE_ASSIGNMENT((#282));
#130=ADVANCED_FACE('',(#283),#284,.T.);
#131=PRESENTATION_STYLE_ASSIGNMENT((#285));
#132=ADVANCED_FACE('',(#286),#287,.F.);
#133=PRESENTATION_STYLE_ASSIGNMENT((#288));
#134=ADVANCED_FACE('',(#289),#290,.T.);
#135=PRESENTATION_STYLE_ASSIGNMENT((#291));
#136=ADVANCED_FACE('',(#292),#293,.T.);
#137=PRESENTATION_STYLE_ASSIGNMENT((#294));
#138=ADVANCED_FACE('',(#295),#296,.T.);
#139=PRESENTATION_STYLE_ASSIGNMENT((#297));
#140=ADVANCED_FACE('',(#298),#299,.T.);
#141=PRESENTATION_STYLE_ASSIGNMENT((#300));
#142=ADVANCED_FACE('',(#301),#302,.T.);
#143=PRESENTATION_STYLE_ASSIGNMENT((#303));
#144=ADVANCED_FACE('',(#304),#305,.T.);
#145=PRESENTATION_STYLE_ASSIGNMENT((#306));
#146=ADVANCED_FACE('',(#307),#308,.T.);
#147=PRESENTATION_STYLE_ASSIGNMENT((#309));
#148=ADVANCED_FACE('',(#310),#311,.T.);
#149=PRESENTATION_STYLE_ASSIGNMENT((#312));
#150=ADVANCED_FACE('',(#313),#314,.T.);
#151=PRESENTATION_STYLE_ASSIGNMENT((#315));
#152=ADVANCED_FACE('',(#316),#317,.T.);
#153=PRESENTATION_STYLE_ASSIGNMENT((#318));
#154=ADVANCED_FACE('',(#319),#320,.T.);
#155=PRESENTATION_STYLE_ASSIGNMENT((#321));
#156=ADVANCED_FACE('',(#322,#323),#324,.F.);
#157=PRESENTATION_STYLE_ASSIGNMENT((#325));
#158=ADVANCED_FACE('',(#326),#327,.F.);
#159=PRESENTATION_STYLE_ASSIGNMENT((#328));
#160=ADVANCED_FACE('',(#329),#330,.T.);
#161=PRESENTATION_STYLE_ASSIGNMENT((#331));
#162=ADVANCED_FACE('',(#332),#333,.T.);
#163=PRESENTATION_STYLE_ASSIGNMENT((#334));
#164=ADVANCED_FACE('',(#335),#336,.T.);
#165=PRESENTATION_STYLE_ASSIGNMENT((#337));
#166=ADVANCED_FACE('',(#338),#339,.T.);
#167=PRESENTATION_STYLE_ASSIGNMENT((#340));
#168=ADVANCED_FACE('',(#341),#342,.F.);
#169=PRESENTATION_STYLE_ASSIGNMENT((#343));
#170=ADVANCED_FACE('',(#344),#345,.T.);
#171=PRESENTATION_STYLE_ASSIGNMENT((#346));
#172=ADVANCED_FACE('',(#347),#348,.T.);
#173=PRESENTATION_STYLE_ASSIGNMENT((#349));
#174=ADVANCED_FACE('',(#350),#351,.T.);
#175=PRESENTATION_STYLE_ASSIGNMENT((#352));
#176=ADVANCED_FACE('',(#353),#354,.F.);
#177=PRESENTATION_STYLE_ASSIGNMENT((#355));
#178=ADVANCED_FACE('',(#356),#357,.T.);
#179=PRESENTATION_STYLE_ASSIGNMENT((#358));
#180=ADVANCED_FACE('',(#359,#360,#361),#362,.F.);
#181=PRESENTATION_STYLE_ASSIGNMENT((#363));
#182=ADVANCED_FACE('',(#364),#365,.F.);
#183=PRESENTATION_STYLE_ASSIGNMENT((#366));
#184=ADVANCED_FACE('',(#367),#368,.T.);
#185=PRESENTATION_STYLE_ASSIGNMENT((#369));
#186=ADVANCED_FACE('',(#370),#371,.T.);
#187=PRESENTATION_STYLE_ASSIGNMENT((#372));
#188=ADVANCED_FACE('',(#373),#374,.T.);
#189=PRESENTATION_STYLE_ASSIGNMENT((#375));
#190=ADVANCED_FACE('',(#376),#377,.T.);
#191=PRODUCT('1','1','PART-1-DESC',(#378));
#192=PRODUCT_DEFINITION('NONE','NONE',#379,#2);
#193=AXIS2_PLACEMENT_3D('',#380,#381,#382);
#196=LENGTH_MEASURE_WITH_UNIT(LENGTH_MEASURE(1.0),#383);
#199=DIMENSIONAL_EXPONENTS(1.0,0.0,0.0,0.0,0.0,0.0,0.0);
#201=DIMENSIONAL_EXPONENTS(0.0,0.0,0.0,0.0,0.0,0.0,0.0);
#207=SURFACE_STYLE_USAGE(.BOTH.,#384);
#208=FACE_OUTER_BOUND('',#385,.T.);
#209=PLANE('',#386);
#210=SURFACE_STYLE_USAGE(.BOTH.,#387);
#211=FACE_OUTER_BOUND('',#388,.T.);
#212=PLANE('',#389);
#213=SURFACE_STYLE_USAGE(.BOTH.,#390);
#214=FACE_OUTER_BOUND('',#391,.T.);
#215=PLANE('',#392);
#216=SURFACE_STYLE_USAGE(.BOTH.,#393);
#217=FACE_OUTER_BOUND('',#394,.T.);
#218=PLANE('',#395);
#219=SURFACE_STYLE_USAGE(.BOTH.,#396);
#220=FACE_OUTER_BOUND('',#397,.T.);
#221=PLANE('',#398);
#222=SURFACE_STYLE_USAGE(.BOTH.,#399);
#223=FACE_OUTER_BOUND('',#400,.T.);
#224=B_SPLINE_SURFACE_WITH_KNOTS('',3,3,((#401,#402,#403,#404),(#405,#406,#407,#408),(#409,#410,#411,#412),(#413,#414,#415,#416)),.UNSPECIFIED.,.F.,.F.,.F.,(4,4),(4,4),(-3.97476309151477,3.97476309151477),(-0.725573591606022,0.566923076183786),.UNSPECIFIED.);
#225=SURFACE_STYLE_USAGE(.BOTH.,#417);
#226=FACE_OUTER_BOUND('',#418,.T.);
#227=B_SPLINE_SURFACE_WITH_KNOTS('',3,3,((#419,#420,#421,#422),(#423,#424,#425,#426),(#427,#428,#429,#430),(#431,#432,#433,#434)),.UNSPECIFIED.,.F.,.F.,.F.,(4,4),(4,4),(-3.97476309151478,3.97476309151478),(-0.527008083327639,0.685658598749887),.UNSPECIFIED.);
#228=SURFACE_STYLE_USAGE(.BOTH.,#435);
#229=FACE_OUTER_BOUND('',#436,.T.);
#230=B_SPLINE_SURFACE_WITH_KNOTS('',3,3,((#437,#438,#439,#440,#441),(#442,#443,#444,#445,#446),(#447,#448,#449,#450,#451),(#452,#453,#454,#455,#456)),.UNSPECIFIED.,.F.,.F.,.F.,(4,4),(4,1,4),(-1.33427795741437,1.33427795741437),(-0.619644622768204,0.026603711126686,0.672852045021576),.UNSPECIFIED.);
#231=SURFACE_STYLE_USAGE(.BOTH.,#457);
#232=FACE_OUTER_BOUND('',#458,.T.);
#233=PLANE('',#459);
#234=SURFACE_STYLE_USAGE(.BOTH.,#460);
#235=FACE_OUTER_BOUND('',#461,.T.);
#236=CYLINDRICAL_SURFACE('',#462,0.15);
#237=SURFACE_STYLE_USAGE(.BOTH.,#463);
#238=FACE_OUTER_BOUND('',#464,.T.);
#239=PLANE('',#465);
#240=SURFACE_STYLE_USAGE(.BOTH.,#466);
#241=FACE_OUTER_BOUND('',#467,.T.);
#242=PLANE('',#468);
#243=SURFACE_STYLE_USAGE(.BOTH.,#469);
#244=FACE_OUTER_BOUND('',#470,.T.);
#245=CYLINDRICAL_SURFACE('',#471,0.15);
#246=SURFACE_STYLE_USAGE(.BOTH.,#472);
#247=FACE_OUTER_BOUND('',#473,.T.);
#248=B_SPLINE_SURFACE_WITH_KNOTS('',3,3,((#474,#475,#476,#477,#478),(#479,#480,#481,#482,#483),(#484,#485,#486,#487,#488),(#489,#490,#491,#492,#493)),.UNSPECIFIED.,.F.,.F.,.F.,(4,4),(4,1,4),(-1.33427795741437,1.33427795741437),(-0.619644622768204,0.026603711126686,0.672852045021576),.UNSPECIFIED.);
#249=SURFACE_STYLE_USAGE(.BOTH.,#494);
#250=FACE_OUTER_BOUND('',#495,.T.);
#251=PLANE('',#496);
#252=SURFACE_STYLE_USAGE(.BOTH.,#497);
#253=FACE_OUTER_BOUND('',#498,.T.);
#254=PLANE('',#499);
#255=SURFACE_STYLE_USAGE(.BOTH.,#500);
#256=FACE_BOUND('',#501,.T.);
#257=FACE_OUTER_BOUND('',#502,.T.);
#258=PLANE('',#503);
#259=SURFACE_STYLE_USAGE(.BOTH.,#504);
#260=CLOSED_SHELL('',(#98,#104,#118,#186,#162,#146,#158,#126,#168,#106,#110,#128,#138,#152,#116,#164,#174,#148,#100,#84,#176,#188,#90,#94,#108,#170,#184,#144,#130,#172,#160,#178,#88,#82,#92,#120,#132,#122,#136,#142,#150,#166,#134,#190,#154,#124,#156,#102,#112,#140,#180,#86,#96,#80,#182));
#261=SURFACE_STYLE_USAGE(.BOTH.,#505);
#262=FACE_OUTER_BOUND('',#506,.T.);
#263=PLANE('',#507);
#264=SURFACE_STYLE_USAGE(.BOTH.,#508);
#265=FACE_OUTER_BOUND('',#509,.T.);
#266=PLANE('',#510);
#267=SURFACE_STYLE_USAGE(.BOTH.,#511);
#268=FACE_OUTER_BOUND('',#512,.T.);
#269=B_SPLINE_SURFACE_WITH_KNOTS('',3,3,((#513,#514,#515,#516,#517),(#518,#519,#520,#521,#522),(#523,#524,#525,#526,#527),(#528,#529,#530,#531,#532)),.UNSPECIFIED.,.F.,.F.,.F.,(4,4),(4,1,4),(-1.33427795741437,1.33427795741437),(-0.632937052165448,-0.0266037111266785,0.579729629912091),.UNSPECIFIED.);
#270=SURFACE_STYLE_USAGE(.BOTH.,#533);
#271=FACE_OUTER_BOUND('',#534,.T.);
#272=B_SPLINE_SURFACE_WITH_KNOTS('',3,3,((#535,#536,#537,#538,#539),(#540,#541,#542,#543,#544),(#545,#546,#547,#548,#549),(#550,#551,#552,#553,#554)),.UNSPECIFIED.,.F.,.F.,.F.,(4,4),(4,1,4),(-1.33427795741437,1.33427795741437),(-0.619644622768204,0.026603711126686,0.672852045021576),.UNSPECIFIED.);
#273=SURFACE_STYLE_USAGE(.BOTH.,#555);
#274=FACE_OUTER_BOUND('',#556,.T.);
#275=PLANE('',#557);
#276=SURFACE_STYLE_USAGE(.BOTH.,#558);
#277=FACE_OUTER_BOUND('',#559,.T.);
#278=B_SPLINE_SURFACE_WITH_KNOTS('',3,3,((#560,#561,#562,#563,#564),(#565,#566,#567,#568,#569),(#570,#571,#572,#573,#574),(#575,#576,#577,#578,#579)),.UNSPECIFIED.,.F.,.F.,.F.,(4,4),(4,1,4),(-1.33427795741437,1.33427795741437),(-0.632937052165448,-0.0266037111266785,0.579729629912091),.UNSPECIFIED.);
#279=SURFACE_STYLE_USAGE(.BOTH.,#580);
#280=FACE_OUTER_BOUND('',#581,.T.);
#281=PLANE('',#582);
#282=SURFACE_STYLE_USAGE(.BOTH.,#583);
#283=FACE_OUTER_BOUND('',#584,.T.);
#284=PLANE('',#585);
#285=SURFACE_STYLE_USAGE(.BOTH.,#586);
#286=FACE_OUTER_BOUND('',#587,.T.);
#287=B_SPLINE_SURFACE_WITH_KNOTS('',3,3,((#588,#589,#590,#591),(#592,#593,#594,#595),(#596,#597,#598,#599),(#600,#601,#602,#603)),.UNSPECIFIED.,.F.,.F.,.F.,(4,4),(4,4),(-3.97476309151477,3.97476309151477),(-0.725573591606022,0.566923076183786),.UNSPECIFIED.);
#288=SURFACE_STYLE_USAGE(.BOTH.,#604);
#289=FACE_OUTER_BOUND('',#605,.T.);
#290=PLANE('',#606);
#291=SURFACE_STYLE_USAGE(.BOTH.,#607);
#292=FACE_OUTER_BOUND('',#608,.T.);
#293=PLANE('',#609);
#294=SURFACE_STYLE_USAGE(.BOTH.,#610);
#295=FACE_OUTER_BOUND('',#611,.T.);
#296=PLANE('',#612);
#297=SURFACE_STYLE_USAGE(.BOTH.,#613);
#298=FACE_OUTER_BOUND('',#614,.T.);
#299=PLANE('',#615);
#300=SURFACE_STYLE_USAGE(.BOTH.,#616);
#301=FACE_OUTER_BOUND('',#617,.T.);
#302=PLANE('',#618);
#303=SURFACE_STYLE_USAGE(.BOTH.,#619);
#304=FACE_OUTER_BOUND('',#620,.T.);
#305=PLANE('',#621);
#306=SURFACE_STYLE_USAGE(.BOTH.,#622);
#307=FACE_OUTER_BOUND('',#623,.T.);
#308=PLANE('',#624);
#309=SURFACE_STYLE_USAGE(.BOTH.,#625);
#310=FACE_OUTER_BOUND('',#626,.T.);
#311=PLANE('',#627);
#312=SURFACE_STYLE_USAGE(.BOTH.,#628);
#313=FACE_OUTER_BOUND('',#629,.T.);
#314=PLANE('',#630);
#315=SURFACE_STYLE_USAGE(.BOTH.,#631);
#316=FACE_OUTER_BOUND('',#632,.T.);
#317=PLANE('',#633);
#318=SURFACE_STYLE_USAGE(.BOTH.,#634);
#319=FACE_OUTER_BOUND('',#635,.T.);
#320=PLANE('',#636);
#321=SURFACE_STYLE_USAGE(.BOTH.,#637);
#322=FACE_BOUND('',#638,.T.);
#323=FACE_OUTER_BOUND('',#639,.T.);
#324=PLANE('',#640);
#325=SURFACE_STYLE_USAGE(.BOTH.,#641);
#326=FACE_OUTER_BOUND('',#642,.T.);
#327=B_SPLINE_SURFACE_WITH_KNOTS('',3,3,((#643,#644,#645,#646),(#647,#648,#649,#650),(#651,#652,#653,#654),(#655,#656,#657,#658)),.UNSPECIFIED.,.F.,.F.,.F.,(4,4),(4,4),(-3.97476309151478,3.97476309151478),(-0.527008083327639,0.685658598749887),.UNSPECIFIED.);
#328=SURFACE_STYLE_USAGE(.BOTH.,#659);
#329=FACE_OUTER_BOUND('',#660,.T.);
#330=PLANE('',#661);
#331=SURFACE_STYLE_USAGE(.BOTH.,#662);
#332=FACE_OUTER_BOUND('',#663,.T.);
#333=PLANE('',#664);
#334=SURFACE_STYLE_USAGE(.BOTH.,#665);
#335=FACE_OUTER_BOUND('',#666,.T.);
#336=PLANE('',#667);
#337=SURFACE_STYLE_USAGE(.BOTH.,#668);
#338=FACE_OUTER_BOUND('',#669,.T.);
#339=PLANE('',#670);
#340=SURFACE_STYLE_USAGE(.BOTH.,#671);
#341=FACE_OUTER_BOUND('',#672,.T.);
#342=B_SPLINE_SURFACE_WITH_KNOTS('',3,3,((#673,#674,#675,#676),(#677,#678,#679,#680),(#681,#682,#683,#684),(#685,#686,#687,#688)),.UNSPECIFIED.,.F.,.F.,.F.,(4,4),(4,4),(-3.97476309151477,3.97476309151477),(-0.725573591606022,0.566923076183786),.UNSPECIFIED.);
#343=SURFACE_STYLE_USAGE(.BOTH.,#689);
#344=FACE_OUTER_BOUND('',#690,.T.);
#345=PLANE('',#691);
#346=SURFACE_STYLE_USAGE(.BOTH.,#692);
#347=FACE_OUTER_BOUND('',#693,.T.);
#348=PLANE('',#694);
#349=SURFACE_STYLE_USAGE(.BOTH.,#695);
#350=FACE_OUTER_BOUND('',#696,.T.);
#351=PLANE('',#697);
#352=SURFACE_STYLE_USAGE(.BOTH.,#698);
#353=FACE_OUTER_BOUND('',#699,.T.);
#354=B_SPLINE_SURFACE_WITH_KNOTS('',3,3,((#700,#701,#702,#703),(#704,#705,#706,#707),(#708,#709,#710,#711),(#712,#713,#714,#715)),.UNSPECIFIED.,.F.,.F.,.F.,(4,4),(4,4),(-3.97476309151478,3.97476309151478),(-0.527008083327639,0.685658598749887),.UNSPECIFIED.);
#355=SURFACE_STYLE_USAGE(.BOTH.,#716);
#356=FACE_OUTER_BOUND('',#717,.T.);
#357=PLANE('',#718);
#358=SURFACE_STYLE_USAGE(.BOTH.,#719);
#359=FACE_BOUND('',#720,.T.);
#360=FACE_BOUND('',#721,.T.);
#361=FACE_OUTER_BOUND('',#722,.T.);
#362=PLANE('',#723);
#363=SURFACE_STYLE_USAGE(.BOTH.,#724);
#364=FACE_OUTER_BOUND('',#725,.T.);
#365=PLANE('',#726);
#366=SURFACE_STYLE_USAGE(.BOTH.,#727);
#367=FACE_OUTER_BOUND('',#728,.T.);
#368=PLANE('',#729);
#369=SURFACE_STYLE_USAGE(.BOTH.,#730);
#370=FACE_OUTER_BOUND('',#731,.T.);
#371=PLANE('',#732);
#372=SURFACE_STYLE_USAGE(.BOTH.,#733);
#373=FACE_OUTER_BOUND('',#734,.T.);
#374=B_SPLINE_SURFACE_WITH_KNOTS('',3,3,((#735,#736,#737,#738,#739),(#740,#741,#742,#743,#744),(#745,#746,#747,#748,#749),(#750,#751,#752,#753,#754)),.UNSPECIFIED.,.F.,.F.,.F.,(4,4),(4,1,4),(-1.33427795741437,1.33427795741437),(-0.632937052165448,-0.0266037111266785,0.579729629912091),.UNSPECIFIED.);
#375=SURFACE_STYLE_USAGE(.BOTH.,#755);
#376=FACE_OUTER_BOUND('',#756,.T.);
#377=PLANE('',#757);
#378=PRODUCT_CONTEXT('',#66,'mechanical');
#379=PRODUCT_DEFINITION_FORMATION_WITH_SPECIFIED_SOURCE(' ','NONE',#191,.NOT_KNOWN.);
#380=CARTESIAN_POINT('',(0.0,0.0,0.0));
#381=DIRECTION('',(0.0,0.0,1.0));
#382=DIRECTION('',(1.0,0.0,0.0));
#383= (NAMED_UNIT(#199)LENGTH_UNIT()SI_UNIT(.MILLI.,.METRE.));
#384=SURFACE_SIDE_STYLE('',(#759));
#385=EDGE_LOOP('',(#760,#761,#762,#763));
#386=AXIS2_PLACEMENT_3D('',#764,#765,#766);
#387=SURFACE_SIDE_STYLE('',(#767));
#388=EDGE_LOOP('',(#768,#769,#770,#771));
#389=AXIS2_PLACEMENT_3D('',#772,#773,#774);
#390=SURFACE_SIDE_STYLE('',(#775));
#391=EDGE_LOOP('',(#776,#777,#778,#779));
#392=AXIS2_PLACEMENT_3D('',#780,#781,#782);
#393=SURFACE_SIDE_STYLE('',(#783));
#394=EDGE_LOOP('',(#784,#785,#786,#787));
#395=AXIS2_PLACEMENT_3D('',#788,#789,#790);
#396=SURFACE_SIDE_STYLE('',(#791));
#397=EDGE_LOOP('',(#792,#793,#794,#795,#796,#797,#798,#799,#800,#801,#802,#803,#804));
#398=AXIS2_PLACEMENT_3D('',#805,#806,#807);
#399=SURFACE_SIDE_STYLE('',(#808));
#400=EDGE_LOOP('',(#809,#810,#811,#812));
#401=CARTESIAN_POINT('',(0.75,-0.873908482942712,0.290996334855472));
#402=CARTESIAN_POINT('',(0.75,-0.869621258839139,0.311349111203568));
#403=CARTESIAN_POINT('',(0.75,-0.850181283874351,0.327863977848927));
#404=CARTESIAN_POINT('',(0.75,-0.828571568353103,0.329511461542028));
#405=CARTESIAN_POINT('',(0.883333333333915,-0.873908482942712,0.290996334855472));
#406=CARTESIAN_POINT('',(0.883333346008636,-0.869621258839139,0.311349111203568));
#407=CARTESIAN_POINT('',(0.883333346008636,-0.850181283874351,0.327863977848927));
#408=CARTESIAN_POINT('',(0.883333333333915,-0.828571568353103,0.329511461542028));
#409=CARTESIAN_POINT('',(1.01666666666608,-0.873908482942712,0.290996334855472));
#410=CARTESIAN_POINT('',(1.01666665399136,-0.869621258839139,0.311349111203568));
#411=CARTESIAN_POINT('',(1.01666665399136,-0.850181283874351,0.327863977848927));
#412=CARTESIAN_POINT('',(1.01666666666608,-0.828571568353103,0.329511461542028));
#413=CARTESIAN_POINT('',(1.15,-0.873908482942712,0.290996334855472));
#414=CARTESIAN_POINT('',(1.15,-0.869621258839139,0.311349111203568));
#415=CARTESIAN_POINT('',(1.15,-0.850181283874351,0.327863977848927));
#416=CARTESIAN_POINT('',(1.15,-0.828571568353103,0.329511461542028));
#417=SURFACE_SIDE_STYLE('',(#813));
#418=EDGE_LOOP('',(#814,#815,#816,#817));
#419=CARTESIAN_POINT('',(-0.75,-1.06913630213852,0.0846195227770652));
#420=CARTESIAN_POINT('',(-0.749999999999551,-1.04905431935668,0.087708894561274));
#421=CARTESIAN_POINT('',(-0.749999999999551,-1.0318085963095,0.103581397454999));
#422=CARTESIAN_POINT('',(-0.75,-1.02778613281657,0.122677114240378));
#423=CARTESIAN_POINT('',(-0.883333333333916,-1.06913630213852,0.0846195227770652));
#424=CARTESIAN_POINT('',(-0.883333345225344,-1.04905431935668,0.0877088960477586));
#425=CARTESIAN_POINT('',(-0.883333345225344,-1.03180859333653,0.103581397454999));
#426=CARTESIAN_POINT('',(-0.883333333333916,-1.02778613281657,0.122677114240378));
#427=CARTESIAN_POINT('',(-1.01666666666608,-1.06913630213852,0.0846195227770652));
#428=CARTESIAN_POINT('',(-1.01666665477466,-1.04905431935668,0.0877088960477586));
#429=CARTESIAN_POINT('',(-1.01666665477466,-1.03180859333653,0.103581397454999));
#430=CARTESIAN_POINT('',(-1.01666666666608,-1.02778613281657,0.122677114240378));
#431=CARTESIAN_POINT('',(-1.15,-1.06913630213852,0.0846195227770652));
#432=CARTESIAN_POINT('',(-1.15000000000045,-1.04905431935668,0.087708894561274));
#433=CARTESIAN_POINT('',(-1.15000000000045,-1.0318085963095,0.103581397454999));
#434=CARTESIAN_POINT('',(-1.15,-1.02778613281657,0.122677114240378));
#435=SURFACE_SIDE_STYLE('',(#818));
#436=EDGE_LOOP('',(#819,#820,#821,#822));
#437=CARTESIAN_POINT('',(0.75,-0.967562823764934,0.324568437036128));
#438=CARTESIAN_POINT('',(0.75,-0.957866449132184,0.354067047828696));
#439=CARTESIAN_POINT('',(0.75,-0.917896440593058,0.406752252301967));
#440=CARTESIAN_POINT('',(0.75,-0.852874963107802,0.425803070460709));
#441=CARTESIAN_POINT('',(0.75,-0.820597136858437,0.424983568217544));
#442=CARTESIAN_POINT('',(0.883333333333219,-0.967562823764934,0.324568437036128));
#443=CARTESIAN_POINT('',(0.883333333333219,-0.957866449132184,0.354067047828696));
#444=CARTESIAN_POINT('',(0.883333333333713,-0.917896440593058,0.406752252036045));
#445=CARTESIAN_POINT('',(0.883333333333219,-0.852874963107802,0.425803070992552));
#446=CARTESIAN_POINT('',(0.883333333333219,-0.820597136858437,0.424983568217544));
#447=CARTESIAN_POINT('',(1.01666666666678,-0.967562823764934,0.324568437036128));
#448=CARTESIAN_POINT('',(1.01666666666678,-0.957866449132184,0.354067047828696));
#449=CARTESIAN_POINT('',(1.01666666666629,-0.917896440593058,0.406752252036045));
#450=CARTESIAN_POINT('',(1.01666666666678,-0.852874963107802,0.425803070992552));
#451=CARTESIAN_POINT('',(1.01666666666678,-0.820597136858437,0.424983568217544));
#452=CARTESIAN_POINT('',(1.15,-0.967562823764934,0.324568437036128));
#453=CARTESIAN_POINT('',(1.15,-0.957866449132184,0.354067047828696));
#454=CARTESIAN_POINT('',(1.15,-0.917896440593058,0.406752252301967));
#455=CARTESIAN_POINT('',(1.15,-0.852874963107802,0.425803070460709));
#456=CARTESIAN_POINT('',(1.15,-0.820597136858437,0.424983568217544));
#457=SURFACE_SIDE_STYLE('',(#823));
#458=EDGE_LOOP('',(#824,#825,#826,#827));
#459=AXIS2_PLACEMENT_3D('',#828,#829,#830);
#460=SURFACE_SIDE_STYLE('',(#831));
#461=EDGE_LOOP('',(#832,#833,#834,#835));
#462=AXIS2_PLACEMENT_3D('',#836,#837,#838);
#463=SURFACE_SIDE_STYLE('',(#839));
#464=EDGE_LOOP('',(#840,#841,#842,#843,#844,#845,#846,#847,#848,#849,#850,#851,#852));
#465=AXIS2_PLACEMENT_3D('',#853,#854,#855);
#466=SURFACE_SIDE_STYLE('',(#856));
#467=EDGE_LOOP('',(#857,#858,#859,#860));
#468=AXIS2_PLACEMENT_3D('',#861,#862,#863);
#469=SURFACE_SIDE_STYLE('',(#864));
#470=EDGE_LOOP('',(#865,#866,#867,#868));
#471=AXIS2_PLACEMENT_3D('',#869,#870,#871);
#472=SURFACE_SIDE_STYLE('',(#872));
#473=EDGE_LOOP('',(#873,#874,#875,#876));
#474=CARTESIAN_POINT('',(0.2,0.967559610065744,0.324568437036128));
#475=CARTESIAN_POINT('',(0.2,0.957863125106974,0.354067047828637));
#476=CARTESIAN_POINT('',(0.2,0.917892661786355,0.406752252301967));
#477=CARTESIAN_POINT('',(0.2,0.852870444482414,0.425803070460768));
#478=CARTESIAN_POINT('',(0.2,0.820592250973684,0.424983568217544));
#479=CARTESIAN_POINT('',(0.0666666666665339,0.967559610065744,0.324568437036128));
#480=CARTESIAN_POINT('',(0.0666666666665339,0.957863125106974,0.354067047828637));
#481=CARTESIAN_POINT('',(0.066666666666534,0.917892661786355,0.406752252301967));
#482=CARTESIAN_POINT('',(0.0666666666665339,0.852870444482414,0.425803070460768));
#483=CARTESIAN_POINT('',(0.0666666666665339,0.820592250973684,0.424983568217544));
#484=CARTESIAN_POINT('',(-0.0666666666665339,0.967559610065744,0.324568437036128));
#485=CARTESIAN_POINT('',(-0.0666666666665339,0.957863125106974,0.354067047828637));
#486=CARTESIAN_POINT('',(-0.066666666666534,0.917892661786355,0.406752252301967));
#487=CARTESIAN_POINT('',(-0.0666666666665339,0.852870444482414,0.425803070460768));
#488=CARTESIAN_POINT('',(-0.0666666666665339,0.820592250973684,0.424983568217544));
#489=CARTESIAN_POINT('',(-0.2,0.967559610065744,0.324568437036128));
#490=CARTESIAN_POINT('',(-0.2,0.957863125106974,0.354067047828637));
#491=CARTESIAN_POINT('',(-0.2,0.917892661786355,0.406752252301967));
#492=CARTESIAN_POINT('',(-0.2,0.852870444482414,0.425803070460768));
#493=CARTESIAN_POINT('',(-0.2,0.820592250973684,0.424983568217544));
#494=SURFACE_SIDE_STYLE('',(#877));
#495=EDGE_LOOP('',(#878,#879,#880,#881));
#496=AXIS2_PLACEMENT_3D('',#882,#883,#884);
#497=SURFACE_SIDE_STYLE('',(#885));
#498=EDGE_LOOP('',(#886,#887,#888,#889));
#499=AXIS2_PLACEMENT_3D('',#890,#891,#892);
#500=SURFACE_SIDE_STYLE('',(#893));
#501=EDGE_LOOP('',(#894,#895));
#502=EDGE_LOOP('',(#896,#897,#898,#899));
#503=AXIS2_PLACEMENT_3D('',#900,#901,#902);
#504=SURFACE_SIDE_STYLE('',(#903));
#505=SURFACE_SIDE_STYLE('',(#904));
#506=EDGE_LOOP('',(#905,#906,#907,#908));
#507=AXIS2_PLACEMENT_3D('',#909,#910,#911);
#508=SURFACE_SIDE_STYLE('',(#912));
#509=EDGE_LOOP('',(#913,#914));
#510=AXIS2_PLACEMENT_3D('',#915,#916,#917);
#511=SURFACE_SIDE_STYLE('',(#918));
#512=EDGE_LOOP('',(#919,#920,#921,#922));
#513=CARTESIAN_POINT('',(-0.75,-1.06913630213852,-0.0111576073806119));
#514=CARTESIAN_POINT('',(-0.750000000000112,-1.03888417208911,-0.00961098700097554));
#515=CARTESIAN_POINT('',(-0.749999999999888,-0.979464885939744,0.0115910747260911));
#516=CARTESIAN_POINT('',(-0.750000000000112,-0.943228310026091,0.0614283552038044));
#517=CARTESIAN_POINT('',(-0.75,-0.934130726388894,0.0891050120597233));
#518=CARTESIAN_POINT('',(-0.883333333333466,-1.06913630213852,-0.0111576073806119));
#519=CARTESIAN_POINT('',(-0.88333333233559,-1.03888417208911,-0.00961098700097554));
#520=CARTESIAN_POINT('',(-0.883333334331342,-0.979464885939744,0.0115910747260911));
#521=CARTESIAN_POINT('',(-0.88333333233559,-0.943228310026091,0.0614283552038044));
#522=CARTESIAN_POINT('',(-0.883333333333466,-0.934130726388894,0.0891050120597233));
#523=CARTESIAN_POINT('',(-1.01666666666653,-1.06913630213852,-0.0111576073806119));
#524=CARTESIAN_POINT('',(-1.01666666766441,-1.03888417208911,-0.00961098700097554));
#525=CARTESIAN_POINT('',(-1.01666666566866,-0.979464885939744,0.0115910747260911));
#526=CARTESIAN_POINT('',(-1.01666666766441,-0.943228310026091,0.0614283552038044));
#527=CARTESIAN_POINT('',(-1.01666666666653,-0.934130726388894,0.0891050120597233));
#528=CARTESIAN_POINT('',(-1.15,-1.06913630213852,-0.0111576073806119));
#529=CARTESIAN_POINT('',(-1.14999999999989,-1.03888417208911,-0.00961098700097554));
#530=CARTESIAN_POINT('',(-1.15000000000011,-0.979464885939744,0.0115910747260911));
#531=CARTESIAN_POINT('',(-1.14999999999989,-0.943228310026091,0.0614283552038044));
#532=CARTESIAN_POINT('',(-1.15,-0.934130726388894,0.0891050120597233));
#533=SURFACE_SIDE_STYLE('',(#923));
#534=EDGE_LOOP('',(#924,#925,#926,#927));
#535=CARTESIAN_POINT('',(-1.15,-0.967559610065744,0.324568437036128));
#536=CARTESIAN_POINT('',(-1.15,-0.957863125106974,0.354067047828637));
#537=CARTESIAN_POINT('',(-1.15,-0.917892661786355,0.406752252301967));
#538=CARTESIAN_POINT('',(-1.15,-0.852870444482413,0.425803070460768));
#539=CARTESIAN_POINT('',(-1.15,-0.820592250973684,0.424983568217544));
#540=CARTESIAN_POINT('',(-1.01666666666653,-0.967559610065744,0.324568437036128));
#541=CARTESIAN_POINT('',(-1.01666666666653,-0.957863125106974,0.354067047828637));
#542=CARTESIAN_POINT('',(-1.01666666666604,-0.917892661786355,0.406752252301967));
#543=CARTESIAN_POINT('',(-1.01666666666653,-0.852870444482413,0.425803070460768));
#544=CARTESIAN_POINT('',(-1.01666666666653,-0.820592250973684,0.424983568217544));
#545=CARTESIAN_POINT('',(-0.883333333333466,-0.967559610065744,0.324568437036128));
#546=CARTESIAN_POINT('',(-0.883333333333466,-0.957863125106974,0.354067047828637));
#547=CARTESIAN_POINT('',(-0.88333333333396,-0.917892661786355,0.406752252301967));
#548=CARTESIAN_POINT('',(-0.883333333333466,-0.852870444482413,0.425803070460768));
#549=CARTESIAN_POINT('',(-0.883333333333466,-0.820592250973684,0.424983568217544));
#550=CARTESIAN_POINT('',(-0.75,-0.967559610065744,0.324568437036128));
#551=CARTESIAN_POINT('',(-0.75,-0.957863125106974,0.354067047828637));
#552=CARTESIAN_POINT('',(-0.75,-0.917892661786355,0.406752252301967));
#553=CARTESIAN_POINT('',(-0.75,-0.852870444482413,0.425803070460768));
#554=CARTESIAN_POINT('',(-0.75,-0.820592250973684,0.424983568217544));
#555=SURFACE_SIDE_STYLE('',(#928));
#556=EDGE_LOOP('',(#929,#930,#931,#932));
#557=AXIS2_PLACEMENT_3D('',#933,#934,#935);
#558=SURFACE_SIDE_STYLE('',(#936));
#559=EDGE_LOOP('',(#937,#938,#939,#940));
#560=CARTESIAN_POINT('',(-0.2,1.06913630213852,-0.0111576073806118));
#561=CARTESIAN_POINT('',(-0.199999999999776,1.03888417208911,-0.00961098700097549));
#562=CARTESIAN_POINT('',(-0.200000000000224,0.979464885939744,0.0115910747260912));
#563=CARTESIAN_POINT('',(-0.199999999999776,0.943228310026095,0.0614283552038045));
#564=CARTESIAN_POINT('',(-0.2,0.934130726388894,0.0891050120597233));
#565=CARTESIAN_POINT('',(-0.0666666666665339,1.06913630213852,-0.0111576073806118));
#566=CARTESIAN_POINT('',(-0.0666666686622863,1.03888417208911,-0.00961098700097549));
#567=CARTESIAN_POINT('',(-0.0666666646707815,0.979464885939744,0.0115910747260912));
#568=CARTESIAN_POINT('',(-0.0666666686622863,0.943228310026095,0.0614283552038045));
#569=CARTESIAN_POINT('',(-0.0666666666665339,0.934130726388894,0.0891050120597233));
#570=CARTESIAN_POINT('',(0.0666666666665339,1.06913630213852,-0.0111576073806118));
#571=CARTESIAN_POINT('',(0.0666666686622863,1.03888417208911,-0.00961098700097549));
#572=CARTESIAN_POINT('',(0.0666666646707815,0.979464885939744,0.0115910747260912));
#573=CARTESIAN_POINT('',(0.0666666686622863,0.943228310026095,0.0614283552038045));
#574=CARTESIAN_POINT('',(0.0666666666665339,0.934130726388894,0.0891050120597233));
#575=CARTESIAN_POINT('',(0.2,1.06913630213852,-0.0111576073806118));
#576=CARTESIAN_POINT('',(0.199999999999776,1.03888417208911,-0.00961098700097549));
#577=CARTESIAN_POINT('',(0.200000000000224,0.979464885939744,0.0115910747260912));
#578=CARTESIAN_POINT('',(0.199999999999776,0.943228310026095,0.0614283552038045));
#579=CARTESIAN_POINT('',(0.2,0.934130726388894,0.0891050120597233));
#580=SURFACE_SIDE_STYLE('',(#941));
#581=EDGE_LOOP('',(#942,#943,#944,#945));
#582=AXIS2_PLACEMENT_3D('',#946,#947,#948);
#583=SURFACE_SIDE_STYLE('',(#949));
#584=EDGE_LOOP('',(#950,#951,#952,#953));
#585=AXIS2_PLACEMENT_3D('',#954,#955,#956);
#586=SURFACE_SIDE_STYLE('',(#957));
#587=EDGE_LOOP('',(#958,#959,#960,#961));
#588=CARTESIAN_POINT('',(-1.15,-0.873904203638073,0.290996334855472));
#589=CARTESIAN_POINT('',(-1.15,-0.869616930754186,0.311349111203568));
#590=CARTESIAN_POINT('',(-1.15,-0.850176734599954,0.327863977848927));
#591=CARTESIAN_POINT('',(-1.15,-0.828566773201973,0.329511461542028));
#592=CARTESIAN_POINT('',(-1.01666666666608,-0.873904203638073,0.290996334855472));
#593=CARTESIAN_POINT('',(-1.01666665399136,-0.869616930754186,0.311349111203568));
#594=CARTESIAN_POINT('',(-1.01666665399136,-0.850176737768635,0.327863977848927));
#595=CARTESIAN_POINT('',(-1.01666666666608,-0.828566773201973,0.329511461542028));
#596=CARTESIAN_POINT('',(-0.883333333333915,-0.873904203638073,0.290996334855472));
#597=CARTESIAN_POINT('',(-0.883333346008636,-0.869616930754186,0.311349111203568));
#598=CARTESIAN_POINT('',(-0.883333346008636,-0.850176737768635,0.327863977848927));
#599=CARTESIAN_POINT('',(-0.883333333333915,-0.828566773201973,0.329511461542028));
#600=CARTESIAN_POINT('',(-0.75,-0.873904203638073,0.290996334855472));
#601=CARTESIAN_POINT('',(-0.75,-0.869616930754186,0.311349111203568));
#602=CARTESIAN_POINT('',(-0.75,-0.850176734599954,0.327863977848927));
#603=CARTESIAN_POINT('',(-0.75,-0.828566773201973,0.329511461542028));
#604=SURFACE_SIDE_STYLE('',(#962));
#605=EDGE_LOOP('',(#963,#964,#965,#966));
#606=AXIS2_PLACEMENT_3D('',#967,#968,#969);
#607=SURFACE_SIDE_STYLE('',(#970));
#608=EDGE_LOOP('',(#971,#972,#973,#974));
#609=AXIS2_PLACEMENT_3D('',#975,#976,#977);
#610=SURFACE_SIDE_STYLE('',(#978));
#611=EDGE_LOOP('',(#979,#980,#981,#982));
#612=AXIS2_PLACEMENT_3D('',#983,#984,#985);
#613=SURFACE_SIDE_STYLE('',(#986));
#614=EDGE_LOOP('',(#987,#988,#989,#990));
#615=AXIS2_PLACEMENT_3D('',#991,#992,#993);
#616=SURFACE_SIDE_STYLE('',(#994));
#617=EDGE_LOOP('',(#995,#996,#997,#998));
#618=AXIS2_PLACEMENT_3D('',#999,#1000,#1001);
#619=SURFACE_SIDE_STYLE('',(#1002));
#620=EDGE_LOOP('',(#1003,#1004,#1005,#1006,#1007,#1008,#1009,#1010,#1011,#1012,#1013,#1014,#1015));
#621=AXIS2_PLACEMENT_3D('',#1016,#1017,#1018);
#622=SURFACE_SIDE_STYLE('',(#1019));
#623=EDGE_LOOP('',(#1020,#1021,#1022,#1023));
#624=AXIS2_PLACEMENT_3D('',#1024,#1025,#1026);
#625=SURFACE_SIDE_STYLE('',(#1027));
#626=EDGE_LOOP('',(#1028,#1029,#1030,#1031));
#627=AXIS2_PLACEMENT_3D('',#1032,#1033,#1034);
#628=SURFACE_SIDE_STYLE('',(#1035));
#629=EDGE_LOOP('',(#1036,#1037,#1038,#1039));
#630=AXIS2_PLACEMENT_3D('',#1040,#1041,#1042);
#631=SURFACE_SIDE_STYLE('',(#1043));
#632=EDGE_LOOP('',(#1044,#1045,#1046,#1047,#1048,#1049,#1050,#1051,#1052,#1053,#1054,#1055,#1056));
#633=AXIS2_PLACEMENT_3D('',#1057,#1058,#1059);
#634=SURFACE_SIDE_STYLE('',(#1060));
#635=EDGE_LOOP('',(#1061,#1062,#1063,#1064));
#636=AXIS2_PLACEMENT_3D('',#1065,#1066,#1067);
#637=SURFACE_SIDE_STYLE('',(#1068));
#638=EDGE_LOOP('',(#1069,#1070,#1071,#1072));
#639=EDGE_LOOP('',(#1073,#1074,#1075,#1076));
#640=AXIS2_PLACEMENT_3D('',#1077,#1078,#1079);
#641=SURFACE_SIDE_STYLE('',(#1080));
#642=EDGE_LOOP('',(#1081,#1082,#1083,#1084));
#643=CARTESIAN_POINT('',(-0.2,1.06913630213852,0.0846195227770653));
#644=CARTESIAN_POINT('',(-0.200000000000224,1.04905431935673,0.0877088945612741));
#645=CARTESIAN_POINT('',(-0.200000000000224,1.03180859630944,0.103581397454999));
#646=CARTESIAN_POINT('',(-0.2,1.02778613281657,0.122677114240378));
#647=CARTESIAN_POINT('',(-0.0666666666653488,1.06913630213852,0.0846195227770653));
#648=CARTESIAN_POINT('',(-0.0666666607196347,1.04905431935673,0.0877088960477587));
#649=CARTESIAN_POINT('',(-0.0666666607196347,1.03180859779593,0.103581397454999));
#650=CARTESIAN_POINT('',(-0.0666666666653488,1.02778613281657,0.122677114240378));
#651=CARTESIAN_POINT('',(0.0666666666653488,1.06913630213852,0.0846195227770653));
#652=CARTESIAN_POINT('',(0.0666666607196347,1.04905431935673,0.0877088960477587));
#653=CARTESIAN_POINT('',(0.0666666607196347,1.03180859779593,0.103581397454999));
#654=CARTESIAN_POINT('',(0.0666666666653488,1.02778613281657,0.122677114240378));
#655=CARTESIAN_POINT('',(0.2,1.06913630213852,0.0846195227770653));
#656=CARTESIAN_POINT('',(0.200000000000224,1.04905431935673,0.0877088945612741));
#657=CARTESIAN_POINT('',(0.200000000000224,1.03180859630944,0.103581397454999));
#658=CARTESIAN_POINT('',(0.2,1.02778613281657,0.122677114240378));
#659=SURFACE_SIDE_STYLE('',(#1085));
#660=EDGE_LOOP('',(#1086,#1087,#1088,#1089));
#661=AXIS2_PLACEMENT_3D('',#1090,#1091,#1092);
#662=SURFACE_SIDE_STYLE('',(#1093));
#663=EDGE_LOOP('',(#1094,#1095,#1096,#1097,#1098,#1099,#1100,#1101,#1102,#1103,#1104,#1105,#1106));
#664=AXIS2_PLACEMENT_3D('',#1107,#1108,#1109);
#665=SURFACE_SIDE_STYLE('',(#1110));
#666=EDGE_LOOP('',(#1111,#1112,#1113,#1114));
#667=AXIS2_PLACEMENT_3D('',#1115,#1116,#1117);
#668=SURFACE_SIDE_STYLE('',(#1118));
#669=EDGE_LOOP('',(#1119,#1120,#1121,#1122,#1123,#1124,#1125,#1126,#1127,#1128,#1129,#1130,#1131));
#670=AXIS2_PLACEMENT_3D('',#1132,#1133,#1134);
#671=SURFACE_SIDE_STYLE('',(#1135));
#672=EDGE_LOOP('',(#1136,#1137,#1138,#1139));
#673=CARTESIAN_POINT('',(0.2,0.873904203638073,0.290996334855472));
#674=CARTESIAN_POINT('',(0.2,0.869616930754186,0.311349111203568));
#675=CARTESIAN_POINT('',(0.2,0.850176734600074,0.327863977848927));
#676=CARTESIAN_POINT('',(0.2,0.828566773201973,0.329511461542028));
#677=CARTESIAN_POINT('',(0.0666666666653491,0.873904203638073,0.290996334855472));
#678=CARTESIAN_POINT('',(0.0666666571593086,0.869616930754186,0.311349111203568));
#679=CARTESIAN_POINT('',(0.0666666571593086,0.850176731431394,0.327863977848927));
#680=CARTESIAN_POINT('',(0.0666666666653491,0.828566773201973,0.329511461542028));
#681=CARTESIAN_POINT('',(-0.0666666666653491,0.873904203638073,0.290996334855472));
#682=CARTESIAN_POINT('',(-0.0666666571593086,0.869616930754186,0.311349111203568));
#683=CARTESIAN_POINT('',(-0.0666666571593086,0.850176731431394,0.327863977848927));
#684=CARTESIAN_POINT('',(-0.0666666666653491,0.828566773201973,0.329511461542028));
#685=CARTESIAN_POINT('',(-0.2,0.873904203638073,0.290996334855472));
#686=CARTESIAN_POINT('',(-0.2,0.869616930754186,0.311349111203568));
#687=CARTESIAN_POINT('',(-0.2,0.850176734600074,0.327863977848927));
#688=CARTESIAN_POINT('',(-0.2,0.828566773201973,0.329511461542028));
#689=SURFACE_SIDE_STYLE('',(#1140));
#690=EDGE_LOOP('',(#1141,#1142,#1143,#1144));
#691=AXIS2_PLACEMENT_3D('',#1145,#1146,#1147);
#692=SURFACE_SIDE_STYLE('',(#1148));
#693=EDGE_LOOP('',(#1149,#1150,#1151,#1152));
#694=AXIS2_PLACEMENT_3D('',#1153,#1154,#1155);
#695=SURFACE_SIDE_STYLE('',(#1156));
#696=EDGE_LOOP('',(#1157,#1158,#1159,#1160));
#697=AXIS2_PLACEMENT_3D('',#1161,#1162,#1163);
#698=SURFACE_SIDE_STYLE('',(#1164));
#699=EDGE_LOOP('',(#1165,#1166,#1167,#1168));
#700=CARTESIAN_POINT('',(1.15,-1.06913836010437,0.0846195227770652));
#701=CARTESIAN_POINT('',(1.15000000000045,-1.04905660581416,0.087708894561274));
#702=CARTESIAN_POINT('',(1.15000000000045,-1.03181107898764,0.103581397454943));
#703=CARTESIAN_POINT('',(1.15,-1.0277886612621,0.122677114240378));
#704=CARTESIAN_POINT('',(1.01666666666608,-1.06913836010437,0.0846195227770652));
#705=CARTESIAN_POINT('',(1.01666665477466,-1.04905660581416,0.0877088960477586));
#706=CARTESIAN_POINT('',(1.01666665477466,-1.03181107898764,0.103581398941428));
#707=CARTESIAN_POINT('',(1.01666666666608,-1.0277886612621,0.122677114240378));
#708=CARTESIAN_POINT('',(0.883333333333916,-1.06913836010437,0.0846195227770652));
#709=CARTESIAN_POINT('',(0.883333345225344,-1.04905660581416,0.0877088960477586));
#710=CARTESIAN_POINT('',(0.883333345225344,-1.03181107898764,0.103581398941428));
#711=CARTESIAN_POINT('',(0.883333333333916,-1.0277886612621,0.122677114240378));
#712=CARTESIAN_POINT('',(0.75,-1.06913836010437,0.0846195227770652));
#713=CARTESIAN_POINT('',(0.749999999999551,-1.04905660581416,0.087708894561274));
#714=CARTESIAN_POINT('',(0.749999999999551,-1.03181107898764,0.103581397454943));
#715=CARTESIAN_POINT('',(0.75,-1.0277886612621,0.122677114240378));
#716=SURFACE_SIDE_STYLE('',(#1169));
#717=EDGE_LOOP('',(#1170,#1171,#1172,#1173));
#718=AXIS2_PLACEMENT_3D('',#1174,#1175,#1176);
#719=SURFACE_SIDE_STYLE('',(#1177));
#720=EDGE_LOOP('',(#1178,#1179,#1180,#1181));
#721=EDGE_LOOP('',(#1182,#1183,#1184,#1185));
#722=EDGE_LOOP('',(#1186,#1187,#1188,#1189));
#723=AXIS2_PLACEMENT_3D('',#1190,#1191,#1192);
#724=SURFACE_SIDE_STYLE('',(#1193));
#725=EDGE_LOOP('',(#1194,#1195,#1196,#1197));
#726=AXIS2_PLACEMENT_3D('',#1198,#1199,#1200);
#727=SURFACE_SIDE_STYLE('',(#1201));
#728=EDGE_LOOP('',(#1202,#1203,#1204,#1205));
#729=AXIS2_PLACEMENT_3D('',#1206,#1207,#1208);
#730=SURFACE_SIDE_STYLE('',(#1209));
#731=EDGE_LOOP('',(#1210,#1211,#1212,#1213));
#732=AXIS2_PLACEMENT_3D('',#1214,#1215,#1216);
#733=SURFACE_SIDE_STYLE('',(#1217));
#734=EDGE_LOOP('',(#1218,#1219,#1220,#1221));
#735=CARTESIAN_POINT('',(1.15,-1.06913836010437,-0.0111576073806118));
#736=CARTESIAN_POINT('',(1.14999999999989,-1.03888657426184,-0.00961098700103155));
#737=CARTESIAN_POINT('',(1.15000000000011,-0.979467964181444,0.0115910747261051));
#738=CARTESIAN_POINT('',(1.14999999999989,-0.94323180056532,0.0614283552038324));
#739=CARTESIAN_POINT('',(1.15,-0.934134320439868,0.0891050120597233));
#740=CARTESIAN_POINT('',(1.01666666666678,-1.06913836010437,-0.0111576073806118));
#741=CARTESIAN_POINT('',(1.01666666766466,-1.03888657426184,-0.00961098700103155));
#742=CARTESIAN_POINT('',(1.0166666656689,-0.979467964181444,0.0115910747261051));
#743=CARTESIAN_POINT('',(1.01666666766466,-0.94323180056532,0.0614283552038324));
#744=CARTESIAN_POINT('',(1.01666666666678,-0.934134320439868,0.0891050120597233));
#745=CARTESIAN_POINT('',(0.883333333333219,-1.06913836010437,-0.0111576073806118));
#746=CARTESIAN_POINT('',(0.883333332335343,-1.03888657426184,-0.00961098700103155));
#747=CARTESIAN_POINT('',(0.883333334331095,-0.979467964181444,0.0115910747261051));
#748=CARTESIAN_POINT('',(0.883333332335343,-0.94323180056532,0.0614283552038324));
#749=CARTESIAN_POINT('',(0.883333333333219,-0.934134320439868,0.0891050120597233));
#750=CARTESIAN_POINT('',(0.75,-1.06913836010437,-0.0111576073806118));
#751=CARTESIAN_POINT('',(0.750000000000112,-1.03888657426184,-0.00961098700103155));
#752=CARTESIAN_POINT('',(0.749999999999888,-0.979467964181444,0.0115910747261051));
#753=CARTESIAN_POINT('',(0.750000000000112,-0.94323180056532,0.0614283552038324));
#754=CARTESIAN_POINT('',(0.75,-0.934134320439868,0.0891050120597233));
#755=SURFACE_SIDE_STYLE('',(#1222));
#756=EDGE_LOOP('',(#1223,#1224,#1225,#1226));
#757=AXIS2_PLACEMENT_3D('',#1227,#1228,#1229);
#759=SURFACE_STYLE_FILL_AREA(#1230);
#760=ORIENTED_EDGE('',*,*,#1231,.F.);
#761=ORIENTED_EDGE('',*,*,#1232,.T.);
#762=ORIENTED_EDGE('',*,*,#1233,.F.);
#763=ORIENTED_EDGE('',*,*,#1234,.F.);
#764=CARTESIAN_POINT('',(-1.5,-0.7,0.0600000000000002));
#765=DIRECTION('',(1.0,0.0,0.0));
#766=DIRECTION('',(0.0,1.0,-0.0));
#767=SURFACE_STYLE_FILL_AREA(#1235);
#768=ORIENTED_EDGE('',*,*,#1236,.F.);
#769=ORIENTED_EDGE('',*,*,#1237,.F.);
#770=ORIENTED_EDGE('',*,*,#1238,.F.);
#771=ORIENTED_EDGE('',*,*,#1239,.T.);
#772=CARTESIAN_POINT('',(-1.15,-0.820592250973684,0.424983568217543));
#773=DIRECTION('',(0.0,0.0,1.0));
#774=DIRECTION('',(1.0,-0.0,0.0));
#775=SURFACE_STYLE_FILL_AREA(#1240);
#776=ORIENTED_EDGE('',*,*,#1241,.F.);
#777=ORIENTED_EDGE('',*,*,#1242,.F.);
#778=ORIENTED_EDGE('',*,*,#1243,.F.);
#779=ORIENTED_EDGE('',*,*,#1244,.T.);
#780=CARTESIAN_POINT('',(0.75,-0.820597136858437,0.424983568217543));
#781=DIRECTION('',(0.0,0.0,1.0));
#782=DIRECTION('',(1.0,0.0,0.0));
#783=SURFACE_STYLE_FILL_AREA(#1245);
#784=ORIENTED_EDGE('',*,*,#1246,.F.);
#785=ORIENTED_EDGE('',*,*,#1231,.T.);
#786=ORIENTED_EDGE('',*,*,#1247,.F.);
#787=ORIENTED_EDGE('',*,*,#1248,.T.);
#788=CARTESIAN_POINT('',(-1.4,-0.7,1.01));
#789=DIRECTION('',(-0.688749461914692,0.0,0.724999433594415));
#790=DIRECTION('',(0.0,1.0,0.0));
#791=SURFACE_STYLE_FILL_AREA(#1249);
#792=ORIENTED_EDGE('',*,*,#1250,.F.);
#793=ORIENTED_EDGE('',*,*,#1239,.F.);
#794=ORIENTED_EDGE('',*,*,#1251,.F.);
#795=ORIENTED_EDGE('',*,*,#1252,.F.);
#796=ORIENTED_EDGE('',*,*,#1253,.F.);
#797=ORIENTED_EDGE('',*,*,#1254,.F.);
#798=ORIENTED_EDGE('',*,*,#1255,.T.);
#799=ORIENTED_EDGE('',*,*,#1256,.T.);
#800=ORIENTED_EDGE('',*,*,#1257,.T.);
#801=ORIENTED_EDGE('',*,*,#1258,.T.);
#802=ORIENTED_EDGE('',*,*,#1259,.T.);
#803=ORIENTED_EDGE('',*,*,#1260,.T.);
#804=ORIENTED_EDGE('',*,*,#1261,.T.);
#805=CARTESIAN_POINT('',(-0.75,-1.25000965336326,-0.0250164317824565));
#806=DIRECTION('',(1.0,0.0,0.0));
#807=DIRECTION('',(0.0,1.0,-0.0));
#808=SURFACE_STYLE_FILL_AREA(#1262);
#809=ORIENTED_EDGE('',*,*,#1263,.T.);
#810=ORIENTED_EDGE('',*,*,#1264,.T.);
#811=ORIENTED_EDGE('',*,*,#1265,.F.);
#812=ORIENTED_EDGE('',*,*,#1266,.F.);
#813=SURFACE_STYLE_FILL_AREA(#1267);
#814=ORIENTED_EDGE('',*,*,#1253,.T.);
#815=ORIENTED_EDGE('',*,*,#1268,.T.);
#816=ORIENTED_EDGE('',*,*,#1269,.F.);
#817=ORIENTED_EDGE('',*,*,#1270,.F.);
#818=SURFACE_STYLE_FILL_AREA(#1271);
#819=ORIENTED_EDGE('',*,*,#1272,.F.);
#820=ORIENTED_EDGE('',*,*,#1273,.F.);
#821=ORIENTED_EDGE('',*,*,#1274,.T.);
#822=ORIENTED_EDGE('',*,*,#1243,.T.);
#823=SURFACE_STYLE_FILL_AREA(#1275);
#824=ORIENTED_EDGE('',*,*,#1276,.T.);
#825=ORIENTED_EDGE('',*,*,#1277,.T.);
#826=ORIENTED_EDGE('',*,*,#1233,.T.);
#827=ORIENTED_EDGE('',*,*,#1278,.T.);
#828=CARTESIAN_POINT('',(-1.5,-0.7,0.0600000000000002));
#829=DIRECTION('',(0.0,0.0,1.0));
#830=DIRECTION('',(1.0,-0.0,0.0));
#831=SURFACE_STYLE_FILL_AREA(#1279);
#832=ORIENTED_EDGE('',*,*,#1280,.F.);
#833=ORIENTED_EDGE('',*,*,#1281,.T.);
#834=ORIENTED_EDGE('',*,*,#1282,.F.);
#835=ORIENTED_EDGE('',*,*,#1283,.F.);
#836=CARTESIAN_POINT('',(-1.15,-0.35,1.005));
#837=DIRECTION('',(-0.0,-0.0,-1.0));
#838=DIRECTION('',(1.0,0.0,0.0));
#839=SURFACE_STYLE_FILL_AREA(#1284);
#840=ORIENTED_EDGE('',*,*,#1285,.F.);
#841=ORIENTED_EDGE('',*,*,#1244,.F.);
#842=ORIENTED_EDGE('',*,*,#1274,.F.);
#843=ORIENTED_EDGE('',*,*,#1286,.F.);
#844=ORIENTED_EDGE('',*,*,#1287,.F.);
#845=ORIENTED_EDGE('',*,*,#1288,.F.);
#846=ORIENTED_EDGE('',*,*,#1289,.T.);
#847=ORIENTED_EDGE('',*,*,#1290,.T.);
#848=ORIENTED_EDGE('',*,*,#1291,.T.);
#849=ORIENTED_EDGE('',*,*,#1292,.T.);
#850=ORIENTED_EDGE('',*,*,#1265,.T.);
#851=ORIENTED_EDGE('',*,*,#1293,.T.);
#852=ORIENTED_EDGE('',*,*,#1294,.T.);
#853=CARTESIAN_POINT('',(1.15,-1.25000965336326,-0.0250164317824565));
#854=DIRECTION('',(1.0,0.0,0.0));
#855=DIRECTION('',(0.0,1.0,0.0));
#856=SURFACE_STYLE_FILL_AREA(#1295);
#857=ORIENTED_EDGE('',*,*,#1296,.F.);
#858=ORIENTED_EDGE('',*,*,#1297,.T.);
#859=ORIENTED_EDGE('',*,*,#1298,.T.);
#860=ORIENTED_EDGE('',*,*,#1299,.T.);
#861=CARTESIAN_POINT('',(1.4,0.7,1.01));
#862=DIRECTION('',(0.688749461914692,0.0,0.724999433594415));
#863=DIRECTION('',(0.0,-1.0,0.0));
#864=SURFACE_STYLE_FILL_AREA(#1300);
#865=ORIENTED_EDGE('',*,*,#1280,.T.);
#866=ORIENTED_EDGE('',*,*,#1301,.F.);
#867=ORIENTED_EDGE('',*,*,#1282,.T.);
#868=ORIENTED_EDGE('',*,*,#1302,.T.);
#869=CARTESIAN_POINT('',(-1.15,-0.35,1.005));
#870=DIRECTION('',(-0.0,-0.0,-1.0));
#871=DIRECTION('',(1.0,0.0,0.0));
#872=SURFACE_STYLE_FILL_AREA(#1303);
#873=ORIENTED_EDGE('',*,*,#1304,.F.);
#874=ORIENTED_EDGE('',*,*,#1305,.F.);
#875=ORIENTED_EDGE('',*,*,#1306,.T.);
#876=ORIENTED_EDGE('',*,*,#1307,.T.);
#877=SURFACE_STYLE_FILL_AREA(#1308);
#878=ORIENTED_EDGE('',*,*,#1309,.T.);
#879=ORIENTED_EDGE('',*,*,#1293,.F.);
#880=ORIENTED_EDGE('',*,*,#1264,.F.);
#881=ORIENTED_EDGE('',*,*,#1310,.T.);
#882=CARTESIAN_POINT('',(1.15,-0.654003695873637,0.329511461542028));
#883=DIRECTION('',(0.0,0.0,-1.0));
#884=DIRECTION('',(0.0,-1.0,0.0));
#885=SURFACE_STYLE_FILL_AREA(#1311);
#886=ORIENTED_EDGE('',*,*,#1312,.T.);
#887=ORIENTED_EDGE('',*,*,#1313,.F.);
#888=ORIENTED_EDGE('',*,*,#1314,.F.);
#889=ORIENTED_EDGE('',*,*,#1315,.T.);
#890=CARTESIAN_POINT('',(0.2,0.828566773201973,0.329511461542028));
#891=DIRECTION('',(0.0,0.0,-1.0));
#892=DIRECTION('',(0.0,-1.0,0.0));
#893=SURFACE_STYLE_FILL_AREA(#1316);
#894=ORIENTED_EDGE('',*,*,#1301,.T.);
#895=ORIENTED_EDGE('',*,*,#1283,.T.);
#896=ORIENTED_EDGE('',*,*,#1317,.F.);
#897=ORIENTED_EDGE('',*,*,#1248,.F.);
#898=ORIENTED_EDGE('',*,*,#1318,.F.);
#899=ORIENTED_EDGE('',*,*,#1297,.F.);
#900=CARTESIAN_POINT('',(-1.4,-0.6,1.01));
#901=DIRECTION('',(0.0,0.0,1.0));
#902=DIRECTION('',(1.0,-0.0,0.0));
#903=SURFACE_STYLE_FILL_AREA(#1319);
#904=SURFACE_STYLE_FILL_AREA(#1320);
#905=ORIENTED_EDGE('',*,*,#1321,.T.);
#906=ORIENTED_EDGE('',*,*,#1322,.F.);
#907=ORIENTED_EDGE('',*,*,#1323,.T.);
#908=ORIENTED_EDGE('',*,*,#1324,.T.);
#909=CARTESIAN_POINT('',(0.2,1.25000965336326,-0.0250164317824564));
#910=DIRECTION('',(-9.41789241048402E-018,-0.0763977710318047,-0.99707741955245));
#911=DIRECTION('',(0.0,-0.99707741955245,0.0763977710318047));
#912=SURFACE_STYLE_FILL_AREA(#1325);
#913=ORIENTED_EDGE('',*,*,#1302,.F.);
#914=ORIENTED_EDGE('',*,*,#1281,.F.);
#915=CARTESIAN_POINT('',(-1.15,-0.35,1.015));
#916=DIRECTION('',(0.0,0.0,1.0));
#917=DIRECTION('',(1.0,0.0,0.0));
#918=SURFACE_STYLE_FILL_AREA(#1326);
#919=ORIENTED_EDGE('',*,*,#1257,.F.);
#920=ORIENTED_EDGE('',*,*,#1327,.F.);
#921=ORIENTED_EDGE('',*,*,#1328,.T.);
#922=ORIENTED_EDGE('',*,*,#1329,.T.);
#923=SURFACE_STYLE_FILL_AREA(#1330);
#924=ORIENTED_EDGE('',*,*,#1331,.F.);
#925=ORIENTED_EDGE('',*,*,#1332,.F.);
#926=ORIENTED_EDGE('',*,*,#1251,.T.);
#927=ORIENTED_EDGE('',*,*,#1238,.T.);
#928=SURFACE_STYLE_FILL_AREA(#1333);
#929=ORIENTED_EDGE('',*,*,#1246,.T.);
#930=ORIENTED_EDGE('',*,*,#1317,.T.);
#931=ORIENTED_EDGE('',*,*,#1296,.T.);
#932=ORIENTED_EDGE('',*,*,#1334,.T.);
#933=CARTESIAN_POINT('',(-1.5,0.6,1.01));
#934=DIRECTION('',(-0.0,0.688749461914693,0.724999433594414));
#935=DIRECTION('',(1.0,0.0,0.0));
#936=SURFACE_STYLE_FILL_AREA(#1335);
#937=ORIENTED_EDGE('',*,*,#1336,.F.);
#938=ORIENTED_EDGE('',*,*,#1321,.F.);
#939=ORIENTED_EDGE('',*,*,#1337,.T.);
#940=ORIENTED_EDGE('',*,*,#1338,.T.);
#941=SURFACE_STYLE_FILL_AREA(#1339);
#942=ORIENTED_EDGE('',*,*,#1305,.T.);
#943=ORIENTED_EDGE('',*,*,#1340,.F.);
#944=ORIENTED_EDGE('',*,*,#1341,.F.);
#945=ORIENTED_EDGE('',*,*,#1342,.T.);
#946=CARTESIAN_POINT('',(-0.2,0.967559610065754,0.32456843703613));
#947=DIRECTION('',(1.18130251685402E-016,0.95827044171202,0.285863185004732));
#948=DIRECTION('',(1.0,0.0,-4.13240521627318E-016));
#949=SURFACE_STYLE_FILL_AREA(#1343);
#950=ORIENTED_EDGE('',*,*,#1344,.T.);
#951=ORIENTED_EDGE('',*,*,#1290,.F.);
#952=ORIENTED_EDGE('',*,*,#1345,.T.);
#953=ORIENTED_EDGE('',*,*,#1346,.T.);
#954=CARTESIAN_POINT('',(1.15,-1.25000965336326,-0.0250164317824565));
#955=DIRECTION('',(0.0,0.0763986352172076,-0.997077353336715));
#956=DIRECTION('',(-1.0,0.0,0.0));
#957=SURFACE_STYLE_FILL_AREA(#1347);
#958=ORIENTED_EDGE('',*,*,#1348,.T.);
#959=ORIENTED_EDGE('',*,*,#1349,.T.);
#960=ORIENTED_EDGE('',*,*,#1259,.F.);
#961=ORIENTED_EDGE('',*,*,#1350,.F.);
#962=SURFACE_STYLE_FILL_AREA(#1351);
#963=ORIENTED_EDGE('',*,*,#1327,.T.);
#964=ORIENTED_EDGE('',*,*,#1256,.F.);
#965=ORIENTED_EDGE('',*,*,#1352,.T.);
#966=ORIENTED_EDGE('',*,*,#1353,.T.);
#967=CARTESIAN_POINT('',(-0.75,-1.25000965336326,-0.0250164317824565));
#968=DIRECTION('',(0.0,0.0763977710318047,-0.99707741955245));
#969=DIRECTION('',(-1.0,0.0,0.0));
#970=SURFACE_STYLE_FILL_AREA(#1354);
#971=ORIENTED_EDGE('',*,*,#1355,.T.);
#972=ORIENTED_EDGE('',*,*,#1260,.F.);
#973=ORIENTED_EDGE('',*,*,#1349,.F.);
#974=ORIENTED_EDGE('',*,*,#1356,.T.);
#975=CARTESIAN_POINT('',(-0.75,-0.653996914477408,0.329511461542028));
#976=DIRECTION('',(0.0,0.0,-1.0));
#977=DIRECTION('',(0.0,-1.0,0.0));
#978=SURFACE_STYLE_FILL_AREA(#1357);
#979=ORIENTED_EDGE('',*,*,#1358,.T.);
#980=ORIENTED_EDGE('',*,*,#1359,.F.);
#981=ORIENTED_EDGE('',*,*,#1338,.F.);
#982=ORIENTED_EDGE('',*,*,#1360,.T.);
#983=CARTESIAN_POINT('',(-0.2,0.873904203638073,0.290996334855472));
#984=DIRECTION('',(-1.18130251685402E-016,-0.95827044171202,-0.285863185004732));
#985=DIRECTION('',(0.0,0.285863185004732,-0.95827044171202));
#986=SURFACE_STYLE_FILL_AREA(#1361);
#987=ORIENTED_EDGE('',*,*,#1298,.F.);
#988=ORIENTED_EDGE('',*,*,#1318,.T.);
#989=ORIENTED_EDGE('',*,*,#1247,.T.);
#990=ORIENTED_EDGE('',*,*,#1362,.T.);
#991=CARTESIAN_POINT('',(1.5,-0.6,1.01));
#992=DIRECTION('',(0.0,-0.688749461914693,0.724999433594414));
#993=DIRECTION('',(-1.0,0.0,0.0));
#994=SURFACE_STYLE_FILL_AREA(#1363);
#995=ORIENTED_EDGE('',*,*,#1332,.T.);
#996=ORIENTED_EDGE('',*,*,#1364,.F.);
#997=ORIENTED_EDGE('',*,*,#1268,.F.);
#998=ORIENTED_EDGE('',*,*,#1252,.T.);
#999=CARTESIAN_POINT('',(-0.75,-0.967559610065754,0.32456843703613));
#1000=DIRECTION('',(0.0,-0.95827044171202,0.285863185004732));
#1001=DIRECTION('',(-1.0,0.0,0.0));
#1002=SURFACE_STYLE_FILL_AREA(#1365);
#1003=ORIENTED_EDGE('',*,*,#1366,.F.);
#1004=ORIENTED_EDGE('',*,*,#1367,.T.);
#1005=ORIENTED_EDGE('',*,*,#1310,.F.);
#1006=ORIENTED_EDGE('',*,*,#1263,.F.);
#1007=ORIENTED_EDGE('',*,*,#1368,.F.);
#1008=ORIENTED_EDGE('',*,*,#1369,.F.);
#1009=ORIENTED_EDGE('',*,*,#1346,.F.);
#1010=ORIENTED_EDGE('',*,*,#1370,.T.);
#1011=ORIENTED_EDGE('',*,*,#1371,.T.);
#1012=ORIENTED_EDGE('',*,*,#1372,.T.);
#1013=ORIENTED_EDGE('',*,*,#1373,.T.);
#1014=ORIENTED_EDGE('',*,*,#1272,.T.);
#1015=ORIENTED_EDGE('',*,*,#1242,.T.);
#1016=CARTESIAN_POINT('',(0.75,-1.25000965336326,-0.0250164317824565));
#1017=DIRECTION('',(-1.0,0.0,0.0));
#1018=DIRECTION('',(0.0,0.0,1.0));
#1019=SURFACE_STYLE_FILL_AREA(#1374);
#1020=ORIENTED_EDGE('',*,*,#1375,.F.);
#1021=ORIENTED_EDGE('',*,*,#1376,.F.);
#1022=ORIENTED_EDGE('',*,*,#1307,.F.);
#1023=ORIENTED_EDGE('',*,*,#1377,.T.);
#1024=CARTESIAN_POINT('',(-0.2,0.64602239224912,0.424983568217543));
#1025=DIRECTION('',(0.0,0.0,1.0));
#1026=DIRECTION('',(1.0,0.0,0.0));
#1027=SURFACE_STYLE_FILL_AREA(#1378);
#1028=ORIENTED_EDGE('',*,*,#1379,.F.);
#1029=ORIENTED_EDGE('',*,*,#1294,.F.);
#1030=ORIENTED_EDGE('',*,*,#1309,.F.);
#1031=ORIENTED_EDGE('',*,*,#1367,.F.);
#1032=CARTESIAN_POINT('',(1.15,-0.699997191564643,0.425010901782424));
#1033=DIRECTION('',(1.22460617083586E-016,0.999999850575235,-0.000546671297623948));
#1034=DIRECTION('',(-1.0,0.0,-2.2401142627361E-013));
#1035=SURFACE_STYLE_FILL_AREA(#1380);
#1036=ORIENTED_EDGE('',*,*,#1350,.T.);
#1037=ORIENTED_EDGE('',*,*,#1258,.F.);
#1038=ORIENTED_EDGE('',*,*,#1329,.F.);
#1039=ORIENTED_EDGE('',*,*,#1381,.T.);
#1040=CARTESIAN_POINT('',(-0.75,-0.934130726388896,0.089105012059724));
#1041=DIRECTION('',(0.0,0.95827044171202,-0.285863185004732));
#1042=DIRECTION('',(-1.0,0.0,0.0));
#1043=SURFACE_STYLE_FILL_AREA(#1382);
#1044=ORIENTED_EDGE('',*,*,#1383,.F.);
#1045=ORIENTED_EDGE('',*,*,#1384,.T.);
#1046=ORIENTED_EDGE('',*,*,#1315,.F.);
#1047=ORIENTED_EDGE('',*,*,#1385,.F.);
#1048=ORIENTED_EDGE('',*,*,#1360,.F.);
#1049=ORIENTED_EDGE('',*,*,#1337,.F.);
#1050=ORIENTED_EDGE('',*,*,#1324,.F.);
#1051=ORIENTED_EDGE('',*,*,#1386,.T.);
#1052=ORIENTED_EDGE('',*,*,#1387,.T.);
#1053=ORIENTED_EDGE('',*,*,#1388,.T.);
#1054=ORIENTED_EDGE('',*,*,#1340,.T.);
#1055=ORIENTED_EDGE('',*,*,#1304,.T.);
#1056=ORIENTED_EDGE('',*,*,#1376,.T.);
#1057=CARTESIAN_POINT('',(0.2,1.25000965336326,-0.0250164317824564));
#1058=DIRECTION('',(1.0,-1.21652203547811E-016,0.0));
#1059=DIRECTION('',(0.0,0.0,1.0));
#1060=SURFACE_STYLE_FILL_AREA(#1389);
#1061=ORIENTED_EDGE('',*,*,#1390,.F.);
#1062=ORIENTED_EDGE('',*,*,#1391,.F.);
#1063=ORIENTED_EDGE('',*,*,#1352,.F.);
#1064=ORIENTED_EDGE('',*,*,#1255,.F.);
#1065=CARTESIAN_POINT('',(-0.75,-1.25000965336326,0.0707606983752203));
#1066=DIRECTION('',(0.0,-1.0,6.39299983099472E-017));
#1067=DIRECTION('',(-1.0,0.0,0.0));
#1068=SURFACE_STYLE_FILL_AREA(#1392);
#1069=ORIENTED_EDGE('',*,*,#1393,.T.);
#1070=ORIENTED_EDGE('',*,*,#1394,.T.);
#1071=ORIENTED_EDGE('',*,*,#1383,.T.);
#1072=ORIENTED_EDGE('',*,*,#1375,.T.);
#1073=ORIENTED_EDGE('',*,*,#1334,.F.);
#1074=ORIENTED_EDGE('',*,*,#1395,.T.);
#1075=ORIENTED_EDGE('',*,*,#1278,.F.);
#1076=ORIENTED_EDGE('',*,*,#1232,.F.);
#1077=CARTESIAN_POINT('',(-1.5,0.7,0.915));
#1078=DIRECTION('',(0.0,-1.0,0.0));
#1079=DIRECTION('',(0.0,0.0,-1.0));
#1080=SURFACE_STYLE_FILL_AREA(#1396);
#1081=ORIENTED_EDGE('',*,*,#1397,.T.);
#1082=ORIENTED_EDGE('',*,*,#1341,.T.);
#1083=ORIENTED_EDGE('',*,*,#1388,.F.);
#1084=ORIENTED_EDGE('',*,*,#1398,.F.);
#1085=SURFACE_STYLE_FILL_AREA(#1399);
#1086=ORIENTED_EDGE('',*,*,#1400,.F.);
#1087=ORIENTED_EDGE('',*,*,#1370,.F.);
#1088=ORIENTED_EDGE('',*,*,#1345,.F.);
#1089=ORIENTED_EDGE('',*,*,#1289,.F.);
#1090=CARTESIAN_POINT('',(1.15,-1.25000965336326,0.0707606983752203));
#1091=DIRECTION('',(0.0,-1.0,6.39292709183645E-017));
#1092=DIRECTION('',(-1.0,0.0,0.0));
#1093=SURFACE_STYLE_FILL_AREA(#1401);
#1094=ORIENTED_EDGE('',*,*,#1393,.F.);
#1095=ORIENTED_EDGE('',*,*,#1377,.F.);
#1096=ORIENTED_EDGE('',*,*,#1306,.F.);
#1097=ORIENTED_EDGE('',*,*,#1342,.F.);
#1098=ORIENTED_EDGE('',*,*,#1397,.F.);
#1099=ORIENTED_EDGE('',*,*,#1402,.F.);
#1100=ORIENTED_EDGE('',*,*,#1403,.T.);
#1101=ORIENTED_EDGE('',*,*,#1322,.T.);
#1102=ORIENTED_EDGE('',*,*,#1336,.T.);
#1103=ORIENTED_EDGE('',*,*,#1359,.T.);
#1104=ORIENTED_EDGE('',*,*,#1404,.T.);
#1105=ORIENTED_EDGE('',*,*,#1313,.T.);
#1106=ORIENTED_EDGE('',*,*,#1405,.T.);
#1107=CARTESIAN_POINT('',(-0.2,0.64602239224912,-0.0250164317824564));
#1108=DIRECTION('',(-1.0,1.21652203547811E-016,0.0));
#1109=DIRECTION('',(0.0,0.0,1.0));
#1110=SURFACE_STYLE_FILL_AREA(#1406);
#1111=ORIENTED_EDGE('',*,*,#1398,.T.);
#1112=ORIENTED_EDGE('',*,*,#1387,.F.);
#1113=ORIENTED_EDGE('',*,*,#1407,.T.);
#1114=ORIENTED_EDGE('',*,*,#1402,.T.);
#1115=CARTESIAN_POINT('',(-0.2,1.06913630213852,0.0846195227770659));
#1116=DIRECTION('',(9.41789241048402E-018,0.0763977710318047,0.99707741955245));
#1117=DIRECTION('',(1.0,-1.23274439598026E-016,0.0));
#1118=SURFACE_STYLE_FILL_AREA(#1408);
#1119=ORIENTED_EDGE('',*,*,#1409,.F.);
#1120=ORIENTED_EDGE('',*,*,#1410,.T.);
#1121=ORIENTED_EDGE('',*,*,#1356,.F.);
#1122=ORIENTED_EDGE('',*,*,#1348,.F.);
#1123=ORIENTED_EDGE('',*,*,#1381,.F.);
#1124=ORIENTED_EDGE('',*,*,#1328,.F.);
#1125=ORIENTED_EDGE('',*,*,#1353,.F.);
#1126=ORIENTED_EDGE('',*,*,#1391,.T.);
#1127=ORIENTED_EDGE('',*,*,#1411,.T.);
#1128=ORIENTED_EDGE('',*,*,#1269,.T.);
#1129=ORIENTED_EDGE('',*,*,#1364,.T.);
#1130=ORIENTED_EDGE('',*,*,#1331,.T.);
#1131=ORIENTED_EDGE('',*,*,#1237,.T.);
#1132=CARTESIAN_POINT('',(-1.15,-1.25000965336326,-0.0250164317824565));
#1133=DIRECTION('',(-1.0,0.0,0.0));
#1134=DIRECTION('',(0.0,0.0,1.0));
#1135=SURFACE_STYLE_FILL_AREA(#1412);
#1136=ORIENTED_EDGE('',*,*,#1385,.T.);
#1137=ORIENTED_EDGE('',*,*,#1314,.T.);
#1138=ORIENTED_EDGE('',*,*,#1404,.F.);
#1139=ORIENTED_EDGE('',*,*,#1358,.F.);
#1140=SURFACE_STYLE_FILL_AREA(#1413);
#1141=ORIENTED_EDGE('',*,*,#1273,.T.);
#1142=ORIENTED_EDGE('',*,*,#1373,.F.);
#1143=ORIENTED_EDGE('',*,*,#1414,.F.);
#1144=ORIENTED_EDGE('',*,*,#1286,.T.);
#1145=CARTESIAN_POINT('',(1.15,-0.967562823764944,0.32456843703613));
#1146=DIRECTION('',(0.0,-0.958271332688546,0.285860198256628));
#1147=DIRECTION('',(-1.0,0.0,0.0));
#1148=SURFACE_STYLE_FILL_AREA(#1415);
#1149=ORIENTED_EDGE('',*,*,#1416,.T.);
#1150=ORIENTED_EDGE('',*,*,#1371,.F.);
#1151=ORIENTED_EDGE('',*,*,#1400,.T.);
#1152=ORIENTED_EDGE('',*,*,#1288,.T.);
#1153=CARTESIAN_POINT('',(1.15,-1.06913836010437,0.0846195227770658));
#1154=DIRECTION('',(0.0,-0.0763986352172076,0.997077353336715));
#1155=DIRECTION('',(-1.0,0.0,0.0));
#1156=SURFACE_STYLE_FILL_AREA(#1417);
#1157=ORIENTED_EDGE('',*,*,#1407,.F.);
#1158=ORIENTED_EDGE('',*,*,#1386,.F.);
#1159=ORIENTED_EDGE('',*,*,#1323,.F.);
#1160=ORIENTED_EDGE('',*,*,#1403,.F.);
#1161=CARTESIAN_POINT('',(-0.2,1.25000965336326,0.0707606983752204));
#1162=DIRECTION('',(3.32757565347288E-146,1.0,6.39299983099472E-017));
#1163=DIRECTION('',(1.0,0.0,-5.20503009767032E-130));
#1164=SURFACE_STYLE_FILL_AREA(#1418);
#1165=ORIENTED_EDGE('',*,*,#1287,.T.);
#1166=ORIENTED_EDGE('',*,*,#1414,.T.);
#1167=ORIENTED_EDGE('',*,*,#1372,.F.);
#1168=ORIENTED_EDGE('',*,*,#1416,.F.);
#1169=SURFACE_STYLE_FILL_AREA(#1419);
#1170=ORIENTED_EDGE('',*,*,#1420,.F.);
#1171=ORIENTED_EDGE('',*,*,#1261,.F.);
#1172=ORIENTED_EDGE('',*,*,#1355,.F.);
#1173=ORIENTED_EDGE('',*,*,#1410,.F.);
#1174=CARTESIAN_POINT('',(-0.75,-0.69999033164262,0.425010948971585));
#1175=DIRECTION('',(1.22460617020349E-016,0.99999985005885,-0.000547615080839257));
#1176=DIRECTION('',(-1.0,0.0,-2.23625355300058E-013));
#1177=SURFACE_STYLE_FILL_AREA(#1421);
#1178=ORIENTED_EDGE('',*,*,#1285,.T.);
#1179=ORIENTED_EDGE('',*,*,#1379,.T.);
#1180=ORIENTED_EDGE('',*,*,#1366,.T.);
#1181=ORIENTED_EDGE('',*,*,#1241,.T.);
#1182=ORIENTED_EDGE('',*,*,#1250,.T.);
#1183=ORIENTED_EDGE('',*,*,#1420,.T.);
#1184=ORIENTED_EDGE('',*,*,#1409,.T.);
#1185=ORIENTED_EDGE('',*,*,#1236,.T.);
#1186=ORIENTED_EDGE('',*,*,#1362,.F.);
#1187=ORIENTED_EDGE('',*,*,#1234,.T.);
#1188=ORIENTED_EDGE('',*,*,#1277,.F.);
#1189=ORIENTED_EDGE('',*,*,#1422,.F.);
#1190=CARTESIAN_POINT('',(-1.5,-0.7,0.915));
#1191=DIRECTION('',(0.0,1.0,0.0));
#1192=DIRECTION('',(1.0,0.0,-0.0));
#1193=SURFACE_STYLE_FILL_AREA(#1423);
#1194=ORIENTED_EDGE('',*,*,#1299,.F.);
#1195=ORIENTED_EDGE('',*,*,#1422,.T.);
#1196=ORIENTED_EDGE('',*,*,#1276,.F.);
#1197=ORIENTED_EDGE('',*,*,#1395,.F.);
#1198=CARTESIAN_POINT('',(1.5,-0.7,0.0600000000000002));
#1199=DIRECTION('',(-1.0,0.0,0.0));
#1200=DIRECTION('',(0.0,0.0,1.0));
#1201=SURFACE_STYLE_FILL_AREA(#1424);
#1202=ORIENTED_EDGE('',*,*,#1266,.T.);
#1203=ORIENTED_EDGE('',*,*,#1292,.F.);
#1204=ORIENTED_EDGE('',*,*,#1425,.F.);
#1205=ORIENTED_EDGE('',*,*,#1368,.T.);
#1206=CARTESIAN_POINT('',(1.15,-0.93413432043987,0.089105012059724));
#1207=DIRECTION('',(0.0,0.958271332688546,-0.285860198256628));
#1208=DIRECTION('',(-1.0,0.0,0.0));
#1209=SURFACE_STYLE_FILL_AREA(#1426);
#1210=ORIENTED_EDGE('',*,*,#1394,.F.);
#1211=ORIENTED_EDGE('',*,*,#1405,.F.);
#1212=ORIENTED_EDGE('',*,*,#1312,.F.);
#1213=ORIENTED_EDGE('',*,*,#1384,.F.);
#1214=CARTESIAN_POINT('',(-0.200000000000001,0.69999033164262,0.425010948971581));
#1215=DIRECTION('',(0.0,-0.99999985005885,-0.000547615080839035));
#1216=DIRECTION('',(0.0,0.000547615080839035,-0.99999985005885));
#1217=SURFACE_STYLE_FILL_AREA(#1427);
#1218=ORIENTED_EDGE('',*,*,#1291,.F.);
#1219=ORIENTED_EDGE('',*,*,#1344,.F.);
#1220=ORIENTED_EDGE('',*,*,#1369,.T.);
#1221=ORIENTED_EDGE('',*,*,#1425,.T.);
#1222=SURFACE_STYLE_FILL_AREA(#1428);
#1223=ORIENTED_EDGE('',*,*,#1270,.T.);
#1224=ORIENTED_EDGE('',*,*,#1411,.F.);
#1225=ORIENTED_EDGE('',*,*,#1390,.T.);
#1226=ORIENTED_EDGE('',*,*,#1254,.T.);
#1227=CARTESIAN_POINT('',(-0.75,-1.06913630213852,0.0846195227770658));
#1228=DIRECTION('',(0.0,-0.0763977710318047,0.99707741955245));
#1229=DIRECTION('',(-1.0,0.0,0.0));
#1230=FILL_AREA_STYLE('',(#1429));
#1231=EDGE_CURVE('',#1430,#1431,#1432,.T.);
#1232=EDGE_CURVE('',#1430,#1433,#1434,.T.);
#1233=EDGE_CURVE('',#1435,#1433,#1436,.T.);
#1234=EDGE_CURVE('',#1431,#1435,#1437,.T.);
#1235=FILL_AREA_STYLE('',(#1438));
#1236=EDGE_CURVE('',#1439,#1440,#1441,.T.);
#1237=EDGE_CURVE('',#1442,#1439,#1443,.T.);
#1238=EDGE_CURVE('',#1444,#1442,#1445,.T.);
#1239=EDGE_CURVE('',#1444,#1440,#1446,.T.);
#1240=FILL_AREA_STYLE('',(#1447));
#1241=EDGE_CURVE('',#1448,#1449,#1450,.T.);
#1242=EDGE_CURVE('',#1451,#1448,#1452,.T.);
#1243=EDGE_CURVE('',#1453,#1451,#1454,.T.);
#1244=EDGE_CURVE('',#1453,#1449,#1455,.T.);
#1245=FILL_AREA_STYLE('',(#1456));
#1246=EDGE_CURVE('',#1430,#1457,#1458,.T.);
#1247=EDGE_CURVE('',#1459,#1431,#1460,.T.);
#1248=EDGE_CURVE('',#1459,#1457,#1461,.T.);
#1249=FILL_AREA_STYLE('',(#1462));
#1250=EDGE_CURVE('',#1440,#1463,#1464,.T.);
#1251=EDGE_CURVE('',#1465,#1444,#1466,.T.);
#1252=EDGE_CURVE('',#1467,#1465,#1468,.T.);
#1253=EDGE_CURVE('',#1469,#1467,#1470,.T.);
#1254=EDGE_CURVE('',#1471,#1469,#1472,.T.);
#1255=EDGE_CURVE('',#1471,#1473,#1474,.T.);
#1256=EDGE_CURVE('',#1473,#1475,#1476,.T.);
#1257=EDGE_CURVE('',#1475,#1477,#1478,.T.);
#1258=EDGE_CURVE('',#1477,#1479,#1480,.T.);
#1259=EDGE_CURVE('',#1479,#1481,#1482,.T.);
#1260=EDGE_CURVE('',#1481,#1483,#1484,.T.);
#1261=EDGE_CURVE('',#1483,#1463,#1485,.T.);
#1262=FILL_AREA_STYLE('',(#1486));
#1263=EDGE_CURVE('',#1487,#1488,#1489,.T.);
#1264=EDGE_CURVE('',#1488,#1490,#1491,.T.);
#1265=EDGE_CURVE('',#1492,#1490,#1493,.T.);
#1266=EDGE_CURVE('',#1487,#1492,#1494,.T.);
#1267=FILL_AREA_STYLE('',(#1495));
#1268=EDGE_CURVE('',#1467,#1496,#1497,.T.);
#1269=EDGE_CURVE('',#1498,#1496,#1499,.T.);
#1270=EDGE_CURVE('',#1469,#1498,#1500,.T.);
#1271=FILL_AREA_STYLE('',(#1501));
#1272=EDGE_CURVE('',#1502,#1451,#1503,.T.);
#1273=EDGE_CURVE('',#1504,#1502,#1505,.T.);
#1274=EDGE_CURVE('',#1504,#1453,#1506,.T.);
#1275=FILL_AREA_STYLE('',(#1507));
#1276=EDGE_CURVE('',#1508,#1509,#1510,.T.);
#1277=EDGE_CURVE('',#1509,#1435,#1511,.T.);
#1278=EDGE_CURVE('',#1433,#1508,#1512,.T.);
#1279=FILL_AREA_STYLE('',(#1513));
#1280=EDGE_CURVE('',#1514,#1515,#1516,.T.);
#1281=EDGE_CURVE('',#1514,#1517,#1518,.T.);
#1282=EDGE_CURVE('',#1519,#1517,#1520,.T.);
#1283=EDGE_CURVE('',#1515,#1519,#1521,.T.);
#1284=FILL_AREA_STYLE('',(#1522));
#1285=EDGE_CURVE('',#1449,#1523,#1524,.T.);
#1286=EDGE_CURVE('',#1525,#1504,#1526,.T.);
#1287=EDGE_CURVE('',#1527,#1525,#1528,.T.);
#1288=EDGE_CURVE('',#1529,#1527,#1530,.T.);
#1289=EDGE_CURVE('',#1529,#1531,#1532,.T.);
#1290=EDGE_CURVE('',#1531,#1533,#1534,.T.);
#1291=EDGE_CURVE('',#1533,#1535,#1536,.T.);
#1292=EDGE_CURVE('',#1535,#1492,#1537,.T.);
#1293=EDGE_CURVE('',#1490,#1538,#1539,.T.);
#1294=EDGE_CURVE('',#1538,#1523,#1540,.T.);
#1295=FILL_AREA_STYLE('',(#1541));
#1296=EDGE_CURVE('',#1542,#1543,#1544,.T.);
#1297=EDGE_CURVE('',#1542,#1545,#1546,.T.);
#1298=EDGE_CURVE('',#1545,#1547,#1548,.T.);
#1299=EDGE_CURVE('',#1547,#1543,#1549,.T.);
#1300=FILL_AREA_STYLE('',(#1550));
#1301=EDGE_CURVE('',#1519,#1515,#1551,.T.);
#1302=EDGE_CURVE('',#1517,#1514,#1552,.T.);
#1303=FILL_AREA_STYLE('',(#1553));
#1304=EDGE_CURVE('',#1554,#1555,#1556,.T.);
#1305=EDGE_CURVE('',#1557,#1554,#1558,.T.);
#1306=EDGE_CURVE('',#1557,#1559,#1560,.T.);
#1307=EDGE_CURVE('',#1559,#1555,#1561,.T.);
#1308=FILL_AREA_STYLE('',(#1562));
#1309=EDGE_CURVE('',#1563,#1538,#1564,.T.);
#1310=EDGE_CURVE('',#1488,#1563,#1565,.T.);
#1311=FILL_AREA_STYLE('',(#1566));
#1312=EDGE_CURVE('',#1567,#1568,#1569,.T.);
#1313=EDGE_CURVE('',#1570,#1568,#1571,.T.);
#1314=EDGE_CURVE('',#1572,#1570,#1573,.T.);
#1315=EDGE_CURVE('',#1572,#1567,#1574,.T.);
#1316=FILL_AREA_STYLE('',(#1575));
#1317=EDGE_CURVE('',#1457,#1542,#1576,.T.);
#1318=EDGE_CURVE('',#1545,#1459,#1577,.T.);
#1319=FILL_AREA_STYLE('',(#1578));
#1320=FILL_AREA_STYLE('',(#1579));
#1321=EDGE_CURVE('',#1580,#1581,#1582,.T.);
#1322=EDGE_CURVE('',#1583,#1581,#1584,.T.);
#1323=EDGE_CURVE('',#1583,#1585,#1586,.T.);
#1324=EDGE_CURVE('',#1585,#1580,#1587,.T.);
#1325=FILL_AREA_STYLE('',(#1588));
#1326=FILL_AREA_STYLE('',(#1589));
#1327=EDGE_CURVE('',#1590,#1475,#1591,.T.);
#1328=EDGE_CURVE('',#1590,#1592,#1593,.T.);
#1329=EDGE_CURVE('',#1592,#1477,#1594,.T.);
#1330=FILL_AREA_STYLE('',(#1595));
#1331=EDGE_CURVE('',#1596,#1442,#1597,.T.);
#1332=EDGE_CURVE('',#1465,#1596,#1598,.T.);
#1333=FILL_AREA_STYLE('',(#1599));
#1334=EDGE_CURVE('',#1543,#1430,#1600,.T.);
#1335=FILL_AREA_STYLE('',(#1601));
#1336=EDGE_CURVE('',#1581,#1602,#1603,.T.);
#1337=EDGE_CURVE('',#1580,#1604,#1605,.T.);
#1338=EDGE_CURVE('',#1604,#1602,#1606,.T.);
#1339=FILL_AREA_STYLE('',(#1607));
#1340=EDGE_CURVE('',#1608,#1554,#1609,.T.);
#1341=EDGE_CURVE('',#1610,#1608,#1611,.T.);
#1342=EDGE_CURVE('',#1610,#1557,#1612,.T.);
#1343=FILL_AREA_STYLE('',(#1613));
#1344=EDGE_CURVE('',#1614,#1533,#1615,.T.);
#1345=EDGE_CURVE('',#1531,#1616,#1617,.T.);
#1346=EDGE_CURVE('',#1616,#1614,#1618,.T.);
#1347=FILL_AREA_STYLE('',(#1619));
#1348=EDGE_CURVE('',#1620,#1621,#1622,.T.);
#1349=EDGE_CURVE('',#1621,#1481,#1623,.T.);
#1350=EDGE_CURVE('',#1620,#1479,#1624,.T.);
#1351=FILL_AREA_STYLE('',(#1625));
#1352=EDGE_CURVE('',#1473,#1626,#1627,.T.);
#1353=EDGE_CURVE('',#1626,#1590,#1628,.T.);
#1354=FILL_AREA_STYLE('',(#1629));
#1355=EDGE_CURVE('',#1630,#1483,#1631,.T.);
#1356=EDGE_CURVE('',#1621,#1630,#1632,.T.);
#1357=FILL_AREA_STYLE('',(#1633));
#1358=EDGE_CURVE('',#1634,#1635,#1636,.T.);
#1359=EDGE_CURVE('',#1602,#1635,#1637,.T.);
#1360=EDGE_CURVE('',#1604,#1634,#1638,.T.);
#1361=FILL_AREA_STYLE('',(#1639));
#1362=EDGE_CURVE('',#1431,#1547,#1640,.T.);
#1363=FILL_AREA_STYLE('',(#1641));
#1364=EDGE_CURVE('',#1496,#1596,#1642,.T.);
#1365=FILL_AREA_STYLE('',(#1643));
#1366=EDGE_CURVE('',#1644,#1448,#1645,.T.);
#1367=EDGE_CURVE('',#1644,#1563,#1646,.T.);
#1368=EDGE_CURVE('',#1647,#1487,#1648,.T.);
#1369=EDGE_CURVE('',#1614,#1647,#1649,.T.);
#1370=EDGE_CURVE('',#1616,#1650,#1651,.T.);
#1371=EDGE_CURVE('',#1650,#1652,#1653,.T.);
#1372=EDGE_CURVE('',#1652,#1654,#1655,.T.);
#1373=EDGE_CURVE('',#1654,#1502,#1656,.T.);
#1374=FILL_AREA_STYLE('',(#1657));
#1375=EDGE_CURVE('',#1658,#1659,#1660,.T.);
#1376=EDGE_CURVE('',#1555,#1658,#1661,.T.);
#1377=EDGE_CURVE('',#1559,#1659,#1662,.T.);
#1378=FILL_AREA_STYLE('',(#1663));
#1379=EDGE_CURVE('',#1523,#1644,#1664,.T.);
#1380=FILL_AREA_STYLE('',(#1665));
#1381=EDGE_CURVE('',#1592,#1620,#1666,.T.);
#1382=FILL_AREA_STYLE('',(#1667));
#1383=EDGE_CURVE('',#1668,#1658,#1669,.T.);
#1384=EDGE_CURVE('',#1668,#1567,#1670,.T.);
#1385=EDGE_CURVE('',#1634,#1572,#1671,.T.);
#1386=EDGE_CURVE('',#1585,#1672,#1673,.T.);
#1387=EDGE_CURVE('',#1672,#1674,#1675,.T.);
#1388=EDGE_CURVE('',#1674,#1608,#1676,.T.);
#1389=FILL_AREA_STYLE('',(#1677));
#1390=EDGE_CURVE('',#1678,#1471,#1679,.T.);
#1391=EDGE_CURVE('',#1626,#1678,#1680,.T.);
#1392=FILL_AREA_STYLE('',(#1681));
#1393=EDGE_CURVE('',#1659,#1682,#1683,.T.);
#1394=EDGE_CURVE('',#1682,#1668,#1684,.T.);
#1395=EDGE_CURVE('',#1543,#1508,#1685,.T.);
#1396=FILL_AREA_STYLE('',(#1686));
#1397=EDGE_CURVE('',#1687,#1610,#1688,.T.);
#1398=EDGE_CURVE('',#1687,#1674,#1689,.T.);
#1399=FILL_AREA_STYLE('',(#1690));
#1400=EDGE_CURVE('',#1650,#1529,#1691,.T.);
#1401=FILL_AREA_STYLE('',(#1692));
#1402=EDGE_CURVE('',#1693,#1687,#1694,.T.);
#1403=EDGE_CURVE('',#1693,#1583,#1695,.T.);
#1404=EDGE_CURVE('',#1635,#1570,#1696,.T.);
#1405=EDGE_CURVE('',#1568,#1682,#1697,.T.);
#1406=FILL_AREA_STYLE('',(#1698));
#1407=EDGE_CURVE('',#1672,#1693,#1699,.T.);
#1408=FILL_AREA_STYLE('',(#1700));
#1409=EDGE_CURVE('',#1701,#1439,#1702,.T.);
#1410=EDGE_CURVE('',#1701,#1630,#1703,.T.);
#1411=EDGE_CURVE('',#1678,#1498,#1704,.T.);
#1412=FILL_AREA_STYLE('',(#1705));
#1413=FILL_AREA_STYLE('',(#1706));
#1414=EDGE_CURVE('',#1525,#1654,#1707,.T.);
#1415=FILL_AREA_STYLE('',(#1708));
#1416=EDGE_CURVE('',#1527,#1652,#1709,.T.);
#1417=FILL_AREA_STYLE('',(#1710));
#1418=FILL_AREA_STYLE('',(#1711));
#1419=FILL_AREA_STYLE('',(#1712));
#1420=EDGE_CURVE('',#1463,#1701,#1713,.T.);
#1421=FILL_AREA_STYLE('',(#1714));
#1422=EDGE_CURVE('',#1547,#1509,#1715,.T.);
#1423=FILL_AREA_STYLE('',(#1716));
#1424=FILL_AREA_STYLE('',(#1717));
#1425=EDGE_CURVE('',#1647,#1535,#1718,.T.);
#1426=FILL_AREA_STYLE('',(#1719));
#1427=FILL_AREA_STYLE('',(#1720));
#1428=FILL_AREA_STYLE('',(#1721));
#1429=FILL_AREA_STYLE_COLOUR('',#1722);
#1430=VERTEX_POINT('',#1723);
#1431=VERTEX_POINT('',#1724);
#1432=LINE('',#1725,#1726);
#1433=VERTEX_POINT('',#1727);
#1434=LINE('',#1728,#1729);
#1435=VERTEX_POINT('',#1730);
#1436=LINE('',#1731,#1732);
#1437=LINE('',#1733,#1734);
#1438=FILL_AREA_STYLE_COLOUR('',#1735);
#1439=VERTEX_POINT('',#1736);
#1440=VERTEX_POINT('',#1737);
#1441=LINE('',#1738,#1739);
#1442=VERTEX_POINT('',#1740);
#1443=LINE('',#1741,#1742);
#1444=VERTEX_POINT('',#1743);
#1445=LINE('',#1744,#1745);
#1446=LINE('',#1746,#1747);
#1447=FILL_AREA_STYLE_COLOUR('',#1748);
#1448=VERTEX_POINT('',#1749);
#1449=VERTEX_POINT('',#1750);
#1450=LINE('',#1751,#1752);
#1451=VERTEX_POINT('',#1753);
#1452=LINE('',#1754,#1755);
#1453=VERTEX_POINT('',#1756);
#1454=LINE('',#1757,#1758);
#1455=LINE('',#1759,#1760);
#1456=FILL_AREA_STYLE_COLOUR('',#1761);
#1457=VERTEX_POINT('',#1762);
#1458=LINE('',#1763,#1764);
#1459=VERTEX_POINT('',#1765);
#1460=LINE('',#1766,#1767);
#1461=LINE('',#1768,#1769);
#1462=FILL_AREA_STYLE_COLOUR('',#1770);
#1463=VERTEX_POINT('',#1771);
#1464=LINE('',#1772,#1773);
#1465=VERTEX_POINT('',#1774);
#1466=ELLIPSE('',#1775,0.149893805026609,0.14356398473862);
#1467=VERTEX_POINT('',#1776);
#1468=LINE('',#1777,#1778);
#1469=VERTEX_POINT('',#1779);
#1470=ELLIPSE('',#1780,0.0503174643105034,0.0481926232847132);
#1471=VERTEX_POINT('',#1781);
#1472=LINE('',#1782,#1783);
#1473=VERTEX_POINT('',#1784);
#1474=LINE('',#1785,#1786);
#1475=VERTEX_POINT('',#1787);
#1476=LINE('',#1788,#1789);
#1477=VERTEX_POINT('',#1790);
#1478=ELLIPSE('',#1791,0.14989380502665,0.143563984738671);
#1479=VERTEX_POINT('',#1792);
#1480=LINE('',#1793,#1794);
#1481=VERTEX_POINT('',#1795);
#1482=ELLIPSE('',#1796,0.05031746431051,0.0481926232847213);
#1483=VERTEX_POINT('',#1797);
#1484=LINE('',#1798,#1799);
#1485=LINE('',#1800,#1801);
#1486=FILL_AREA_STYLE_COLOUR('',#1802);
#1487=VERTEX_POINT('',#1803);
#1488=VERTEX_POINT('',#1804);
#1489=ELLIPSE('',#1805,0.0503168918014802,0.0481926232846985);
#1490=VERTEX_POINT('',#1806);
#1491=LINE('',#1807,#1808);
#1492=VERTEX_POINT('',#1809);
#1493=ELLIPSE('',#1810,0.0503168918014802,0.0481926232846985);
#1494=LINE('',#1811,#1812);
#1495=FILL_AREA_STYLE_COLOUR('',#1813);
#1496=VERTEX_POINT('',#1814);
#1497=LINE('',#1815,#1816);
#1498=VERTEX_POINT('',#1817);
#1499=ELLIPSE('',#1818,0.0503174643105034,0.0481926232847132);
#1500=LINE('',#1819,#1820);
#1501=FILL_AREA_STYLE_COLOUR('',#1821);
#1502=VERTEX_POINT('',#1822);
#1503=ELLIPSE('',#1823,0.149892099544146,0.143563984738644);
#1504=VERTEX_POINT('',#1824);
#1505=LINE('',#1825,#1826);
#1506=ELLIPSE('',#1827,0.149892099544146,0.143563984738644);
#1507=FILL_AREA_STYLE_COLOUR('',#1828);
#1508=VERTEX_POINT('',#1829);
#1509=VERTEX_POINT('',#1830);
#1510=LINE('',#1831,#1832);
#1511=LINE('',#1833,#1834);
#1512=LINE('',#1835,#1836);
#1513=FILL_AREA_STYLE_COLOUR('',#1837);
#1514=VERTEX_POINT('',#1838);
#1515=VERTEX_POINT('',#1839);
#1516=LINE('',#1840,#1841);
#1517=VERTEX_POINT('',#1842);
#1518=CIRCLE('',#1843,0.15);
#1519=VERTEX_POINT('',#1844);
#1520=LINE('',#1845,#1846);
#1521=CIRCLE('',#1847,0.15);
#1522=FILL_AREA_STYLE_COLOUR('',#1848);
#1523=VERTEX_POINT('',#1849);
#1524=LINE('',#1850,#1851);
#1525=VERTEX_POINT('',#1852);
#1526=LINE('',#1853,#1854);
#1527=VERTEX_POINT('',#1855);
#1528=ELLIPSE('',#1856,0.0503168918014852,0.0481926232847057);
#1529=VERTEX_POINT('',#1857);
#1530=LINE('',#1858,#1859);
#1531=VERTEX_POINT('',#1860);
#1532=LINE('',#1861,#1862);
#1533=VERTEX_POINT('',#1863);
#1534=LINE('',#1864,#1865);
#1535=VERTEX_POINT('',#1866);
#1536=ELLIPSE('',#1867,0.149892099544169,0.143563984738671);
#1537=LINE('',#1868,#1869);
#1538=VERTEX_POINT('',#1870);
#1539=LINE('',#1871,#1872);
#1540=LINE('',#1873,#1874);
#1541=FILL_AREA_STYLE_COLOUR('',#1875);
#1542=VERTEX_POINT('',#1876);
#1543=VERTEX_POINT('',#1877);
#1544=LINE('',#1878,#1879);
#1545=VERTEX_POINT('',#1880);
#1546=LINE('',#1881,#1882);
#1547=VERTEX_POINT('',#1883);
#1548=LINE('',#1884,#1885);
#1549=LINE('',#1886,#1887);
#1550=FILL_AREA_STYLE_COLOUR('',#1888);
#1551=CIRCLE('',#1889,0.15);
#1552=CIRCLE('',#1890,0.15);
#1553=FILL_AREA_STYLE_COLOUR('',#1891);
#1554=VERTEX_POINT('',#1892);
#1555=VERTEX_POINT('',#1893);
#1556=ELLIPSE('',#1894,0.149893805026604,0.143563984738615);
#1557=VERTEX_POINT('',#1895);
#1558=LINE('',#1896,#1897);
#1559=VERTEX_POINT('',#1898);
#1560=ELLIPSE('',#1899,0.149893805026604,0.143563984738615);
#1561=LINE('',#1900,#1901);
#1562=FILL_AREA_STYLE_COLOUR('',#1902);
#1563=VERTEX_POINT('',#1903);
#1564=LINE('',#1904,#1905);
#1565=LINE('',#1906,#1907);
#1566=FILL_AREA_STYLE_COLOUR('',#1908);
#1567=VERTEX_POINT('',#1909);
#1568=VERTEX_POINT('',#1910);
#1569=LINE('',#1911,#1912);
#1570=VERTEX_POINT('',#1913);
#1571=LINE('',#1914,#1915);
#1572=VERTEX_POINT('',#1916);
#1573=LINE('',#1917,#1918);
#1574=LINE('',#1919,#1920);
#1575=FILL_AREA_STYLE_COLOUR('',#1921);
#1576=LINE('',#1922,#1923);
#1577=LINE('',#1924,#1925);
#1578=FILL_AREA_STYLE_COLOUR('',#1926);
#1579=FILL_AREA_STYLE_COLOUR('',#1927);
#1580=VERTEX_POINT('',#1928);
#1581=VERTEX_POINT('',#1929);
#1582=LINE('',#1930,#1931);
#1583=VERTEX_POINT('',#1932);
#1584=LINE('',#1933,#1934);
#1585=VERTEX_POINT('',#1935);
#1586=LINE('',#1936,#1937);
#1587=LINE('',#1938,#1939);
#1588=FILL_AREA_STYLE_COLOUR('',#1940);
#1589=FILL_AREA_STYLE_COLOUR('',#1941);
#1590=VERTEX_POINT('',#1942);
#1591=LINE('',#1943,#1944);
#1592=VERTEX_POINT('',#1945);
#1593=ELLIPSE('',#1946,0.14989380502665,0.143563984738671);
#1594=LINE('',#1947,#1948);
#1595=FILL_AREA_STYLE_COLOUR('',#1949);
#1596=VERTEX_POINT('',#1950);
#1597=ELLIPSE('',#1951,0.149893805026609,0.14356398473862);
#1598=LINE('',#1952,#1953);
#1599=FILL_AREA_STYLE_COLOUR('',#1954);
#1600=LINE('',#1955,#1956);
#1601=FILL_AREA_STYLE_COLOUR('',#1957);
#1602=VERTEX_POINT('',#1958);
#1603=ELLIPSE('',#1959,0.149893805026652,0.143563984738673);
#1604=VERTEX_POINT('',#1960);
#1605=ELLIPSE('',#1961,0.149893805026654,0.143563984738675);
#1606=LINE('',#1962,#1963);
#1607=FILL_AREA_STYLE_COLOUR('',#1964);
#1608=VERTEX_POINT('',#1965);
#1609=LINE('',#1966,#1967);
#1610=VERTEX_POINT('',#1968);
#1611=LINE('',#1969,#1970);
#1612=LINE('',#1971,#1972);
#1613=FILL_AREA_STYLE_COLOUR('',#1973);
#1614=VERTEX_POINT('',#1974);
#1615=LINE('',#1975,#1976);
#1616=VERTEX_POINT('',#1977);
#1617=LINE('',#1978,#1979);
#1618=LINE('',#1980,#1981);
#1619=FILL_AREA_STYLE_COLOUR('',#1982);
#1620=VERTEX_POINT('',#1983);
#1621=VERTEX_POINT('',#1984);
#1622=ELLIPSE('',#1985,0.05031746431051,0.0481926232847213);
#1623=LINE('',#1986,#1987);
#1624=LINE('',#1988,#1989);
#1625=FILL_AREA_STYLE_COLOUR('',#1990);
#1626=VERTEX_POINT('',#1991);
#1627=LINE('',#1992,#1993);
#1628=LINE('',#1994,#1995);
#1629=FILL_AREA_STYLE_COLOUR('',#1996);
#1630=VERTEX_POINT('',#1997);
#1631=LINE('',#1998,#1999);
#1632=LINE('',#2000,#2001);
#1633=FILL_AREA_STYLE_COLOUR('',#2002);
#1634=VERTEX_POINT('',#2003);
#1635=VERTEX_POINT('',#2004);
#1636=LINE('',#2005,#2006);
#1637=LINE('',#2007,#2008);
#1638=LINE('',#2009,#2010);
#1639=FILL_AREA_STYLE_COLOUR('',#2011);
#1640=LINE('',#2012,#2013);
#1641=FILL_AREA_STYLE_COLOUR('',#2014);
#1642=LINE('',#2015,#2016);
#1643=FILL_AREA_STYLE_COLOUR('',#2017);
#1644=VERTEX_POINT('',#2018);
#1645=LINE('',#2019,#2020);
#1646=LINE('',#2021,#2022);
#1647=VERTEX_POINT('',#2023);
#1648=LINE('',#2024,#2025);
#1649=ELLIPSE('',#2026,0.149892099544169,0.143563984738671);
#1650=VERTEX_POINT('',#2027);
#1651=LINE('',#2028,#2029);
#1652=VERTEX_POINT('',#2030);
#1653=LINE('',#2031,#2032);
#1654=VERTEX_POINT('',#2033);
#1655=ELLIPSE('',#2034,0.0503168918014852,0.0481926232847057);
#1656=LINE('',#2035,#2036);
#1657=FILL_AREA_STYLE_COLOUR('',#2037);
#1658=VERTEX_POINT('',#2038);
#1659=VERTEX_POINT('',#2039);
#1660=LINE('',#2040,#2041);
#1661=LINE('',#2042,#2043);
#1662=LINE('',#2044,#2045);
#1663=FILL_AREA_STYLE_COLOUR('',#2046);
#1664=LINE('',#2047,#2048);
#1665=FILL_AREA_STYLE_COLOUR('',#2049);
#1666=LINE('',#2050,#2051);
#1667=FILL_AREA_STYLE_COLOUR('',#2052);
#1668=VERTEX_POINT('',#2053);
#1669=LINE('',#2054,#2055);
#1670=LINE('',#2056,#2057);
#1671=ELLIPSE('',#2058,0.0503174643105079,0.048192623284719);
#1672=VERTEX_POINT('',#2059);
#1673=LINE('',#2060,#2061);
#1674=VERTEX_POINT('',#2062);
#1675=LINE('',#2063,#2064);
#1676=ELLIPSE('',#2065,0.050317464310497,0.0481926232847074);
#1677=FILL_AREA_STYLE_COLOUR('',#2066);
#1678=VERTEX_POINT('',#2067);
#1679=LINE('',#2068,#2069);
#1680=LINE('',#2070,#2071);
#1681=FILL_AREA_STYLE_COLOUR('',#2072);
#1682=VERTEX_POINT('',#2073);
#1683=LINE('',#2074,#2075);
#1684=LINE('',#2076,#2077);
#1685=LINE('',#2078,#2079);
#1686=FILL_AREA_STYLE_COLOUR('',#2080);
#1687=VERTEX_POINT('',#2081);
#1688=ELLIPSE('',#2082,0.050317464310497,0.0481926232847074);
#1689=LINE('',#2083,#2084);
#1690=FILL_AREA_STYLE_COLOUR('',#2085);
#1691=LINE('',#2086,#2087);
#1692=FILL_AREA_STYLE_COLOUR('',#2088);
#1693=VERTEX_POINT('',#2089);
#1694=LINE('',#2090,#2091);
#1695=LINE('',#2092,#2093);
#1696=ELLIPSE('',#2094,0.0503174643105079,0.048192623284719);
#1697=LINE('',#2095,#2096);
#1698=FILL_AREA_STYLE_COLOUR('',#2097);
#1699=LINE('',#2098,#2099);
#1700=FILL_AREA_STYLE_COLOUR('',#2100);
#1701=VERTEX_POINT('',#2101);
#1702=LINE('',#2102,#2103);
#1703=LINE('',#2104,#2105);
#1704=LINE('',#2106,#2107);
#1705=FILL_AREA_STYLE_COLOUR('',#2108);
#1706=FILL_AREA_STYLE_COLOUR('',#2109);
#1707=LINE('',#2110,#2111);
#1708=FILL_AREA_STYLE_COLOUR('',#2112);
#1709=LINE('',#2113,#2114);
#1710=FILL_AREA_STYLE_COLOUR('',#2115);
#1711=FILL_AREA_STYLE_COLOUR('',#2116);
#1712=FILL_AREA_STYLE_COLOUR('',#2117);
#1713=LINE('',#2118,#2119);
#1714=FILL_AREA_STYLE_COLOUR('',#2120);
#1715=LINE('',#2121,#2122);
#1716=FILL_AREA_STYLE_COLOUR('',#2123);
#1717=FILL_AREA_STYLE_COLOUR('',#2124);
#1718=LINE('',#2125,#2126);
#1719=FILL_AREA_STYLE_COLOUR('',#2127);
#1720=FILL_AREA_STYLE_COLOUR('',#2128);
#1721=FILL_AREA_STYLE_COLOUR('',#2129);
#1722=COLOUR_RGB('',0.329411774873734,0.329411774873734,0.329411774873734);
#1723=CARTESIAN_POINT('',(-1.5,0.7,0.915));
#1724=CARTESIAN_POINT('',(-1.5,-0.7,0.915));
#1725=CARTESIAN_POINT('',(-1.5,0.0,0.915));
#1726=VECTOR('',#2130,1.0);
#1727=CARTESIAN_POINT('',(-1.5,0.7,0.0600000000000002));
#1728=CARTESIAN_POINT('',(-1.5,0.7,0.535));
#1729=VECTOR('',#2131,0.95);
#1730=CARTESIAN_POINT('',(-1.5,-0.7,0.0600000000000002));
#1731=CARTESIAN_POINT('',(-1.5,0.0,0.0600000000000002));
#1732=VECTOR('',#2132,1.0);
#1733=CARTESIAN_POINT('',(-1.5,-0.7,0.535));
#1734=VECTOR('',#2133,0.95);
#1735=COLOUR_RGB('',0.937254905700684,0.937254905700684,0.937254905700684);
#1736=CARTESIAN_POINT('',(-1.15,-0.7,0.424983568217543));
#1737=CARTESIAN_POINT('',(-0.75,-0.7,0.424983568217543));
#1738=CARTESIAN_POINT('',(-1.325,-0.7,0.424983568217543));
#1739=VECTOR('',#2134,1.0);
#1740=CARTESIAN_POINT('',(-1.15,-0.820592250973684,0.424983568217543));
#1741=CARTESIAN_POINT('',(-1.15,-0.820592250973684,0.424983568217543));
#1742=VECTOR('',#2135,1.0);
#1743=CARTESIAN_POINT('',(-0.75,-0.820592250973684,0.424983568217543));
#1744=CARTESIAN_POINT('',(-1.15,-0.820592250973684,0.424983568217543));
#1745=VECTOR('',#2136,1.0);
#1746=CARTESIAN_POINT('',(-0.75,-0.820592250973684,0.424983568217543));
#1747=VECTOR('',#2137,1.0);
#1748=COLOUR_RGB('',0.937254905700684,0.937254905700684,0.937254905700684);
#1749=CARTESIAN_POINT('',(0.75,-0.7,0.424983568217543));
#1750=CARTESIAN_POINT('',(1.15,-0.7,0.424983568217543));
#1751=CARTESIAN_POINT('',(-0.375,-0.7,0.424983568217543));
#1752=VECTOR('',#2138,1.0);
#1753=CARTESIAN_POINT('',(0.75,-0.820597136858437,0.424983568217543));
#1754=CARTESIAN_POINT('',(0.75,-0.820597136858437,0.424983568217543));
#1755=VECTOR('',#2139,0.999988622061596);
#1756=CARTESIAN_POINT('',(1.15,-0.820597136858437,0.424983568217543));
#1757=CARTESIAN_POINT('',(0.75,-0.820597136858437,0.424983568217543));
#1758=VECTOR('',#2140,1.0);
#1759=CARTESIAN_POINT('',(1.15,-0.820597136858437,0.424983568217543));
#1760=VECTOR('',#2141,0.999988622061596);
#1761=COLOUR_RGB('',0.329411774873734,0.329411774873734,0.329411774873734);
#1762=CARTESIAN_POINT('',(-1.4,0.6,1.01));
#1763=CARTESIAN_POINT('',(-1.1,0.3,1.295));
#1764=VECTOR('',#2142,0.9836157786453);
#1765=CARTESIAN_POINT('',(-1.4,-0.6,1.01));
#1766=CARTESIAN_POINT('',(-1.1,-0.3,1.295));
#1767=VECTOR('',#2143,0.9836157786453);
#1768=CARTESIAN_POINT('',(-1.4,0.0,1.01));
#1769=VECTOR('',#2144,1.0);
#1770=COLOUR_RGB('',0.937254905700684,0.937254905700684,0.937254905700684);
#1771=CARTESIAN_POINT('',(-0.75,-0.7,0.407355562425839));
#1772=CARTESIAN_POINT('',(-0.75,-0.7,0.444991784108772));
#1773=VECTOR('',#2145,1.0);
#1774=CARTESIAN_POINT('',(-0.75,-0.967559610065744,0.324568437036127));
#1775=AXIS2_PLACEMENT_3D('',#2146,#2147,#2148);
#1776=CARTESIAN_POINT('',(-0.75,-1.02778613281657,0.122677114240379));
#1777=CARTESIAN_POINT('',(-0.75,-1.02778613281657,0.122677114240379));
#1778=VECTOR('',#2149,0.96102311283221);
#1779=CARTESIAN_POINT('',(-0.75,-1.06913630213852,0.0846195227770655));
#1780=AXIS2_PLACEMENT_3D('',#2150,#2151,#2152);
#1781=CARTESIAN_POINT('',(-0.75,-1.25000965336326,0.0707606983752203));
#1782=CARTESIAN_POINT('',(-0.75,-1.25000965336326,0.0707606983752203));
#1783=VECTOR('',#2153,0.999737090609829);
#1784=CARTESIAN_POINT('',(-0.75,-1.25000965336326,-0.0250164317824565));
#1785=CARTESIAN_POINT('',(-0.75,-1.25000965336326,0.0707606983752203));
#1786=VECTOR('',#2154,0.957771301576767);
#1787=CARTESIAN_POINT('',(-0.75,-1.06913630213852,-0.0111576073806111));
#1788=CARTESIAN_POINT('',(-0.75,-1.25000965336326,-0.0250164317824565));
#1789=VECTOR('',#2155,0.999737090609829);
#1790=CARTESIAN_POINT('',(-0.75,-0.934130726388896,0.089105012059724));
#1791=AXIS2_PLACEMENT_3D('',#2156,#2157,#2158);
#1792=CARTESIAN_POINT('',(-0.75,-0.873904203638073,0.290996334855472));
#1793=CARTESIAN_POINT('',(-0.75,-0.934130726388896,0.089105012059724));
#1794=VECTOR('',#2159,0.96102311283221);
#1795=CARTESIAN_POINT('',(-0.75,-0.828566773201973,0.329511461542027));
#1796=AXIS2_PLACEMENT_3D('',#2160,#2161,#2162);
#1797=CARTESIAN_POINT('',(-0.75,-0.70004262860999,0.329511461542027));
#1798=CARTESIAN_POINT('',(-0.75,-0.828566773201973,0.329511461542027));
#1799=VECTOR('',#2163,1.0);
#1800=CARTESIAN_POINT('',(-0.75,-0.70013977597154,0.152110673319342));
#1801=VECTOR('',#2164,1.0);
#1802=COLOUR_RGB('',0.937254905700684,0.937254905700684,0.937254905700684);
#1803=CARTESIAN_POINT('',(0.75,-0.873908482942712,0.290996334855472));
#1804=CARTESIAN_POINT('',(0.75,-0.828571568353103,0.329511461542027));
#1805=AXIS2_PLACEMENT_3D('',#2165,#2166,#2167);
#1806=CARTESIAN_POINT('',(1.15,-0.828571568353103,0.329511461542027));
#1807=CARTESIAN_POINT('',(1.15,-0.828571568353103,0.329511461542028));
#1808=VECTOR('',#2168,1.0);
#1809=CARTESIAN_POINT('',(1.15,-0.873908482942712,0.290996334855472));
#1810=AXIS2_PLACEMENT_3D('',#2169,#2170,#2171);
#1811=CARTESIAN_POINT('',(1.15,-0.873908482942712,0.290996334855472));
#1812=VECTOR('',#2172,1.0);
#1813=COLOUR_RGB('',0.937254905700684,0.937254905700684,0.937254905700684);
#1814=CARTESIAN_POINT('',(-1.15,-1.02778613281657,0.122677114240379));
#1815=CARTESIAN_POINT('',(-1.15,-1.02778613281657,0.122677114240379));
#1816=VECTOR('',#2173,1.0);
#1817=CARTESIAN_POINT('',(-1.15,-1.06913630213852,0.0846195227770655));
#1818=AXIS2_PLACEMENT_3D('',#2174,#2175,#2176);
#1819=CARTESIAN_POINT('',(-1.15,-1.06913630213852,0.0846195227770655));
#1820=VECTOR('',#2177,1.0);
#1821=COLOUR_RGB('',0.937254905700684,0.937254905700684,0.937254905700684);
#1822=CARTESIAN_POINT('',(0.75,-0.967562823764934,0.324568437036127));
#1823=AXIS2_PLACEMENT_3D('',#2178,#2179,#2180);
#1824=CARTESIAN_POINT('',(1.15,-0.967562823764934,0.324568437036127));
#1825=CARTESIAN_POINT('',(0.75,-0.967562823764934,0.324568437036127));
#1826=VECTOR('',#2181,1.0);
#1827=AXIS2_PLACEMENT_3D('',#2182,#2183,#2184);
#1828=COLOUR_RGB('',0.329411774873734,0.329411774873734,0.329411774873734);
#1829=CARTESIAN_POINT('',(1.5,0.7,0.0600000000000002));
#1830=CARTESIAN_POINT('',(1.5,-0.7,0.0600000000000002));
#1831=CARTESIAN_POINT('',(1.5,0.0,0.0600000000000002));
#1832=VECTOR('',#2185,1.0);
#1833=CARTESIAN_POINT('',(0.0,-0.7,0.0600000000000002));
#1834=VECTOR('',#2186,1.0);
#1835=CARTESIAN_POINT('',(0.0,0.7,0.0600000000000002));
#1836=VECTOR('',#2187,1.0);
#1837=COLOUR_RGB('',1.0,1.0,1.0);
#1838=CARTESIAN_POINT('',(-1.0,-0.35,1.015));
#1839=CARTESIAN_POINT('',(-1.0,-0.35,1.01));
#1840=CARTESIAN_POINT('',(-1.0,-0.35,1.0125));
#1841=VECTOR('',#2188,1.0);
#1842=CARTESIAN_POINT('',(-1.3,-0.35,1.015));
#1843=AXIS2_PLACEMENT_3D('',#2189,#2190,#2191);
#1844=CARTESIAN_POINT('',(-1.3,-0.35,1.01));
#1845=CARTESIAN_POINT('',(-1.3,-0.35,1.0125));
#1846=VECTOR('',#2192,1.0);
#1847=AXIS2_PLACEMENT_3D('',#2193,#2194,#2195);
#1848=COLOUR_RGB('',0.937254905700684,0.937254905700684,0.937254905700684);
#1849=CARTESIAN_POINT('',(1.15,-0.7,0.419873564318829));
#1850=CARTESIAN_POINT('',(1.15,-0.7,0.444991784108772));
#1851=VECTOR('',#2196,1.0);
#1852=CARTESIAN_POINT('',(1.15,-1.0277886612621,0.122677114240379));
#1853=CARTESIAN_POINT('',(1.15,-1.0277886612621,0.122677114240379));
#1854=VECTOR('',#2197,0.961022219297148);
#1855=CARTESIAN_POINT('',(1.15,-1.06913836010437,0.0846195227770656));
#1856=AXIS2_PLACEMENT_3D('',#2198,#2199,#2200);
#1857=CARTESIAN_POINT('',(1.15,-1.25000965336326,0.0707606983752203));
#1858=CARTESIAN_POINT('',(1.15,-1.25000965336326,0.0707606983752203));
#1859=VECTOR('',#2201,0.999725782054407);
#1860=CARTESIAN_POINT('',(1.15,-1.25000965336326,-0.0250164317824565));
#1861=CARTESIAN_POINT('',(1.15,-1.25000965336326,0.0707606983752203));
#1862=VECTOR('',#2202,0.957771301576767);
#1863=CARTESIAN_POINT('',(1.15,-1.06913836010437,-0.0111576073806111));
#1864=CARTESIAN_POINT('',(1.15,-1.25000965336326,-0.0250164317824565));
#1865=VECTOR('',#2203,0.999725782054407);
#1866=CARTESIAN_POINT('',(1.15,-0.93413432043987,0.089105012059724));
#1867=AXIS2_PLACEMENT_3D('',#2204,#2205,#2206);
#1868=CARTESIAN_POINT('',(1.15,-0.93413432043987,0.089105012059724));
#1869=VECTOR('',#2207,0.961022219297148);
#1870=CARTESIAN_POINT('',(1.15,-0.700049398375363,0.329511461542027));
#1871=CARTESIAN_POINT('',(1.15,-0.828571568353103,0.329511461542027));
#1872=VECTOR('',#2208,0.999988622061596);
#1873=CARTESIAN_POINT('',(1.15,-0.700146378179063,0.152110910916814));
#1874=VECTOR('',#2209,1.0);
#1875=COLOUR_RGB('',0.329411774873734,0.329411774873734,0.329411774873734);
#1876=CARTESIAN_POINT('',(1.4,0.6,1.01));
#1877=CARTESIAN_POINT('',(1.5,0.7,0.915));
#1878=CARTESIAN_POINT('',(1.1,0.3,1.295));
#1879=VECTOR('',#2210,0.9836157786453);
#1880=CARTESIAN_POINT('',(1.4,-0.6,1.01));
#1881=CARTESIAN_POINT('',(1.4,0.0,1.01));
#1882=VECTOR('',#2211,1.0);
#1883=CARTESIAN_POINT('',(1.5,-0.7,0.915));
#1884=CARTESIAN_POINT('',(1.1,-0.3,1.295));
#1885=VECTOR('',#2212,0.9836157786453);
#1886=CARTESIAN_POINT('',(1.5,0.0,0.915));
#1887=VECTOR('',#2213,1.0);
#1888=COLOUR_RGB('',1.0,1.0,1.0);
#1889=AXIS2_PLACEMENT_3D('',#2214,#2215,#2216);
#1890=AXIS2_PLACEMENT_3D('',#2217,#2218,#2219);
#1891=COLOUR_RGB('',0.937254905700684,0.937254905700684,0.937254905700684);
#1892=CARTESIAN_POINT('',(0.2,0.967559610065744,0.324568437036127));
#1893=CARTESIAN_POINT('',(0.2,0.820592250973684,0.424983568217543));
#1894=AXIS2_PLACEMENT_3D('',#2220,#2221,#2222);
#1895=CARTESIAN_POINT('',(-0.2,0.967559610065744,0.324568437036127));
#1896=CARTESIAN_POINT('',(0.2,0.967559610065744,0.324568437036127));
#1897=VECTOR('',#2223,1.0);
#1898=CARTESIAN_POINT('',(-0.2,0.820592250973684,0.424983568217543));
#1899=AXIS2_PLACEMENT_3D('',#2224,#2225,#2226);
#1900=CARTESIAN_POINT('',(0.2,0.820592250973684,0.424983568217543));
#1901=VECTOR('',#2227,1.0);
#1902=COLOUR_RGB('',0.937254905700684,0.937254905700684,0.937254905700684);
#1903=CARTESIAN_POINT('',(0.75,-0.700049398375363,0.329511461542028));
#1904=CARTESIAN_POINT('',(1.05,-0.700049398375363,0.329511461542028));
#1905=VECTOR('',#2228,1.0);
#1906=CARTESIAN_POINT('',(0.75,-0.828571568353103,0.329511461542027));
#1907=VECTOR('',#2229,0.999988622061596);
#1908=COLOUR_RGB('',0.937254905700684,0.937254905700684,0.937254905700684);
#1909=CARTESIAN_POINT('',(0.200000000000001,0.70004262860999,0.329511461542028));
#1910=CARTESIAN_POINT('',(-0.2,0.70004262860999,0.329511461542027));
#1911=CARTESIAN_POINT('',(0.1,0.70004262860999,0.329511461542028));
#1912=VECTOR('',#2230,1.0);
#1913=CARTESIAN_POINT('',(-0.2,0.828566773201973,0.329511461542027));
#1914=CARTESIAN_POINT('',(-0.2,0.828566773201973,0.329511461542027));
#1915=VECTOR('',#2231,1.0);
#1916=CARTESIAN_POINT('',(0.2,0.828566773201973,0.329511461542027));
#1917=CARTESIAN_POINT('',(-0.2,0.828566773201973,0.329511461542028));
#1918=VECTOR('',#2232,1.0);
#1919=CARTESIAN_POINT('',(0.2,0.828566773201973,0.329511461542027));
#1920=VECTOR('',#2233,1.0);
#1921=COLOUR_RGB('',0.329411774873734,0.329411774873734,0.329411774873734);
#1922=CARTESIAN_POINT('',(0.0,0.6,1.01));
#1923=VECTOR('',#2234,1.0);
#1924=CARTESIAN_POINT('',(0.0,-0.6,1.01));
#1925=VECTOR('',#2235,1.0);
#1926=COLOUR_RGB('',0.329411774873734,0.329411774873734,0.329411774873734);
#1927=COLOUR_RGB('',0.937254905700684,0.937254905700684,0.937254905700684);
#1928=CARTESIAN_POINT('',(0.2,1.06913630213852,-0.011157607380611));
#1929=CARTESIAN_POINT('',(-0.2,1.06913630213852,-0.011157607380611));
#1930=CARTESIAN_POINT('',(-0.2,1.06913630213852,-0.0111576073806111));
#1931=VECTOR('',#2236,1.0);
#1932=CARTESIAN_POINT('',(-0.2,1.25000965336326,-0.0250164317824564));
#1933=CARTESIAN_POINT('',(-0.2,1.25000965336326,-0.0250164317824564));
#1934=VECTOR('',#2237,0.999737090609829);
#1935=CARTESIAN_POINT('',(0.2,1.25000965336326,-0.0250164317824564));
#1936=CARTESIAN_POINT('',(-0.2,1.25000965336326,-0.0250164317824564));
#1937=VECTOR('',#2238,1.0);
#1938=CARTESIAN_POINT('',(0.2,1.25000965336326,-0.0250164317824564));
#1939=VECTOR('',#2239,0.999737090609829);
#1940=COLOUR_RGB('',1.0,1.0,1.0);
#1941=COLOUR_RGB('',0.937254905700684,0.937254905700684,0.937254905700684);
#1942=CARTESIAN_POINT('',(-1.15,-1.06913630213852,-0.0111576073806111));
#1943=CARTESIAN_POINT('',(-0.75,-1.06913630213852,-0.0111576073806112));
#1944=VECTOR('',#2240,1.0);
#1945=CARTESIAN_POINT('',(-1.15,-0.934130726388896,0.089105012059724));
#1946=AXIS2_PLACEMENT_3D('',#2241,#2242,#2243);
#1947=CARTESIAN_POINT('',(-0.75,-0.934130726388896,0.089105012059724));
#1948=VECTOR('',#2244,1.0);
#1949=COLOUR_RGB('',0.937254905700684,0.937254905700684,0.937254905700684);
#1950=CARTESIAN_POINT('',(-1.15,-0.967559610065744,0.324568437036127));
#1951=AXIS2_PLACEMENT_3D('',#2245,#2246,#2247);
#1952=CARTESIAN_POINT('',(-1.15,-0.967559610065744,0.324568437036127));
#1953=VECTOR('',#2248,1.0);
#1954=COLOUR_RGB('',0.329411774873734,0.329411774873734,0.329411774873734);
#1955=CARTESIAN_POINT('',(0.0,0.7,0.915));
#1956=VECTOR('',#2249,1.0);
#1957=COLOUR_RGB('',0.937254905700684,0.937254905700684,0.937254905700684);
#1958=CARTESIAN_POINT('',(-0.2,0.934130726388896,0.0891050120597241));
#1959=AXIS2_PLACEMENT_3D('',#2250,#2251,#2252);
#1960=CARTESIAN_POINT('',(0.2,0.934130726388896,0.0891050120597241));
#1961=AXIS2_PLACEMENT_3D('',#2253,#2254,#2255);
#1962=CARTESIAN_POINT('',(-0.2,0.934130726388896,0.0891050120597241));
#1963=VECTOR('',#2256,1.0);
#1964=COLOUR_RGB('',0.937254905700684,0.937254905700684,0.937254905700684);
#1965=CARTESIAN_POINT('',(0.2,1.02778613281657,0.122677114240379));
#1966=CARTESIAN_POINT('',(0.2,1.02778613281657,0.122677114240379));
#1967=VECTOR('',#2257,0.96102311283221);
#1968=CARTESIAN_POINT('',(-0.2,1.02778613281657,0.122677114240379));
#1969=CARTESIAN_POINT('',(0.2,1.02778613281657,0.122677114240379));
#1970=VECTOR('',#2258,1.0);
#1971=CARTESIAN_POINT('',(-0.2,1.02778613281657,0.122677114240379));
#1972=VECTOR('',#2259,0.96102311283221);
#1973=COLOUR_RGB('',0.937254905700684,0.937254905700684,0.937254905700684);
#1974=CARTESIAN_POINT('',(0.75,-1.06913836010437,-0.0111576073806111));
#1975=CARTESIAN_POINT('',(1.15,-1.06913836010437,-0.0111576073806111));
#1976=VECTOR('',#2260,1.0);
#1977=CARTESIAN_POINT('',(0.75,-1.25000965336326,-0.0250164317824565));
#1978=CARTESIAN_POINT('',(1.15,-1.25000965336326,-0.0250164317824565));
#1979=VECTOR('',#2261,1.0);
#1980=CARTESIAN_POINT('',(0.75,-1.25000965336326,-0.0250164317824565));
#1981=VECTOR('',#2262,0.999725782054407);
#1982=COLOUR_RGB('',0.937254905700684,0.937254905700684,0.937254905700684);
#1983=CARTESIAN_POINT('',(-1.15,-0.873904203638073,0.290996334855472));
#1984=CARTESIAN_POINT('',(-1.15,-0.828566773201973,0.329511461542027));
#1985=AXIS2_PLACEMENT_3D('',#2263,#2264,#2265);
#1986=CARTESIAN_POINT('',(-0.75,-0.828566773201973,0.329511461542028));
#1987=VECTOR('',#2266,1.0);
#1988=CARTESIAN_POINT('',(-0.75,-0.873904203638073,0.290996334855472));
#1989=VECTOR('',#2267,1.0);
#1990=COLOUR_RGB('',0.937254905700684,0.937254905700684,0.937254905700684);
#1991=CARTESIAN_POINT('',(-1.15,-1.25000965336326,-0.0250164317824565));
#1992=CARTESIAN_POINT('',(-0.75,-1.25000965336326,-0.0250164317824565));
#1993=VECTOR('',#2268,1.0);
#1994=CARTESIAN_POINT('',(-1.15,-1.25000965336326,-0.0250164317824565));
#1995=VECTOR('',#2269,0.999737090609829);
#1996=COLOUR_RGB('',0.937254905700684,0.937254905700684,0.937254905700684);
#1997=CARTESIAN_POINT('',(-1.15,-0.70004262860999,0.329511461542028));
#1998=CARTESIAN_POINT('',(-0.85,-0.70004262860999,0.329511461542028));
#1999=VECTOR('',#2270,1.0);
#2000=CARTESIAN_POINT('',(-1.15,-0.828566773201973,0.329511461542027));
#2001=VECTOR('',#2271,1.0);
#2002=COLOUR_RGB('',0.937254905700684,0.937254905700684,0.937254905700684);
#2003=CARTESIAN_POINT('',(0.2,0.873904203638073,0.290996334855472));
#2004=CARTESIAN_POINT('',(-0.2,0.873904203638073,0.290996334855472));
#2005=CARTESIAN_POINT('',(-0.2,0.873904203638073,0.290996334855472));
#2006=VECTOR('',#2272,1.0);
#2007=CARTESIAN_POINT('',(-0.2,0.934130726388896,0.0891050120597241));
#2008=VECTOR('',#2273,0.96102311283221);
#2009=CARTESIAN_POINT('',(0.2,0.934130726388896,0.0891050120597241));
#2010=VECTOR('',#2274,0.96102311283221);
#2011=COLOUR_RGB('',0.329411774873734,0.329411774873734,0.329411774873734);
#2012=CARTESIAN_POINT('',(0.0,-0.7,0.915));
#2013=VECTOR('',#2275,1.0);
#2014=COLOUR_RGB('',0.937254905700684,0.937254905700684,0.937254905700684);
#2015=CARTESIAN_POINT('',(-1.15,-1.02778613281657,0.122677114240379));
#2016=VECTOR('',#2276,0.96102311283221);
#2017=COLOUR_RGB('',0.937254905700684,0.937254905700684,0.937254905700684);
#2018=CARTESIAN_POINT('',(0.75,-0.7,0.419873564318829));
#2019=CARTESIAN_POINT('',(0.75,-0.7,0.444991784108772));
#2020=VECTOR('',#2277,1.0);
#2021=CARTESIAN_POINT('',(0.75,-0.700146378179063,0.152110910916814));
#2022=VECTOR('',#2278,1.0);
#2023=CARTESIAN_POINT('',(0.75,-0.93413432043987,0.089105012059724));
#2024=CARTESIAN_POINT('',(0.75,-0.93413432043987,0.089105012059724));
#2025=VECTOR('',#2279,0.961022219297148);
#2026=AXIS2_PLACEMENT_3D('',#2280,#2281,#2282);
#2027=CARTESIAN_POINT('',(0.75,-1.25000965336326,0.0707606983752203));
#2028=CARTESIAN_POINT('',(0.75,-1.25000965336326,-0.0250164317824565));
#2029=VECTOR('',#2283,0.957771301576767);
#2030=CARTESIAN_POINT('',(0.75,-1.06913836010437,0.0846195227770656));
#2031=CARTESIAN_POINT('',(0.75,-1.25000965336326,0.0707606983752203));
#2032=VECTOR('',#2284,0.999725782054407);
#2033=CARTESIAN_POINT('',(0.75,-1.0277886612621,0.122677114240379));
#2034=AXIS2_PLACEMENT_3D('',#2285,#2286,#2287);
#2035=CARTESIAN_POINT('',(0.75,-1.0277886612621,0.122677114240379));
#2036=VECTOR('',#2288,0.961022219297148);
#2037=COLOUR_RGB('',0.937254905700684,0.937254905700684,0.937254905700684);
#2038=CARTESIAN_POINT('',(0.2,0.7,0.424983568217543));
#2039=CARTESIAN_POINT('',(-0.2,0.7,0.424983568217543));
#2040=CARTESIAN_POINT('',(-0.85,0.7,0.424983568217543));
#2041=VECTOR('',#2289,1.0);
#2042=CARTESIAN_POINT('',(0.2,0.820592250973684,0.424983568217543));
#2043=VECTOR('',#2290,1.0);
#2044=CARTESIAN_POINT('',(-0.2,0.820592250973684,0.424983568217543));
#2045=VECTOR('',#2291,1.0);
#2046=COLOUR_RGB('',0.937254905700684,0.937254905700684,0.937254905700684);
#2047=CARTESIAN_POINT('',(-0.174999999999944,-0.7,0.419873564318963));
#2048=VECTOR('',#2292,1.0);
#2049=COLOUR_RGB('',0.937254905700684,0.937254905700684,0.937254905700684);
#2050=CARTESIAN_POINT('',(-1.15,-0.934130726388896,0.089105012059724));
#2051=VECTOR('',#2293,0.96102311283221);
#2052=COLOUR_RGB('',0.937254905700684,0.937254905700684,0.937254905700684);
#2053=CARTESIAN_POINT('',(0.2,0.7,0.407355562425943));
#2054=CARTESIAN_POINT('',(0.2,0.7,0.444991784108772));
#2055=VECTOR('',#2294,1.0);
#2056=CARTESIAN_POINT('',(0.2,0.70013977597154,0.152110673319342));
#2057=VECTOR('',#2295,1.0);
#2058=AXIS2_PLACEMENT_3D('',#2296,#2297,#2298);
#2059=CARTESIAN_POINT('',(0.2,1.25000965336326,0.0707606983752204));
#2060=CARTESIAN_POINT('',(0.2,1.25000965336326,-0.0250164317824564));
#2061=VECTOR('',#2299,0.957771301576767);
#2062=CARTESIAN_POINT('',(0.2,1.06913630213852,0.0846195227770656));
#2063=CARTESIAN_POINT('',(0.2,1.25000965336326,0.0707606983752204));
#2064=VECTOR('',#2300,0.999737090609829);
#2065=AXIS2_PLACEMENT_3D('',#2301,#2302,#2303);
#2066=COLOUR_RGB('',0.937254905700684,0.937254905700684,0.937254905700684);
#2067=CARTESIAN_POINT('',(-1.15,-1.25000965336326,0.0707606983752203));
#2068=CARTESIAN_POINT('',(-1.15,-1.25000965336326,0.0707606983752203));
#2069=VECTOR('',#2304,1.0);
#2070=CARTESIAN_POINT('',(-1.15,-1.25000965336326,-0.0250164317824565));
#2071=VECTOR('',#2305,0.957771301576767);
#2072=COLOUR_RGB('',0.329411774873734,0.329411774873734,0.329411774873734);
#2073=CARTESIAN_POINT('',(-0.2,0.7,0.407355562424984));
#2074=CARTESIAN_POINT('',(-0.2,0.7,0.444991784108772));
#2075=VECTOR('',#2306,1.0);
#2076=CARTESIAN_POINT('',(-0.850000000000001,0.7,0.407355562426291));
#2077=VECTOR('',#2307,1.0);
#2078=CARTESIAN_POINT('',(1.5,0.7,0.535));
#2079=VECTOR('',#2308,0.95);
#2080=COLOUR_RGB('',0.937254905700684,0.937254905700684,0.937254905700684);
#2081=CARTESIAN_POINT('',(-0.2,1.06913630213852,0.0846195227770656));
#2082=AXIS2_PLACEMENT_3D('',#2309,#2310,#2311);
#2083=CARTESIAN_POINT('',(0.2,1.06913630213852,0.0846195227770656));
#2084=VECTOR('',#2312,1.0);
#2085=COLOUR_RGB('',0.937254905700684,0.937254905700684,0.937254905700684);
#2086=CARTESIAN_POINT('',(0.75,-1.25000965336326,0.0707606983752203));
#2087=VECTOR('',#2313,1.0);
#2088=COLOUR_RGB('',0.937254905700684,0.937254905700684,0.937254905700684);
#2089=CARTESIAN_POINT('',(-0.2,1.25000965336326,0.0707606983752204));
#2090=CARTESIAN_POINT('',(-0.2,1.25000965336326,0.0707606983752204));
#2091=VECTOR('',#2314,0.999737090609829);
#2092=CARTESIAN_POINT('',(-0.2,1.25000965336326,0.0707606983752204));
#2093=VECTOR('',#2315,0.957771301576767);
#2094=AXIS2_PLACEMENT_3D('',#2316,#2317,#2318);
#2095=CARTESIAN_POINT('',(-0.2,0.700139685409002,0.152276049560955));
#2096=VECTOR('',#2319,1.0);
#2097=COLOUR_RGB('',0.937254905700684,0.937254905700684,0.937254905700684);
#2098=CARTESIAN_POINT('',(0.2,1.25000965336326,0.0707606983752204));
#2099=VECTOR('',#2320,1.0);
#2100=COLOUR_RGB('',0.937254905700684,0.937254905700684,0.937254905700684);
#2101=CARTESIAN_POINT('',(-1.15,-0.7,0.407355562425839));
#2102=CARTESIAN_POINT('',(-1.15,-0.7,0.444991784108772));
#2103=VECTOR('',#2321,1.0);
#2104=CARTESIAN_POINT('',(-1.15,-0.70013977597154,0.152110673319342));
#2105=VECTOR('',#2322,1.0);
#2106=CARTESIAN_POINT('',(-1.15,-1.25000965336326,0.0707606983752203));
#2107=VECTOR('',#2323,0.999737090609829);
#2108=COLOUR_RGB('',0.937254905700684,0.937254905700684,0.937254905700684);
#2109=COLOUR_RGB('',0.937254905700684,0.937254905700684,0.937254905700684);
#2110=CARTESIAN_POINT('',(0.75,-1.0277886612621,0.122677114240379));
#2111=VECTOR('',#2324,1.0);
#2112=COLOUR_RGB('',0.937254905700684,0.937254905700684,0.937254905700684);
#2113=CARTESIAN_POINT('',(0.75,-1.06913836010437,0.0846195227770656));
#2114=VECTOR('',#2325,1.0);
#2115=COLOUR_RGB('',0.937254905700684,0.937254905700684,0.937254905700684);
#2116=COLOUR_RGB('',0.937254905700684,0.937254905700684,0.937254905700684);
#2117=COLOUR_RGB('',0.937254905700684,0.937254905700684,0.937254905700684);
#2118=CARTESIAN_POINT('',(-1.12499999999994,-0.7,0.407355562426197));
#2119=VECTOR('',#2326,1.0);
#2120=COLOUR_RGB('',0.329411774873734,0.329411774873734,0.329411774873734);
#2121=CARTESIAN_POINT('',(1.5,-0.7,0.535));
#2122=VECTOR('',#2327,0.95);
#2123=COLOUR_RGB('',0.329411774873734,0.329411774873734,0.329411774873734);
#2124=COLOUR_RGB('',0.937254905700684,0.937254905700684,0.937254905700684);
#2125=CARTESIAN_POINT('',(1.15,-0.93413432043987,0.089105012059724));
#2126=VECTOR('',#2328,1.0);
#2127=COLOUR_RGB('',0.937254905700684,0.937254905700684,0.937254905700684);
#2128=COLOUR_RGB('',0.937254905700684,0.937254905700684,0.937254905700684);
#2129=COLOUR_RGB('',0.937254905700684,0.937254905700684,0.937254905700684);
#2130=DIRECTION('',(0.0,-1.0,0.0));
#2131=DIRECTION('',(0.0,0.0,-1.0));
#2132=DIRECTION('',(0.0,1.0,0.0));
#2133=DIRECTION('',(0.0,0.0,-1.0));
#2134=DIRECTION('',(1.0,0.0,0.0));
#2135=DIRECTION('',(0.0,1.0,0.0));
#2136=DIRECTION('',(-1.0,0.0,0.0));
#2137=DIRECTION('',(0.0,1.0,0.0));
#2138=DIRECTION('',(1.0,0.0,0.0));
#2139=DIRECTION('',(0.0,1.0,0.0));
#2140=DIRECTION('',(-1.0,0.0,0.0));
#2141=DIRECTION('',(0.0,1.0,0.0));
#2142=DIRECTION('',(0.586967270883751,-0.586967270883749,0.557618907339561));
#2143=DIRECTION('',(-0.586967270883751,-0.586967270883749,-0.557618907339561));
#2144=DIRECTION('',(0.0,1.0,0.0));
#2145=DIRECTION('',(0.0,0.0,-1.0));
#2146=CARTESIAN_POINT('',(-0.75,-0.824579512087847,0.281470384722138));
#2147=DIRECTION('',(-1.0,0.0,0.0));
#2148=DIRECTION('',(0.0,1.0,1.30749937480278E-012));
#2149=DIRECTION('',(0.0,0.285863185004731,0.958270441712021));
#2150=CARTESIAN_POINT('',(-0.75,-1.07711082436681,0.132203064373742));
#2151=DIRECTION('',(1.0,0.0,0.0));
#2152=DIRECTION('',(0.0,1.0,-5.20911159076703E-014));
#2153=DIRECTION('',(0.0,0.99707741955245,0.0763977710318047));
#2154=DIRECTION('',(0.0,0.0,-1.0));
#2155=DIRECTION('',(0.0,0.99707741955245,0.0763977710318047));
#2156=CARTESIAN_POINT('',(-0.75,-1.07711082436683,0.132203064373763));
#2157=DIRECTION('',(1.0,0.0,0.0));
#2158=DIRECTION('',(0.0,1.0,-1.17229229215284E-012));
#2159=DIRECTION('',(0.0,0.285863185004731,0.958270441712021));
#2160=CARTESIAN_POINT('',(-0.75,-0.824579512087822,0.281470384722101));
#2161=DIRECTION('',(-1.0,0.0,0.0));
#2162=DIRECTION('',(0.0,-1.0,1.25999524270833E-012));
#2163=DIRECTION('',(0.0,1.0,0.0));
#2164=DIRECTION('',(0.0,0.000547615080839226,0.99999985005885));
#2165=CARTESIAN_POINT('',(0.75,-0.824584352605783,0.281470384722123));
#2166=DIRECTION('',(-1.0,0.0,0.0));
#2167=DIRECTION('',(0.0,1.0,2.38871504687854E-012));
#2168=DIRECTION('',(1.0,0.0,0.0));
#2169=CARTESIAN_POINT('',(1.15,-0.824584352605783,0.281470384722123));
#2170=DIRECTION('',(-1.0,0.0,0.0));
#2171=DIRECTION('',(0.0,1.0,2.38871504687854E-012));
#2172=DIRECTION('',(1.0,0.0,0.0));
#2173=DIRECTION('',(-1.0,0.0,0.0));
#2174=CARTESIAN_POINT('',(-1.15,-1.07711082436681,0.132203064373742));
#2175=DIRECTION('',(1.0,0.0,0.0));
#2176=DIRECTION('',(0.0,1.0,-5.20911159076703E-014));
#2177=DIRECTION('',(-1.0,0.0,0.0));
#2178=CARTESIAN_POINT('',(0.75,-0.824584352605772,0.281470384722114));
#2179=DIRECTION('',(-1.0,0.0,0.0));
#2180=DIRECTION('',(0.0,1.0,1.90801968289402E-013));
#2181=DIRECTION('',(-1.0,0.0,0.0));
#2182=CARTESIAN_POINT('',(1.15,-0.824584352605772,0.281470384722114));
#2183=DIRECTION('',(-1.0,0.0,0.0));
#2184=DIRECTION('',(0.0,1.0,1.90801968289402E-013));
#2185=DIRECTION('',(0.0,-1.0,0.0));
#2186=DIRECTION('',(-1.0,0.0,0.0));
#2187=DIRECTION('',(1.0,0.0,0.0));
#2188=DIRECTION('',(-0.0,-0.0,-1.0));
#2189=CARTESIAN_POINT('',(-1.15,-0.35,1.015));
#2190=DIRECTION('',(0.0,0.0,-1.0));
#2191=DIRECTION('',(1.0,0.0,0.0));
#2192=DIRECTION('',(0.0,0.0,1.0));
#2193=CARTESIAN_POINT('',(-1.15,-0.35,1.01));
#2194=DIRECTION('',(0.0,0.0,-1.0));
#2195=DIRECTION('',(1.0,0.0,0.0));
#2196=DIRECTION('',(0.0,0.0,-1.0));
#2197=DIRECTION('',(0.0,0.285860198256627,0.958271332688546));
#2198=CARTESIAN_POINT('',(1.15,-1.07711279159903,0.132203064373735));
#2199=DIRECTION('',(1.0,0.0,0.0));
#2200=DIRECTION('',(0.0,-1.0,-1.32301048237676E-012));
#2201=DIRECTION('',(0.0,0.997077353336715,0.0763986352172077));
#2202=DIRECTION('',(0.0,0.0,-1.0));
#2203=DIRECTION('',(0.0,0.997077353336715,0.0763986352172077));
#2204=CARTESIAN_POINT('',(1.15,-1.07711279159906,0.132203064373764));
#2205=DIRECTION('',(1.0,0.0,0.0));
#2206=DIRECTION('',(0.0,1.0,-1.16603251089062E-012));
#2207=DIRECTION('',(0.0,0.285860198256626,0.958271332688546));
#2208=DIRECTION('',(0.0,1.0,0.0));
#2209=DIRECTION('',(0.0,0.00054667129762398,0.999999850575235));
#2210=DIRECTION('',(0.586967270883751,0.586967270883749,-0.557618907339561));
#2211=DIRECTION('',(0.0,-1.0,0.0));
#2212=DIRECTION('',(0.586967270883751,-0.586967270883749,-0.557618907339561));
#2213=DIRECTION('',(0.0,1.0,0.0));
#2214=CARTESIAN_POINT('',(-1.15,-0.35,1.01));
#2215=DIRECTION('',(0.0,0.0,-1.0));
#2216=DIRECTION('',(1.0,0.0,0.0));
#2217=CARTESIAN_POINT('',(-1.15,-0.35,1.015));
#2218=DIRECTION('',(0.0,0.0,-1.0));
#2219=DIRECTION('',(1.0,0.0,0.0));
#2220=CARTESIAN_POINT('',(0.2,0.82457951208785,0.281470384722143));
#2221=DIRECTION('',(1.0,1.43069050126411E-016,6.02768172211973E-016));
#2222=DIRECTION('',(-1.43069050125471E-016,1.0,-1.5591482270761E-012));
#2223=DIRECTION('',(1.0,-1.21430643318376E-016,0.0));
#2224=CARTESIAN_POINT('',(-0.2,0.82457951208785,0.281470384722143));
#2225=DIRECTION('',(1.0,1.43069050126411E-016,6.02768172211973E-016));
#2226=DIRECTION('',(-1.43069050125471E-016,1.0,-1.5591482270761E-012));
#2227=DIRECTION('',(1.0,-2.08166817117217E-016,0.0));
#2228=DIRECTION('',(1.0,-1.38777898815E-016,0.0));
#2229=DIRECTION('',(0.0,1.0,0.0));
#2230=DIRECTION('',(-1.0,-4.32650960164409E-016,-0.0));
#2231=DIRECTION('',(-1.58994088775781E-016,-1.0,0.0));
#2232=DIRECTION('',(-1.0,1.73472347597681E-016,0.0));
#2233=DIRECTION('',(-1.58994088775781E-016,-1.0,0.0));
#2234=DIRECTION('',(1.0,0.0,0.0));
#2235=DIRECTION('',(-1.0,0.0,0.0));
#2236=DIRECTION('',(-1.0,1.04083408558608E-016,0.0));
#2237=DIRECTION('',(-1.53004616355217E-016,-0.99707741955245,0.0763977710318047));
#2238=DIRECTION('',(1.0,-1.38777878078145E-016,0.0));
#2239=DIRECTION('',(-1.53004616355217E-016,-0.99707741955245,0.0763977710318047));
#2240=DIRECTION('',(1.0,0.0,0.0));
#2241=CARTESIAN_POINT('',(-1.15,-1.07711082436683,0.132203064373763));
#2242=DIRECTION('',(1.0,0.0,0.0));
#2243=DIRECTION('',(0.0,1.0,-1.17229229215284E-012));
#2244=DIRECTION('',(1.0,0.0,0.0));
#2245=CARTESIAN_POINT('',(-1.15,-0.824579512087847,0.281470384722138));
#2246=DIRECTION('',(-1.0,0.0,0.0));
#2247=DIRECTION('',(0.0,1.0,1.30749937480278E-012));
#2248=DIRECTION('',(-1.0,0.0,0.0));
#2249=DIRECTION('',(-1.0,0.0,0.0));
#2250=CARTESIAN_POINT('',(-0.2,1.07711082436683,0.132203064373766));
#2251=DIRECTION('',(-1.0,-5.43333313110961E-016,-9.73464088360914E-016));
#2252=DIRECTION('',(-5.43333313112234E-016,1.0,1.30801987779894E-012));
#2253=CARTESIAN_POINT('',(0.2,1.07711082436683,0.132203064373768));
#2254=DIRECTION('',(-1.0,-5.43333313110961E-016,-9.73464088360914E-016));
#2255=DIRECTION('',(-5.43333313112341E-016,1.0,1.41747760815872E-012));
#2256=DIRECTION('',(-1.0,1.21430643318376E-016,0.0));
#2257=DIRECTION('',(0.0,-0.285863185004731,0.958270441712021));
#2258=DIRECTION('',(1.0,-1.04083408558608E-016,0.0));
#2259=DIRECTION('',(0.0,-0.285863185004731,0.958270441712021));
#2260=DIRECTION('',(1.0,0.0,0.0));
#2261=DIRECTION('',(-1.0,0.0,0.0));
#2262=DIRECTION('',(0.0,0.997077353336715,0.0763986352172077));
#2263=CARTESIAN_POINT('',(-1.15,-0.824579512087822,0.281470384722101));
#2264=DIRECTION('',(-1.0,0.0,0.0));
#2265=DIRECTION('',(0.0,-1.0,1.25999524270833E-012));
#2266=DIRECTION('',(1.0,0.0,0.0));
#2267=DIRECTION('',(1.0,0.0,0.0));
#2268=DIRECTION('',(-1.0,0.0,0.0));
#2269=DIRECTION('',(0.0,0.99707741955245,0.0763977710318047));
#2270=DIRECTION('',(1.0,-2.08166848329993E-016,0.0));
#2271=DIRECTION('',(0.0,1.0,0.0));
#2272=DIRECTION('',(-1.0,1.38777878078145E-016,0.0));
#2273=DIRECTION('',(0.0,-0.285863185004731,0.958270441712021));
#2274=DIRECTION('',(0.0,-0.285863185004731,0.958270441712021));
#2275=DIRECTION('',(1.0,0.0,0.0));
#2276=DIRECTION('',(0.0,0.285863185004731,0.958270441712021));
#2277=DIRECTION('',(0.0,-0.0,1.0));
#2278=DIRECTION('',(-0.0,-0.00054667129762398,-0.999999850575235));
#2279=DIRECTION('',(0.0,0.285860198256626,0.958271332688546));
#2280=CARTESIAN_POINT('',(0.75,-1.07711279159906,0.132203064373764));
#2281=DIRECTION('',(1.0,0.0,0.0));
#2282=DIRECTION('',(0.0,1.0,-1.16603251089062E-012));
#2283=DIRECTION('',(0.0,0.0,1.0));
#2284=DIRECTION('',(0.0,0.997077353336715,0.0763986352172077));
#2285=CARTESIAN_POINT('',(0.75,-1.07711279159903,0.132203064373735));
#2286=DIRECTION('',(1.0,0.0,0.0));
#2287=DIRECTION('',(0.0,-1.0,-1.32301048237676E-012));
#2288=DIRECTION('',(0.0,0.285860198256627,0.958271332688546));
#2289=DIRECTION('',(-1.0,0.0,0.0));
#2290=DIRECTION('',(-1.58994088775781E-016,-1.0,0.0));
#2291=DIRECTION('',(-1.58994088775781E-016,-1.0,0.0));
#2292=DIRECTION('',(-1.0,0.0,-2.2401142627361E-013));
#2293=DIRECTION('',(0.0,0.285863185004731,0.958270441712021));
#2294=DIRECTION('',(0.0,0.0,1.0));
#2295=DIRECTION('',(6.66185812800774E-020,0.000547615080839003,-0.99999985005885));
#2296=CARTESIAN_POINT('',(0.2,0.824579512087825,0.281470384722103));
#2297=DIRECTION('',(1.0,0.0,0.0));
#2298=DIRECTION('',(0.0,-1.0,-8.59356130378318E-013));
#2299=DIRECTION('',(0.0,0.0,1.0));
#2300=DIRECTION('',(-1.53004616355217E-016,-0.99707741955245,0.0763977710318047));
#2301=CARTESIAN_POINT('',(0.2,1.0771108243668,0.132203064373736));
#2302=DIRECTION('',(-1.0,0.0,0.0));
#2303=DIRECTION('',(0.0,-1.0,9.97658111188305E-013));
#2304=DIRECTION('',(1.0,0.0,0.0));
#2305=DIRECTION('',(0.0,0.0,1.0));
#2306=DIRECTION('',(-0.0,-0.0,-1.0));
#2307=DIRECTION('',(1.0,0.0,0.0));
#2308=DIRECTION('',(0.0,0.0,-1.0));
#2309=CARTESIAN_POINT('',(-0.2,1.0771108243668,0.132203064373736));
#2310=DIRECTION('',(-1.0,0.0,0.0));
#2311=DIRECTION('',(0.0,-1.0,9.97658111188305E-013));
#2312=DIRECTION('',(1.0,-1.38777878078145E-016,0.0));
#2313=DIRECTION('',(1.0,0.0,0.0));
#2314=DIRECTION('',(-1.53004616355217E-016,-0.99707741955245,0.0763977710318047));
#2315=DIRECTION('',(0.0,0.0,-1.0));
#2316=CARTESIAN_POINT('',(-0.2,0.824579512087825,0.281470384722103));
#2317=DIRECTION('',(1.0,0.0,0.0));
#2318=DIRECTION('',(0.0,-1.0,-8.59356130378318E-013));
#2319=DIRECTION('',(-6.66185812800774E-020,-0.000547615080839003,0.99999985005885));
#2320=DIRECTION('',(-1.0,1.38777878078145E-016,0.0));
#2321=DIRECTION('',(0.0,-0.0,1.0));
#2322=DIRECTION('',(-0.0,-0.000547615080839226,-0.99999985005885));
#2323=DIRECTION('',(0.0,0.99707741955245,0.0763977710318047));
#2324=DIRECTION('',(-1.0,0.0,0.0));
#2325=DIRECTION('',(-1.0,0.0,0.0));
#2326=DIRECTION('',(-1.0,0.0,-2.23625355300058E-013));
#2327=DIRECTION('',(0.0,0.0,-1.0));
#2328=DIRECTION('',(1.0,0.0,0.0));
ENDSEC;
END-ISO-10303-21;
